{
  "timestamp": 1774729809005,
  "bundleSize": {
    "totalSize": 916,
    "gzippedSize": 423,
    "fileCount": 1,
    "largestFile": {
      "name": "index.js",
      "size": 916,
      "gzippedSize": 423
    },
    "breakdown": [
      {
        "name": "index.js",
        "size": 916,
        "gzippedSize": 423,
        "percentage": 100
      }
    ]
  },
  "webVitals": {
    "firstContentfulPaint": 844.8121885571418,
    "timeToInteractive": 2573.4133206861643,
    "largestContentfulPaint": 1512.0526637000298,
    "cumulativeLayoutShift": 0.060764572862347536,
    "firstInputDelay": 27.753404307073293,
    "timestamp": 1774729809005
  },
  "runtime": {
    "memoryUsage": {
      "rss": 61702144,
      "heapUsed": 12893968,
      "heapTotal": 19857408,
      "external": 1970726
    },
    "startupTime": 592.301583,
    "cpuUsage": 190.078,
    "timestamp": 1774729809005
  },
  "violations": [],
  "recommendations": [
    "Largest file (index.js) is 100.0% of bundle - consider splitting or optimizing"
  ],
  "overallStatus": "pass"
}