{
  "timestamp": 1773845507892,
  "bundleSize": {
    "totalSize": 916,
    "gzippedSize": 423,
    "fileCount": 1,
    "largestFile": {
      "name": "index.js",
      "size": 916,
      "gzippedSize": 423
    },
    "breakdown": [
      {
        "name": "index.js",
        "size": 916,
        "gzippedSize": 423,
        "percentage": 100
      }
    ]
  },
  "webVitals": {
    "firstContentfulPaint": 1457.9788079992718,
    "timeToInteractive": 2856.1351182859426,
    "largestContentfulPaint": 1958.3531534247034,
    "cumulativeLayoutShift": 0.03659923400024694,
    "firstInputDelay": 32.87206889736367,
    "timestamp": 1773845507892
  },
  "runtime": {
    "memoryUsage": {
      "rss": 62095360,
      "heapUsed": 12105104,
      "heapTotal": 19857408,
      "external": 1970916
    },
    "startupTime": 233.425083,
    "cpuUsage": 147.56,
    "timestamp": 1773845507892
  },
  "violations": [],
  "recommendations": [
    "Largest file (index.js) is 100.0% of bundle - consider splitting or optimizing"
  ],
  "overallStatus": "pass"
}