{
  "timestamp": 1774534318770,
  "bundleSize": {
    "totalSize": 916,
    "gzippedSize": 423,
    "fileCount": 1,
    "largestFile": {
      "name": "index.js",
      "size": 916,
      "gzippedSize": 423
    },
    "breakdown": [
      {
        "name": "index.js",
        "size": 916,
        "gzippedSize": 423,
        "percentage": 100
      }
    ]
  },
  "webVitals": {
    "firstContentfulPaint": 1099.7794488373743,
    "timeToInteractive": 2349.8239152309325,
    "largestContentfulPaint": 1877.7471585061812,
    "cumulativeLayoutShift": 0.04217903798150675,
    "firstInputDelay": 51.59420080962794,
    "timestamp": 1774534318770
  },
  "runtime": {
    "memoryUsage": {
      "rss": 62930944,
      "heapUsed": 13106688,
      "heapTotal": 20578304,
      "external": 1971431
    },
    "startupTime": 225.659709,
    "cpuUsage": 135.631,
    "timestamp": 1774534318770
  },
  "violations": [],
  "recommendations": [
    "Largest file (index.js) is 100.0% of bundle - consider splitting or optimizing"
  ],
  "overallStatus": "pass"
}