{
  "timestamp": 1774972430076,
  "bundleSize": {
    "totalSize": 952,
    "gzippedSize": 439,
    "fileCount": 1,
    "largestFile": {
      "name": "index.js",
      "size": 952,
      "gzippedSize": 439
    },
    "breakdown": [
      {
        "name": "index.js",
        "size": 952,
        "gzippedSize": 439,
        "percentage": 100
      }
    ]
  },
  "webVitals": {
    "firstContentfulPaint": 687.2023321769105,
    "timeToInteractive": 2103.7096988583135,
    "largestContentfulPaint": 1991.9778552583844,
    "cumulativeLayoutShift": 0.05033887552166554,
    "firstInputDelay": 68.20244863906512,
    "timestamp": 1774972430076
  },
  "runtime": {
    "memoryUsage": {
      "rss": 59604992,
      "heapUsed": 11707368,
      "heapTotal": 19709952,
      "external": 1964588
    },
    "startupTime": 210.794792,
    "cpuUsage": 127.151,
    "timestamp": 1774972430076
  },
  "violations": [],
  "recommendations": [
    "Largest file (index.js) is 100.0% of bundle - consider splitting or optimizing"
  ],
  "overallStatus": "pass"
}