{
  "timestamp": 1774483104229,
  "bundleSize": {
    "totalSize": 916,
    "gzippedSize": 423,
    "fileCount": 1,
    "largestFile": {
      "name": "index.js",
      "size": 916,
      "gzippedSize": 423
    },
    "breakdown": [
      {
        "name": "index.js",
        "size": 916,
        "gzippedSize": 423,
        "percentage": 100
      }
    ]
  },
  "webVitals": {
    "firstContentfulPaint": 819.3989214826845,
    "timeToInteractive": 2484.4939671734255,
    "largestContentfulPaint": 1818.6711363152656,
    "cumulativeLayoutShift": 0.051559614223088704,
    "firstInputDelay": 58.406475032150325,
    "timestamp": 1774483104228
  },
  "runtime": {
    "memoryUsage": {
      "rss": 62029824,
      "heapUsed": 12419680,
      "heapTotal": 20119552,
      "external": 1970211
    },
    "startupTime": 331.502375,
    "cpuUsage": 163.491,
    "timestamp": 1774483104229
  },
  "violations": [],
  "recommendations": [
    "Largest file (index.js) is 100.0% of bundle - consider splitting or optimizing"
  ],
  "overallStatus": "pass"
}