{
  "timestamp": 1774297129477,
  "bundleSize": {
    "totalSize": 916,
    "gzippedSize": 423,
    "fileCount": 1,
    "largestFile": {
      "name": "index.js",
      "size": 916,
      "gzippedSize": 423
    },
    "breakdown": [
      {
        "name": "index.js",
        "size": 916,
        "gzippedSize": 423,
        "percentage": 100
      }
    ]
  },
  "webVitals": {
    "firstContentfulPaint": 1404.9003262459532,
    "timeToInteractive": 2004.1000606761306,
    "largestContentfulPaint": 1985.2003581321562,
    "cumulativeLayoutShift": 0.07132541882595203,
    "firstInputDelay": 63.01497835696629,
    "timestamp": 1774297129477
  },
  "runtime": {
    "memoryUsage": {
      "rss": 63635456,
      "heapUsed": 13551600,
      "heapTotal": 21102592,
      "external": 1964859
    },
    "startupTime": 477.157833,
    "cpuUsage": 177.756,
    "timestamp": 1774297129477
  },
  "violations": [],
  "recommendations": [
    "Largest file (index.js) is 100.0% of bundle - consider splitting or optimizing"
  ],
  "overallStatus": "pass"
}