{
  "timestamp": 1774199503195,
  "bundleSize": {
    "totalSize": 916,
    "gzippedSize": 423,
    "fileCount": 1,
    "largestFile": {
      "name": "index.js",
      "size": 916,
      "gzippedSize": 423
    },
    "breakdown": [
      {
        "name": "index.js",
        "size": 916,
        "gzippedSize": 423,
        "percentage": 100
      }
    ]
  },
  "webVitals": {
    "firstContentfulPaint": 1293.5728838472291,
    "timeToInteractive": 2625.9892563653916,
    "largestContentfulPaint": 2444.1782732939896,
    "cumulativeLayoutShift": 0.034994983301271286,
    "firstInputDelay": 25.520483649735738,
    "timestamp": 1774199503195
  },
  "runtime": {
    "memoryUsage": {
      "rss": 62046208,
      "heapUsed": 12507624,
      "heapTotal": 20119552,
      "external": 1971431
    },
    "startupTime": 252.381916,
    "cpuUsage": 156.824,
    "timestamp": 1774199503195
  },
  "violations": [],
  "recommendations": [
    "Largest file (index.js) is 100.0% of bundle - consider splitting or optimizing"
  ],
  "overallStatus": "pass"
}