{
  "timestamp": 1774003649691,
  "bundleSize": {
    "totalSize": 916,
    "gzippedSize": 423,
    "fileCount": 1,
    "largestFile": {
      "name": "index.js",
      "size": 916,
      "gzippedSize": 423
    },
    "breakdown": [
      {
        "name": "index.js",
        "size": 916,
        "gzippedSize": 423,
        "percentage": 100
      }
    ]
  },
  "webVitals": {
    "firstContentfulPaint": 1239.3771646824398,
    "timeToInteractive": 2552.855531191607,
    "largestContentfulPaint": 2066.6312475421564,
    "cumulativeLayoutShift": 0.002049444007970802,
    "firstInputDelay": 30.319050304582063,
    "timestamp": 1774003649691
  },
  "runtime": {
    "memoryUsage": {
      "rss": 61341696,
      "heapUsed": 12284176,
      "heapTotal": 19857408,
      "external": 1965833
    },
    "startupTime": 681.283083,
    "cpuUsage": 189.369,
    "timestamp": 1774003649691
  },
  "violations": [],
  "recommendations": [
    "Largest file (index.js) is 100.0% of bundle - consider splitting or optimizing"
  ],
  "overallStatus": "pass"
}