{
  "timestamp": 1773967248894,
  "bundleSize": {
    "totalSize": 916,
    "gzippedSize": 423,
    "fileCount": 1,
    "largestFile": {
      "name": "index.js",
      "size": 916,
      "gzippedSize": 423
    },
    "breakdown": [
      {
        "name": "index.js",
        "size": 916,
        "gzippedSize": 423,
        "percentage": 100
      }
    ]
  },
  "webVitals": {
    "firstContentfulPaint": 1441.6387737834157,
    "timeToInteractive": 2766.458658936508,
    "largestContentfulPaint": 2474.9067325744345,
    "cumulativeLayoutShift": 0.08275986054611657,
    "firstInputDelay": 62.04868908958917,
    "timestamp": 1773967248893
  },
  "runtime": {
    "memoryUsage": {
      "rss": 61341696,
      "heapUsed": 12829064,
      "heapTotal": 20709376,
      "external": 1969741
    },
    "startupTime": 1028.705291,
    "cpuUsage": 191.542,
    "timestamp": 1773967248894
  },
  "violations": [],
  "recommendations": [
    "Largest file (index.js) is 100.0% of bundle - consider splitting or optimizing"
  ],
  "overallStatus": "pass"
}