{
  "timestamp": 1774624533278,
  "bundleSize": {
    "totalSize": 916,
    "gzippedSize": 423,
    "fileCount": 1,
    "largestFile": {
      "name": "index.js",
      "size": 916,
      "gzippedSize": 423
    },
    "breakdown": [
      {
        "name": "index.js",
        "size": 916,
        "gzippedSize": 423,
        "percentage": 100
      }
    ]
  },
  "webVitals": {
    "firstContentfulPaint": 1174.4204466011743,
    "timeToInteractive": 2943.2539973236553,
    "largestContentfulPaint": 1705.7885977932892,
    "cumulativeLayoutShift": 0.05766506043973612,
    "firstInputDelay": 69.46171085777212,
    "timestamp": 1774624533278
  },
  "runtime": {
    "memoryUsage": {
      "rss": 59965440,
      "heapUsed": 12046024,
      "heapTotal": 19595264,
      "external": 1964254
    },
    "startupTime": 201.21275,
    "cpuUsage": 124.996,
    "timestamp": 1774624533278
  },
  "violations": [],
  "recommendations": [
    "Largest file (index.js) is 100.0% of bundle - consider splitting or optimizing"
  ],
  "overallStatus": "pass"
}