{
  "timestamp": 1774224745056,
  "bundleSize": {
    "totalSize": 916,
    "gzippedSize": 423,
    "fileCount": 1,
    "largestFile": {
      "name": "index.js",
      "size": 916,
      "gzippedSize": 423
    },
    "breakdown": [
      {
        "name": "index.js",
        "size": 916,
        "gzippedSize": 423,
        "percentage": 100
      }
    ]
  },
  "webVitals": {
    "firstContentfulPaint": 530.9907840086873,
    "timeToInteractive": 2479.6936365198753,
    "largestContentfulPaint": 2332.3929233560275,
    "cumulativeLayoutShift": 0.05719128223604369,
    "firstInputDelay": 38.52542047966192,
    "timestamp": 1774224745055
  },
  "runtime": {
    "memoryUsage": {
      "rss": 62767104,
      "heapUsed": 12572928,
      "heapTotal": 20119552,
      "external": 1965108
    },
    "startupTime": 502.047542,
    "cpuUsage": 180.643,
    "timestamp": 1774224745056
  },
  "violations": [],
  "recommendations": [
    "Largest file (index.js) is 100.0% of bundle - consider splitting or optimizing"
  ],
  "overallStatus": "pass"
}