{
  "timestamp": 1774509976179,
  "bundleSize": {
    "totalSize": 916,
    "gzippedSize": 423,
    "fileCount": 1,
    "largestFile": {
      "name": "index.js",
      "size": 916,
      "gzippedSize": 423
    },
    "breakdown": [
      {
        "name": "index.js",
        "size": 916,
        "gzippedSize": 423,
        "percentage": 100
      }
    ]
  },
  "webVitals": {
    "firstContentfulPaint": 1346.2266515816748,
    "timeToInteractive": 2345.0098406730945,
    "largestContentfulPaint": 1511.3037780096242,
    "cumulativeLayoutShift": 0.06921963244646319,
    "firstInputDelay": 47.222743976507985,
    "timestamp": 1774509976179
  },
  "runtime": {
    "memoryUsage": {
      "rss": 61849600,
      "heapUsed": 12393960,
      "heapTotal": 19857408,
      "external": 1971431
    },
    "startupTime": 273.911583,
    "cpuUsage": 165.097,
    "timestamp": 1774509976179
  },
  "violations": [],
  "recommendations": [
    "Largest file (index.js) is 100.0% of bundle - consider splitting or optimizing"
  ],
  "overallStatus": "pass"
}