{
  "timestamp": 1774544449416,
  "bundleSize": {
    "totalSize": 916,
    "gzippedSize": 423,
    "fileCount": 1,
    "largestFile": {
      "name": "index.js",
      "size": 916,
      "gzippedSize": 423
    },
    "breakdown": [
      {
        "name": "index.js",
        "size": 916,
        "gzippedSize": 423,
        "percentage": 100
      }
    ]
  },
  "webVitals": {
    "firstContentfulPaint": 1420.8042954634766,
    "timeToInteractive": 2315.3183945168553,
    "largestContentfulPaint": 2199.1468002645997,
    "cumulativeLayoutShift": 0.060395908366319834,
    "firstInputDelay": 59.153923548771544,
    "timestamp": 1774544449416
  },
  "runtime": {
    "memoryUsage": {
      "rss": 62406656,
      "heapUsed": 12888568,
      "heapTotal": 20742144,
      "external": 1965854
    },
    "startupTime": 190.59775,
    "cpuUsage": 129.885,
    "timestamp": 1774544449416
  },
  "violations": [],
  "recommendations": [
    "Largest file (index.js) is 100.0% of bundle - consider splitting or optimizing"
  ],
  "overallStatus": "pass"
}