{
  "timestamp": 1774273917052,
  "bundleSize": {
    "totalSize": 916,
    "gzippedSize": 423,
    "fileCount": 1,
    "largestFile": {
      "name": "index.js",
      "size": 916,
      "gzippedSize": 423
    },
    "breakdown": [
      {
        "name": "index.js",
        "size": 916,
        "gzippedSize": 423,
        "percentage": 100
      }
    ]
  },
  "webVitals": {
    "firstContentfulPaint": 688.1935939311265,
    "timeToInteractive": 2327.1078253218348,
    "largestContentfulPaint": 2332.1370840808177,
    "cumulativeLayoutShift": 0.03381275731803566,
    "firstInputDelay": 37.525652434188785,
    "timestamp": 1774273917051
  },
  "runtime": {
    "memoryUsage": {
      "rss": 61718528,
      "heapUsed": 12496064,
      "heapTotal": 19857408,
      "external": 1970672
    },
    "startupTime": 1257.52575,
    "cpuUsage": 180.546,
    "timestamp": 1774273917052
  },
  "violations": [],
  "recommendations": [
    "Largest file (index.js) is 100.0% of bundle - consider splitting or optimizing"
  ],
  "overallStatus": "pass"
}