{
  "timestamp": 1774222807362,
  "bundleSize": {
    "totalSize": 916,
    "gzippedSize": 423,
    "fileCount": 1,
    "largestFile": {
      "name": "index.js",
      "size": 916,
      "gzippedSize": 423
    },
    "breakdown": [
      {
        "name": "index.js",
        "size": 916,
        "gzippedSize": 423,
        "percentage": 100
      }
    ]
  },
  "webVitals": {
    "firstContentfulPaint": 924.1221812039455,
    "timeToInteractive": 2590.286234197685,
    "largestContentfulPaint": 1530.3582106001234,
    "cumulativeLayoutShift": 0.07579336829006043,
    "firstInputDelay": 46.098903794051026,
    "timestamp": 1774222807362
  },
  "runtime": {
    "memoryUsage": {
      "rss": 56082432,
      "heapUsed": 13386040,
      "heapTotal": 22216704,
      "external": 2733589
    },
    "startupTime": 8183.282875,
    "cpuUsage": 214.685,
    "timestamp": 1774222807362
  },
  "violations": [],
  "recommendations": [
    "Largest file (index.js) is 100.0% of bundle - consider splitting or optimizing"
  ],
  "overallStatus": "pass"
}