{
  "timestamp": 1774730527763,
  "bundleSize": {
    "totalSize": 916,
    "gzippedSize": 423,
    "fileCount": 1,
    "largestFile": {
      "name": "index.js",
      "size": 916,
      "gzippedSize": 423
    },
    "breakdown": [
      {
        "name": "index.js",
        "size": 916,
        "gzippedSize": 423,
        "percentage": 100
      }
    ]
  },
  "webVitals": {
    "firstContentfulPaint": 1215.2575993383475,
    "timeToInteractive": 2181.372290599721,
    "largestContentfulPaint": 2151.5913041708513,
    "cumulativeLayoutShift": 0.054174831290192765,
    "firstInputDelay": 39.758613145276435,
    "timestamp": 1774730527763
  },
  "runtime": {
    "memoryUsage": {
      "rss": 61980672,
      "heapUsed": 12842216,
      "heapTotal": 19595264,
      "external": 1970714
    },
    "startupTime": 514.07125,
    "cpuUsage": 194.928,
    "timestamp": 1774730527763
  },
  "violations": [],
  "recommendations": [
    "Largest file (index.js) is 100.0% of bundle - consider splitting or optimizing"
  ],
  "overallStatus": "pass"
}