{
  "timestamp": 1774795139381,
  "bundleSize": {
    "totalSize": 952,
    "gzippedSize": 439,
    "fileCount": 1,
    "largestFile": {
      "name": "index.js",
      "size": 952,
      "gzippedSize": 439
    },
    "breakdown": [
      {
        "name": "index.js",
        "size": 952,
        "gzippedSize": 439,
        "percentage": 100
      }
    ]
  },
  "webVitals": {
    "firstContentfulPaint": 911.2382866982769,
    "timeToInteractive": 2969.486817560509,
    "largestContentfulPaint": 1705.0150787201355,
    "cumulativeLayoutShift": 0.053338632031204106,
    "firstInputDelay": 45.630746086556044,
    "timestamp": 1774795139381
  },
  "runtime": {
    "memoryUsage": {
      "rss": 59834368,
      "heapUsed": 11431808,
      "heapTotal": 20234240,
      "external": 1967433
    },
    "startupTime": 586.152625,
    "cpuUsage": 168.027,
    "timestamp": 1774795139381
  },
  "violations": [],
  "recommendations": [
    "Largest file (index.js) is 100.0% of bundle - consider splitting or optimizing"
  ],
  "overallStatus": "pass"
}