{
  "timestamp": 1774212285673,
  "bundleSize": {
    "totalSize": 916,
    "gzippedSize": 423,
    "fileCount": 1,
    "largestFile": {
      "name": "index.js",
      "size": 916,
      "gzippedSize": 423
    },
    "breakdown": [
      {
        "name": "index.js",
        "size": 916,
        "gzippedSize": 423,
        "percentage": 100
      }
    ]
  },
  "webVitals": {
    "firstContentfulPaint": 1149.6722118424927,
    "timeToInteractive": 2081.686296978728,
    "largestContentfulPaint": 1918.8489649052426,
    "cumulativeLayoutShift": 0.004081945644800334,
    "firstInputDelay": 55.66409221598363,
    "timestamp": 1774212285665
  },
  "runtime": {
    "memoryUsage": {
      "rss": 62095360,
      "heapUsed": 13632120,
      "heapTotal": 20480000,
      "external": 1967162
    },
    "startupTime": 1754.072209,
    "cpuUsage": 199.906,
    "timestamp": 1774212285673
  },
  "violations": [],
  "recommendations": [
    "Largest file (index.js) is 100.0% of bundle - consider splitting or optimizing"
  ],
  "overallStatus": "pass"
}