{
  "timestamp": 1774465981365,
  "bundleSize": {
    "totalSize": 916,
    "gzippedSize": 423,
    "fileCount": 1,
    "largestFile": {
      "name": "index.js",
      "size": 916,
      "gzippedSize": 423
    },
    "breakdown": [
      {
        "name": "index.js",
        "size": 916,
        "gzippedSize": 423,
        "percentage": 100
      }
    ]
  },
  "webVitals": {
    "firstContentfulPaint": 932.8128613703788,
    "timeToInteractive": 2425.3957619390167,
    "largestContentfulPaint": 1726.413891319467,
    "cumulativeLayoutShift": 0.05416987562382352,
    "firstInputDelay": 25.958953604477543,
    "timestamp": 1774465981365
  },
  "runtime": {
    "memoryUsage": {
      "rss": 61587456,
      "heapUsed": 12409032,
      "heapTotal": 19595264,
      "external": 1971431
    },
    "startupTime": 219.082125,
    "cpuUsage": 136.613,
    "timestamp": 1774465981365
  },
  "violations": [],
  "recommendations": [
    "Largest file (index.js) is 100.0% of bundle - consider splitting or optimizing"
  ],
  "overallStatus": "pass"
}