{
  "timestamp": 1774225627487,
  "bundleSize": {
    "totalSize": 916,
    "gzippedSize": 423,
    "fileCount": 1,
    "largestFile": {
      "name": "index.js",
      "size": 916,
      "gzippedSize": 423
    },
    "breakdown": [
      {
        "name": "index.js",
        "size": 916,
        "gzippedSize": 423,
        "percentage": 100
      }
    ]
  },
  "webVitals": {
    "firstContentfulPaint": 672.9314370644759,
    "timeToInteractive": 2338.404603125934,
    "largestContentfulPaint": 1871.9138317398365,
    "cumulativeLayoutShift": 0.04539382459190555,
    "firstInputDelay": 29.23530486147403,
    "timestamp": 1774225627487
  },
  "runtime": {
    "memoryUsage": {
      "rss": 60096512,
      "heapUsed": 12428440,
      "heapTotal": 19857408,
      "external": 1970672
    },
    "startupTime": 2245.195333,
    "cpuUsage": 193.297,
    "timestamp": 1774225627487
  },
  "violations": [],
  "recommendations": [
    "Largest file (index.js) is 100.0% of bundle - consider splitting or optimizing"
  ],
  "overallStatus": "pass"
}