{
  "timestamp": 1774621819146,
  "bundleSize": {
    "totalSize": 916,
    "gzippedSize": 423,
    "fileCount": 1,
    "largestFile": {
      "name": "index.js",
      "size": 916,
      "gzippedSize": 423
    },
    "breakdown": [
      {
        "name": "index.js",
        "size": 916,
        "gzippedSize": 423,
        "percentage": 100
      }
    ]
  },
  "webVitals": {
    "firstContentfulPaint": 1158.6170398726454,
    "timeToInteractive": 2015.9237022499083,
    "largestContentfulPaint": 2294.2752101355554,
    "cumulativeLayoutShift": 0.07707305010747799,
    "firstInputDelay": 43.52789709299829,
    "timestamp": 1774621819146
  },
  "runtime": {
    "memoryUsage": {
      "rss": 61865984,
      "heapUsed": 12556600,
      "heapTotal": 19857408,
      "external": 1970223
    },
    "startupTime": 236.560375,
    "cpuUsage": 144.009,
    "timestamp": 1774621819146
  },
  "violations": [],
  "recommendations": [
    "Largest file (index.js) is 100.0% of bundle - consider splitting or optimizing"
  ],
  "overallStatus": "pass"
}