{
  "timestamp": 1773972154593,
  "bundleSize": {
    "totalSize": 916,
    "gzippedSize": 423,
    "fileCount": 1,
    "largestFile": {
      "name": "index.js",
      "size": 916,
      "gzippedSize": 423
    },
    "breakdown": [
      {
        "name": "index.js",
        "size": 916,
        "gzippedSize": 423,
        "percentage": 100
      }
    ]
  },
  "webVitals": {
    "firstContentfulPaint": 1090.2762262752033,
    "timeToInteractive": 2784.4917654660157,
    "largestContentfulPaint": 1765.4283868706286,
    "cumulativeLayoutShift": 0.0440911452880115,
    "firstInputDelay": 35.06897093330261,
    "timestamp": 1773972154592
  },
  "runtime": {
    "memoryUsage": {
      "rss": 62406656,
      "heapUsed": 12404680,
      "heapTotal": 20381696,
      "external": 1969729
    },
    "startupTime": 350.822334,
    "cpuUsage": 167.031,
    "timestamp": 1773972154593
  },
  "violations": [],
  "recommendations": [
    "Largest file (index.js) is 100.0% of bundle - consider splitting or optimizing"
  ],
  "overallStatus": "pass"
}