{
  "timestamp": 1774466456766,
  "bundleSize": {
    "totalSize": 916,
    "gzippedSize": 423,
    "fileCount": 1,
    "largestFile": {
      "name": "index.js",
      "size": 916,
      "gzippedSize": 423
    },
    "breakdown": [
      {
        "name": "index.js",
        "size": 916,
        "gzippedSize": 423,
        "percentage": 100
      }
    ]
  },
  "webVitals": {
    "firstContentfulPaint": 1163.2568776081278,
    "timeToInteractive": 2380.55857622756,
    "largestContentfulPaint": 1836.9660150460481,
    "cumulativeLayoutShift": 0.028044058440630695,
    "firstInputDelay": 64.50576697947267,
    "timestamp": 1774466456766
  },
  "runtime": {
    "memoryUsage": {
      "rss": 61603840,
      "heapUsed": 12467712,
      "heapTotal": 19857408,
      "external": 1966360
    },
    "startupTime": 1629.021667,
    "cpuUsage": 191.445,
    "timestamp": 1774466456766
  },
  "violations": [],
  "recommendations": [
    "Largest file (index.js) is 100.0% of bundle - consider splitting or optimizing"
  ],
  "overallStatus": "pass"
}