{
  "timestamp": 1774197326870,
  "bundleSize": {
    "totalSize": 916,
    "gzippedSize": 423,
    "fileCount": 1,
    "largestFile": {
      "name": "index.js",
      "size": 916,
      "gzippedSize": 423
    },
    "breakdown": [
      {
        "name": "index.js",
        "size": 916,
        "gzippedSize": 423,
        "percentage": 100
      }
    ]
  },
  "webVitals": {
    "firstContentfulPaint": 1176.280853931608,
    "timeToInteractive": 2759.814565670513,
    "largestContentfulPaint": 2045.4444027336638,
    "cumulativeLayoutShift": 0.015022561540353353,
    "firstInputDelay": 60.657972732483415,
    "timestamp": 1774197326870
  },
  "runtime": {
    "memoryUsage": {
      "rss": 61882368,
      "heapUsed": 12604552,
      "heapTotal": 20119552,
      "external": 1966148
    },
    "startupTime": 575.867166,
    "cpuUsage": 202.221,
    "timestamp": 1774197326870
  },
  "violations": [],
  "recommendations": [
    "Largest file (index.js) is 100.0% of bundle - consider splitting or optimizing"
  ],
  "overallStatus": "pass"
}