{
  "timestamp": 1774225892201,
  "bundleSize": {
    "totalSize": 916,
    "gzippedSize": 423,
    "fileCount": 1,
    "largestFile": {
      "name": "index.js",
      "size": 916,
      "gzippedSize": 423
    },
    "breakdown": [
      {
        "name": "index.js",
        "size": 916,
        "gzippedSize": 423,
        "percentage": 100
      }
    ]
  },
  "webVitals": {
    "firstContentfulPaint": 1429.1549140183852,
    "timeToInteractive": 2108.646059666116,
    "largestContentfulPaint": 1940.3244930079973,
    "cumulativeLayoutShift": 0.09600392023932734,
    "firstInputDelay": 32.04538601994498,
    "timestamp": 1774225892200
  },
  "runtime": {
    "memoryUsage": {
      "rss": 62554112,
      "heapUsed": 12985040,
      "heapTotal": 20185088,
      "external": 1966360
    },
    "startupTime": 1205.188375,
    "cpuUsage": 184.938,
    "timestamp": 1774225892201
  },
  "violations": [],
  "recommendations": [
    "Largest file (index.js) is 100.0% of bundle - consider splitting or optimizing"
  ],
  "overallStatus": "pass"
}