{
  "timestamp": 1774375539533,
  "bundleSize": {
    "totalSize": 916,
    "gzippedSize": 423,
    "fileCount": 1,
    "largestFile": {
      "name": "index.js",
      "size": 916,
      "gzippedSize": 423
    },
    "breakdown": [
      {
        "name": "index.js",
        "size": 916,
        "gzippedSize": 423,
        "percentage": 100
      }
    ]
  },
  "webVitals": {
    "firstContentfulPaint": 538.0323674647211,
    "timeToInteractive": 2185.689089100408,
    "largestContentfulPaint": 2201.2189244775273,
    "cumulativeLayoutShift": 0.015677136760090127,
    "firstInputDelay": 43.62228971384925,
    "timestamp": 1774375539532
  },
  "runtime": {
    "memoryUsage": {
      "rss": 61898752,
      "heapUsed": 12926808,
      "heapTotal": 19595264,
      "external": 1966360
    },
    "startupTime": 805.001709,
    "cpuUsage": 174.968,
    "timestamp": 1774375539533
  },
  "violations": [],
  "recommendations": [
    "Largest file (index.js) is 100.0% of bundle - consider splitting or optimizing"
  ],
  "overallStatus": "pass"
}