{
  "timestamp": 1773850675528,
  "bundleSize": {
    "totalSize": 916,
    "gzippedSize": 423,
    "fileCount": 1,
    "largestFile": {
      "name": "index.js",
      "size": 916,
      "gzippedSize": 423
    },
    "breakdown": [
      {
        "name": "index.js",
        "size": 916,
        "gzippedSize": 423,
        "percentage": 100
      }
    ]
  },
  "webVitals": {
    "firstContentfulPaint": 1123.1261019157487,
    "timeToInteractive": 2771.813049456332,
    "largestContentfulPaint": 2214.2775410710415,
    "cumulativeLayoutShift": 0.031166536912683254,
    "firstInputDelay": 58.39985204093509,
    "timestamp": 1773850675528
  },
  "runtime": {
    "memoryUsage": {
      "rss": 61505536,
      "heapUsed": 12105000,
      "heapTotal": 19595264,
      "external": 1969920
    },
    "startupTime": 1466.504125,
    "cpuUsage": 177.459,
    "timestamp": 1773850675528
  },
  "violations": [],
  "recommendations": [
    "Largest file (index.js) is 100.0% of bundle - consider splitting or optimizing"
  ],
  "overallStatus": "pass"
}