{
  "timestamp": 1774620844315,
  "bundleSize": {
    "totalSize": 916,
    "gzippedSize": 423,
    "fileCount": 1,
    "largestFile": {
      "name": "index.js",
      "size": 916,
      "gzippedSize": 423
    },
    "breakdown": [
      {
        "name": "index.js",
        "size": 916,
        "gzippedSize": 423,
        "percentage": 100
      }
    ]
  },
  "webVitals": {
    "firstContentfulPaint": 577.0838916540515,
    "timeToInteractive": 2620.4931129794554,
    "largestContentfulPaint": 2147.7918592319575,
    "cumulativeLayoutShift": 0.05279140982837243,
    "firstInputDelay": 44.50936468961648,
    "timestamp": 1774620844315
  },
  "runtime": {
    "memoryUsage": {
      "rss": 63127552,
      "heapUsed": 13182208,
      "heapTotal": 20545536,
      "external": 1971431
    },
    "startupTime": 243.197583,
    "cpuUsage": 152.811,
    "timestamp": 1774620844315
  },
  "violations": [],
  "recommendations": [
    "Largest file (index.js) is 100.0% of bundle - consider splitting or optimizing"
  ],
  "overallStatus": "pass"
}