{
  "timestamp": 1773680500020,
  "bundleSize": {
    "totalSize": 916,
    "gzippedSize": 423,
    "fileCount": 1,
    "largestFile": {
      "name": "index.js",
      "size": 916,
      "gzippedSize": 423
    },
    "breakdown": [
      {
        "name": "index.js",
        "size": 916,
        "gzippedSize": 423,
        "percentage": 100
      }
    ]
  },
  "webVitals": {
    "firstContentfulPaint": 1492.1265718792706,
    "timeToInteractive": 2772.008072003049,
    "largestContentfulPaint": 2443.063906513583,
    "cumulativeLayoutShift": 0.039088129609633704,
    "firstInputDelay": 43.026028788079884,
    "timestamp": 1773680500020
  },
  "runtime": {
    "memoryUsage": {
      "rss": 61734912,
      "heapUsed": 12217776,
      "heapTotal": 20119552,
      "external": 1965384
    },
    "startupTime": 351.963542,
    "cpuUsage": 165.333,
    "timestamp": 1773680500020
  },
  "violations": [],
  "recommendations": [
    "Largest file (index.js) is 100.0% of bundle - consider splitting or optimizing"
  ],
  "overallStatus": "pass"
}