{
  "timestamp": 1774274102168,
  "bundleSize": {
    "totalSize": 916,
    "gzippedSize": 423,
    "fileCount": 1,
    "largestFile": {
      "name": "index.js",
      "size": 916,
      "gzippedSize": 423
    },
    "breakdown": [
      {
        "name": "index.js",
        "size": 916,
        "gzippedSize": 423,
        "percentage": 100
      }
    ]
  },
  "webVitals": {
    "firstContentfulPaint": 1279.6620248528366,
    "timeToInteractive": 2156.6830097556935,
    "largestContentfulPaint": 2409.0082920983195,
    "cumulativeLayoutShift": 0.009194039330018878,
    "firstInputDelay": 68.12849128443634,
    "timestamp": 1774274102168
  },
  "runtime": {
    "memoryUsage": {
      "rss": 62980096,
      "heapUsed": 13633920,
      "heapTotal": 20250624,
      "external": 1971526
    },
    "startupTime": 220.873875,
    "cpuUsage": 148.129,
    "timestamp": 1774274102168
  },
  "violations": [],
  "recommendations": [
    "Largest file (index.js) is 100.0% of bundle - consider splitting or optimizing"
  ],
  "overallStatus": "pass"
}