{
  "timestamp": 1773870290179,
  "bundleSize": {
    "totalSize": 916,
    "gzippedSize": 423,
    "fileCount": 1,
    "largestFile": {
      "name": "index.js",
      "size": 916,
      "gzippedSize": 423
    },
    "breakdown": [
      {
        "name": "index.js",
        "size": 916,
        "gzippedSize": 423,
        "percentage": 100
      }
    ]
  },
  "webVitals": {
    "firstContentfulPaint": 1163.1370197056935,
    "timeToInteractive": 2226.1024207809833,
    "largestContentfulPaint": 1962.6521781386864,
    "cumulativeLayoutShift": 0.024454216105157568,
    "firstInputDelay": 43.74147111366024,
    "timestamp": 1773870290179
  },
  "runtime": {
    "memoryUsage": {
      "rss": 63733760,
      "heapUsed": 13752920,
      "heapTotal": 20480000,
      "external": 1970223
    },
    "startupTime": 285.121917,
    "cpuUsage": 172.771,
    "timestamp": 1773870290179
  },
  "violations": [],
  "recommendations": [
    "Largest file (index.js) is 100.0% of bundle - consider splitting or optimizing"
  ],
  "overallStatus": "pass"
}