{
  "timestamp": 1774224195350,
  "bundleSize": {
    "totalSize": 916,
    "gzippedSize": 423,
    "fileCount": 1,
    "largestFile": {
      "name": "index.js",
      "size": 916,
      "gzippedSize": 423
    },
    "breakdown": [
      {
        "name": "index.js",
        "size": 916,
        "gzippedSize": 423,
        "percentage": 100
      }
    ]
  },
  "webVitals": {
    "firstContentfulPaint": 1059.170119031844,
    "timeToInteractive": 2217.9681297396683,
    "largestContentfulPaint": 1644.9492805851087,
    "cumulativeLayoutShift": 0.050420209762245594,
    "firstInputDelay": 42.0034584362447,
    "timestamp": 1774224195350
  },
  "runtime": {
    "memoryUsage": {
      "rss": 62685184,
      "heapUsed": 12977168,
      "heapTotal": 19922944,
      "external": 1971431
    },
    "startupTime": 222.567792,
    "cpuUsage": 144.898,
    "timestamp": 1774224195350
  },
  "violations": [],
  "recommendations": [
    "Largest file (index.js) is 100.0% of bundle - consider splitting or optimizing"
  ],
  "overallStatus": "pass"
}