{
  "timestamp": 1774351831747,
  "bundleSize": {
    "totalSize": 916,
    "gzippedSize": 423,
    "fileCount": 1,
    "largestFile": {
      "name": "index.js",
      "size": 916,
      "gzippedSize": 423
    },
    "breakdown": [
      {
        "name": "index.js",
        "size": 916,
        "gzippedSize": 423,
        "percentage": 100
      }
    ]
  },
  "webVitals": {
    "firstContentfulPaint": 1185.6090443973958,
    "timeToInteractive": 2682.820001840765,
    "largestContentfulPaint": 1652.7598947169474,
    "cumulativeLayoutShift": 0.039303136844032555,
    "firstInputDelay": 29.36846813782057,
    "timestamp": 1774351831747
  },
  "runtime": {
    "memoryUsage": {
      "rss": 61767680,
      "heapUsed": 12266456,
      "heapTotal": 19595264,
      "external": 1970211
    },
    "startupTime": 311.091417,
    "cpuUsage": 165.767,
    "timestamp": 1774351831747
  },
  "violations": [],
  "recommendations": [
    "Largest file (index.js) is 100.0% of bundle - consider splitting or optimizing"
  ],
  "overallStatus": "pass"
}