{
  "timestamp": 1774625583124,
  "bundleSize": {
    "totalSize": 916,
    "gzippedSize": 423,
    "fileCount": 1,
    "largestFile": {
      "name": "index.js",
      "size": 916,
      "gzippedSize": 423
    },
    "breakdown": [
      {
        "name": "index.js",
        "size": 916,
        "gzippedSize": 423,
        "percentage": 100
      }
    ]
  },
  "webVitals": {
    "firstContentfulPaint": 967.8960435062247,
    "timeToInteractive": 2757.9997657083222,
    "largestContentfulPaint": 2001.6967759603565,
    "cumulativeLayoutShift": 0.0691821135788487,
    "firstInputDelay": 28.295684644730322,
    "timestamp": 1774625583124
  },
  "runtime": {
    "memoryUsage": {
      "rss": 62111744,
      "heapUsed": 12240528,
      "heapTotal": 20119552,
      "external": 1965854
    },
    "startupTime": 201.940625,
    "cpuUsage": 135.309,
    "timestamp": 1774625583124
  },
  "violations": [],
  "recommendations": [
    "Largest file (index.js) is 100.0% of bundle - consider splitting or optimizing"
  ],
  "overallStatus": "pass"
}