{
  "timestamp": 1774195438419,
  "bundleSize": {
    "totalSize": 916,
    "gzippedSize": 423,
    "fileCount": 1,
    "largestFile": {
      "name": "index.js",
      "size": 916,
      "gzippedSize": 423
    },
    "breakdown": [
      {
        "name": "index.js",
        "size": 916,
        "gzippedSize": 423,
        "percentage": 100
      }
    ]
  },
  "webVitals": {
    "firstContentfulPaint": 1184.7829320490655,
    "timeToInteractive": 2052.5697656606103,
    "largestContentfulPaint": 2152.2159646274367,
    "cumulativeLayoutShift": 0.09595147771463641,
    "firstInputDelay": 28.316266920589904,
    "timestamp": 1774195438419
  },
  "runtime": {
    "memoryUsage": {
      "rss": 62259200,
      "heapUsed": 12414336,
      "heapTotal": 20119552,
      "external": 1971431
    },
    "startupTime": 206.226583,
    "cpuUsage": 143.803,
    "timestamp": 1774195438419
  },
  "violations": [],
  "recommendations": [
    "Largest file (index.js) is 100.0% of bundle - consider splitting or optimizing"
  ],
  "overallStatus": "pass"
}