{
  "timestamp": 1774550766837,
  "bundleSize": {
    "totalSize": 916,
    "gzippedSize": 423,
    "fileCount": 1,
    "largestFile": {
      "name": "index.js",
      "size": 916,
      "gzippedSize": 423
    },
    "breakdown": [
      {
        "name": "index.js",
        "size": 916,
        "gzippedSize": 423,
        "percentage": 100
      }
    ]
  },
  "webVitals": {
    "firstContentfulPaint": 1317.6380132536065,
    "timeToInteractive": 2402.826377911132,
    "largestContentfulPaint": 2333.8159581979744,
    "cumulativeLayoutShift": 0.04182168906174202,
    "firstInputDelay": 48.54511485699781,
    "timestamp": 1774550766837
  },
  "runtime": {
    "memoryUsage": {
      "rss": 62423040,
      "heapUsed": 12884584,
      "heapTotal": 19857408,
      "external": 1970672
    },
    "startupTime": 892.868041,
    "cpuUsage": 183.966,
    "timestamp": 1774550766837
  },
  "violations": [],
  "recommendations": [
    "Largest file (index.js) is 100.0% of bundle - consider splitting or optimizing"
  ],
  "overallStatus": "pass"
}