{
  "timestamp": 1773861264043,
  "bundleSize": {
    "totalSize": 916,
    "gzippedSize": 423,
    "fileCount": 1,
    "largestFile": {
      "name": "index.js",
      "size": 916,
      "gzippedSize": 423
    },
    "breakdown": [
      {
        "name": "index.js",
        "size": 916,
        "gzippedSize": 423,
        "percentage": 100
      }
    ]
  },
  "webVitals": {
    "firstContentfulPaint": 924.6473027364439,
    "timeToInteractive": 2001.8982758456877,
    "largestContentfulPaint": 2443.1086321787566,
    "cumulativeLayoutShift": 0.07524644368974703,
    "firstInputDelay": 58.46251013262557,
    "timestamp": 1773861264043
  },
  "runtime": {
    "memoryUsage": {
      "rss": 62390272,
      "heapUsed": 12263952,
      "heapTotal": 19857408,
      "external": 1969708
    },
    "startupTime": 310.926625,
    "cpuUsage": 166.791,
    "timestamp": 1773861264043
  },
  "violations": [],
  "recommendations": [
    "Largest file (index.js) is 100.0% of bundle - consider splitting or optimizing"
  ],
  "overallStatus": "pass"
}