{
  "timestamp": 1773916521254,
  "bundleSize": {
    "totalSize": 916,
    "gzippedSize": 423,
    "fileCount": 1,
    "largestFile": {
      "name": "index.js",
      "size": 916,
      "gzippedSize": 423
    },
    "breakdown": [
      {
        "name": "index.js",
        "size": 916,
        "gzippedSize": 423,
        "percentage": 100
      }
    ]
  },
  "webVitals": {
    "firstContentfulPaint": 1474.4200062860202,
    "timeToInteractive": 2107.7159977207166,
    "largestContentfulPaint": 2225.118196153001,
    "cumulativeLayoutShift": 0.09054369123807034,
    "firstInputDelay": 50.96825274220951,
    "timestamp": 1773916521254
  },
  "runtime": {
    "memoryUsage": {
      "rss": 64126976,
      "heapUsed": 13634392,
      "heapTotal": 20480000,
      "external": 1970223
    },
    "startupTime": 395.774208,
    "cpuUsage": 185.337,
    "timestamp": 1773916521254
  },
  "violations": [],
  "recommendations": [
    "Largest file (index.js) is 100.0% of bundle - consider splitting or optimizing"
  ],
  "overallStatus": "pass"
}