{
  "timestamp": 1774537181720,
  "bundleSize": {
    "totalSize": 916,
    "gzippedSize": 423,
    "fileCount": 1,
    "largestFile": {
      "name": "index.js",
      "size": 916,
      "gzippedSize": 423
    },
    "breakdown": [
      {
        "name": "index.js",
        "size": 916,
        "gzippedSize": 423,
        "percentage": 100
      }
    ]
  },
  "webVitals": {
    "firstContentfulPaint": 733.3355159276191,
    "timeToInteractive": 2879.8665944300683,
    "largestContentfulPaint": 2241.981025244554,
    "cumulativeLayoutShift": 0.007372175142890014,
    "firstInputDelay": 73.28710165089214,
    "timestamp": 1774537181720
  },
  "runtime": {
    "memoryUsage": {
      "rss": 57835520,
      "heapUsed": 13286672,
      "heapTotal": 20578304,
      "external": 1967702
    },
    "startupTime": 6538.815917,
    "cpuUsage": 221.995,
    "timestamp": 1774537181720
  },
  "violations": [],
  "recommendations": [
    "Largest file (index.js) is 100.0% of bundle - consider splitting or optimizing"
  ],
  "overallStatus": "pass"
}