{
  "timestamp": 1774356577454,
  "bundleSize": {
    "totalSize": 916,
    "gzippedSize": 423,
    "fileCount": 1,
    "largestFile": {
      "name": "index.js",
      "size": 916,
      "gzippedSize": 423
    },
    "breakdown": [
      {
        "name": "index.js",
        "size": 916,
        "gzippedSize": 423,
        "percentage": 100
      }
    ]
  },
  "webVitals": {
    "firstContentfulPaint": 703.3112331553519,
    "timeToInteractive": 2138.782773262379,
    "largestContentfulPaint": 2386.3849375149707,
    "cumulativeLayoutShift": 0.034852941802999186,
    "firstInputDelay": 37.156638641184315,
    "timestamp": 1774356577454
  },
  "runtime": {
    "memoryUsage": {
      "rss": 62439424,
      "heapUsed": 13329016,
      "heapTotal": 20086784,
      "external": 1970223
    },
    "startupTime": 241.728291,
    "cpuUsage": 141.576,
    "timestamp": 1774356577454
  },
  "violations": [],
  "recommendations": [
    "Largest file (index.js) is 100.0% of bundle - consider splitting or optimizing"
  ],
  "overallStatus": "pass"
}