{
  "timestamp": 1774225849710,
  "bundleSize": {
    "totalSize": 916,
    "gzippedSize": 423,
    "fileCount": 1,
    "largestFile": {
      "name": "index.js",
      "size": 916,
      "gzippedSize": 423
    },
    "breakdown": [
      {
        "name": "index.js",
        "size": 916,
        "gzippedSize": 423,
        "percentage": 100
      }
    ]
  },
  "webVitals": {
    "firstContentfulPaint": 1130.2084715967499,
    "timeToInteractive": 2283.2061808163103,
    "largestContentfulPaint": 2304.7029129594284,
    "cumulativeLayoutShift": 0.016905102181683864,
    "firstInputDelay": 55.90086866741305,
    "timestamp": 1774225849710
  },
  "runtime": {
    "memoryUsage": {
      "rss": 63143936,
      "heapUsed": 13254848,
      "heapTotal": 20316160,
      "external": 1966360
    },
    "startupTime": 2386.586,
    "cpuUsage": 207.485,
    "timestamp": 1774225849710
  },
  "violations": [],
  "recommendations": [
    "Largest file (index.js) is 100.0% of bundle - consider splitting or optimizing"
  ],
  "overallStatus": "pass"
}