{
  "timestamp": 1773834139514,
  "bundleSize": {
    "totalSize": 916,
    "gzippedSize": 423,
    "fileCount": 1,
    "largestFile": {
      "name": "index.js",
      "size": 916,
      "gzippedSize": 423
    },
    "breakdown": [
      {
        "name": "index.js",
        "size": 916,
        "gzippedSize": 423,
        "percentage": 100
      }
    ]
  },
  "webVitals": {
    "firstContentfulPaint": 1325.5125625525577,
    "timeToInteractive": 2699.22964093772,
    "largestContentfulPaint": 2352.2873301905356,
    "cumulativeLayoutShift": 0.023913690382239408,
    "firstInputDelay": 39.350632914127814,
    "timestamp": 1773834139514
  },
  "runtime": {
    "memoryUsage": {
      "rss": 61145088,
      "heapUsed": 12251952,
      "heapTotal": 19595264,
      "external": 1970157
    },
    "startupTime": 1673.26475,
    "cpuUsage": 194.114,
    "timestamp": 1773834139514
  },
  "violations": [],
  "recommendations": [
    "Largest file (index.js) is 100.0% of bundle - consider splitting or optimizing"
  ],
  "overallStatus": "pass"
}