{
  "timestamp": 1773878580095,
  "bundleSize": {
    "totalSize": 916,
    "gzippedSize": 423,
    "fileCount": 1,
    "largestFile": {
      "name": "index.js",
      "size": 916,
      "gzippedSize": 423
    },
    "breakdown": [
      {
        "name": "index.js",
        "size": 916,
        "gzippedSize": 423,
        "percentage": 100
      }
    ]
  },
  "webVitals": {
    "firstContentfulPaint": 638.8708854627454,
    "timeToInteractive": 2499.3589509259923,
    "largestContentfulPaint": 1593.8054343648148,
    "cumulativeLayoutShift": 0.061173316624584785,
    "firstInputDelay": 36.18041122454386,
    "timestamp": 1773878580095
  },
  "runtime": {
    "memoryUsage": {
      "rss": 63356928,
      "heapUsed": 13099248,
      "heapTotal": 21102592,
      "external": 1969228
    },
    "startupTime": 373.791083,
    "cpuUsage": 176.725,
    "timestamp": 1773878580095
  },
  "violations": [],
  "recommendations": [
    "Largest file (index.js) is 100.0% of bundle - consider splitting or optimizing"
  ],
  "overallStatus": "pass"
}