{
  "timestamp": 1773851814113,
  "bundleSize": {
    "totalSize": 916,
    "gzippedSize": 423,
    "fileCount": 1,
    "largestFile": {
      "name": "index.js",
      "size": 916,
      "gzippedSize": 423
    },
    "breakdown": [
      {
        "name": "index.js",
        "size": 916,
        "gzippedSize": 423,
        "percentage": 100
      }
    ]
  },
  "webVitals": {
    "firstContentfulPaint": 1408.1430494254687,
    "timeToInteractive": 2394.3832387912903,
    "largestContentfulPaint": 1782.9511847378847,
    "cumulativeLayoutShift": 0.07960705393327404,
    "firstInputDelay": 44.64415850157138,
    "timestamp": 1773851814113
  },
  "runtime": {
    "memoryUsage": {
      "rss": 62046208,
      "heapUsed": 12247768,
      "heapTotal": 19595264,
      "external": 1969696
    },
    "startupTime": 313.294916,
    "cpuUsage": 174.237,
    "timestamp": 1773851814113
  },
  "violations": [],
  "recommendations": [
    "Largest file (index.js) is 100.0% of bundle - consider splitting or optimizing"
  ],
  "overallStatus": "pass"
}