{
  "timestamp": 1774283159288,
  "bundleSize": {
    "totalSize": 916,
    "gzippedSize": 423,
    "fileCount": 1,
    "largestFile": {
      "name": "index.js",
      "size": 916,
      "gzippedSize": 423
    },
    "breakdown": [
      {
        "name": "index.js",
        "size": 916,
        "gzippedSize": 423,
        "percentage": 100
      }
    ]
  },
  "webVitals": {
    "firstContentfulPaint": 1089.0885365160623,
    "timeToInteractive": 2616.578372574392,
    "largestContentfulPaint": 1657.0628807378555,
    "cumulativeLayoutShift": 0.09076219268619486,
    "firstInputDelay": 72.07601781517161,
    "timestamp": 1774283159288
  },
  "runtime": {
    "memoryUsage": {
      "rss": 63864832,
      "heapUsed": 13488048,
      "heapTotal": 20447232,
      "external": 1966360
    },
    "startupTime": 1447.029084,
    "cpuUsage": 184.105,
    "timestamp": 1774283159288
  },
  "violations": [],
  "recommendations": [
    "Largest file (index.js) is 100.0% of bundle - consider splitting or optimizing"
  ],
  "overallStatus": "pass"
}