{
  "timestamp": 1774532231563,
  "bundleSize": {
    "totalSize": 916,
    "gzippedSize": 423,
    "fileCount": 1,
    "largestFile": {
      "name": "index.js",
      "size": 916,
      "gzippedSize": 423
    },
    "breakdown": [
      {
        "name": "index.js",
        "size": 916,
        "gzippedSize": 423,
        "percentage": 100
      }
    ]
  },
  "webVitals": {
    "firstContentfulPaint": 1331.559283530209,
    "timeToInteractive": 2380.602218396605,
    "largestContentfulPaint": 2168.3357131241637,
    "cumulativeLayoutShift": 0.0050485204562012555,
    "firstInputDelay": 54.70576435065702,
    "timestamp": 1774532231563
  },
  "runtime": {
    "memoryUsage": {
      "rss": 65126400,
      "heapUsed": 12660456,
      "heapTotal": 20381696,
      "external": 2641332
    },
    "startupTime": 222.417792,
    "cpuUsage": 125.899,
    "timestamp": 1774532231563
  },
  "violations": [],
  "recommendations": [
    "Largest file (index.js) is 100.0% of bundle - consider splitting or optimizing"
  ],
  "overallStatus": "pass"
}