{
  "timestamp": 1774269230915,
  "bundleSize": {
    "totalSize": 916,
    "gzippedSize": 423,
    "fileCount": 1,
    "largestFile": {
      "name": "index.js",
      "size": 916,
      "gzippedSize": 423
    },
    "breakdown": [
      {
        "name": "index.js",
        "size": 916,
        "gzippedSize": 423,
        "percentage": 100
      }
    ]
  },
  "webVitals": {
    "firstContentfulPaint": 1440.7097524203923,
    "timeToInteractive": 2119.052234604631,
    "largestContentfulPaint": 1581.9367072962368,
    "cumulativeLayoutShift": 0.010749220859775255,
    "firstInputDelay": 48.43610209677415,
    "timestamp": 1774269230915
  },
  "runtime": {
    "memoryUsage": {
      "rss": 61718528,
      "heapUsed": 12634920,
      "heapTotal": 20119552,
      "external": 1971431
    },
    "startupTime": 230.988167,
    "cpuUsage": 140.275,
    "timestamp": 1774269230915
  },
  "violations": [],
  "recommendations": [
    "Largest file (index.js) is 100.0% of bundle - consider splitting or optimizing"
  ],
  "overallStatus": "pass"
}