{
  "timestamp": 1774027408007,
  "bundleSize": {
    "totalSize": 916,
    "gzippedSize": 423,
    "fileCount": 1,
    "largestFile": {
      "name": "index.js",
      "size": 916,
      "gzippedSize": 423
    },
    "breakdown": [
      {
        "name": "index.js",
        "size": 916,
        "gzippedSize": 423,
        "percentage": 100
      }
    ]
  },
  "webVitals": {
    "firstContentfulPaint": 1254.054648366482,
    "timeToInteractive": 2731.1525443523346,
    "largestContentfulPaint": 1501.5532509320674,
    "cumulativeLayoutShift": 0.005968550718535992,
    "firstInputDelay": 66.98448569146923,
    "timestamp": 1774027408007
  },
  "runtime": {
    "memoryUsage": {
      "rss": 62177280,
      "heapUsed": 12445640,
      "heapTotal": 19595264,
      "external": 1970223
    },
    "startupTime": 268.677167,
    "cpuUsage": 157.523,
    "timestamp": 1774027408007
  },
  "violations": [],
  "recommendations": [
    "Largest file (index.js) is 100.0% of bundle - consider splitting or optimizing"
  ],
  "overallStatus": "pass"
}