{
  "timestamp": 1774627862165,
  "bundleSize": {
    "totalSize": 916,
    "gzippedSize": 423,
    "fileCount": 1,
    "largestFile": {
      "name": "index.js",
      "size": 916,
      "gzippedSize": 423
    },
    "breakdown": [
      {
        "name": "index.js",
        "size": 916,
        "gzippedSize": 423,
        "percentage": 100
      }
    ]
  },
  "webVitals": {
    "firstContentfulPaint": 840.3053070503456,
    "timeToInteractive": 2201.9351297371004,
    "largestContentfulPaint": 1871.1836420752536,
    "cumulativeLayoutShift": 0.05413571355359492,
    "firstInputDelay": 49.26332630361756,
    "timestamp": 1774627862165
  },
  "runtime": {
    "memoryUsage": {
      "rss": 61423616,
      "heapUsed": 12361072,
      "heapTotal": 19595264,
      "external": 1965854
    },
    "startupTime": 202.687875,
    "cpuUsage": 132.902,
    "timestamp": 1774627862165
  },
  "violations": [],
  "recommendations": [
    "Largest file (index.js) is 100.0% of bundle - consider splitting or optimizing"
  ],
  "overallStatus": "pass"
}