{
  "timestamp": 1774054293385,
  "bundleSize": {
    "totalSize": 916,
    "gzippedSize": 423,
    "fileCount": 1,
    "largestFile": {
      "name": "index.js",
      "size": 916,
      "gzippedSize": 423
    },
    "breakdown": [
      {
        "name": "index.js",
        "size": 916,
        "gzippedSize": 423,
        "percentage": 100
      }
    ]
  },
  "webVitals": {
    "firstContentfulPaint": 953.1716591117447,
    "timeToInteractive": 2301.5812800572603,
    "largestContentfulPaint": 1871.1079422391683,
    "cumulativeLayoutShift": 0.054573630643376704,
    "firstInputDelay": 43.46453273283777,
    "timestamp": 1774054293384
  },
  "runtime": {
    "memoryUsage": {
      "rss": 61702144,
      "heapUsed": 13082920,
      "heapTotal": 20840448,
      "external": 1969831
    },
    "startupTime": 204.302083,
    "cpuUsage": 126.599,
    "timestamp": 1774054293385
  },
  "violations": [],
  "recommendations": [
    "Largest file (index.js) is 100.0% of bundle - consider splitting or optimizing"
  ],
  "overallStatus": "pass"
}