{
  "timestamp": 1773679094046,
  "bundleSize": {
    "totalSize": 916,
    "gzippedSize": 423,
    "fileCount": 1,
    "largestFile": {
      "name": "index.js",
      "size": 916,
      "gzippedSize": 423
    },
    "breakdown": [
      {
        "name": "index.js",
        "size": 916,
        "gzippedSize": 423,
        "percentage": 100
      }
    ]
  },
  "webVitals": {
    "firstContentfulPaint": 1119.2555560414698,
    "timeToInteractive": 2645.2407484778964,
    "largestContentfulPaint": 1784.8392152153037,
    "cumulativeLayoutShift": 0.09992135640650186,
    "firstInputDelay": 68.81662810776695,
    "timestamp": 1773679094046
  },
  "runtime": {
    "memoryUsage": {
      "rss": 61718528,
      "heapUsed": 12086360,
      "heapTotal": 19595264,
      "external": 1965384
    },
    "startupTime": 422.327417,
    "cpuUsage": 173.535,
    "timestamp": 1773679094046
  },
  "violations": [],
  "recommendations": [
    "Largest file (index.js) is 100.0% of bundle - consider splitting or optimizing"
  ],
  "overallStatus": "pass"
}