{
  "timestamp": 1773833943622,
  "bundleSize": {
    "totalSize": 916,
    "gzippedSize": 423,
    "fileCount": 1,
    "largestFile": {
      "name": "index.js",
      "size": 916,
      "gzippedSize": 423
    },
    "breakdown": [
      {
        "name": "index.js",
        "size": 916,
        "gzippedSize": 423,
        "percentage": 100
      }
    ]
  },
  "webVitals": {
    "firstContentfulPaint": 596.5472833915402,
    "timeToInteractive": 2438.806402051674,
    "largestContentfulPaint": 1924.1574164627236,
    "cumulativeLayoutShift": 0.07822114957970357,
    "firstInputDelay": 47.904776454331845,
    "timestamp": 1773833943622
  },
  "runtime": {
    "memoryUsage": {
      "rss": 61997056,
      "heapUsed": 12243416,
      "heapTotal": 19857408,
      "external": 1969708
    },
    "startupTime": 318.604667,
    "cpuUsage": 181.186,
    "timestamp": 1773833943622
  },
  "violations": [],
  "recommendations": [
    "Largest file (index.js) is 100.0% of bundle - consider splitting or optimizing"
  ],
  "overallStatus": "pass"
}