{
  "timestamp": 1774265904578,
  "bundleSize": {
    "totalSize": 916,
    "gzippedSize": 423,
    "fileCount": 1,
    "largestFile": {
      "name": "index.js",
      "size": 916,
      "gzippedSize": 423
    },
    "breakdown": [
      {
        "name": "index.js",
        "size": 916,
        "gzippedSize": 423,
        "percentage": 100
      }
    ]
  },
  "webVitals": {
    "firstContentfulPaint": 1399.3236839325841,
    "timeToInteractive": 2573.016697121976,
    "largestContentfulPaint": 1793.0463423977988,
    "cumulativeLayoutShift": 0.010865188834774164,
    "firstInputDelay": 33.133551325721335,
    "timestamp": 1774265904578
  },
  "runtime": {
    "memoryUsage": {
      "rss": 54476800,
      "heapUsed": 11657152,
      "heapTotal": 15925248,
      "external": 1961815
    },
    "startupTime": 11539.619834,
    "cpuUsage": 260.758,
    "timestamp": 1774265904578
  },
  "violations": [],
  "recommendations": [
    "Largest file (index.js) is 100.0% of bundle - consider splitting or optimizing"
  ],
  "overallStatus": "pass"
}