{
  "timestamp": 1774728465928,
  "bundleSize": {
    "totalSize": 916,
    "gzippedSize": 423,
    "fileCount": 1,
    "largestFile": {
      "name": "index.js",
      "size": 916,
      "gzippedSize": 423
    },
    "breakdown": [
      {
        "name": "index.js",
        "size": 916,
        "gzippedSize": 423,
        "percentage": 100
      }
    ]
  },
  "webVitals": {
    "firstContentfulPaint": 1184.4748298512877,
    "timeToInteractive": 2960.6437850604784,
    "largestContentfulPaint": 1807.3212631919657,
    "cumulativeLayoutShift": 0.02717319064738162,
    "firstInputDelay": 74.63989828435433,
    "timestamp": 1774728465928
  },
  "runtime": {
    "memoryUsage": {
      "rss": 62586880,
      "heapUsed": 12723792,
      "heapTotal": 19857408,
      "external": 1972040
    },
    "startupTime": 289.719625,
    "cpuUsage": 158.714,
    "timestamp": 1774728465928
  },
  "violations": [],
  "recommendations": [
    "Largest file (index.js) is 100.0% of bundle - consider splitting or optimizing"
  ],
  "overallStatus": "pass"
}