{
  "timestamp": 1774199078426,
  "bundleSize": {
    "totalSize": 916,
    "gzippedSize": 423,
    "fileCount": 1,
    "largestFile": {
      "name": "index.js",
      "size": 916,
      "gzippedSize": 423
    },
    "breakdown": [
      {
        "name": "index.js",
        "size": 916,
        "gzippedSize": 423,
        "percentage": 100
      }
    ]
  },
  "webVitals": {
    "firstContentfulPaint": 756.1317354612531,
    "timeToInteractive": 2088.3293728227636,
    "largestContentfulPaint": 2054.5649263811747,
    "cumulativeLayoutShift": 0.02767687739751994,
    "firstInputDelay": 43.62012493584424,
    "timestamp": 1774199078426
  },
  "runtime": {
    "memoryUsage": {
      "rss": 62128128,
      "heapUsed": 12906864,
      "heapTotal": 20119552,
      "external": 1970223
    },
    "startupTime": 230.004584,
    "cpuUsage": 137.355,
    "timestamp": 1774199078426
  },
  "violations": [],
  "recommendations": [
    "Largest file (index.js) is 100.0% of bundle - consider splitting or optimizing"
  ],
  "overallStatus": "pass"
}