{
  "timestamp": 1774545664130,
  "bundleSize": {
    "totalSize": 916,
    "gzippedSize": 423,
    "fileCount": 1,
    "largestFile": {
      "name": "index.js",
      "size": 916,
      "gzippedSize": 423
    },
    "breakdown": [
      {
        "name": "index.js",
        "size": 916,
        "gzippedSize": 423,
        "percentage": 100
      }
    ]
  },
  "webVitals": {
    "firstContentfulPaint": 1288.2116408077384,
    "timeToInteractive": 2623.2916305803274,
    "largestContentfulPaint": 1692.492212764262,
    "cumulativeLayoutShift": 0.02059138166838863,
    "firstInputDelay": 34.39689404161732,
    "timestamp": 1774545664130
  },
  "runtime": {
    "memoryUsage": {
      "rss": 62504960,
      "heapUsed": 13074312,
      "heapTotal": 20283392,
      "external": 1971431
    },
    "startupTime": 222.568167,
    "cpuUsage": 144.378,
    "timestamp": 1774545664130
  },
  "violations": [],
  "recommendations": [
    "Largest file (index.js) is 100.0% of bundle - consider splitting or optimizing"
  ],
  "overallStatus": "pass"
}