{
  "timestamp": 1773945517995,
  "bundleSize": {
    "totalSize": 916,
    "gzippedSize": 423,
    "fileCount": 1,
    "largestFile": {
      "name": "index.js",
      "size": 916,
      "gzippedSize": 423
    },
    "breakdown": [
      {
        "name": "index.js",
        "size": 916,
        "gzippedSize": 423,
        "percentage": 100
      }
    ]
  },
  "webVitals": {
    "firstContentfulPaint": 990.4744699262116,
    "timeToInteractive": 2424.1986015147945,
    "largestContentfulPaint": 1838.4106296028763,
    "cumulativeLayoutShift": 0.03480412037883829,
    "firstInputDelay": 63.945953754235084,
    "timestamp": 1773945517995
  },
  "runtime": {
    "memoryUsage": {
      "rss": 61833216,
      "heapUsed": 12553024,
      "heapTotal": 19595264,
      "external": 1970223
    },
    "startupTime": 294.234959,
    "cpuUsage": 164.867,
    "timestamp": 1773945517995
  },
  "violations": [],
  "recommendations": [
    "Largest file (index.js) is 100.0% of bundle - consider splitting or optimizing"
  ],
  "overallStatus": "pass"
}