{
  "timestamp": 1774612858662,
  "bundleSize": {
    "totalSize": 916,
    "gzippedSize": 423,
    "fileCount": 1,
    "largestFile": {
      "name": "index.js",
      "size": 916,
      "gzippedSize": 423
    },
    "breakdown": [
      {
        "name": "index.js",
        "size": 916,
        "gzippedSize": 423,
        "percentage": 100
      }
    ]
  },
  "webVitals": {
    "firstContentfulPaint": 1117.2758557346142,
    "timeToInteractive": 2247.573391697083,
    "largestContentfulPaint": 2020.3458091720327,
    "cumulativeLayoutShift": 0.0056579659215134194,
    "firstInputDelay": 37.53529068557351,
    "timestamp": 1774612858662
  },
  "runtime": {
    "memoryUsage": {
      "rss": 61800448,
      "heapUsed": 12748944,
      "heapTotal": 19857408,
      "external": 1970211
    },
    "startupTime": 332.559416,
    "cpuUsage": 172.143,
    "timestamp": 1774612858662
  },
  "violations": [],
  "recommendations": [
    "Largest file (index.js) is 100.0% of bundle - consider splitting or optimizing"
  ],
  "overallStatus": "pass"
}