{
  "timestamp": 1774545597249,
  "bundleSize": {
    "totalSize": 916,
    "gzippedSize": 423,
    "fileCount": 1,
    "largestFile": {
      "name": "index.js",
      "size": 916,
      "gzippedSize": 423
    },
    "breakdown": [
      {
        "name": "index.js",
        "size": 916,
        "gzippedSize": 423,
        "percentage": 100
      }
    ]
  },
  "webVitals": {
    "firstContentfulPaint": 756.7391609673291,
    "timeToInteractive": 2432.754311345306,
    "largestContentfulPaint": 1775.210284005447,
    "cumulativeLayoutShift": 0.024894849149039635,
    "firstInputDelay": 26.765915396900276,
    "timestamp": 1774545597249
  },
  "runtime": {
    "memoryUsage": {
      "rss": 57933824,
      "heapUsed": 12603336,
      "heapTotal": 19857408,
      "external": 1967162
    },
    "startupTime": 1784.866459,
    "cpuUsage": 210.901,
    "timestamp": 1774545597249
  },
  "violations": [],
  "recommendations": [
    "Largest file (index.js) is 100.0% of bundle - consider splitting or optimizing"
  ],
  "overallStatus": "pass"
}