{
  "timestamp": 1773777901491,
  "bundleSize": {
    "totalSize": 916,
    "gzippedSize": 423,
    "fileCount": 1,
    "largestFile": {
      "name": "index.js",
      "size": 916,
      "gzippedSize": 423
    },
    "breakdown": [
      {
        "name": "index.js",
        "size": 916,
        "gzippedSize": 423,
        "percentage": 100
      }
    ]
  },
  "webVitals": {
    "firstContentfulPaint": 1435.9801447326856,
    "timeToInteractive": 2929.320637502386,
    "largestContentfulPaint": 2321.8329302262055,
    "cumulativeLayoutShift": 0.07988330610394222,
    "firstInputDelay": 58.16963741598414,
    "timestamp": 1773777901491
  },
  "runtime": {
    "memoryUsage": {
      "rss": 62095360,
      "heapUsed": 12011224,
      "heapTotal": 20643840,
      "external": 1968713
    },
    "startupTime": 283.708833,
    "cpuUsage": 166.304,
    "timestamp": 1773777901491
  },
  "violations": [],
  "recommendations": [
    "Largest file (index.js) is 100.0% of bundle - consider splitting or optimizing"
  ],
  "overallStatus": "pass"
}