{
  "timestamp": 1774018637416,
  "bundleSize": {
    "totalSize": 916,
    "gzippedSize": 423,
    "fileCount": 1,
    "largestFile": {
      "name": "index.js",
      "size": 916,
      "gzippedSize": 423
    },
    "breakdown": [
      {
        "name": "index.js",
        "size": 916,
        "gzippedSize": 423,
        "percentage": 100
      }
    ]
  },
  "webVitals": {
    "firstContentfulPaint": 830.7389087276782,
    "timeToInteractive": 2364.5968305644924,
    "largestContentfulPaint": 1599.0647540241282,
    "cumulativeLayoutShift": 0.026131706921093345,
    "firstInputDelay": 49.510020920209875,
    "timestamp": 1774018637416
  },
  "runtime": {
    "memoryUsage": {
      "rss": 58032128,
      "heapUsed": 12496760,
      "heapTotal": 19857408,
      "external": 1970460
    },
    "startupTime": 479.272666,
    "cpuUsage": 185.959,
    "timestamp": 1774018637416
  },
  "violations": [],
  "recommendations": [
    "Largest file (index.js) is 100.0% of bundle - consider splitting or optimizing"
  ],
  "overallStatus": "pass"
}