{
  "timestamp": 1774280187076,
  "bundleSize": {
    "totalSize": 916,
    "gzippedSize": 423,
    "fileCount": 1,
    "largestFile": {
      "name": "index.js",
      "size": 916,
      "gzippedSize": 423
    },
    "breakdown": [
      {
        "name": "index.js",
        "size": 916,
        "gzippedSize": 423,
        "percentage": 100
      }
    ]
  },
  "webVitals": {
    "firstContentfulPaint": 751.7011915273755,
    "timeToInteractive": 2742.4314719279546,
    "largestContentfulPaint": 1806.860961905818,
    "cumulativeLayoutShift": 0.025257710420079783,
    "firstInputDelay": 66.26744785867328,
    "timestamp": 1774280187075
  },
  "runtime": {
    "memoryUsage": {
      "rss": 52412416,
      "heapUsed": 12727728,
      "heapTotal": 19595264,
      "external": 1967906
    },
    "startupTime": 7367.087458,
    "cpuUsage": 227.577,
    "timestamp": 1774280187076
  },
  "violations": [],
  "recommendations": [
    "Largest file (index.js) is 100.0% of bundle - consider splitting or optimizing"
  ],
  "overallStatus": "pass"
}