{
  "timestamp": 1774277090118,
  "bundleSize": {
    "totalSize": 916,
    "gzippedSize": 423,
    "fileCount": 1,
    "largestFile": {
      "name": "index.js",
      "size": 916,
      "gzippedSize": 423
    },
    "breakdown": [
      {
        "name": "index.js",
        "size": 916,
        "gzippedSize": 423,
        "percentage": 100
      }
    ]
  },
  "webVitals": {
    "firstContentfulPaint": 549.7209326796084,
    "timeToInteractive": 2479.296561543841,
    "largestContentfulPaint": 2404.3869778523363,
    "cumulativeLayoutShift": 0.019319414145360137,
    "firstInputDelay": 39.198008884088935,
    "timestamp": 1774277090118
  },
  "runtime": {
    "memoryUsage": {
      "rss": 61603840,
      "heapUsed": 12616216,
      "heapTotal": 19857408,
      "external": 1965854
    },
    "startupTime": 193.921542,
    "cpuUsage": 132.877,
    "timestamp": 1774277090118
  },
  "violations": [],
  "recommendations": [
    "Largest file (index.js) is 100.0% of bundle - consider splitting or optimizing"
  ],
  "overallStatus": "pass"
}