{
  "timestamp": 1774213895372,
  "bundleSize": {
    "totalSize": 916,
    "gzippedSize": 423,
    "fileCount": 1,
    "largestFile": {
      "name": "index.js",
      "size": 916,
      "gzippedSize": 423
    },
    "breakdown": [
      {
        "name": "index.js",
        "size": 916,
        "gzippedSize": 423,
        "percentage": 100
      }
    ]
  },
  "webVitals": {
    "firstContentfulPaint": 1155.5714041598906,
    "timeToInteractive": 2520.9136785295295,
    "largestContentfulPaint": 1774.1392419325468,
    "cumulativeLayoutShift": 0.013438929938983768,
    "firstInputDelay": 55.317771421733696,
    "timestamp": 1774213895372
  },
  "runtime": {
    "memoryUsage": {
      "rss": 62750720,
      "heapUsed": 13244192,
      "heapTotal": 20316160,
      "external": 1971431
    },
    "startupTime": 225.820208,
    "cpuUsage": 140.14,
    "timestamp": 1774213895372
  },
  "violations": [],
  "recommendations": [
    "Largest file (index.js) is 100.0% of bundle - consider splitting or optimizing"
  ],
  "overallStatus": "pass"
}