{
  "timestamp": 1773843756848,
  "bundleSize": {
    "totalSize": 916,
    "gzippedSize": 423,
    "fileCount": 1,
    "largestFile": {
      "name": "index.js",
      "size": 916,
      "gzippedSize": 423
    },
    "breakdown": [
      {
        "name": "index.js",
        "size": 916,
        "gzippedSize": 423,
        "percentage": 100
      }
    ]
  },
  "webVitals": {
    "firstContentfulPaint": 1247.7013023039904,
    "timeToInteractive": 2528.922726179973,
    "largestContentfulPaint": 1743.1213571247413,
    "cumulativeLayoutShift": 0.023528686245380917,
    "firstInputDelay": 40.32483874910986,
    "timestamp": 1773843756848
  },
  "runtime": {
    "memoryUsage": {
      "rss": 62210048,
      "heapUsed": 12120224,
      "heapTotal": 20381696,
      "external": 1968713
    },
    "startupTime": 478.838875,
    "cpuUsage": 213.11,
    "timestamp": 1773843756848
  },
  "violations": [],
  "recommendations": [
    "Largest file (index.js) is 100.0% of bundle - consider splitting or optimizing"
  ],
  "overallStatus": "pass"
}