{
  "timestamp": 1774277648277,
  "bundleSize": {
    "totalSize": 916,
    "gzippedSize": 423,
    "fileCount": 1,
    "largestFile": {
      "name": "index.js",
      "size": 916,
      "gzippedSize": 423
    },
    "breakdown": [
      {
        "name": "index.js",
        "size": 916,
        "gzippedSize": 423,
        "percentage": 100
      }
    ]
  },
  "webVitals": {
    "firstContentfulPaint": 1239.0548493563929,
    "timeToInteractive": 2463.2605564744063,
    "largestContentfulPaint": 2045.805937507103,
    "cumulativeLayoutShift": 0.026399897941309237,
    "firstInputDelay": 55.677743750591915,
    "timestamp": 1774277648277
  },
  "runtime": {
    "memoryUsage": {
      "rss": 62144512,
      "heapUsed": 12564696,
      "heapTotal": 20381696,
      "external": 1965417
    },
    "startupTime": 438.991208,
    "cpuUsage": 178.409,
    "timestamp": 1774277648277
  },
  "violations": [],
  "recommendations": [
    "Largest file (index.js) is 100.0% of bundle - consider splitting or optimizing"
  ],
  "overallStatus": "pass"
}