{
  "timestamp": 1774544729642,
  "bundleSize": {
    "totalSize": 916,
    "gzippedSize": 423,
    "fileCount": 1,
    "largestFile": {
      "name": "index.js",
      "size": 916,
      "gzippedSize": 423
    },
    "breakdown": [
      {
        "name": "index.js",
        "size": 916,
        "gzippedSize": 423,
        "percentage": 100
      }
    ]
  },
  "webVitals": {
    "firstContentfulPaint": 665.6015593281204,
    "timeToInteractive": 2985.0742383328047,
    "largestContentfulPaint": 2322.8191765198976,
    "cumulativeLayoutShift": 0.008998068968140904,
    "firstInputDelay": 32.48515659926646,
    "timestamp": 1774544729642
  },
  "runtime": {
    "memoryUsage": {
      "rss": 62783488,
      "heapUsed": 13407872,
      "heapTotal": 20119552,
      "external": 1966925
    },
    "startupTime": 893.777709,
    "cpuUsage": 194.161,
    "timestamp": 1774544729642
  },
  "violations": [],
  "recommendations": [
    "Largest file (index.js) is 100.0% of bundle - consider splitting or optimizing"
  ],
  "overallStatus": "pass"
}