{
  "timestamp": 1773677053963,
  "bundleSize": {
    "totalSize": 916,
    "gzippedSize": 423,
    "fileCount": 1,
    "largestFile": {
      "name": "index.js",
      "size": 916,
      "gzippedSize": 423
    },
    "breakdown": [
      {
        "name": "index.js",
        "size": 916,
        "gzippedSize": 423,
        "percentage": 100
      }
    ]
  },
  "webVitals": {
    "firstContentfulPaint": 1493.4412914002423,
    "timeToInteractive": 2673.4025044897053,
    "largestContentfulPaint": 1565.052952979825,
    "cumulativeLayoutShift": 0.000169232812829323,
    "firstInputDelay": 31.449795928739366,
    "timestamp": 1773677053963
  },
  "runtime": {
    "memoryUsage": {
      "rss": 62308352,
      "heapUsed": 12131712,
      "heapTotal": 20119552,
      "external": 1969696
    },
    "startupTime": 262.652458,
    "cpuUsage": 139.144,
    "timestamp": 1773677053963
  },
  "violations": [],
  "recommendations": [
    "Largest file (index.js) is 100.0% of bundle - consider splitting or optimizing"
  ],
  "overallStatus": "pass"
}