{
  "timestamp": 1774269285346,
  "bundleSize": {
    "totalSize": 916,
    "gzippedSize": 423,
    "fileCount": 1,
    "largestFile": {
      "name": "index.js",
      "size": 916,
      "gzippedSize": 423
    },
    "breakdown": [
      {
        "name": "index.js",
        "size": 916,
        "gzippedSize": 423,
        "percentage": 100
      }
    ]
  },
  "webVitals": {
    "firstContentfulPaint": 558.131143710596,
    "timeToInteractive": 2661.8415289853897,
    "largestContentfulPaint": 1929.5338651342367,
    "cumulativeLayoutShift": 0.0019996671173967196,
    "firstInputDelay": 56.757967417306055,
    "timestamp": 1774269285346
  },
  "runtime": {
    "memoryUsage": {
      "rss": 60424192,
      "heapUsed": 12071888,
      "heapTotal": 20774912,
      "external": 1964254
    },
    "startupTime": 219.514917,
    "cpuUsage": 129.723,
    "timestamp": 1774269285346
  },
  "violations": [],
  "recommendations": [
    "Largest file (index.js) is 100.0% of bundle - consider splitting or optimizing"
  ],
  "overallStatus": "pass"
}