{
  "timestamp": 1773862699568,
  "bundleSize": {
    "totalSize": 916,
    "gzippedSize": 423,
    "fileCount": 1,
    "largestFile": {
      "name": "index.js",
      "size": 916,
      "gzippedSize": 423
    },
    "breakdown": [
      {
        "name": "index.js",
        "size": 916,
        "gzippedSize": 423,
        "percentage": 100
      }
    ]
  },
  "webVitals": {
    "firstContentfulPaint": 878.5668535377049,
    "timeToInteractive": 2302.2555057007785,
    "largestContentfulPaint": 2355.874134815602,
    "cumulativeLayoutShift": 0.0017132875408498506,
    "firstInputDelay": 27.42053761872214,
    "timestamp": 1773862699568
  },
  "runtime": {
    "memoryUsage": {
      "rss": 61784064,
      "heapUsed": 12096536,
      "heapTotal": 20119552,
      "external": 1969708
    },
    "startupTime": 290.353958,
    "cpuUsage": 169.363,
    "timestamp": 1773862699568
  },
  "violations": [],
  "recommendations": [
    "Largest file (index.js) is 100.0% of bundle - consider splitting or optimizing"
  ],
  "overallStatus": "pass"
}