{
  "timestamp": 1774986734513,
  "bundleSize": {
    "totalSize": 952,
    "gzippedSize": 439,
    "fileCount": 1,
    "largestFile": {
      "name": "index.js",
      "size": 952,
      "gzippedSize": 439
    },
    "breakdown": [
      {
        "name": "index.js",
        "size": 952,
        "gzippedSize": 439,
        "percentage": 100
      }
    ]
  },
  "webVitals": {
    "firstContentfulPaint": 1368.2112558718432,
    "timeToInteractive": 2062.764056082694,
    "largestContentfulPaint": 2340.090513862321,
    "cumulativeLayoutShift": 0.00207204643321226,
    "firstInputDelay": 31.473010486834408,
    "timestamp": 1774986734512
  },
  "runtime": {
    "memoryUsage": {
      "rss": 60637184,
      "heapUsed": 13502960,
      "heapTotal": 18923520,
      "external": 2727007
    },
    "startupTime": 322.984958,
    "cpuUsage": 147.846,
    "timestamp": 1774986734513
  },
  "violations": [],
  "recommendations": [
    "Largest file (index.js) is 100.0% of bundle - consider splitting or optimizing"
  ],
  "overallStatus": "pass"
}