{
  "timestamp": 1774728307817,
  "bundleSize": {
    "totalSize": 916,
    "gzippedSize": 423,
    "fileCount": 1,
    "largestFile": {
      "name": "index.js",
      "size": 916,
      "gzippedSize": 423
    },
    "breakdown": [
      {
        "name": "index.js",
        "size": 916,
        "gzippedSize": 423,
        "percentage": 100
      }
    ]
  },
  "webVitals": {
    "firstContentfulPaint": 1106.1966872832043,
    "timeToInteractive": 2468.2317428337365,
    "largestContentfulPaint": 1852.954861991519,
    "cumulativeLayoutShift": 0.051355742048409384,
    "firstInputDelay": 52.296187423282035,
    "timestamp": 1774728307817
  },
  "runtime": {
    "memoryUsage": {
      "rss": 59392000,
      "heapUsed": 12858200,
      "heapTotal": 19857408,
      "external": 1966863
    },
    "startupTime": 1411.514625,
    "cpuUsage": 191.998,
    "timestamp": 1774728307817
  },
  "violations": [],
  "recommendations": [
    "Largest file (index.js) is 100.0% of bundle - consider splitting or optimizing"
  ],
  "overallStatus": "pass"
}