{
  "timestamp": 1774543456443,
  "bundleSize": {
    "totalSize": 916,
    "gzippedSize": 423,
    "fileCount": 1,
    "largestFile": {
      "name": "index.js",
      "size": 916,
      "gzippedSize": 423
    },
    "breakdown": [
      {
        "name": "index.js",
        "size": 916,
        "gzippedSize": 423,
        "percentage": 100
      }
    ]
  },
  "webVitals": {
    "firstContentfulPaint": 1481.1965375463678,
    "timeToInteractive": 2283.333742229725,
    "largestContentfulPaint": 1789.3913488334697,
    "cumulativeLayoutShift": 0.04010508102268893,
    "firstInputDelay": 37.24538725915399,
    "timestamp": 1774543456443
  },
  "runtime": {
    "memoryUsage": {
      "rss": 60162048,
      "heapUsed": 12679544,
      "heapTotal": 19857408,
      "external": 1967162
    },
    "startupTime": 3942.844708,
    "cpuUsage": 212.089,
    "timestamp": 1774543456443
  },
  "violations": [],
  "recommendations": [
    "Largest file (index.js) is 100.0% of bundle - consider splitting or optimizing"
  ],
  "overallStatus": "pass"
}