{
  "timestamp": 1774515022173,
  "bundleSize": {
    "totalSize": 916,
    "gzippedSize": 423,
    "fileCount": 1,
    "largestFile": {
      "name": "index.js",
      "size": 916,
      "gzippedSize": 423
    },
    "breakdown": [
      {
        "name": "index.js",
        "size": 916,
        "gzippedSize": 423,
        "percentage": 100
      }
    ]
  },
  "webVitals": {
    "firstContentfulPaint": 699.6230070786629,
    "timeToInteractive": 2538.3110714491127,
    "largestContentfulPaint": 1715.0569264501717,
    "cumulativeLayoutShift": 0.04910893506942807,
    "firstInputDelay": 30.79135024627371,
    "timestamp": 1774515022173
  },
  "runtime": {
    "memoryUsage": {
      "rss": 62701568,
      "heapUsed": 12987056,
      "heapTotal": 20185088,
      "external": 1971431
    },
    "startupTime": 252.998917,
    "cpuUsage": 152.367,
    "timestamp": 1774515022173
  },
  "violations": [],
  "recommendations": [
    "Largest file (index.js) is 100.0% of bundle - consider splitting or optimizing"
  ],
  "overallStatus": "pass"
}