{
  "timestamp": 1773938613402,
  "bundleSize": {
    "totalSize": 916,
    "gzippedSize": 423,
    "fileCount": 1,
    "largestFile": {
      "name": "index.js",
      "size": 916,
      "gzippedSize": 423
    },
    "breakdown": [
      {
        "name": "index.js",
        "size": 916,
        "gzippedSize": 423,
        "percentage": 100
      }
    ]
  },
  "webVitals": {
    "firstContentfulPaint": 1094.6091237027438,
    "timeToInteractive": 2716.7530614242914,
    "largestContentfulPaint": 2491.6767172257605,
    "cumulativeLayoutShift": 0.032394301358301125,
    "firstInputDelay": 34.3340546119553,
    "timestamp": 1773938613402
  },
  "runtime": {
    "memoryUsage": {
      "rss": 61833216,
      "heapUsed": 12754568,
      "heapTotal": 20447232,
      "external": 1965320
    },
    "startupTime": 1432.1945,
    "cpuUsage": 189.571,
    "timestamp": 1773938613402
  },
  "violations": [],
  "recommendations": [
    "Largest file (index.js) is 100.0% of bundle - consider splitting or optimizing"
  ],
  "overallStatus": "pass"
}