{
  "timestamp": 1774626038932,
  "bundleSize": {
    "totalSize": 916,
    "gzippedSize": 423,
    "fileCount": 1,
    "largestFile": {
      "name": "index.js",
      "size": 916,
      "gzippedSize": 423
    },
    "breakdown": [
      {
        "name": "index.js",
        "size": 916,
        "gzippedSize": 423,
        "percentage": 100
      }
    ]
  },
  "webVitals": {
    "firstContentfulPaint": 907.3415014986443,
    "timeToInteractive": 2840.0290957907036,
    "largestContentfulPaint": 1771.1676688243606,
    "cumulativeLayoutShift": 0.06736213577083286,
    "firstInputDelay": 41.05325180939031,
    "timestamp": 1774626038931
  },
  "runtime": {
    "memoryUsage": {
      "rss": 62554112,
      "heapUsed": 12968824,
      "heapTotal": 19988480,
      "external": 1965854
    },
    "startupTime": 204.370709,
    "cpuUsage": 136.175,
    "timestamp": 1774626038932
  },
  "violations": [],
  "recommendations": [
    "Largest file (index.js) is 100.0% of bundle - consider splitting or optimizing"
  ],
  "overallStatus": "pass"
}