{
  "timestamp": 1774383879701,
  "bundleSize": {
    "totalSize": 916,
    "gzippedSize": 423,
    "fileCount": 1,
    "largestFile": {
      "name": "index.js",
      "size": 916,
      "gzippedSize": 423
    },
    "breakdown": [
      {
        "name": "index.js",
        "size": 916,
        "gzippedSize": 423,
        "percentage": 100
      }
    ]
  },
  "webVitals": {
    "firstContentfulPaint": 1195.5434959609654,
    "timeToInteractive": 2720.4685614351993,
    "largestContentfulPaint": 1918.5182475831025,
    "cumulativeLayoutShift": 0.042578117358009475,
    "firstInputDelay": 26.342684054189746,
    "timestamp": 1774383879701
  },
  "runtime": {
    "memoryUsage": {
      "rss": 62554112,
      "heapUsed": 12923200,
      "heapTotal": 19857408,
      "external": 1970223
    },
    "startupTime": 352.061209,
    "cpuUsage": 189.318,
    "timestamp": 1774383879701
  },
  "violations": [],
  "recommendations": [
    "Largest file (index.js) is 100.0% of bundle - consider splitting or optimizing"
  ],
  "overallStatus": "pass"
}