{
  "timestamp": 1774547994154,
  "bundleSize": {
    "totalSize": 916,
    "gzippedSize": 423,
    "fileCount": 1,
    "largestFile": {
      "name": "index.js",
      "size": 916,
      "gzippedSize": 423
    },
    "breakdown": [
      {
        "name": "index.js",
        "size": 916,
        "gzippedSize": 423,
        "percentage": 100
      }
    ]
  },
  "webVitals": {
    "firstContentfulPaint": 1115.486964978022,
    "timeToInteractive": 2284.3400931408596,
    "largestContentfulPaint": 1862.6395338803932,
    "cumulativeLayoutShift": 0.08531535430098054,
    "firstInputDelay": 65.51050715680498,
    "timestamp": 1774547994154
  },
  "runtime": {
    "memoryUsage": {
      "rss": 62423040,
      "heapUsed": 12943088,
      "heapTotal": 20152320,
      "external": 1970435
    },
    "startupTime": 1366.903709,
    "cpuUsage": 180.865,
    "timestamp": 1774547994154
  },
  "violations": [],
  "recommendations": [
    "Largest file (index.js) is 100.0% of bundle - consider splitting or optimizing"
  ],
  "overallStatus": "pass"
}