{
  "timestamp": 1774531173087,
  "bundleSize": {
    "totalSize": 916,
    "gzippedSize": 423,
    "fileCount": 1,
    "largestFile": {
      "name": "index.js",
      "size": 916,
      "gzippedSize": 423
    },
    "breakdown": [
      {
        "name": "index.js",
        "size": 916,
        "gzippedSize": 423,
        "percentage": 100
      }
    ]
  },
  "webVitals": {
    "firstContentfulPaint": 1140.7733229404732,
    "timeToInteractive": 2984.164064399427,
    "largestContentfulPaint": 1560.8731314526074,
    "cumulativeLayoutShift": 0.033135749713908313,
    "firstInputDelay": 74.19819609818711,
    "timestamp": 1774531173087
  },
  "runtime": {
    "memoryUsage": {
      "rss": 62636032,
      "heapUsed": 12311432,
      "heapTotal": 20381696,
      "external": 1970436
    },
    "startupTime": 241.872334,
    "cpuUsage": 148.623,
    "timestamp": 1774531173087
  },
  "violations": [],
  "recommendations": [
    "Largest file (index.js) is 100.0% of bundle - consider splitting or optimizing"
  ],
  "overallStatus": "pass"
}