{
  "timestamp": 1774617640252,
  "bundleSize": {
    "totalSize": 916,
    "gzippedSize": 423,
    "fileCount": 1,
    "largestFile": {
      "name": "index.js",
      "size": 916,
      "gzippedSize": 423
    },
    "breakdown": [
      {
        "name": "index.js",
        "size": 916,
        "gzippedSize": 423,
        "percentage": 100
      }
    ]
  },
  "webVitals": {
    "firstContentfulPaint": 526.8454452417044,
    "timeToInteractive": 2538.1338477996983,
    "largestContentfulPaint": 2465.6175025962903,
    "cumulativeLayoutShift": 0.0028053844809535545,
    "firstInputDelay": 66.12906536401663,
    "timestamp": 1774617640252
  },
  "runtime": {
    "memoryUsage": {
      "rss": 63127552,
      "heapUsed": 13446104,
      "heapTotal": 20414464,
      "external": 1971431
    },
    "startupTime": 238.797667,
    "cpuUsage": 145.11,
    "timestamp": 1774617640252
  },
  "violations": [],
  "recommendations": [
    "Largest file (index.js) is 100.0% of bundle - consider splitting or optimizing"
  ],
  "overallStatus": "pass"
}