{
  "timestamp": 1773866990661,
  "bundleSize": {
    "totalSize": 916,
    "gzippedSize": 423,
    "fileCount": 1,
    "largestFile": {
      "name": "index.js",
      "size": 916,
      "gzippedSize": 423
    },
    "breakdown": [
      {
        "name": "index.js",
        "size": 916,
        "gzippedSize": 423,
        "percentage": 100
      }
    ]
  },
  "webVitals": {
    "firstContentfulPaint": 924.7007816351354,
    "timeToInteractive": 2524.3888844098637,
    "largestContentfulPaint": 1602.2297393314052,
    "cumulativeLayoutShift": 0.056461689329809175,
    "firstInputDelay": 65.81573696705769,
    "timestamp": 1773866990661
  },
  "runtime": {
    "memoryUsage": {
      "rss": 62111744,
      "heapUsed": 12194120,
      "heapTotal": 20381696,
      "external": 1969228
    },
    "startupTime": 337.219333,
    "cpuUsage": 194.343,
    "timestamp": 1773866990661
  },
  "violations": [],
  "recommendations": [
    "Largest file (index.js) is 100.0% of bundle - consider splitting or optimizing"
  ],
  "overallStatus": "pass"
}