{
  "timestamp": 1773884784404,
  "bundleSize": {
    "totalSize": 916,
    "gzippedSize": 423,
    "fileCount": 1,
    "largestFile": {
      "name": "index.js",
      "size": 916,
      "gzippedSize": 423
    },
    "breakdown": [
      {
        "name": "index.js",
        "size": 916,
        "gzippedSize": 423,
        "percentage": 100
      }
    ]
  },
  "webVitals": {
    "firstContentfulPaint": 753.2843161534623,
    "timeToInteractive": 2581.0280125304134,
    "largestContentfulPaint": 1518.5927219179607,
    "cumulativeLayoutShift": 0.09594189799409072,
    "firstInputDelay": 63.09387801048473,
    "timestamp": 1773884784404
  },
  "runtime": {
    "memoryUsage": {
      "rss": 63422464,
      "heapUsed": 13510400,
      "heapTotal": 20742144,
      "external": 1970211
    },
    "startupTime": 375.383792,
    "cpuUsage": 186.881,
    "timestamp": 1773884784404
  },
  "violations": [],
  "recommendations": [
    "Largest file (index.js) is 100.0% of bundle - consider splitting or optimizing"
  ],
  "overallStatus": "pass"
}