{
  "timestamp": 1774516060681,
  "bundleSize": {
    "totalSize": 916,
    "gzippedSize": 423,
    "fileCount": 1,
    "largestFile": {
      "name": "index.js",
      "size": 916,
      "gzippedSize": 423
    },
    "breakdown": [
      {
        "name": "index.js",
        "size": 916,
        "gzippedSize": 423,
        "percentage": 100
      }
    ]
  },
  "webVitals": {
    "firstContentfulPaint": 957.3915812320568,
    "timeToInteractive": 2838.5194166043207,
    "largestContentfulPaint": 1503.857507719253,
    "cumulativeLayoutShift": 0.028814257794117993,
    "firstInputDelay": 31.48710373876402,
    "timestamp": 1774516060681
  },
  "runtime": {
    "memoryUsage": {
      "rss": 65241088,
      "heapUsed": 12837104,
      "heapTotal": 20643840,
      "external": 2719126
    },
    "startupTime": 258.129125,
    "cpuUsage": 136.191,
    "timestamp": 1774516060681
  },
  "violations": [],
  "recommendations": [
    "Largest file (index.js) is 100.0% of bundle - consider splitting or optimizing"
  ],
  "overallStatus": "pass"
}