{
  "timestamp": 1773755127036,
  "bundleSize": {
    "totalSize": 916,
    "gzippedSize": 423,
    "fileCount": 1,
    "largestFile": {
      "name": "index.js",
      "size": 916,
      "gzippedSize": 423
    },
    "breakdown": [
      {
        "name": "index.js",
        "size": 916,
        "gzippedSize": 423,
        "percentage": 100
      }
    ]
  },
  "webVitals": {
    "firstContentfulPaint": 1315.8932662970606,
    "timeToInteractive": 2105.8058297980374,
    "largestContentfulPaint": 2049.2324017968294,
    "cumulativeLayoutShift": 0.02899886123732658,
    "firstInputDelay": 46.03355333890319,
    "timestamp": 1773755127036
  },
  "runtime": {
    "memoryUsage": {
      "rss": 62144512,
      "heapUsed": 12079168,
      "heapTotal": 20119552,
      "external": 1970916
    },
    "startupTime": 259.631208,
    "cpuUsage": 167.484,
    "timestamp": 1773755127036
  },
  "violations": [],
  "recommendations": [
    "Largest file (index.js) is 100.0% of bundle - consider splitting or optimizing"
  ],
  "overallStatus": "pass"
}