{
  "timestamp": 1774540737182,
  "bundleSize": {
    "totalSize": 916,
    "gzippedSize": 423,
    "fileCount": 1,
    "largestFile": {
      "name": "index.js",
      "size": 916,
      "gzippedSize": 423
    },
    "breakdown": [
      {
        "name": "index.js",
        "size": 916,
        "gzippedSize": 423,
        "percentage": 100
      }
    ]
  },
  "webVitals": {
    "firstContentfulPaint": 1074.835563704631,
    "timeToInteractive": 2337.448659915091,
    "largestContentfulPaint": 2282.5059221576826,
    "cumulativeLayoutShift": 0.024665389781704294,
    "firstInputDelay": 44.39761983579507,
    "timestamp": 1774540737182
  },
  "runtime": {
    "memoryUsage": {
      "rss": 62078976,
      "heapUsed": 12752152,
      "heapTotal": 20119552,
      "external": 1970223
    },
    "startupTime": 315.138208,
    "cpuUsage": 178.174,
    "timestamp": 1774540737182
  },
  "violations": [],
  "recommendations": [
    "Largest file (index.js) is 100.0% of bundle - consider splitting or optimizing"
  ],
  "overallStatus": "pass"
}