{
  "timestamp": 1773967149886,
  "bundleSize": {
    "totalSize": 916,
    "gzippedSize": 423,
    "fileCount": 1,
    "largestFile": {
      "name": "index.js",
      "size": 916,
      "gzippedSize": 423
    },
    "breakdown": [
      {
        "name": "index.js",
        "size": 916,
        "gzippedSize": 423,
        "percentage": 100
      }
    ]
  },
  "webVitals": {
    "firstContentfulPaint": 1493.8178400501592,
    "timeToInteractive": 2569.724306780915,
    "largestContentfulPaint": 2446.2105355867197,
    "cumulativeLayoutShift": 0.004584153807533187,
    "firstInputDelay": 51.254829762397165,
    "timestamp": 1773967149886
  },
  "runtime": {
    "memoryUsage": {
      "rss": 57262080,
      "heapUsed": 12609376,
      "heapTotal": 18022400,
      "external": 2665905
    },
    "startupTime": 174.487584,
    "cpuUsage": 104.822,
    "timestamp": 1773967149886
  },
  "violations": [],
  "recommendations": [
    "Largest file (index.js) is 100.0% of bundle - consider splitting or optimizing"
  ],
  "overallStatus": "pass"
}