{
  "timestamp": 1774265560958,
  "bundleSize": {
    "totalSize": 916,
    "gzippedSize": 423,
    "fileCount": 1,
    "largestFile": {
      "name": "index.js",
      "size": 916,
      "gzippedSize": 423
    },
    "breakdown": [
      {
        "name": "index.js",
        "size": 916,
        "gzippedSize": 423,
        "percentage": 100
      }
    ]
  },
  "webVitals": {
    "firstContentfulPaint": 603.6641623873011,
    "timeToInteractive": 2700.0828929711665,
    "largestContentfulPaint": 1744.668423066028,
    "cumulativeLayoutShift": 0.059570205176914026,
    "firstInputDelay": 28.04643309829554,
    "timestamp": 1774265560958
  },
  "runtime": {
    "memoryUsage": {
      "rss": 62390272,
      "heapUsed": 12679752,
      "heapTotal": 20643840,
      "external": 1964859
    },
    "startupTime": 233.152542,
    "cpuUsage": 142.282,
    "timestamp": 1774265560958
  },
  "violations": [],
  "recommendations": [
    "Largest file (index.js) is 100.0% of bundle - consider splitting or optimizing"
  ],
  "overallStatus": "pass"
}