{
  "timestamp": 1774437638830,
  "bundleSize": {
    "totalSize": 916,
    "gzippedSize": 423,
    "fileCount": 1,
    "largestFile": {
      "name": "index.js",
      "size": 916,
      "gzippedSize": 423
    },
    "breakdown": [
      {
        "name": "index.js",
        "size": 916,
        "gzippedSize": 423,
        "percentage": 100
      }
    ]
  },
  "webVitals": {
    "firstContentfulPaint": 1297.757684532068,
    "timeToInteractive": 2244.666560047039,
    "largestContentfulPaint": 1839.2252352787011,
    "cumulativeLayoutShift": 0.025288486910625397,
    "firstInputDelay": 40.31163659084616,
    "timestamp": 1774437638830
  },
  "runtime": {
    "memoryUsage": {
      "rss": 64798720,
      "heapUsed": 12643704,
      "heapTotal": 20381696,
      "external": 2719517
    },
    "startupTime": 661.756292,
    "cpuUsage": 166.992,
    "timestamp": 1774437638830
  },
  "violations": [],
  "recommendations": [
    "Largest file (index.js) is 100.0% of bundle - consider splitting or optimizing"
  ],
  "overallStatus": "pass"
}