{
  "timestamp": 1774272709946,
  "bundleSize": {
    "totalSize": 916,
    "gzippedSize": 423,
    "fileCount": 1,
    "largestFile": {
      "name": "index.js",
      "size": 916,
      "gzippedSize": 423
    },
    "breakdown": [
      {
        "name": "index.js",
        "size": 916,
        "gzippedSize": 423,
        "percentage": 100
      }
    ]
  },
  "webVitals": {
    "firstContentfulPaint": 666.8064150128607,
    "timeToInteractive": 2420.6131725547475,
    "largestContentfulPaint": 2121.3359238657076,
    "cumulativeLayoutShift": 0.039011082473621776,
    "firstInputDelay": 30.474548806383382,
    "timestamp": 1774272709946
  },
  "runtime": {
    "memoryUsage": {
      "rss": 62324736,
      "heapUsed": 12170352,
      "heapTotal": 20119552,
      "external": 1970436
    },
    "startupTime": 256.282209,
    "cpuUsage": 151.437,
    "timestamp": 1774272709946
  },
  "violations": [],
  "recommendations": [
    "Largest file (index.js) is 100.0% of bundle - consider splitting or optimizing"
  ],
  "overallStatus": "pass"
}