{
  "timestamp": 1774290425888,
  "bundleSize": {
    "totalSize": 916,
    "gzippedSize": 423,
    "fileCount": 1,
    "largestFile": {
      "name": "index.js",
      "size": 916,
      "gzippedSize": 423
    },
    "breakdown": [
      {
        "name": "index.js",
        "size": 916,
        "gzippedSize": 423,
        "percentage": 100
      }
    ]
  },
  "webVitals": {
    "firstContentfulPaint": 1050.122523985542,
    "timeToInteractive": 2131.374160201248,
    "largestContentfulPaint": 2424.2972659903535,
    "cumulativeLayoutShift": 0.059444026853295195,
    "firstInputDelay": 27.035960528807358,
    "timestamp": 1774290425887
  },
  "runtime": {
    "memoryUsage": {
      "rss": 62210048,
      "heapUsed": 12702688,
      "heapTotal": 20119552,
      "external": 1971431
    },
    "startupTime": 250.725375,
    "cpuUsage": 160.177,
    "timestamp": 1774290425887
  },
  "violations": [],
  "recommendations": [
    "Largest file (index.js) is 100.0% of bundle - consider splitting or optimizing"
  ],
  "overallStatus": "pass"
}