{
  "timestamp": 1774226109797,
  "bundleSize": {
    "totalSize": 916,
    "gzippedSize": 423,
    "fileCount": 1,
    "largestFile": {
      "name": "index.js",
      "size": 916,
      "gzippedSize": 423
    },
    "breakdown": [
      {
        "name": "index.js",
        "size": 916,
        "gzippedSize": 423,
        "percentage": 100
      }
    ]
  },
  "webVitals": {
    "firstContentfulPaint": 791.6771627307597,
    "timeToInteractive": 2773.8924736082035,
    "largestContentfulPaint": 2429.861757756591,
    "cumulativeLayoutShift": 0.0025431459550252947,
    "firstInputDelay": 31.536452704929474,
    "timestamp": 1774226109795
  },
  "runtime": {
    "memoryUsage": {
      "rss": 56410112,
      "heapUsed": 12649200,
      "heapTotal": 19857408,
      "external": 1966316
    },
    "startupTime": 6341.584041,
    "cpuUsage": 262.82,
    "timestamp": 1774226109797
  },
  "violations": [],
  "recommendations": [
    "Largest file (index.js) is 100.0% of bundle - consider splitting or optimizing"
  ],
  "overallStatus": "pass"
}