{
  "timestamp": 1774304844772,
  "bundleSize": {
    "totalSize": 916,
    "gzippedSize": 423,
    "fileCount": 1,
    "largestFile": {
      "name": "index.js",
      "size": 916,
      "gzippedSize": 423
    },
    "breakdown": [
      {
        "name": "index.js",
        "size": 916,
        "gzippedSize": 423,
        "percentage": 100
      }
    ]
  },
  "webVitals": {
    "firstContentfulPaint": 1149.5820032454994,
    "timeToInteractive": 2685.768185009144,
    "largestContentfulPaint": 1779.2776482865827,
    "cumulativeLayoutShift": 0.059693390522690695,
    "firstInputDelay": 25.484912792119797,
    "timestamp": 1774304844772
  },
  "runtime": {
    "memoryUsage": {
      "rss": 61669376,
      "heapUsed": 12530192,
      "heapTotal": 19857408,
      "external": 1965854
    },
    "startupTime": 225.116417,
    "cpuUsage": 145.959,
    "timestamp": 1774304844772
  },
  "violations": [],
  "recommendations": [
    "Largest file (index.js) is 100.0% of bundle - consider splitting or optimizing"
  ],
  "overallStatus": "pass"
}