{
  "timestamp": 1773929917067,
  "bundleSize": {
    "totalSize": 916,
    "gzippedSize": 423,
    "fileCount": 1,
    "largestFile": {
      "name": "index.js",
      "size": 916,
      "gzippedSize": 423
    },
    "breakdown": [
      {
        "name": "index.js",
        "size": 916,
        "gzippedSize": 423,
        "percentage": 100
      }
    ]
  },
  "webVitals": {
    "firstContentfulPaint": 925.7802900405496,
    "timeToInteractive": 2218.7400132990247,
    "largestContentfulPaint": 1636.762896557435,
    "cumulativeLayoutShift": 0.043779972611617125,
    "firstInputDelay": 31.957134244994478,
    "timestamp": 1773929917067
  },
  "runtime": {
    "memoryUsage": {
      "rss": 62504960,
      "heapUsed": 12780480,
      "heapTotal": 21004288,
      "external": 1969216
    },
    "startupTime": 346.138625,
    "cpuUsage": 178.992,
    "timestamp": 1773929917067
  },
  "violations": [],
  "recommendations": [
    "Largest file (index.js) is 100.0% of bundle - consider splitting or optimizing"
  ],
  "overallStatus": "pass"
}