{
  "timestamp": 1773940221521,
  "bundleSize": {
    "totalSize": 916,
    "gzippedSize": 423,
    "fileCount": 1,
    "largestFile": {
      "name": "index.js",
      "size": 916,
      "gzippedSize": 423
    },
    "breakdown": [
      {
        "name": "index.js",
        "size": 916,
        "gzippedSize": 423,
        "percentage": 100
      }
    ]
  },
  "webVitals": {
    "firstContentfulPaint": 1241.4258327464972,
    "timeToInteractive": 2191.604396447632,
    "largestContentfulPaint": 1705.431648470174,
    "cumulativeLayoutShift": 0.07472990245437228,
    "firstInputDelay": 29.171232099430345,
    "timestamp": 1773940221521
  },
  "runtime": {
    "memoryUsage": {
      "rss": 65650688,
      "heapUsed": 12699560,
      "heapTotal": 21168128,
      "external": 2734068
    },
    "startupTime": 327.289875,
    "cpuUsage": 166.594,
    "timestamp": 1773940221521
  },
  "violations": [],
  "recommendations": [
    "Largest file (index.js) is 100.0% of bundle - consider splitting or optimizing"
  ],
  "overallStatus": "pass"
}