{
  "timestamp": 1774729555112,
  "bundleSize": {
    "totalSize": 916,
    "gzippedSize": 423,
    "fileCount": 1,
    "largestFile": {
      "name": "index.js",
      "size": 916,
      "gzippedSize": 423
    },
    "breakdown": [
      {
        "name": "index.js",
        "size": 916,
        "gzippedSize": 423,
        "percentage": 100
      }
    ]
  },
  "webVitals": {
    "firstContentfulPaint": 1392.8988760820964,
    "timeToInteractive": 2898.4329080398375,
    "largestContentfulPaint": 2301.0330626167934,
    "cumulativeLayoutShift": 0.04465156559051562,
    "firstInputDelay": 59.68700085713454,
    "timestamp": 1774729555112
  },
  "runtime": {
    "memoryUsage": {
      "rss": 61767680,
      "heapUsed": 12833352,
      "heapTotal": 19857408,
      "external": 1970726
    },
    "startupTime": 436.099083,
    "cpuUsage": 164.438,
    "timestamp": 1774729555112
  },
  "violations": [],
  "recommendations": [
    "Largest file (index.js) is 100.0% of bundle - consider splitting or optimizing"
  ],
  "overallStatus": "pass"
}