{
  "timestamp": 1774278271559,
  "bundleSize": {
    "totalSize": 916,
    "gzippedSize": 423,
    "fileCount": 1,
    "largestFile": {
      "name": "index.js",
      "size": 916,
      "gzippedSize": 423
    },
    "breakdown": [
      {
        "name": "index.js",
        "size": 916,
        "gzippedSize": 423,
        "percentage": 100
      }
    ]
  },
  "webVitals": {
    "firstContentfulPaint": 1385.0213812195661,
    "timeToInteractive": 2606.862275462112,
    "largestContentfulPaint": 1622.3004685928806,
    "cumulativeLayoutShift": 0.0334922317124307,
    "firstInputDelay": 50.718985715881914,
    "timestamp": 1774278271559
  },
  "runtime": {
    "memoryUsage": {
      "rss": 62767104,
      "heapUsed": 13477840,
      "heapTotal": 20152320,
      "external": 1970223
    },
    "startupTime": 279.969917,
    "cpuUsage": 152.193,
    "timestamp": 1774278271559
  },
  "violations": [],
  "recommendations": [
    "Largest file (index.js) is 100.0% of bundle - consider splitting or optimizing"
  ],
  "overallStatus": "pass"
}