{
  "timestamp": 1774646409911,
  "bundleSize": {
    "totalSize": 916,
    "gzippedSize": 423,
    "fileCount": 1,
    "largestFile": {
      "name": "index.js",
      "size": 916,
      "gzippedSize": 423
    },
    "breakdown": [
      {
        "name": "index.js",
        "size": 916,
        "gzippedSize": 423,
        "percentage": 100
      }
    ]
  },
  "webVitals": {
    "firstContentfulPaint": 808.0706683427632,
    "timeToInteractive": 2591.1280432456088,
    "largestContentfulPaint": 2199.4647637033077,
    "cumulativeLayoutShift": 0.06751876270344528,
    "firstInputDelay": 65.10388745500666,
    "timestamp": 1774646409910
  },
  "runtime": {
    "memoryUsage": {
      "rss": 68452352,
      "heapUsed": 12784256,
      "heapTotal": 19578880,
      "external": 1988996
    },
    "startupTime": 234.975875,
    "cpuUsage": 150.506,
    "timestamp": 1774646409911
  },
  "violations": [],
  "recommendations": [
    "Largest file (index.js) is 100.0% of bundle - consider splitting or optimizing"
  ],
  "overallStatus": "pass"
}