{
  "timestamp": 1773768934532,
  "bundleSize": {
    "totalSize": 916,
    "gzippedSize": 423,
    "fileCount": 1,
    "largestFile": {
      "name": "index.js",
      "size": 916,
      "gzippedSize": 423
    },
    "breakdown": [
      {
        "name": "index.js",
        "size": 916,
        "gzippedSize": 423,
        "percentage": 100
      }
    ]
  },
  "webVitals": {
    "firstContentfulPaint": 1209.3122115829865,
    "timeToInteractive": 2721.0185394656646,
    "largestContentfulPaint": 2374.626065706503,
    "cumulativeLayoutShift": 0.006626660533165763,
    "firstInputDelay": 72.89522425644275,
    "timestamp": 1773768934532
  },
  "runtime": {
    "memoryUsage": {
      "rss": 62111744,
      "heapUsed": 12044288,
      "heapTotal": 20381696,
      "external": 1965339
    },
    "startupTime": 245.265584,
    "cpuUsage": 155.077,
    "timestamp": 1773768934532
  },
  "violations": [],
  "recommendations": [
    "Largest file (index.js) is 100.0% of bundle - consider splitting or optimizing"
  ],
  "overallStatus": "pass"
}