{
  "timestamp": 1773941753715,
  "bundleSize": {
    "totalSize": 916,
    "gzippedSize": 423,
    "fileCount": 1,
    "largestFile": {
      "name": "index.js",
      "size": 916,
      "gzippedSize": 423
    },
    "breakdown": [
      {
        "name": "index.js",
        "size": 916,
        "gzippedSize": 423,
        "percentage": 100
      }
    ]
  },
  "webVitals": {
    "firstContentfulPaint": 829.0038847707399,
    "timeToInteractive": 2350.5186899288055,
    "largestContentfulPaint": 2117.1140545616354,
    "cumulativeLayoutShift": 0.018687994729021985,
    "firstInputDelay": 60.45921462657087,
    "timestamp": 1773941753715
  },
  "runtime": {
    "memoryUsage": {
      "rss": 61571072,
      "heapUsed": 12431456,
      "heapTotal": 19595264,
      "external": 1967413
    },
    "startupTime": 650.483541,
    "cpuUsage": 206.848,
    "timestamp": 1773941753715
  },
  "violations": [],
  "recommendations": [
    "Largest file (index.js) is 100.0% of bundle - consider splitting or optimizing"
  ],
  "overallStatus": "pass"
}