{
  "timestamp": 1773971693645,
  "bundleSize": {
    "totalSize": 916,
    "gzippedSize": 423,
    "fileCount": 1,
    "largestFile": {
      "name": "index.js",
      "size": 916,
      "gzippedSize": 423
    },
    "breakdown": [
      {
        "name": "index.js",
        "size": 916,
        "gzippedSize": 423,
        "percentage": 100
      }
    ]
  },
  "webVitals": {
    "firstContentfulPaint": 784.9797364597337,
    "timeToInteractive": 2959.431164139376,
    "largestContentfulPaint": 1856.6304936375013,
    "cumulativeLayoutShift": 0.0011499659833515974,
    "firstInputDelay": 72.24640642192708,
    "timestamp": 1773971693645
  },
  "runtime": {
    "memoryUsage": {
      "rss": 60047360,
      "heapUsed": 12933288,
      "heapTotal": 20152320,
      "external": 1966360
    },
    "startupTime": 2032.957291,
    "cpuUsage": 194.65,
    "timestamp": 1773971693645
  },
  "violations": [],
  "recommendations": [
    "Largest file (index.js) is 100.0% of bundle - consider splitting or optimizing"
  ],
  "overallStatus": "pass"
}