{
  "timestamp": 1773850599431,
  "bundleSize": {
    "totalSize": 916,
    "gzippedSize": 423,
    "fileCount": 1,
    "largestFile": {
      "name": "index.js",
      "size": 916,
      "gzippedSize": 423
    },
    "breakdown": [
      {
        "name": "index.js",
        "size": 916,
        "gzippedSize": 423,
        "percentage": 100
      }
    ]
  },
  "webVitals": {
    "firstContentfulPaint": 660.2517240757224,
    "timeToInteractive": 2951.018322774625,
    "largestContentfulPaint": 1741.8901237253745,
    "cumulativeLayoutShift": 0.01077566592787751,
    "firstInputDelay": 69.64412785405999,
    "timestamp": 1773850599431
  },
  "runtime": {
    "memoryUsage": {
      "rss": 60080128,
      "heapUsed": 11934976,
      "heapTotal": 20119552,
      "external": 1964288
    },
    "startupTime": 1154.700792,
    "cpuUsage": 202.535,
    "timestamp": 1773850599431
  },
  "violations": [],
  "recommendations": [
    "Largest file (index.js) is 100.0% of bundle - consider splitting or optimizing"
  ],
  "overallStatus": "pass"
}