{
  "timestamp": 1773771839284,
  "bundleSize": {
    "totalSize": 916,
    "gzippedSize": 423,
    "fileCount": 1,
    "largestFile": {
      "name": "index.js",
      "size": 916,
      "gzippedSize": 423
    },
    "breakdown": [
      {
        "name": "index.js",
        "size": 916,
        "gzippedSize": 423,
        "percentage": 100
      }
    ]
  },
  "webVitals": {
    "firstContentfulPaint": 1348.9367210808218,
    "timeToInteractive": 2381.353645698039,
    "largestContentfulPaint": 1588.3481498428273,
    "cumulativeLayoutShift": 0.02162891705872934,
    "firstInputDelay": 59.285727475951035,
    "timestamp": 1773771839284
  },
  "runtime": {
    "memoryUsage": {
      "rss": 61898752,
      "heapUsed": 12088416,
      "heapTotal": 19857408,
      "external": 1965384
    },
    "startupTime": 393.276291,
    "cpuUsage": 185.43,
    "timestamp": 1773771839284
  },
  "violations": [],
  "recommendations": [
    "Largest file (index.js) is 100.0% of bundle - consider splitting or optimizing"
  ],
  "overallStatus": "pass"
}