{
  "timestamp": 1774660170426,
  "bundleSize": {
    "totalSize": 916,
    "gzippedSize": 423,
    "fileCount": 1,
    "largestFile": {
      "name": "index.js",
      "size": 916,
      "gzippedSize": 423
    },
    "breakdown": [
      {
        "name": "index.js",
        "size": 916,
        "gzippedSize": 423,
        "percentage": 100
      }
    ]
  },
  "webVitals": {
    "firstContentfulPaint": 1237.2657385727075,
    "timeToInteractive": 2683.417923823409,
    "largestContentfulPaint": 1534.3088968935324,
    "cumulativeLayoutShift": 0.02080146572299657,
    "firstInputDelay": 53.30675052010836,
    "timestamp": 1774660170426
  },
  "runtime": {
    "memoryUsage": {
      "rss": 61882368,
      "heapUsed": 12944448,
      "heapTotal": 19890176,
      "external": 1970223
    },
    "startupTime": 317.662417,
    "cpuUsage": 163.623,
    "timestamp": 1774660170426
  },
  "violations": [],
  "recommendations": [
    "Largest file (index.js) is 100.0% of bundle - consider splitting or optimizing"
  ],
  "overallStatus": "pass"
}