{
  "timestamp": 1774399105370,
  "bundleSize": {
    "totalSize": 916,
    "gzippedSize": 423,
    "fileCount": 1,
    "largestFile": {
      "name": "index.js",
      "size": 916,
      "gzippedSize": 423
    },
    "breakdown": [
      {
        "name": "index.js",
        "size": 916,
        "gzippedSize": 423,
        "percentage": 100
      }
    ]
  },
  "webVitals": {
    "firstContentfulPaint": 506.76489632228015,
    "timeToInteractive": 2869.3634942603067,
    "largestContentfulPaint": 1814.9862579863527,
    "cumulativeLayoutShift": 0.09284691597959356,
    "firstInputDelay": 60.63823726483742,
    "timestamp": 1774399105369
  },
  "runtime": {
    "memoryUsage": {
      "rss": 62439424,
      "heapUsed": 12800784,
      "heapTotal": 20447232,
      "external": 1965854
    },
    "startupTime": 198.796375,
    "cpuUsage": 134.634,
    "timestamp": 1774399105370
  },
  "violations": [],
  "recommendations": [
    "Largest file (index.js) is 100.0% of bundle - consider splitting or optimizing"
  ],
  "overallStatus": "pass"
}