{
  "timestamp": 1773841901994,
  "bundleSize": {
    "totalSize": 916,
    "gzippedSize": 423,
    "fileCount": 1,
    "largestFile": {
      "name": "index.js",
      "size": 916,
      "gzippedSize": 423
    },
    "breakdown": [
      {
        "name": "index.js",
        "size": 916,
        "gzippedSize": 423,
        "percentage": 100
      }
    ]
  },
  "webVitals": {
    "firstContentfulPaint": 1099.628166323822,
    "timeToInteractive": 2805.8009350188495,
    "largestContentfulPaint": 2066.3188017779034,
    "cumulativeLayoutShift": 0.020113799191952844,
    "firstInputDelay": 70.51159316935342,
    "timestamp": 1773841901994
  },
  "runtime": {
    "memoryUsage": {
      "rss": 59981824,
      "heapUsed": 12244912,
      "heapTotal": 20119552,
      "external": 1965845
    },
    "startupTime": 860.36875,
    "cpuUsage": 182.593,
    "timestamp": 1773841901994
  },
  "violations": [],
  "recommendations": [
    "Largest file (index.js) is 100.0% of bundle - consider splitting or optimizing"
  ],
  "overallStatus": "pass"
}