{
  "timestamp": 1773878803860,
  "bundleSize": {
    "totalSize": 916,
    "gzippedSize": 423,
    "fileCount": 1,
    "largestFile": {
      "name": "index.js",
      "size": 916,
      "gzippedSize": 423
    },
    "breakdown": [
      {
        "name": "index.js",
        "size": 916,
        "gzippedSize": 423,
        "percentage": 100
      }
    ]
  },
  "webVitals": {
    "firstContentfulPaint": 620.8058153054343,
    "timeToInteractive": 2409.73378005563,
    "largestContentfulPaint": 1592.1101854393414,
    "cumulativeLayoutShift": 0.017643178198354904,
    "firstInputDelay": 27.617956508163154,
    "timestamp": 1773878803860
  },
  "runtime": {
    "memoryUsage": {
      "rss": 61882368,
      "heapUsed": 13070784,
      "heapTotal": 20119552,
      "external": 1967413
    },
    "startupTime": 509.536959,
    "cpuUsage": 193.765,
    "timestamp": 1773878803860
  },
  "violations": [],
  "recommendations": [
    "Largest file (index.js) is 100.0% of bundle - consider splitting or optimizing"
  ],
  "overallStatus": "pass"
}