{
  "timestamp": 1773834852019,
  "bundleSize": {
    "totalSize": 916,
    "gzippedSize": 423,
    "fileCount": 1,
    "largestFile": {
      "name": "index.js",
      "size": 916,
      "gzippedSize": 423
    },
    "breakdown": [
      {
        "name": "index.js",
        "size": 916,
        "gzippedSize": 423,
        "percentage": 100
      }
    ]
  },
  "webVitals": {
    "firstContentfulPaint": 1131.2233346479575,
    "timeToInteractive": 2887.2245494945564,
    "largestContentfulPaint": 1969.8886462970186,
    "cumulativeLayoutShift": 0.06904843715485365,
    "firstInputDelay": 33.83917151447928,
    "timestamp": 1773834852019
  },
  "runtime": {
    "memoryUsage": {
      "rss": 61833216,
      "heapUsed": 12237640,
      "heapTotal": 19595264,
      "external": 1966898
    },
    "startupTime": 641.74525,
    "cpuUsage": 176.251,
    "timestamp": 1773834852019
  },
  "violations": [],
  "recommendations": [
    "Largest file (index.js) is 100.0% of bundle - consider splitting or optimizing"
  ],
  "overallStatus": "pass"
}