{
  "timestamp": 1774554564748,
  "bundleSize": {
    "totalSize": 916,
    "gzippedSize": 423,
    "fileCount": 1,
    "largestFile": {
      "name": "index.js",
      "size": 916,
      "gzippedSize": 423
    },
    "breakdown": [
      {
        "name": "index.js",
        "size": 916,
        "gzippedSize": 423,
        "percentage": 100
      }
    ]
  },
  "webVitals": {
    "firstContentfulPaint": 1388.6694717083287,
    "timeToInteractive": 2902.7306027329946,
    "largestContentfulPaint": 2168.250588644317,
    "cumulativeLayoutShift": 0.047668428840053734,
    "firstInputDelay": 28.628127358990028,
    "timestamp": 1774554564748
  },
  "runtime": {
    "memoryUsage": {
      "rss": 63700992,
      "heapUsed": 13377672,
      "heapTotal": 20447232,
      "external": 1969741
    },
    "startupTime": 640.227042,
    "cpuUsage": 185.044,
    "timestamp": 1774554564748
  },
  "violations": [],
  "recommendations": [
    "Largest file (index.js) is 100.0% of bundle - consider splitting or optimizing"
  ],
  "overallStatus": "pass"
}