{
  "timestamp": 1773840909887,
  "bundleSize": {
    "totalSize": 916,
    "gzippedSize": 423,
    "fileCount": 1,
    "largestFile": {
      "name": "index.js",
      "size": 916,
      "gzippedSize": 423
    },
    "breakdown": [
      {
        "name": "index.js",
        "size": 916,
        "gzippedSize": 423,
        "percentage": 100
      }
    ]
  },
  "webVitals": {
    "firstContentfulPaint": 1205.0504334034367,
    "timeToInteractive": 2822.068520505961,
    "largestContentfulPaint": 1678.407423627168,
    "cumulativeLayoutShift": 0.030300271930927016,
    "firstInputDelay": 72.50272377964139,
    "timestamp": 1773840909886
  },
  "runtime": {
    "memoryUsage": {
      "rss": 62078976,
      "heapUsed": 12178272,
      "heapTotal": 20119552,
      "external": 1965339
    },
    "startupTime": 187.225209,
    "cpuUsage": 130.715,
    "timestamp": 1773840909887
  },
  "violations": [],
  "recommendations": [
    "Largest file (index.js) is 100.0% of bundle - consider splitting or optimizing"
  ],
  "overallStatus": "pass"
}