{
  "timestamp": 1774283117449,
  "bundleSize": {
    "totalSize": 916,
    "gzippedSize": 423,
    "fileCount": 1,
    "largestFile": {
      "name": "index.js",
      "size": 916,
      "gzippedSize": 423
    },
    "breakdown": [
      {
        "name": "index.js",
        "size": 916,
        "gzippedSize": 423,
        "percentage": 100
      }
    ]
  },
  "webVitals": {
    "firstContentfulPaint": 676.4074321614053,
    "timeToInteractive": 2509.035298857984,
    "largestContentfulPaint": 2101.3653231534445,
    "cumulativeLayoutShift": 0.05413865234061217,
    "firstInputDelay": 33.770151425813786,
    "timestamp": 1774283117449
  },
  "runtime": {
    "memoryUsage": {
      "rss": 62029824,
      "heapUsed": 12632248,
      "heapTotal": 19857408,
      "external": 1966701
    },
    "startupTime": 838.994041,
    "cpuUsage": 191.444,
    "timestamp": 1774283117449
  },
  "violations": [],
  "recommendations": [
    "Largest file (index.js) is 100.0% of bundle - consider splitting or optimizing"
  ],
  "overallStatus": "pass"
}