{
  "timestamp": 1774295638545,
  "bundleSize": {
    "totalSize": 916,
    "gzippedSize": 423,
    "fileCount": 1,
    "largestFile": {
      "name": "index.js",
      "size": 916,
      "gzippedSize": 423
    },
    "breakdown": [
      {
        "name": "index.js",
        "size": 916,
        "gzippedSize": 423,
        "percentage": 100
      }
    ]
  },
  "webVitals": {
    "firstContentfulPaint": 1216.4868843414329,
    "timeToInteractive": 2127.372310518746,
    "largestContentfulPaint": 2157.0427487999154,
    "cumulativeLayoutShift": 0.03179516685692343,
    "firstInputDelay": 71.41140748195318,
    "timestamp": 1774295638545
  },
  "runtime": {
    "memoryUsage": {
      "rss": 61931520,
      "heapUsed": 12250608,
      "heapTotal": 20381696,
      "external": 1965854
    },
    "startupTime": 206.256958,
    "cpuUsage": 144.694,
    "timestamp": 1774295638545
  },
  "violations": [],
  "recommendations": [
    "Largest file (index.js) is 100.0% of bundle - consider splitting or optimizing"
  ],
  "overallStatus": "pass"
}