{
  "timestamp": 1774535979322,
  "bundleSize": {
    "totalSize": 916,
    "gzippedSize": 423,
    "fileCount": 1,
    "largestFile": {
      "name": "index.js",
      "size": 916,
      "gzippedSize": 423
    },
    "breakdown": [
      {
        "name": "index.js",
        "size": 916,
        "gzippedSize": 423,
        "percentage": 100
      }
    ]
  },
  "webVitals": {
    "firstContentfulPaint": 1233.0462066998496,
    "timeToInteractive": 2509.5173676240815,
    "largestContentfulPaint": 2202.6223285361384,
    "cumulativeLayoutShift": 0.009182738019687121,
    "firstInputDelay": 30.70016339060615,
    "timestamp": 1774535979322
  },
  "runtime": {
    "memoryUsage": {
      "rss": 61702144,
      "heapUsed": 12793736,
      "heapTotal": 19857408,
      "external": 1970223
    },
    "startupTime": 258.319334,
    "cpuUsage": 149.131,
    "timestamp": 1774535979322
  },
  "violations": [],
  "recommendations": [
    "Largest file (index.js) is 100.0% of bundle - consider splitting or optimizing"
  ],
  "overallStatus": "pass"
}