{
  "timestamp": 1773853934641,
  "bundleSize": {
    "totalSize": 916,
    "gzippedSize": 423,
    "fileCount": 1,
    "largestFile": {
      "name": "index.js",
      "size": 916,
      "gzippedSize": 423
    },
    "breakdown": [
      {
        "name": "index.js",
        "size": 916,
        "gzippedSize": 423,
        "percentage": 100
      }
    ]
  },
  "webVitals": {
    "firstContentfulPaint": 551.7659320158921,
    "timeToInteractive": 2212.4988084057745,
    "largestContentfulPaint": 1801.7501064111093,
    "cumulativeLayoutShift": 0.044512261822810366,
    "firstInputDelay": 67.66727507858522,
    "timestamp": 1773853934641
  },
  "runtime": {
    "memoryUsage": {
      "rss": 62160896,
      "heapUsed": 12258096,
      "heapTotal": 19595264,
      "external": 1965384
    },
    "startupTime": 366.068833,
    "cpuUsage": 184.363,
    "timestamp": 1773853934641
  },
  "violations": [],
  "recommendations": [
    "Largest file (index.js) is 100.0% of bundle - consider splitting or optimizing"
  ],
  "overallStatus": "pass"
}