{
  "timestamp": 1774509899167,
  "bundleSize": {
    "totalSize": 916,
    "gzippedSize": 423,
    "fileCount": 1,
    "largestFile": {
      "name": "index.js",
      "size": 916,
      "gzippedSize": 423
    },
    "breakdown": [
      {
        "name": "index.js",
        "size": 916,
        "gzippedSize": 423,
        "percentage": 100
      }
    ]
  },
  "webVitals": {
    "firstContentfulPaint": 670.8230572655336,
    "timeToInteractive": 2243.1163430361216,
    "largestContentfulPaint": 1586.0922498093184,
    "cumulativeLayoutShift": 0.07201794019381545,
    "firstInputDelay": 42.54140834309573,
    "timestamp": 1774509899167
  },
  "runtime": {
    "memoryUsage": {
      "rss": 62324736,
      "heapUsed": 12788728,
      "heapTotal": 20119552,
      "external": 1970211
    },
    "startupTime": 348.584375,
    "cpuUsage": 190.814,
    "timestamp": 1774509899167
  },
  "violations": [],
  "recommendations": [
    "Largest file (index.js) is 100.0% of bundle - consider splitting or optimizing"
  ],
  "overallStatus": "pass"
}