{
  "timestamp": 1774630132699,
  "bundleSize": {
    "totalSize": 916,
    "gzippedSize": 423,
    "fileCount": 1,
    "largestFile": {
      "name": "index.js",
      "size": 916,
      "gzippedSize": 423
    },
    "breakdown": [
      {
        "name": "index.js",
        "size": 916,
        "gzippedSize": 423,
        "percentage": 100
      }
    ]
  },
  "webVitals": {
    "firstContentfulPaint": 1202.5949896639436,
    "timeToInteractive": 2871.841983151675,
    "largestContentfulPaint": 2165.6771256466072,
    "cumulativeLayoutShift": 0.04607916697992207,
    "firstInputDelay": 26.860361315780757,
    "timestamp": 1774630132698
  },
  "runtime": {
    "memoryUsage": {
      "rss": 62832640,
      "heapUsed": 13133392,
      "heapTotal": 20250624,
      "external": 1970460
    },
    "startupTime": 447.721292,
    "cpuUsage": 190.21,
    "timestamp": 1774630132699
  },
  "violations": [],
  "recommendations": [
    "Largest file (index.js) is 100.0% of bundle - consider splitting or optimizing"
  ],
  "overallStatus": "pass"
}