{
  "timestamp": 1774213811040,
  "bundleSize": {
    "totalSize": 916,
    "gzippedSize": 423,
    "fileCount": 1,
    "largestFile": {
      "name": "index.js",
      "size": 916,
      "gzippedSize": 423
    },
    "breakdown": [
      {
        "name": "index.js",
        "size": 916,
        "gzippedSize": 423,
        "percentage": 100
      }
    ]
  },
  "webVitals": {
    "firstContentfulPaint": 687.9294690239286,
    "timeToInteractive": 2204.3147543750774,
    "largestContentfulPaint": 2226.649470742807,
    "cumulativeLayoutShift": 0.0027201611006036244,
    "firstInputDelay": 45.89490196741498,
    "timestamp": 1774213811040
  },
  "runtime": {
    "memoryUsage": {
      "rss": 61800448,
      "heapUsed": 12615008,
      "heapTotal": 20119552,
      "external": 1965854
    },
    "startupTime": 213.28275,
    "cpuUsage": 133.558,
    "timestamp": 1774213811040
  },
  "violations": [],
  "recommendations": [
    "Largest file (index.js) is 100.0% of bundle - consider splitting or optimizing"
  ],
  "overallStatus": "pass"
}