{
  "timestamp": 1774030273700,
  "bundleSize": {
    "totalSize": 916,
    "gzippedSize": 423,
    "fileCount": 1,
    "largestFile": {
      "name": "index.js",
      "size": 916,
      "gzippedSize": 423
    },
    "breakdown": [
      {
        "name": "index.js",
        "size": 916,
        "gzippedSize": 423,
        "percentage": 100
      }
    ]
  },
  "webVitals": {
    "firstContentfulPaint": 1237.8920997063558,
    "timeToInteractive": 2814.965002905981,
    "largestContentfulPaint": 2214.4023637915943,
    "cumulativeLayoutShift": 0.08543186206499648,
    "firstInputDelay": 34.76295093241589,
    "timestamp": 1774030273700
  },
  "runtime": {
    "memoryUsage": {
      "rss": 63586304,
      "heapUsed": 13727680,
      "heapTotal": 20283392,
      "external": 1970211
    },
    "startupTime": 326.917292,
    "cpuUsage": 183.781,
    "timestamp": 1774030273700
  },
  "violations": [],
  "recommendations": [
    "Largest file (index.js) is 100.0% of bundle - consider splitting or optimizing"
  ],
  "overallStatus": "pass"
}