{
  "timestamp": 1774279300831,
  "bundleSize": {
    "totalSize": 916,
    "gzippedSize": 423,
    "fileCount": 1,
    "largestFile": {
      "name": "index.js",
      "size": 916,
      "gzippedSize": 423
    },
    "breakdown": [
      {
        "name": "index.js",
        "size": 916,
        "gzippedSize": 423,
        "percentage": 100
      }
    ]
  },
  "webVitals": {
    "firstContentfulPaint": 737.4613929948175,
    "timeToInteractive": 2636.786731487006,
    "largestContentfulPaint": 2486.754723744047,
    "cumulativeLayoutShift": 0.012576991933005944,
    "firstInputDelay": 29.767541698041065,
    "timestamp": 1774279300831
  },
  "runtime": {
    "memoryUsage": {
      "rss": 63422464,
      "heapUsed": 13843288,
      "heapTotal": 20578304,
      "external": 1970672
    },
    "startupTime": 1437.749417,
    "cpuUsage": 172.038,
    "timestamp": 1774279300831
  },
  "violations": [],
  "recommendations": [
    "Largest file (index.js) is 100.0% of bundle - consider splitting or optimizing"
  ],
  "overallStatus": "pass"
}