{
  "timestamp": 1773931277102,
  "bundleSize": {
    "totalSize": 916,
    "gzippedSize": 423,
    "fileCount": 1,
    "largestFile": {
      "name": "index.js",
      "size": 916,
      "gzippedSize": 423
    },
    "breakdown": [
      {
        "name": "index.js",
        "size": 916,
        "gzippedSize": 423,
        "percentage": 100
      }
    ]
  },
  "webVitals": {
    "firstContentfulPaint": 1320.2669014991234,
    "timeToInteractive": 2106.2428130726425,
    "largestContentfulPaint": 2016.8716126163645,
    "cumulativeLayoutShift": 0.0928124474509303,
    "firstInputDelay": 56.56849612509063,
    "timestamp": 1773931277102
  },
  "runtime": {
    "memoryUsage": {
      "rss": 62275584,
      "heapUsed": 12612736,
      "heapTotal": 20119552,
      "external": 1970223
    },
    "startupTime": 531.832208,
    "cpuUsage": 204.321,
    "timestamp": 1773931277102
  },
  "violations": [],
  "recommendations": [
    "Largest file (index.js) is 100.0% of bundle - consider splitting or optimizing"
  ],
  "overallStatus": "pass"
}