{
  "timestamp": 1773768305693,
  "bundleSize": {
    "totalSize": 916,
    "gzippedSize": 423,
    "fileCount": 1,
    "largestFile": {
      "name": "index.js",
      "size": 916,
      "gzippedSize": 423
    },
    "breakdown": [
      {
        "name": "index.js",
        "size": 916,
        "gzippedSize": 423,
        "percentage": 100
      }
    ]
  },
  "webVitals": {
    "firstContentfulPaint": 785.8943755745136,
    "timeToInteractive": 2830.868002254978,
    "largestContentfulPaint": 1968.8955970926067,
    "cumulativeLayoutShift": 0.060026163420637185,
    "firstInputDelay": 49.07703164258037,
    "timestamp": 1773768305692
  },
  "runtime": {
    "memoryUsage": {
      "rss": 60047360,
      "heapUsed": 11966448,
      "heapTotal": 20643840,
      "external": 1964344
    },
    "startupTime": 545.267375,
    "cpuUsage": 180.949,
    "timestamp": 1773768305693
  },
  "violations": [],
  "recommendations": [
    "Largest file (index.js) is 100.0% of bundle - consider splitting or optimizing"
  ],
  "overallStatus": "pass"
}