{
  "timestamp": 1774633921273,
  "bundleSize": {
    "totalSize": 916,
    "gzippedSize": 423,
    "fileCount": 1,
    "largestFile": {
      "name": "index.js",
      "size": 916,
      "gzippedSize": 423
    },
    "breakdown": [
      {
        "name": "index.js",
        "size": 916,
        "gzippedSize": 423,
        "percentage": 100
      }
    ]
  },
  "webVitals": {
    "firstContentfulPaint": 918.0454541964943,
    "timeToInteractive": 2969.2642676945393,
    "largestContentfulPaint": 1588.160396328892,
    "cumulativeLayoutShift": 0.005146937429590848,
    "firstInputDelay": 39.43156195737447,
    "timestamp": 1774633921273
  },
  "runtime": {
    "memoryUsage": {
      "rss": 62095360,
      "heapUsed": 12904240,
      "heapTotal": 19857408,
      "external": 1970223
    },
    "startupTime": 259.275833,
    "cpuUsage": 153.401,
    "timestamp": 1774633921273
  },
  "violations": [],
  "recommendations": [
    "Largest file (index.js) is 100.0% of bundle - consider splitting or optimizing"
  ],
  "overallStatus": "pass"
}