{
  "timestamp": 1774198619284,
  "bundleSize": {
    "totalSize": 916,
    "gzippedSize": 423,
    "fileCount": 1,
    "largestFile": {
      "name": "index.js",
      "size": 916,
      "gzippedSize": 423
    },
    "breakdown": [
      {
        "name": "index.js",
        "size": 916,
        "gzippedSize": 423,
        "percentage": 100
      }
    ]
  },
  "webVitals": {
    "firstContentfulPaint": 1342.3754578123817,
    "timeToInteractive": 2287.32565108966,
    "largestContentfulPaint": 1581.6029196165089,
    "cumulativeLayoutShift": 0.011183597730572892,
    "firstInputDelay": 31.631011741572436,
    "timestamp": 1774198619280
  },
  "runtime": {
    "memoryUsage": {
      "rss": 47923200,
      "heapUsed": 12509632,
      "heapTotal": 19857408,
      "external": 1967656
    },
    "startupTime": 8075.613833,
    "cpuUsage": 212.322,
    "timestamp": 1774198619284
  },
  "violations": [],
  "recommendations": [
    "Largest file (index.js) is 100.0% of bundle - consider splitting or optimizing"
  ],
  "overallStatus": "pass"
}