{
  "timestamp": 1774515491877,
  "bundleSize": {
    "totalSize": 916,
    "gzippedSize": 423,
    "fileCount": 1,
    "largestFile": {
      "name": "index.js",
      "size": 916,
      "gzippedSize": 423
    },
    "breakdown": [
      {
        "name": "index.js",
        "size": 916,
        "gzippedSize": 423,
        "percentage": 100
      }
    ]
  },
  "webVitals": {
    "firstContentfulPaint": 1236.0333969659941,
    "timeToInteractive": 2290.1053582997915,
    "largestContentfulPaint": 2066.030387609443,
    "cumulativeLayoutShift": 0.05679779223322095,
    "firstInputDelay": 31.768728121070556,
    "timestamp": 1774515491877
  },
  "runtime": {
    "memoryUsage": {
      "rss": 59834368,
      "heapUsed": 12577944,
      "heapTotal": 20381696,
      "external": 1971725
    },
    "startupTime": 391.403209,
    "cpuUsage": 184.223,
    "timestamp": 1774515491877
  },
  "violations": [],
  "recommendations": [
    "Largest file (index.js) is 100.0% of bundle - consider splitting or optimizing"
  ],
  "overallStatus": "pass"
}