{
  "timestamp": 1774515969416,
  "bundleSize": {
    "totalSize": 916,
    "gzippedSize": 423,
    "fileCount": 1,
    "largestFile": {
      "name": "index.js",
      "size": 916,
      "gzippedSize": 423
    },
    "breakdown": [
      {
        "name": "index.js",
        "size": 916,
        "gzippedSize": 423,
        "percentage": 100
      }
    ]
  },
  "webVitals": {
    "firstContentfulPaint": 1296.5581173795724,
    "timeToInteractive": 2547.762834265312,
    "largestContentfulPaint": 1729.7924417758254,
    "cumulativeLayoutShift": 0.006325655290686716,
    "firstInputDelay": 60.40285005302265,
    "timestamp": 1774515969416
  },
  "runtime": {
    "memoryUsage": {
      "rss": 61882368,
      "heapUsed": 12453648,
      "heapTotal": 20119552,
      "external": 1970223
    },
    "startupTime": 229.981125,
    "cpuUsage": 135.439,
    "timestamp": 1774515969416
  },
  "violations": [],
  "recommendations": [
    "Largest file (index.js) is 100.0% of bundle - consider splitting or optimizing"
  ],
  "overallStatus": "pass"
}