{
  "timestamp": 1773778375951,
  "bundleSize": {
    "totalSize": 916,
    "gzippedSize": 423,
    "fileCount": 1,
    "largestFile": {
      "name": "index.js",
      "size": 916,
      "gzippedSize": 423
    },
    "breakdown": [
      {
        "name": "index.js",
        "size": 916,
        "gzippedSize": 423,
        "percentage": 100
      }
    ]
  },
  "webVitals": {
    "firstContentfulPaint": 1423.0178410988942,
    "timeToInteractive": 2380.4508028266446,
    "largestContentfulPaint": 1924.6109352886406,
    "cumulativeLayoutShift": 0.02137163182340134,
    "firstInputDelay": 28.256537268414718,
    "timestamp": 1773778375951
  },
  "runtime": {
    "memoryUsage": {
      "rss": 61980672,
      "heapUsed": 12014984,
      "heapTotal": 20381696,
      "external": 1965858
    },
    "startupTime": 587.226459,
    "cpuUsage": 194.998,
    "timestamp": 1773778375951
  },
  "violations": [],
  "recommendations": [
    "Largest file (index.js) is 100.0% of bundle - consider splitting or optimizing"
  ],
  "overallStatus": "pass"
}