{
  "timestamp": 1773922931143,
  "bundleSize": {
    "totalSize": 916,
    "gzippedSize": 423,
    "fileCount": 1,
    "largestFile": {
      "name": "index.js",
      "size": 916,
      "gzippedSize": 423
    },
    "breakdown": [
      {
        "name": "index.js",
        "size": 916,
        "gzippedSize": 423,
        "percentage": 100
      }
    ]
  },
  "webVitals": {
    "firstContentfulPaint": 1192.9839380938342,
    "timeToInteractive": 2800.182396144539,
    "largestContentfulPaint": 1554.4419115841024,
    "cumulativeLayoutShift": 0.05531866429920582,
    "firstInputDelay": 58.84986029102074,
    "timestamp": 1773922931143
  },
  "runtime": {
    "memoryUsage": {
      "rss": 62570496,
      "heapUsed": 12872120,
      "heapTotal": 19595264,
      "external": 1967413
    },
    "startupTime": 445.950083,
    "cpuUsage": 195.226,
    "timestamp": 1773922931143
  },
  "violations": [],
  "recommendations": [
    "Largest file (index.js) is 100.0% of bundle - consider splitting or optimizing"
  ],
  "overallStatus": "pass"
}