{
  "timestamp": 1773879107489,
  "bundleSize": {
    "totalSize": 916,
    "gzippedSize": 423,
    "fileCount": 1,
    "largestFile": {
      "name": "index.js",
      "size": 916,
      "gzippedSize": 423
    },
    "breakdown": [
      {
        "name": "index.js",
        "size": 916,
        "gzippedSize": 423,
        "percentage": 100
      }
    ]
  },
  "webVitals": {
    "firstContentfulPaint": 724.7363192501764,
    "timeToInteractive": 2322.283107254915,
    "largestContentfulPaint": 2083.3193685914466,
    "cumulativeLayoutShift": 0.046567592543247875,
    "firstInputDelay": 54.27141468355335,
    "timestamp": 1773879107489
  },
  "runtime": {
    "memoryUsage": {
      "rss": 63160320,
      "heapUsed": 13741680,
      "heapTotal": 20512768,
      "external": 1966148
    },
    "startupTime": 432.416792,
    "cpuUsage": 184.216,
    "timestamp": 1773879107489
  },
  "violations": [],
  "recommendations": [
    "Largest file (index.js) is 100.0% of bundle - consider splitting or optimizing"
  ],
  "overallStatus": "pass"
}