{
  "timestamp": 1774192548681,
  "bundleSize": {
    "totalSize": 916,
    "gzippedSize": 423,
    "fileCount": 1,
    "largestFile": {
      "name": "index.js",
      "size": 916,
      "gzippedSize": 423
    },
    "breakdown": [
      {
        "name": "index.js",
        "size": 916,
        "gzippedSize": 423,
        "percentage": 100
      }
    ]
  },
  "webVitals": {
    "firstContentfulPaint": 587.1693279406478,
    "timeToInteractive": 2709.8028431273856,
    "largestContentfulPaint": 1897.2480489033032,
    "cumulativeLayoutShift": 0.06845368818995685,
    "firstInputDelay": 66.11105261715201,
    "timestamp": 1774192548681
  },
  "runtime": {
    "memoryUsage": {
      "rss": 61980672,
      "heapUsed": 12512808,
      "heapTotal": 20119552,
      "external": 1966931
    },
    "startupTime": 823.412167,
    "cpuUsage": 173.354,
    "timestamp": 1774192548681
  },
  "violations": [],
  "recommendations": [
    "Largest file (index.js) is 100.0% of bundle - consider splitting or optimizing"
  ],
  "overallStatus": "pass"
}