{
  "timestamp": 1774281224255,
  "bundleSize": {
    "totalSize": 916,
    "gzippedSize": 423,
    "fileCount": 1,
    "largestFile": {
      "name": "index.js",
      "size": 916,
      "gzippedSize": 423
    },
    "breakdown": [
      {
        "name": "index.js",
        "size": 916,
        "gzippedSize": 423,
        "percentage": 100
      }
    ]
  },
  "webVitals": {
    "firstContentfulPaint": 965.6593359281248,
    "timeToInteractive": 2326.6721987144815,
    "largestContentfulPaint": 1861.1623060716852,
    "cumulativeLayoutShift": 0.058111368184950156,
    "firstInputDelay": 44.71089049165431,
    "timestamp": 1774281224235
  },
  "runtime": {
    "memoryUsage": {
      "rss": 49758208,
      "heapUsed": 13771312,
      "heapTotal": 20447232,
      "external": 1967702
    },
    "startupTime": 9060.417833,
    "cpuUsage": 261.159,
    "timestamp": 1774281224255
  },
  "violations": [],
  "recommendations": [
    "Largest file (index.js) is 100.0% of bundle - consider splitting or optimizing"
  ],
  "overallStatus": "pass"
}