{
  "timestamp": 1774449506115,
  "bundleSize": {
    "totalSize": 916,
    "gzippedSize": 423,
    "fileCount": 1,
    "largestFile": {
      "name": "index.js",
      "size": 916,
      "gzippedSize": 423
    },
    "breakdown": [
      {
        "name": "index.js",
        "size": 916,
        "gzippedSize": 423,
        "percentage": 100
      }
    ]
  },
  "webVitals": {
    "firstContentfulPaint": 1357.4435475857122,
    "timeToInteractive": 2838.3148257917974,
    "largestContentfulPaint": 1739.1466563356241,
    "cumulativeLayoutShift": 0.09988840416838729,
    "firstInputDelay": 43.72718700725004,
    "timestamp": 1774449506115
  },
  "runtime": {
    "memoryUsage": {
      "rss": 65191936,
      "heapUsed": 12912496,
      "heapTotal": 20643840,
      "external": 2649432
    },
    "startupTime": 280.837833,
    "cpuUsage": 161.211,
    "timestamp": 1774449506115
  },
  "violations": [],
  "recommendations": [
    "Largest file (index.js) is 100.0% of bundle - consider splitting or optimizing"
  ],
  "overallStatus": "pass"
}