{
  "timestamp": 1774029538402,
  "bundleSize": {
    "totalSize": 916,
    "gzippedSize": 423,
    "fileCount": 1,
    "largestFile": {
      "name": "index.js",
      "size": 916,
      "gzippedSize": 423
    },
    "breakdown": [
      {
        "name": "index.js",
        "size": 916,
        "gzippedSize": 423,
        "percentage": 100
      }
    ]
  },
  "webVitals": {
    "firstContentfulPaint": 1099.6238213245933,
    "timeToInteractive": 2429.3316654090113,
    "largestContentfulPaint": 2297.535346529373,
    "cumulativeLayoutShift": 0.04834516649645022,
    "firstInputDelay": 44.43884390480033,
    "timestamp": 1774029538402
  },
  "runtime": {
    "memoryUsage": {
      "rss": 61849600,
      "heapUsed": 12496984,
      "heapTotal": 20119552,
      "external": 1970223
    },
    "startupTime": 312.263084,
    "cpuUsage": 186.824,
    "timestamp": 1774029538402
  },
  "violations": [],
  "recommendations": [
    "Largest file (index.js) is 100.0% of bundle - consider splitting or optimizing"
  ],
  "overallStatus": "pass"
}