{
  "timestamp": 1774560910232,
  "bundleSize": {
    "totalSize": 916,
    "gzippedSize": 423,
    "fileCount": 1,
    "largestFile": {
      "name": "index.js",
      "size": 916,
      "gzippedSize": 423
    },
    "breakdown": [
      {
        "name": "index.js",
        "size": 916,
        "gzippedSize": 423,
        "percentage": 100
      }
    ]
  },
  "webVitals": {
    "firstContentfulPaint": 1281.1253939719822,
    "timeToInteractive": 2646.9100308589764,
    "largestContentfulPaint": 2454.73437072921,
    "cumulativeLayoutShift": 0.07571522479127267,
    "firstInputDelay": 55.728153346885875,
    "timestamp": 1774560910232
  },
  "runtime": {
    "memoryUsage": {
      "rss": 62259200,
      "heapUsed": 12448416,
      "heapTotal": 20119552,
      "external": 1970223
    },
    "startupTime": 398.744583,
    "cpuUsage": 159.832,
    "timestamp": 1774560910232
  },
  "violations": [],
  "recommendations": [
    "Largest file (index.js) is 100.0% of bundle - consider splitting or optimizing"
  ],
  "overallStatus": "pass"
}