{
  "timestamp": 1774359018924,
  "bundleSize": {
    "totalSize": 916,
    "gzippedSize": 423,
    "fileCount": 1,
    "largestFile": {
      "name": "index.js",
      "size": 916,
      "gzippedSize": 423
    },
    "breakdown": [
      {
        "name": "index.js",
        "size": 916,
        "gzippedSize": 423,
        "percentage": 100
      }
    ]
  },
  "webVitals": {
    "firstContentfulPaint": 1366.5386771994079,
    "timeToInteractive": 2352.1724349616848,
    "largestContentfulPaint": 2154.5111347385614,
    "cumulativeLayoutShift": 0.008214516919318583,
    "firstInputDelay": 73.44059521684949,
    "timestamp": 1774359018924
  },
  "runtime": {
    "memoryUsage": {
      "rss": 61472768,
      "heapUsed": 12417464,
      "heapTotal": 19595264,
      "external": 1970211
    },
    "startupTime": 251.869959,
    "cpuUsage": 140.584,
    "timestamp": 1774359018924
  },
  "violations": [],
  "recommendations": [
    "Largest file (index.js) is 100.0% of bundle - consider splitting or optimizing"
  ],
  "overallStatus": "pass"
}