{
  "timestamp": 1774670825018,
  "bundleSize": {
    "totalSize": 916,
    "gzippedSize": 423,
    "fileCount": 1,
    "largestFile": {
      "name": "index.js",
      "size": 916,
      "gzippedSize": 423
    },
    "breakdown": [
      {
        "name": "index.js",
        "size": 916,
        "gzippedSize": 423,
        "percentage": 100
      }
    ]
  },
  "webVitals": {
    "firstContentfulPaint": 764.9454465591206,
    "timeToInteractive": 2791.434785939832,
    "largestContentfulPaint": 1814.8170067161218,
    "cumulativeLayoutShift": 0.019749605997165666,
    "firstInputDelay": 65.87089717747804,
    "timestamp": 1774670825018
  },
  "runtime": {
    "memoryUsage": {
      "rss": 61849600,
      "heapUsed": 12679456,
      "heapTotal": 20119552,
      "external": 1970223
    },
    "startupTime": 369.471208,
    "cpuUsage": 166.049,
    "timestamp": 1774670825018
  },
  "violations": [],
  "recommendations": [
    "Largest file (index.js) is 100.0% of bundle - consider splitting or optimizing"
  ],
  "overallStatus": "pass"
}