{
  "timestamp": 1774274065938,
  "bundleSize": {
    "totalSize": 916,
    "gzippedSize": 423,
    "fileCount": 1,
    "largestFile": {
      "name": "index.js",
      "size": 916,
      "gzippedSize": 423
    },
    "breakdown": [
      {
        "name": "index.js",
        "size": 916,
        "gzippedSize": 423,
        "percentage": 100
      }
    ]
  },
  "webVitals": {
    "firstContentfulPaint": 1289.9004936256847,
    "timeToInteractive": 2432.675316585794,
    "largestContentfulPaint": 1836.7669188322207,
    "cumulativeLayoutShift": 0.048762680474203735,
    "firstInputDelay": 27.26156789495713,
    "timestamp": 1774274065937
  },
  "runtime": {
    "memoryUsage": {
      "rss": 62193664,
      "heapUsed": 12946776,
      "heapTotal": 20676608,
      "external": 1970672
    },
    "startupTime": 598.203625,
    "cpuUsage": 181.901,
    "timestamp": 1774274065938
  },
  "violations": [],
  "recommendations": [
    "Largest file (index.js) is 100.0% of bundle - consider splitting or optimizing"
  ],
  "overallStatus": "pass"
}