{
  "timestamp": 1774632479767,
  "bundleSize": {
    "totalSize": 916,
    "gzippedSize": 423,
    "fileCount": 1,
    "largestFile": {
      "name": "index.js",
      "size": 916,
      "gzippedSize": 423
    },
    "breakdown": [
      {
        "name": "index.js",
        "size": 916,
        "gzippedSize": 423,
        "percentage": 100
      }
    ]
  },
  "webVitals": {
    "firstContentfulPaint": 1480.8917474064783,
    "timeToInteractive": 2530.6951058074383,
    "largestContentfulPaint": 1661.7018662282046,
    "cumulativeLayoutShift": 0.09653651256421965,
    "firstInputDelay": 48.86317635928147,
    "timestamp": 1774632479767
  },
  "runtime": {
    "memoryUsage": {
      "rss": 61538304,
      "heapUsed": 12741504,
      "heapTotal": 20119552,
      "external": 1965854
    },
    "startupTime": 216.393667,
    "cpuUsage": 139.09,
    "timestamp": 1774632479767
  },
  "violations": [],
  "recommendations": [
    "Largest file (index.js) is 100.0% of bundle - consider splitting or optimizing"
  ],
  "overallStatus": "pass"
}