{
  "timestamp": 1774452516874,
  "bundleSize": {
    "totalSize": 916,
    "gzippedSize": 423,
    "fileCount": 1,
    "largestFile": {
      "name": "index.js",
      "size": 916,
      "gzippedSize": 423
    },
    "breakdown": [
      {
        "name": "index.js",
        "size": 916,
        "gzippedSize": 423,
        "percentage": 100
      }
    ]
  },
  "webVitals": {
    "firstContentfulPaint": 1152.9157328140964,
    "timeToInteractive": 2951.430279040176,
    "largestContentfulPaint": 1634.7200854514158,
    "cumulativeLayoutShift": 0.04029507919086792,
    "firstInputDelay": 52.699600358801966,
    "timestamp": 1774452516874
  },
  "runtime": {
    "memoryUsage": {
      "rss": 61882368,
      "heapUsed": 12471240,
      "heapTotal": 20119552,
      "external": 1970223
    },
    "startupTime": 417.203209,
    "cpuUsage": 194.319,
    "timestamp": 1774452516874
  },
  "violations": [],
  "recommendations": [
    "Largest file (index.js) is 100.0% of bundle - consider splitting or optimizing"
  ],
  "overallStatus": "pass"
}