{
  "timestamp": 1774264424299,
  "bundleSize": {
    "totalSize": 916,
    "gzippedSize": 423,
    "fileCount": 1,
    "largestFile": {
      "name": "index.js",
      "size": 916,
      "gzippedSize": 423
    },
    "breakdown": [
      {
        "name": "index.js",
        "size": 916,
        "gzippedSize": 423,
        "percentage": 100
      }
    ]
  },
  "webVitals": {
    "firstContentfulPaint": 804.8047015430748,
    "timeToInteractive": 2615.4243843356335,
    "largestContentfulPaint": 2146.50221413601,
    "cumulativeLayoutShift": 0.09590958500051064,
    "firstInputDelay": 73.00387410813798,
    "timestamp": 1774264424299
  },
  "runtime": {
    "memoryUsage": {
      "rss": 53542912,
      "heapUsed": 11284880,
      "heapTotal": 15663104,
      "external": 1963153
    },
    "startupTime": 11864.837667,
    "cpuUsage": 225.096,
    "timestamp": 1774264424299
  },
  "violations": [],
  "recommendations": [
    "Largest file (index.js) is 100.0% of bundle - consider splitting or optimizing"
  ],
  "overallStatus": "pass"
}