{
  "timestamp": 1774195616382,
  "bundleSize": {
    "totalSize": 916,
    "gzippedSize": 423,
    "fileCount": 1,
    "largestFile": {
      "name": "index.js",
      "size": 916,
      "gzippedSize": 423
    },
    "breakdown": [
      {
        "name": "index.js",
        "size": 916,
        "gzippedSize": 423,
        "percentage": 100
      }
    ]
  },
  "webVitals": {
    "firstContentfulPaint": 1319.2366336032605,
    "timeToInteractive": 2980.3634331548924,
    "largestContentfulPaint": 2292.0011757036164,
    "cumulativeLayoutShift": 0.027060353149502905,
    "firstInputDelay": 28.20937409778841,
    "timestamp": 1774195616382
  },
  "runtime": {
    "memoryUsage": {
      "rss": 62144512,
      "heapUsed": 13076808,
      "heapTotal": 20250624,
      "external": 1965854
    },
    "startupTime": 205.157708,
    "cpuUsage": 131.789,
    "timestamp": 1774195616382
  },
  "violations": [],
  "recommendations": [
    "Largest file (index.js) is 100.0% of bundle - consider splitting or optimizing"
  ],
  "overallStatus": "pass"
}