{
  "timestamp": 1774546646646,
  "bundleSize": {
    "totalSize": 916,
    "gzippedSize": 423,
    "fileCount": 1,
    "largestFile": {
      "name": "index.js",
      "size": 916,
      "gzippedSize": 423
    },
    "breakdown": [
      {
        "name": "index.js",
        "size": 916,
        "gzippedSize": 423,
        "percentage": 100
      }
    ]
  },
  "webVitals": {
    "firstContentfulPaint": 1288.1638794452497,
    "timeToInteractive": 2350.1070269469487,
    "largestContentfulPaint": 2108.506857799947,
    "cumulativeLayoutShift": 0.0026976787457873687,
    "firstInputDelay": 33.91407543126533,
    "timestamp": 1774546646645
  },
  "runtime": {
    "memoryUsage": {
      "rss": 62898176,
      "heapUsed": 13043544,
      "heapTotal": 20283392,
      "external": 1965899
    },
    "startupTime": 416.139208,
    "cpuUsage": 199.7,
    "timestamp": 1774546646646
  },
  "violations": [],
  "recommendations": [
    "Largest file (index.js) is 100.0% of bundle - consider splitting or optimizing"
  ],
  "overallStatus": "pass"
}