{
  "timestamp": 1773942495357,
  "bundleSize": {
    "totalSize": 916,
    "gzippedSize": 423,
    "fileCount": 1,
    "largestFile": {
      "name": "index.js",
      "size": 916,
      "gzippedSize": 423
    },
    "breakdown": [
      {
        "name": "index.js",
        "size": 916,
        "gzippedSize": 423,
        "percentage": 100
      }
    ]
  },
  "webVitals": {
    "firstContentfulPaint": 1234.5542172180394,
    "timeToInteractive": 2360.4577699693336,
    "largestContentfulPaint": 2317.4572304932162,
    "cumulativeLayoutShift": 0.05351820543407158,
    "firstInputDelay": 45.094801454236254,
    "timestamp": 1773942495357
  },
  "runtime": {
    "memoryUsage": {
      "rss": 59785216,
      "heapUsed": 12705424,
      "heapTotal": 19857408,
      "external": 1966360
    },
    "startupTime": 2357.554333,
    "cpuUsage": 194.544,
    "timestamp": 1773942495357
  },
  "violations": [],
  "recommendations": [
    "Largest file (index.js) is 100.0% of bundle - consider splitting or optimizing"
  ],
  "overallStatus": "pass"
}