{
  "timestamp": 1774542193603,
  "bundleSize": {
    "totalSize": 916,
    "gzippedSize": 423,
    "fileCount": 1,
    "largestFile": {
      "name": "index.js",
      "size": 916,
      "gzippedSize": 423
    },
    "breakdown": [
      {
        "name": "index.js",
        "size": 916,
        "gzippedSize": 423,
        "percentage": 100
      }
    ]
  },
  "webVitals": {
    "firstContentfulPaint": 1433.8827264210818,
    "timeToInteractive": 2339.9620941339754,
    "largestContentfulPaint": 1514.2397616078063,
    "cumulativeLayoutShift": 0.029254059622544928,
    "firstInputDelay": 58.490055106718664,
    "timestamp": 1774542193603
  },
  "runtime": {
    "memoryUsage": {
      "rss": 62029824,
      "heapUsed": 12655624,
      "heapTotal": 19857408,
      "external": 1970223
    },
    "startupTime": 269.73025,
    "cpuUsage": 154.575,
    "timestamp": 1774542193603
  },
  "violations": [],
  "recommendations": [
    "Largest file (index.js) is 100.0% of bundle - consider splitting or optimizing"
  ],
  "overallStatus": "pass"
}