{
  "timestamp": 1774273967751,
  "bundleSize": {
    "totalSize": 916,
    "gzippedSize": 423,
    "fileCount": 1,
    "largestFile": {
      "name": "index.js",
      "size": 916,
      "gzippedSize": 423
    },
    "breakdown": [
      {
        "name": "index.js",
        "size": 916,
        "gzippedSize": 423,
        "percentage": 100
      }
    ]
  },
  "webVitals": {
    "firstContentfulPaint": 506.47835790900217,
    "timeToInteractive": 2067.078137028618,
    "largestContentfulPaint": 1558.6015015106966,
    "cumulativeLayoutShift": 0.06565148455699632,
    "firstInputDelay": 37.24542021844704,
    "timestamp": 1774273967750
  },
  "runtime": {
    "memoryUsage": {
      "rss": 59916288,
      "heapUsed": 12775120,
      "heapTotal": 20119552,
      "external": 1966360
    },
    "startupTime": 2375.416791,
    "cpuUsage": 193.849,
    "timestamp": 1774273967751
  },
  "violations": [],
  "recommendations": [
    "Largest file (index.js) is 100.0% of bundle - consider splitting or optimizing"
  ],
  "overallStatus": "pass"
}