{
  "timestamp": 1774607845183,
  "bundleSize": {
    "totalSize": 916,
    "gzippedSize": 423,
    "fileCount": 1,
    "largestFile": {
      "name": "index.js",
      "size": 916,
      "gzippedSize": 423
    },
    "breakdown": [
      {
        "name": "index.js",
        "size": 916,
        "gzippedSize": 423,
        "percentage": 100
      }
    ]
  },
  "webVitals": {
    "firstContentfulPaint": 1010.3373269574861,
    "timeToInteractive": 2253.9496043360023,
    "largestContentfulPaint": 2114.3108901582605,
    "cumulativeLayoutShift": 0.04290572181725927,
    "firstInputDelay": 34.95716905297145,
    "timestamp": 1774607845182
  },
  "runtime": {
    "memoryUsage": {
      "rss": 59424768,
      "heapUsed": 12596704,
      "heapTotal": 20119552,
      "external": 1966360
    },
    "startupTime": 2297.911125,
    "cpuUsage": 190.027,
    "timestamp": 1774607845183
  },
  "violations": [],
  "recommendations": [
    "Largest file (index.js) is 100.0% of bundle - consider splitting or optimizing"
  ],
  "overallStatus": "pass"
}