{
  "timestamp": 1773672456114,
  "bundleSize": {
    "totalSize": 916,
    "gzippedSize": 423,
    "fileCount": 1,
    "largestFile": {
      "name": "index.js",
      "size": 916,
      "gzippedSize": 423
    },
    "breakdown": [
      {
        "name": "index.js",
        "size": 916,
        "gzippedSize": 423,
        "percentage": 100
      }
    ]
  },
  "webVitals": {
    "firstContentfulPaint": 1055.1389614718983,
    "timeToInteractive": 2335.5375851597732,
    "largestContentfulPaint": 1778.8590060307338,
    "cumulativeLayoutShift": 0.02001275264957547,
    "firstInputDelay": 38.222606292025034,
    "timestamp": 1773672456114
  },
  "runtime": {
    "memoryUsage": {
      "rss": 62226432,
      "heapUsed": 12111712,
      "heapTotal": 20119552,
      "external": 1969696
    },
    "startupTime": 363.114083,
    "cpuUsage": 183.92,
    "timestamp": 1773672456114
  },
  "violations": [],
  "recommendations": [
    "Largest file (index.js) is 100.0% of bundle - consider splitting or optimizing"
  ],
  "overallStatus": "pass"
}