{
  "timestamp": 1774280379020,
  "bundleSize": {
    "totalSize": 916,
    "gzippedSize": 423,
    "fileCount": 1,
    "largestFile": {
      "name": "index.js",
      "size": 916,
      "gzippedSize": 423
    },
    "breakdown": [
      {
        "name": "index.js",
        "size": 916,
        "gzippedSize": 423,
        "percentage": 100
      }
    ]
  },
  "webVitals": {
    "firstContentfulPaint": 1109.9387941921595,
    "timeToInteractive": 2555.18788976928,
    "largestContentfulPaint": 1866.334858810475,
    "cumulativeLayoutShift": 0.06295208614031976,
    "firstInputDelay": 44.51728833497167,
    "timestamp": 1774280379020
  },
  "runtime": {
    "memoryUsage": {
      "rss": 45547520,
      "heapUsed": 11598856,
      "heapTotal": 13828096,
      "external": 1963360
    },
    "startupTime": 45036.092416,
    "cpuUsage": 339.749,
    "timestamp": 1774280379020
  },
  "violations": [],
  "recommendations": [
    "Largest file (index.js) is 100.0% of bundle - consider splitting or optimizing"
  ],
  "overallStatus": "pass"
}