{
  "timestamp": 1774199611880,
  "bundleSize": {
    "totalSize": 916,
    "gzippedSize": 423,
    "fileCount": 1,
    "largestFile": {
      "name": "index.js",
      "size": 916,
      "gzippedSize": 423
    },
    "breakdown": [
      {
        "name": "index.js",
        "size": 916,
        "gzippedSize": 423,
        "percentage": 100
      }
    ]
  },
  "webVitals": {
    "firstContentfulPaint": 1052.5553085557017,
    "timeToInteractive": 2989.415036224104,
    "largestContentfulPaint": 1862.8476481872663,
    "cumulativeLayoutShift": 0.07864541910015344,
    "firstInputDelay": 30.57064137423049,
    "timestamp": 1774199611880
  },
  "runtime": {
    "memoryUsage": {
      "rss": 61751296,
      "heapUsed": 12526800,
      "heapTotal": 19595264,
      "external": 1965854
    },
    "startupTime": 190.670708,
    "cpuUsage": 133.421,
    "timestamp": 1774199611880
  },
  "violations": [],
  "recommendations": [
    "Largest file (index.js) is 100.0% of bundle - consider splitting or optimizing"
  ],
  "overallStatus": "pass"
}