{
  "timestamp": 1774575604791,
  "bundleSize": {
    "totalSize": 916,
    "gzippedSize": 423,
    "fileCount": 1,
    "largestFile": {
      "name": "index.js",
      "size": 916,
      "gzippedSize": 423
    },
    "breakdown": [
      {
        "name": "index.js",
        "size": 916,
        "gzippedSize": 423,
        "percentage": 100
      }
    ]
  },
  "webVitals": {
    "firstContentfulPaint": 1119.1969799914023,
    "timeToInteractive": 2349.8137563517694,
    "largestContentfulPaint": 1913.6293957249648,
    "cumulativeLayoutShift": 0.05967765887677741,
    "firstInputDelay": 51.95926118592179,
    "timestamp": 1774575604791
  },
  "runtime": {
    "memoryUsage": {
      "rss": 61751296,
      "heapUsed": 12678208,
      "heapTotal": 19857408,
      "external": 1971431
    },
    "startupTime": 243.738334,
    "cpuUsage": 148.356,
    "timestamp": 1774575604791
  },
  "violations": [],
  "recommendations": [
    "Largest file (index.js) is 100.0% of bundle - consider splitting or optimizing"
  ],
  "overallStatus": "pass"
}