{
  "timestamp": 1774440485160,
  "bundleSize": {
    "totalSize": 916,
    "gzippedSize": 423,
    "fileCount": 1,
    "largestFile": {
      "name": "index.js",
      "size": 916,
      "gzippedSize": 423
    },
    "breakdown": [
      {
        "name": "index.js",
        "size": 916,
        "gzippedSize": 423,
        "percentage": 100
      }
    ]
  },
  "webVitals": {
    "firstContentfulPaint": 1485.896618869768,
    "timeToInteractive": 2469.4944623288234,
    "largestContentfulPaint": 1507.4014373216341,
    "cumulativeLayoutShift": 0.02268184460366629,
    "firstInputDelay": 41.413554176349486,
    "timestamp": 1774440485160
  },
  "runtime": {
    "memoryUsage": {
      "rss": 62242816,
      "heapUsed": 12560296,
      "heapTotal": 19857408,
      "external": 1971431
    },
    "startupTime": 235.361667,
    "cpuUsage": 154.031,
    "timestamp": 1774440485160
  },
  "violations": [],
  "recommendations": [
    "Largest file (index.js) is 100.0% of bundle - consider splitting or optimizing"
  ],
  "overallStatus": "pass"
}