{
  "timestamp": 1774511436256,
  "bundleSize": {
    "totalSize": 916,
    "gzippedSize": 423,
    "fileCount": 1,
    "largestFile": {
      "name": "index.js",
      "size": 916,
      "gzippedSize": 423
    },
    "breakdown": [
      {
        "name": "index.js",
        "size": 916,
        "gzippedSize": 423,
        "percentage": 100
      }
    ]
  },
  "webVitals": {
    "firstContentfulPaint": 1476.479726155416,
    "timeToInteractive": 2185.6726708656797,
    "largestContentfulPaint": 1750.737032879828,
    "cumulativeLayoutShift": 0.08553462685149563,
    "firstInputDelay": 61.02405867337002,
    "timestamp": 1774511436256
  },
  "runtime": {
    "memoryUsage": {
      "rss": 61685760,
      "heapUsed": 13626808,
      "heapTotal": 19955712,
      "external": 1969529
    },
    "startupTime": 1218.538583,
    "cpuUsage": 196.455,
    "timestamp": 1774511436256
  },
  "violations": [],
  "recommendations": [
    "Largest file (index.js) is 100.0% of bundle - consider splitting or optimizing"
  ],
  "overallStatus": "pass"
}