{
  "timestamp": 1774273811408,
  "bundleSize": {
    "totalSize": 916,
    "gzippedSize": 423,
    "fileCount": 1,
    "largestFile": {
      "name": "index.js",
      "size": 916,
      "gzippedSize": 423
    },
    "breakdown": [
      {
        "name": "index.js",
        "size": 916,
        "gzippedSize": 423,
        "percentage": 100
      }
    ]
  },
  "webVitals": {
    "firstContentfulPaint": 594.5701207277176,
    "timeToInteractive": 2146.4901780814034,
    "largestContentfulPaint": 1967.8090201775722,
    "cumulativeLayoutShift": 0.022536365534182635,
    "firstInputDelay": 50.936161231228596,
    "timestamp": 1774273811408
  },
  "runtime": {
    "memoryUsage": {
      "rss": 55869440,
      "heapUsed": 12955104,
      "heapTotal": 19595264,
      "external": 1967162
    },
    "startupTime": 3334.127041,
    "cpuUsage": 170.171,
    "timestamp": 1774273811408
  },
  "violations": [],
  "recommendations": [
    "Largest file (index.js) is 100.0% of bundle - consider splitting or optimizing"
  ],
  "overallStatus": "pass"
}