{
  "timestamp": 1774278686326,
  "bundleSize": {
    "totalSize": 916,
    "gzippedSize": 423,
    "fileCount": 1,
    "largestFile": {
      "name": "index.js",
      "size": 916,
      "gzippedSize": 423
    },
    "breakdown": [
      {
        "name": "index.js",
        "size": 916,
        "gzippedSize": 423,
        "percentage": 100
      }
    ]
  },
  "webVitals": {
    "firstContentfulPaint": 1011.0746214807775,
    "timeToInteractive": 2754.9301070391175,
    "largestContentfulPaint": 2453.2346830001534,
    "cumulativeLayoutShift": 0.03548283346189107,
    "firstInputDelay": 59.474868288409844,
    "timestamp": 1774278686326
  },
  "runtime": {
    "memoryUsage": {
      "rss": 59555840,
      "heapUsed": 12668288,
      "heapTotal": 20381696,
      "external": 1965320
    },
    "startupTime": 2176.311834,
    "cpuUsage": 175.185,
    "timestamp": 1774278686326
  },
  "violations": [],
  "recommendations": [
    "Largest file (index.js) is 100.0% of bundle - consider splitting or optimizing"
  ],
  "overallStatus": "pass"
}