{
  "timestamp": 1773885566612,
  "bundleSize": {
    "totalSize": 916,
    "gzippedSize": 423,
    "fileCount": 1,
    "largestFile": {
      "name": "index.js",
      "size": 916,
      "gzippedSize": 423
    },
    "breakdown": [
      {
        "name": "index.js",
        "size": 916,
        "gzippedSize": 423,
        "percentage": 100
      }
    ]
  },
  "webVitals": {
    "firstContentfulPaint": 1198.5841627970212,
    "timeToInteractive": 2112.2124160255826,
    "largestContentfulPaint": 2340.5898118983973,
    "cumulativeLayoutShift": 0.018288528534663052,
    "firstInputDelay": 38.68332356051124,
    "timestamp": 1773885566612
  },
  "runtime": {
    "memoryUsage": {
      "rss": 63504384,
      "heapUsed": 13551872,
      "heapTotal": 20742144,
      "external": 1970223
    },
    "startupTime": 234.209334,
    "cpuUsage": 151.921,
    "timestamp": 1773885566612
  },
  "violations": [],
  "recommendations": [
    "Largest file (index.js) is 100.0% of bundle - consider splitting or optimizing"
  ],
  "overallStatus": "pass"
}