{
  "timestamp": 1774513742714,
  "bundleSize": {
    "totalSize": 916,
    "gzippedSize": 423,
    "fileCount": 1,
    "largestFile": {
      "name": "index.js",
      "size": 916,
      "gzippedSize": 423
    },
    "breakdown": [
      {
        "name": "index.js",
        "size": 916,
        "gzippedSize": 423,
        "percentage": 100
      }
    ]
  },
  "webVitals": {
    "firstContentfulPaint": 1214.5635162659905,
    "timeToInteractive": 2974.3653622260354,
    "largestContentfulPaint": 1847.7977008378975,
    "cumulativeLayoutShift": 0.05473928049045303,
    "firstInputDelay": 47.228215003835146,
    "timestamp": 1774513742714
  },
  "runtime": {
    "memoryUsage": {
      "rss": 59949056,
      "heapUsed": 11548000,
      "heapTotal": 19857408,
      "external": 1969831
    },
    "startupTime": 221.299958,
    "cpuUsage": 132.519,
    "timestamp": 1774513742714
  },
  "violations": [],
  "recommendations": [
    "Largest file (index.js) is 100.0% of bundle - consider splitting or optimizing"
  ],
  "overallStatus": "pass"
}