{
  "timestamp": 1774279964005,
  "bundleSize": {
    "totalSize": 916,
    "gzippedSize": 423,
    "fileCount": 1,
    "largestFile": {
      "name": "index.js",
      "size": 916,
      "gzippedSize": 423
    },
    "breakdown": [
      {
        "name": "index.js",
        "size": 916,
        "gzippedSize": 423,
        "percentage": 100
      }
    ]
  },
  "webVitals": {
    "firstContentfulPaint": 621.3129046506269,
    "timeToInteractive": 2464.6788605263405,
    "largestContentfulPaint": 1853.5729045817588,
    "cumulativeLayoutShift": 0.046105827018347825,
    "firstInputDelay": 45.024462277277905,
    "timestamp": 1774279964004
  },
  "runtime": {
    "memoryUsage": {
      "rss": 57311232,
      "heapUsed": 13091872,
      "heapTotal": 20316160,
      "external": 1967174
    },
    "startupTime": 4052.097875,
    "cpuUsage": 220.657,
    "timestamp": 1774279964005
  },
  "violations": [],
  "recommendations": [
    "Largest file (index.js) is 100.0% of bundle - consider splitting or optimizing"
  ],
  "overallStatus": "pass"
}