{
  "timestamp": 1773851634021,
  "bundleSize": {
    "totalSize": 916,
    "gzippedSize": 423,
    "fileCount": 1,
    "largestFile": {
      "name": "index.js",
      "size": 916,
      "gzippedSize": 423
    },
    "breakdown": [
      {
        "name": "index.js",
        "size": 916,
        "gzippedSize": 423,
        "percentage": 100
      }
    ]
  },
  "webVitals": {
    "firstContentfulPaint": 1395.5944601876427,
    "timeToInteractive": 2057.4487586674236,
    "largestContentfulPaint": 1568.4511603788299,
    "cumulativeLayoutShift": 0.09389645934634838,
    "firstInputDelay": 47.32848749371706,
    "timestamp": 1773851634021
  },
  "runtime": {
    "memoryUsage": {
      "rss": 49971200,
      "heapUsed": 10912512,
      "heapTotal": 20119552,
      "external": 1966468
    },
    "startupTime": 5919.357208,
    "cpuUsage": 169.306,
    "timestamp": 1773851634021
  },
  "violations": [],
  "recommendations": [
    "Largest file (index.js) is 100.0% of bundle - consider splitting or optimizing"
  ],
  "overallStatus": "pass"
}