{
  "timestamp": 1774008207708,
  "bundleSize": {
    "totalSize": 916,
    "gzippedSize": 423,
    "fileCount": 1,
    "largestFile": {
      "name": "index.js",
      "size": 916,
      "gzippedSize": 423
    },
    "breakdown": [
      {
        "name": "index.js",
        "size": 916,
        "gzippedSize": 423,
        "percentage": 100
      }
    ]
  },
  "webVitals": {
    "firstContentfulPaint": 612.3063172638809,
    "timeToInteractive": 2009.4863330755816,
    "largestContentfulPaint": 1689.4147608176183,
    "cumulativeLayoutShift": 0.08286431904021477,
    "firstInputDelay": 39.960382337826005,
    "timestamp": 1774008207708
  },
  "runtime": {
    "memoryUsage": {
      "rss": 65404928,
      "heapUsed": 12726496,
      "heapTotal": 21430272,
      "external": 2638742
    },
    "startupTime": 356.799125,
    "cpuUsage": 190.981,
    "timestamp": 1774008207708
  },
  "violations": [],
  "recommendations": [
    "Largest file (index.js) is 100.0% of bundle - consider splitting or optimizing"
  ],
  "overallStatus": "pass"
}