{
  "timestamp": 1773841719263,
  "bundleSize": {
    "totalSize": 916,
    "gzippedSize": 423,
    "fileCount": 1,
    "largestFile": {
      "name": "index.js",
      "size": 916,
      "gzippedSize": 423
    },
    "breakdown": [
      {
        "name": "index.js",
        "size": 916,
        "gzippedSize": 423,
        "percentage": 100
      }
    ]
  },
  "webVitals": {
    "firstContentfulPaint": 639.6809764169241,
    "timeToInteractive": 2049.7623229385554,
    "largestContentfulPaint": 1731.1300182336247,
    "cumulativeLayoutShift": 0.06448101514971763,
    "firstInputDelay": 58.036954494257145,
    "timestamp": 1773841719263
  },
  "runtime": {
    "memoryUsage": {
      "rss": 62177280,
      "heapUsed": 12098216,
      "heapTotal": 20119552,
      "external": 1965384
    },
    "startupTime": 346.397875,
    "cpuUsage": 172.216,
    "timestamp": 1773841719263
  },
  "violations": [],
  "recommendations": [
    "Largest file (index.js) is 100.0% of bundle - consider splitting or optimizing"
  ],
  "overallStatus": "pass"
}