{
  "timestamp": 1774264811981,
  "bundleSize": {
    "totalSize": 916,
    "gzippedSize": 423,
    "fileCount": 1,
    "largestFile": {
      "name": "index.js",
      "size": 916,
      "gzippedSize": 423
    },
    "breakdown": [
      {
        "name": "index.js",
        "size": 916,
        "gzippedSize": 423,
        "percentage": 100
      }
    ]
  },
  "webVitals": {
    "firstContentfulPaint": 1063.4106534294424,
    "timeToInteractive": 2931.8153810679964,
    "largestContentfulPaint": 1629.2686194244359,
    "cumulativeLayoutShift": 0.08355315344948078,
    "firstInputDelay": 70.89533279734573,
    "timestamp": 1774264811981
  },
  "runtime": {
    "memoryUsage": {
      "rss": 57376768,
      "heapUsed": 12587928,
      "heapTotal": 19857408,
      "external": 1965320
    },
    "startupTime": 4865.207667,
    "cpuUsage": 214.817,
    "timestamp": 1774264811981
  },
  "violations": [],
  "recommendations": [
    "Largest file (index.js) is 100.0% of bundle - consider splitting or optimizing"
  ],
  "overallStatus": "pass"
}