{
  "timestamp": 1774658689726,
  "bundleSize": {
    "totalSize": 916,
    "gzippedSize": 423,
    "fileCount": 1,
    "largestFile": {
      "name": "index.js",
      "size": 916,
      "gzippedSize": 423
    },
    "breakdown": [
      {
        "name": "index.js",
        "size": 916,
        "gzippedSize": 423,
        "percentage": 100
      }
    ]
  },
  "webVitals": {
    "firstContentfulPaint": 1184.6553717333504,
    "timeToInteractive": 2184.904850437521,
    "largestContentfulPaint": 1514.212337927022,
    "cumulativeLayoutShift": 0.0004896650690163984,
    "firstInputDelay": 52.51024100523239,
    "timestamp": 1774658689726
  },
  "runtime": {
    "memoryUsage": {
      "rss": 62095360,
      "heapUsed": 12733864,
      "heapTotal": 19857408,
      "external": 1970223
    },
    "startupTime": 272.831917,
    "cpuUsage": 158.466,
    "timestamp": 1774658689726
  },
  "violations": [],
  "recommendations": [
    "Largest file (index.js) is 100.0% of bundle - consider splitting or optimizing"
  ],
  "overallStatus": "pass"
}