{
  "timestamp": 1774225776795,
  "bundleSize": {
    "totalSize": 916,
    "gzippedSize": 423,
    "fileCount": 1,
    "largestFile": {
      "name": "index.js",
      "size": 916,
      "gzippedSize": 423
    },
    "breakdown": [
      {
        "name": "index.js",
        "size": 916,
        "gzippedSize": 423,
        "percentage": 100
      }
    ]
  },
  "webVitals": {
    "firstContentfulPaint": 1038.4014267592734,
    "timeToInteractive": 2361.253817013399,
    "largestContentfulPaint": 2126.1123454342533,
    "cumulativeLayoutShift": 0.09968512585702834,
    "firstInputDelay": 72.5695590713436,
    "timestamp": 1774225776794
  },
  "runtime": {
    "memoryUsage": {
      "rss": 61292544,
      "heapUsed": 13676288,
      "heapTotal": 20480000,
      "external": 1967207
    },
    "startupTime": 5767.406333,
    "cpuUsage": 204.091,
    "timestamp": 1774225776794
  },
  "violations": [],
  "recommendations": [
    "Largest file (index.js) is 100.0% of bundle - consider splitting or optimizing"
  ],
  "overallStatus": "pass"
}