{
  "timestamp": 1774304997625,
  "bundleSize": {
    "totalSize": 916,
    "gzippedSize": 423,
    "fileCount": 1,
    "largestFile": {
      "name": "index.js",
      "size": 916,
      "gzippedSize": 423
    },
    "breakdown": [
      {
        "name": "index.js",
        "size": 916,
        "gzippedSize": 423,
        "percentage": 100
      }
    ]
  },
  "webVitals": {
    "firstContentfulPaint": 930.5273792499476,
    "timeToInteractive": 2383.467134927654,
    "largestContentfulPaint": 1515.9656234100432,
    "cumulativeLayoutShift": 0.09482478833586239,
    "firstInputDelay": 66.87929110434544,
    "timestamp": 1774304997624
  },
  "runtime": {
    "memoryUsage": {
      "rss": 59834368,
      "heapUsed": 12676840,
      "heapTotal": 20119552,
      "external": 1970672
    },
    "startupTime": 2755.235708,
    "cpuUsage": 183.965,
    "timestamp": 1774304997625
  },
  "violations": [],
  "recommendations": [
    "Largest file (index.js) is 100.0% of bundle - consider splitting or optimizing"
  ],
  "overallStatus": "pass"
}