{
  "timestamp": 1774278959361,
  "bundleSize": {
    "totalSize": 916,
    "gzippedSize": 423,
    "fileCount": 1,
    "largestFile": {
      "name": "index.js",
      "size": 916,
      "gzippedSize": 423
    },
    "breakdown": [
      {
        "name": "index.js",
        "size": 916,
        "gzippedSize": 423,
        "percentage": 100
      }
    ]
  },
  "webVitals": {
    "firstContentfulPaint": 1205.7831002278197,
    "timeToInteractive": 2023.3153012169917,
    "largestContentfulPaint": 2348.287038266339,
    "cumulativeLayoutShift": 0.03869113590887607,
    "firstInputDelay": 60.674059682344506,
    "timestamp": 1774278959361
  },
  "runtime": {
    "memoryUsage": {
      "rss": 62603264,
      "heapUsed": 13134720,
      "heapTotal": 20250624,
      "external": 1970223
    },
    "startupTime": 292.367334,
    "cpuUsage": 152.593,
    "timestamp": 1774278959361
  },
  "violations": [],
  "recommendations": [
    "Largest file (index.js) is 100.0% of bundle - consider splitting or optimizing"
  ],
  "overallStatus": "pass"
}