{
  "timestamp": 1774111346223,
  "bundleSize": {
    "totalSize": 916,
    "gzippedSize": 423,
    "fileCount": 1,
    "largestFile": {
      "name": "index.js",
      "size": 916,
      "gzippedSize": 423
    },
    "breakdown": [
      {
        "name": "index.js",
        "size": 916,
        "gzippedSize": 423,
        "percentage": 100
      }
    ]
  },
  "webVitals": {
    "firstContentfulPaint": 964.4295416969569,
    "timeToInteractive": 2856.8575547826485,
    "largestContentfulPaint": 1685.5601318121335,
    "cumulativeLayoutShift": 0.021224158465346733,
    "firstInputDelay": 74.12401368696621,
    "timestamp": 1774111346222
  },
  "runtime": {
    "memoryUsage": {
      "rss": 62373888,
      "heapUsed": 12407288,
      "heapTotal": 19595264,
      "external": 1970211
    },
    "startupTime": 611.997083,
    "cpuUsage": 168.41,
    "timestamp": 1774111346223
  },
  "violations": [],
  "recommendations": [
    "Largest file (index.js) is 100.0% of bundle - consider splitting or optimizing"
  ],
  "overallStatus": "pass"
}