{
  "timestamp": 1773878551357,
  "bundleSize": {
    "totalSize": 916,
    "gzippedSize": 423,
    "fileCount": 1,
    "largestFile": {
      "name": "index.js",
      "size": 916,
      "gzippedSize": 423
    },
    "breakdown": [
      {
        "name": "index.js",
        "size": 916,
        "gzippedSize": 423,
        "percentage": 100
      }
    ]
  },
  "webVitals": {
    "firstContentfulPaint": 584.8029243450974,
    "timeToInteractive": 2656.163971760895,
    "largestContentfulPaint": 1571.0860884175531,
    "cumulativeLayoutShift": 0.026081872128037344,
    "firstInputDelay": 41.814172428093876,
    "timestamp": 1773878551357
  },
  "runtime": {
    "memoryUsage": {
      "rss": 63029248,
      "heapUsed": 13183960,
      "heapTotal": 20512768,
      "external": 1966360
    },
    "startupTime": 940.331291,
    "cpuUsage": 191.07,
    "timestamp": 1773878551357
  },
  "violations": [],
  "recommendations": [
    "Largest file (index.js) is 100.0% of bundle - consider splitting or optimizing"
  ],
  "overallStatus": "pass"
}