{
  "timestamp": 1774397176442,
  "bundleSize": {
    "totalSize": 916,
    "gzippedSize": 423,
    "fileCount": 1,
    "largestFile": {
      "name": "index.js",
      "size": 916,
      "gzippedSize": 423
    },
    "breakdown": [
      {
        "name": "index.js",
        "size": 916,
        "gzippedSize": 423,
        "percentage": 100
      }
    ]
  },
  "webVitals": {
    "firstContentfulPaint": 637.2872996779375,
    "timeToInteractive": 2083.3529551137117,
    "largestContentfulPaint": 1681.9660696697633,
    "cumulativeLayoutShift": 0.002642394741577259,
    "firstInputDelay": 56.62969075268174,
    "timestamp": 1774397176441
  },
  "runtime": {
    "memoryUsage": {
      "rss": 62177280,
      "heapUsed": 12613264,
      "heapTotal": 19595264,
      "external": 1971431
    },
    "startupTime": 286.097125,
    "cpuUsage": 181.926,
    "timestamp": 1774397176442
  },
  "violations": [],
  "recommendations": [
    "Largest file (index.js) is 100.0% of bundle - consider splitting or optimizing"
  ],
  "overallStatus": "pass"
}