{
  "timestamp": 1774632901558,
  "bundleSize": {
    "totalSize": 916,
    "gzippedSize": 423,
    "fileCount": 1,
    "largestFile": {
      "name": "index.js",
      "size": 916,
      "gzippedSize": 423
    },
    "breakdown": [
      {
        "name": "index.js",
        "size": 916,
        "gzippedSize": 423,
        "percentage": 100
      }
    ]
  },
  "webVitals": {
    "firstContentfulPaint": 1329.042283425364,
    "timeToInteractive": 2946.518652462383,
    "largestContentfulPaint": 2326.1676423216422,
    "cumulativeLayoutShift": 0.057910135314083115,
    "firstInputDelay": 69.83297846264671,
    "timestamp": 1774632901558
  },
  "runtime": {
    "memoryUsage": {
      "rss": 62210048,
      "heapUsed": 12928128,
      "heapTotal": 20152320,
      "external": 1971431
    },
    "startupTime": 228.891583,
    "cpuUsage": 141.296,
    "timestamp": 1774632901558
  },
  "violations": [],
  "recommendations": [
    "Largest file (index.js) is 100.0% of bundle - consider splitting or optimizing"
  ],
  "overallStatus": "pass"
}