{
  "timestamp": 1774728672809,
  "bundleSize": {
    "totalSize": 916,
    "gzippedSize": 423,
    "fileCount": 1,
    "largestFile": {
      "name": "index.js",
      "size": 916,
      "gzippedSize": 423
    },
    "breakdown": [
      {
        "name": "index.js",
        "size": 916,
        "gzippedSize": 423,
        "percentage": 100
      }
    ]
  },
  "webVitals": {
    "firstContentfulPaint": 818.6250939417321,
    "timeToInteractive": 2980.440174348167,
    "largestContentfulPaint": 1933.4787438094354,
    "cumulativeLayoutShift": 0.031542757303523364,
    "firstInputDelay": 37.877592436541285,
    "timestamp": 1774728672809
  },
  "runtime": {
    "memoryUsage": {
      "rss": 61816832,
      "heapUsed": 12820512,
      "heapTotal": 20119552,
      "external": 1966651
    },
    "startupTime": 556.914709,
    "cpuUsage": 197.009,
    "timestamp": 1774728672809
  },
  "violations": [],
  "recommendations": [
    "Largest file (index.js) is 100.0% of bundle - consider splitting or optimizing"
  ],
  "overallStatus": "pass"
}