{
  "timestamp": 1774607956555,
  "bundleSize": {
    "totalSize": 916,
    "gzippedSize": 423,
    "fileCount": 1,
    "largestFile": {
      "name": "index.js",
      "size": 916,
      "gzippedSize": 423
    },
    "breakdown": [
      {
        "name": "index.js",
        "size": 916,
        "gzippedSize": 423,
        "percentage": 100
      }
    ]
  },
  "webVitals": {
    "firstContentfulPaint": 863.4419933806079,
    "timeToInteractive": 2281.9173534861843,
    "largestContentfulPaint": 2150.5355684022743,
    "cumulativeLayoutShift": 0.01078700539687798,
    "firstInputDelay": 46.941565285965794,
    "timestamp": 1774607956554
  },
  "runtime": {
    "memoryUsage": {
      "rss": 57131008,
      "heapUsed": 12727760,
      "heapTotal": 20381696,
      "external": 1965320
    },
    "startupTime": 5984.76275,
    "cpuUsage": 215.144,
    "timestamp": 1774607956554
  },
  "violations": [],
  "recommendations": [
    "Largest file (index.js) is 100.0% of bundle - consider splitting or optimizing"
  ],
  "overallStatus": "pass"
}