{
  "timestamp": 1774217058699,
  "bundleSize": {
    "totalSize": 916,
    "gzippedSize": 423,
    "fileCount": 1,
    "largestFile": {
      "name": "index.js",
      "size": 916,
      "gzippedSize": 423
    },
    "breakdown": [
      {
        "name": "index.js",
        "size": 916,
        "gzippedSize": 423,
        "percentage": 100
      }
    ]
  },
  "webVitals": {
    "firstContentfulPaint": 560.8380423851709,
    "timeToInteractive": 2071.7722791497936,
    "largestContentfulPaint": 2357.8561382032008,
    "cumulativeLayoutShift": 0.08884686463305172,
    "firstInputDelay": 52.947734109455155,
    "timestamp": 1774217058699
  },
  "runtime": {
    "memoryUsage": {
      "rss": 62603264,
      "heapUsed": 12902832,
      "heapTotal": 20480000,
      "external": 1970223
    },
    "startupTime": 257.61375,
    "cpuUsage": 154.532,
    "timestamp": 1774217058699
  },
  "violations": [],
  "recommendations": [
    "Largest file (index.js) is 100.0% of bundle - consider splitting or optimizing"
  ],
  "overallStatus": "pass"
}