{
  "timestamp": 1774312350757,
  "bundleSize": {
    "totalSize": 916,
    "gzippedSize": 423,
    "fileCount": 1,
    "largestFile": {
      "name": "index.js",
      "size": 916,
      "gzippedSize": 423
    },
    "breakdown": [
      {
        "name": "index.js",
        "size": 916,
        "gzippedSize": 423,
        "percentage": 100
      }
    ]
  },
  "webVitals": {
    "firstContentfulPaint": 1389.6359409973538,
    "timeToInteractive": 2272.3024153809365,
    "largestContentfulPaint": 1824.384519101599,
    "cumulativeLayoutShift": 0.019581797902545883,
    "firstInputDelay": 72.92876588899023,
    "timestamp": 1774312350757
  },
  "runtime": {
    "memoryUsage": {
      "rss": 61882368,
      "heapUsed": 12573368,
      "heapTotal": 19595264,
      "external": 1971431
    },
    "startupTime": 224.484125,
    "cpuUsage": 137.223,
    "timestamp": 1774312350757
  },
  "violations": [],
  "recommendations": [
    "Largest file (index.js) is 100.0% of bundle - consider splitting or optimizing"
  ],
  "overallStatus": "pass"
}