{
  "timestamp": 1774280658171,
  "bundleSize": {
    "totalSize": 916,
    "gzippedSize": 423,
    "fileCount": 1,
    "largestFile": {
      "name": "index.js",
      "size": 916,
      "gzippedSize": 423
    },
    "breakdown": [
      {
        "name": "index.js",
        "size": 916,
        "gzippedSize": 423,
        "percentage": 100
      }
    ]
  },
  "webVitals": {
    "firstContentfulPaint": 556.2643982717028,
    "timeToInteractive": 2116.8772463775954,
    "largestContentfulPaint": 2097.3004812734493,
    "cumulativeLayoutShift": 0.06278753535029939,
    "firstInputDelay": 28.661699102277193,
    "timestamp": 1774280658171
  },
  "runtime": {
    "memoryUsage": {
      "rss": 56967168,
      "heapUsed": 12727960,
      "heapTotal": 19333120,
      "external": 1966316
    },
    "startupTime": 4401.144542,
    "cpuUsage": 209.936,
    "timestamp": 1774280658171
  },
  "violations": [],
  "recommendations": [
    "Largest file (index.js) is 100.0% of bundle - consider splitting or optimizing"
  ],
  "overallStatus": "pass"
}