{
  "timestamp": 1774632201827,
  "bundleSize": {
    "totalSize": 916,
    "gzippedSize": 423,
    "fileCount": 1,
    "largestFile": {
      "name": "index.js",
      "size": 916,
      "gzippedSize": 423
    },
    "breakdown": [
      {
        "name": "index.js",
        "size": 916,
        "gzippedSize": 423,
        "percentage": 100
      }
    ]
  },
  "webVitals": {
    "firstContentfulPaint": 569.9107654163888,
    "timeToInteractive": 2987.959183804584,
    "largestContentfulPaint": 2358.1913356365826,
    "cumulativeLayoutShift": 0.0071192827073875975,
    "firstInputDelay": 41.89207330268799,
    "timestamp": 1774632201827
  },
  "runtime": {
    "memoryUsage": {
      "rss": 62865408,
      "heapUsed": 13436944,
      "heapTotal": 20414464,
      "external": 1970211
    },
    "startupTime": 392.314916,
    "cpuUsage": 180.891,
    "timestamp": 1774632201827
  },
  "violations": [],
  "recommendations": [
    "Largest file (index.js) is 100.0% of bundle - consider splitting or optimizing"
  ],
  "overallStatus": "pass"
}