{
  "timestamp": 1773680275180,
  "bundleSize": {
    "totalSize": 916,
    "gzippedSize": 423,
    "fileCount": 1,
    "largestFile": {
      "name": "index.js",
      "size": 916,
      "gzippedSize": 423
    },
    "breakdown": [
      {
        "name": "index.js",
        "size": 916,
        "gzippedSize": 423,
        "percentage": 100
      }
    ]
  },
  "webVitals": {
    "firstContentfulPaint": 1433.4524194986566,
    "timeToInteractive": 2046.5429530865486,
    "largestContentfulPaint": 2220.823207644638,
    "cumulativeLayoutShift": 0.02664056984971759,
    "firstInputDelay": 33.038776125987354,
    "timestamp": 1773680275180
  },
  "runtime": {
    "memoryUsage": {
      "rss": 61980672,
      "heapUsed": 12233824,
      "heapTotal": 19857408,
      "external": 1969696
    },
    "startupTime": 390.700375,
    "cpuUsage": 169.948,
    "timestamp": 1773680275180
  },
  "violations": [],
  "recommendations": [
    "Largest file (index.js) is 100.0% of bundle - consider splitting or optimizing"
  ],
  "overallStatus": "pass"
}