{
  "timestamp": 1773855092388,
  "bundleSize": {
    "totalSize": 916,
    "gzippedSize": 423,
    "fileCount": 1,
    "largestFile": {
      "name": "index.js",
      "size": 916,
      "gzippedSize": 423
    },
    "breakdown": [
      {
        "name": "index.js",
        "size": 916,
        "gzippedSize": 423,
        "percentage": 100
      }
    ]
  },
  "webVitals": {
    "firstContentfulPaint": 1106.614677174948,
    "timeToInteractive": 2176.0834224870005,
    "largestContentfulPaint": 1926.8938156498093,
    "cumulativeLayoutShift": 0.09005165832521966,
    "firstInputDelay": 70.71938146451795,
    "timestamp": 1773855092388
  },
  "runtime": {
    "memoryUsage": {
      "rss": 62046208,
      "heapUsed": 12078392,
      "heapTotal": 19595264,
      "external": 1969997
    },
    "startupTime": 266.080666,
    "cpuUsage": 150.616,
    "timestamp": 1773855092388
  },
  "violations": [],
  "recommendations": [
    "Largest file (index.js) is 100.0% of bundle - consider splitting or optimizing"
  ],
  "overallStatus": "pass"
}