{
  "timestamp": 1774276788736,
  "bundleSize": {
    "totalSize": 916,
    "gzippedSize": 423,
    "fileCount": 1,
    "largestFile": {
      "name": "index.js",
      "size": 916,
      "gzippedSize": 423
    },
    "breakdown": [
      {
        "name": "index.js",
        "size": 916,
        "gzippedSize": 423,
        "percentage": 100
      }
    ]
  },
  "webVitals": {
    "firstContentfulPaint": 575.6104551222334,
    "timeToInteractive": 2585.3085936717607,
    "largestContentfulPaint": 2218.2456173151027,
    "cumulativeLayoutShift": 0.08473644432834496,
    "firstInputDelay": 28.84212426377699,
    "timestamp": 1774276788735
  },
  "runtime": {
    "memoryUsage": {
      "rss": 62865408,
      "heapUsed": 12928120,
      "heapTotal": 20152320,
      "external": 1966360
    },
    "startupTime": 530.863833,
    "cpuUsage": 199.091,
    "timestamp": 1774276788735
  },
  "violations": [],
  "recommendations": [
    "Largest file (index.js) is 100.0% of bundle - consider splitting or optimizing"
  ],
  "overallStatus": "pass"
}