{
  "timestamp": 1774658294147,
  "bundleSize": {
    "totalSize": 916,
    "gzippedSize": 423,
    "fileCount": 1,
    "largestFile": {
      "name": "index.js",
      "size": 916,
      "gzippedSize": 423
    },
    "breakdown": [
      {
        "name": "index.js",
        "size": 916,
        "gzippedSize": 423,
        "percentage": 100
      }
    ]
  },
  "webVitals": {
    "firstContentfulPaint": 833.3419237909028,
    "timeToInteractive": 2352.2020461644643,
    "largestContentfulPaint": 1519.0067871527422,
    "cumulativeLayoutShift": 0.019844545191894825,
    "firstInputDelay": 39.24879727171884,
    "timestamp": 1774658294147
  },
  "runtime": {
    "memoryUsage": {
      "rss": 62980096,
      "heapUsed": 12985808,
      "heapTotal": 20185088,
      "external": 1971105
    },
    "startupTime": 392.514209,
    "cpuUsage": 167.707,
    "timestamp": 1774658294147
  },
  "violations": [],
  "recommendations": [
    "Largest file (index.js) is 100.0% of bundle - consider splitting or optimizing"
  ],
  "overallStatus": "pass"
}