{
  "timestamp": 1774014135596,
  "bundleSize": {
    "totalSize": 916,
    "gzippedSize": 423,
    "fileCount": 1,
    "largestFile": {
      "name": "index.js",
      "size": 916,
      "gzippedSize": 423
    },
    "breakdown": [
      {
        "name": "index.js",
        "size": 916,
        "gzippedSize": 423,
        "percentage": 100
      }
    ]
  },
  "webVitals": {
    "firstContentfulPaint": 1143.5753880002585,
    "timeToInteractive": 2255.252911833282,
    "largestContentfulPaint": 1563.0074237932997,
    "cumulativeLayoutShift": 0.019420313892298636,
    "firstInputDelay": 36.77254388609292,
    "timestamp": 1774014135596
  },
  "runtime": {
    "memoryUsage": {
      "rss": 62128128,
      "heapUsed": 12389864,
      "heapTotal": 19857408,
      "external": 1970223
    },
    "startupTime": 295.234875,
    "cpuUsage": 172.323,
    "timestamp": 1774014135596
  },
  "violations": [],
  "recommendations": [
    "Largest file (index.js) is 100.0% of bundle - consider splitting or optimizing"
  ],
  "overallStatus": "pass"
}