{
  "timestamp": 1774511978745,
  "bundleSize": {
    "totalSize": 916,
    "gzippedSize": 423,
    "fileCount": 1,
    "largestFile": {
      "name": "index.js",
      "size": 916,
      "gzippedSize": 423
    },
    "breakdown": [
      {
        "name": "index.js",
        "size": 916,
        "gzippedSize": 423,
        "percentage": 100
      }
    ]
  },
  "webVitals": {
    "firstContentfulPaint": 905.7860916228901,
    "timeToInteractive": 2215.5329450345666,
    "largestContentfulPaint": 2104.4243456794793,
    "cumulativeLayoutShift": 0.02769205308452141,
    "firstInputDelay": 57.02348648723703,
    "timestamp": 1774511978733
  },
  "runtime": {
    "memoryUsage": {
      "rss": 52281344,
      "heapUsed": 12335704,
      "heapTotal": 19857408,
      "external": 1966662
    },
    "startupTime": 11576.257584,
    "cpuUsage": 223.706,
    "timestamp": 1774511978745
  },
  "violations": [],
  "recommendations": [
    "Largest file (index.js) is 100.0% of bundle - consider splitting or optimizing"
  ],
  "overallStatus": "pass"
}