{
  "timestamp": 1773881031522,
  "bundleSize": {
    "totalSize": 916,
    "gzippedSize": 423,
    "fileCount": 1,
    "largestFile": {
      "name": "index.js",
      "size": 916,
      "gzippedSize": 423
    },
    "breakdown": [
      {
        "name": "index.js",
        "size": 916,
        "gzippedSize": 423,
        "percentage": 100
      }
    ]
  },
  "webVitals": {
    "firstContentfulPaint": 785.6016068076015,
    "timeToInteractive": 2563.340492610078,
    "largestContentfulPaint": 1955.8971476272488,
    "cumulativeLayoutShift": 0.07334631119920602,
    "firstInputDelay": 42.17214939654612,
    "timestamp": 1773881031522
  },
  "runtime": {
    "memoryUsage": {
      "rss": 58458112,
      "heapUsed": 12695584,
      "heapTotal": 19857408,
      "external": 1970672
    },
    "startupTime": 1650.161958,
    "cpuUsage": 186.758,
    "timestamp": 1773881031522
  },
  "violations": [],
  "recommendations": [
    "Largest file (index.js) is 100.0% of bundle - consider splitting or optimizing"
  ],
  "overallStatus": "pass"
}