{
  "timestamp": 1774266542662,
  "bundleSize": {
    "totalSize": 916,
    "gzippedSize": 423,
    "fileCount": 1,
    "largestFile": {
      "name": "index.js",
      "size": 916,
      "gzippedSize": 423
    },
    "breakdown": [
      {
        "name": "index.js",
        "size": 916,
        "gzippedSize": 423,
        "percentage": 100
      }
    ]
  },
  "webVitals": {
    "firstContentfulPaint": 1276.3306551887679,
    "timeToInteractive": 2256.221937194783,
    "largestContentfulPaint": 1797.7767783687573,
    "cumulativeLayoutShift": 0.021708814585117087,
    "firstInputDelay": 26.0046690364919,
    "timestamp": 1774266542662
  },
  "runtime": {
    "memoryUsage": {
      "rss": 53362688,
      "heapUsed": 11541048,
      "heapTotal": 15663104,
      "external": 1961848
    },
    "startupTime": 14634.94125,
    "cpuUsage": 249.883,
    "timestamp": 1774266542662
  },
  "violations": [],
  "recommendations": [
    "Largest file (index.js) is 100.0% of bundle - consider splitting or optimizing"
  ],
  "overallStatus": "pass"
}