{
  "timestamp": 1774283239985,
  "bundleSize": {
    "totalSize": 916,
    "gzippedSize": 423,
    "fileCount": 1,
    "largestFile": {
      "name": "index.js",
      "size": 916,
      "gzippedSize": 423
    },
    "breakdown": [
      {
        "name": "index.js",
        "size": 916,
        "gzippedSize": 423,
        "percentage": 100
      }
    ]
  },
  "webVitals": {
    "firstContentfulPaint": 1360.3291449945707,
    "timeToInteractive": 2154.7145396861506,
    "largestContentfulPaint": 1801.1990203088908,
    "cumulativeLayoutShift": 0.06462545374634925,
    "firstInputDelay": 71.1803318025456,
    "timestamp": 1774283239985
  },
  "runtime": {
    "memoryUsage": {
      "rss": 62701568,
      "heapUsed": 13185728,
      "heapTotal": 20643840,
      "external": 1964859
    },
    "startupTime": 414.035084,
    "cpuUsage": 183.288,
    "timestamp": 1774283239985
  },
  "violations": [],
  "recommendations": [
    "Largest file (index.js) is 100.0% of bundle - consider splitting or optimizing"
  ],
  "overallStatus": "pass"
}