{
  "timestamp": 1774618204040,
  "bundleSize": {
    "totalSize": 916,
    "gzippedSize": 423,
    "fileCount": 1,
    "largestFile": {
      "name": "index.js",
      "size": 916,
      "gzippedSize": 423
    },
    "breakdown": [
      {
        "name": "index.js",
        "size": 916,
        "gzippedSize": 423,
        "percentage": 100
      }
    ]
  },
  "webVitals": {
    "firstContentfulPaint": 1326.3641472655274,
    "timeToInteractive": 2932.07858345312,
    "largestContentfulPaint": 1715.1563856003754,
    "cumulativeLayoutShift": 0.013985817301677694,
    "firstInputDelay": 25.088340525145604,
    "timestamp": 1774618204040
  },
  "runtime": {
    "memoryUsage": {
      "rss": 60833792,
      "heapUsed": 12741056,
      "heapTotal": 19595264,
      "external": 1971725
    },
    "startupTime": 656.228334,
    "cpuUsage": 189.019,
    "timestamp": 1774618204040
  },
  "violations": [],
  "recommendations": [
    "Largest file (index.js) is 100.0% of bundle - consider splitting or optimizing"
  ],
  "overallStatus": "pass"
}