{
  "timestamp": 1773883560435,
  "bundleSize": {
    "totalSize": 916,
    "gzippedSize": 423,
    "fileCount": 1,
    "largestFile": {
      "name": "index.js",
      "size": 916,
      "gzippedSize": 423
    },
    "breakdown": [
      {
        "name": "index.js",
        "size": 916,
        "gzippedSize": 423,
        "percentage": 100
      }
    ]
  },
  "webVitals": {
    "firstContentfulPaint": 1059.3742911247168,
    "timeToInteractive": 2281.500456150894,
    "largestContentfulPaint": 1856.9037841613022,
    "cumulativeLayoutShift": 0.038304401810669186,
    "firstInputDelay": 58.92478574249873,
    "timestamp": 1773883560434
  },
  "runtime": {
    "memoryUsage": {
      "rss": 63373312,
      "heapUsed": 13542984,
      "heapTotal": 20185088,
      "external": 1970223
    },
    "startupTime": 333.720917,
    "cpuUsage": 158.627,
    "timestamp": 1773883560434
  },
  "violations": [],
  "recommendations": [
    "Largest file (index.js) is 100.0% of bundle - consider splitting or optimizing"
  ],
  "overallStatus": "pass"
}