{
  "timestamp": 1774111986351,
  "bundleSize": {
    "totalSize": 916,
    "gzippedSize": 423,
    "fileCount": 1,
    "largestFile": {
      "name": "index.js",
      "size": 916,
      "gzippedSize": 423
    },
    "breakdown": [
      {
        "name": "index.js",
        "size": 916,
        "gzippedSize": 423,
        "percentage": 100
      }
    ]
  },
  "webVitals": {
    "firstContentfulPaint": 1406.3367521325483,
    "timeToInteractive": 2311.526201573845,
    "largestContentfulPaint": 2283.9868102865044,
    "cumulativeLayoutShift": 0.03579129823248466,
    "firstInputDelay": 31.286672948333063,
    "timestamp": 1774111986351
  },
  "runtime": {
    "memoryUsage": {
      "rss": 57720832,
      "heapUsed": 12607376,
      "heapTotal": 18022400,
      "external": 2751500
    },
    "startupTime": 188.53675,
    "cpuUsage": 114.065,
    "timestamp": 1774111986351
  },
  "violations": [],
  "recommendations": [
    "Largest file (index.js) is 100.0% of bundle - consider splitting or optimizing"
  ],
  "overallStatus": "pass"
}