{
  "timestamp": 1774271271139,
  "bundleSize": {
    "totalSize": 916,
    "gzippedSize": 423,
    "fileCount": 1,
    "largestFile": {
      "name": "index.js",
      "size": 916,
      "gzippedSize": 423
    },
    "breakdown": [
      {
        "name": "index.js",
        "size": 916,
        "gzippedSize": 423,
        "percentage": 100
      }
    ]
  },
  "webVitals": {
    "firstContentfulPaint": 1374.045930791971,
    "timeToInteractive": 2629.0858208380496,
    "largestContentfulPaint": 2252.889193582662,
    "cumulativeLayoutShift": 0.038730596896227376,
    "firstInputDelay": 40.15320497700594,
    "timestamp": 1774271271139
  },
  "runtime": {
    "memoryUsage": {
      "rss": 62685184,
      "heapUsed": 13282200,
      "heapTotal": 20348928,
      "external": 1970211
    },
    "startupTime": 459.255916,
    "cpuUsage": 193.179,
    "timestamp": 1774271271139
  },
  "violations": [],
  "recommendations": [
    "Largest file (index.js) is 100.0% of bundle - consider splitting or optimizing"
  ],
  "overallStatus": "pass"
}