{
  "timestamp": 1774046354825,
  "bundleSize": {
    "totalSize": 916,
    "gzippedSize": 423,
    "fileCount": 1,
    "largestFile": {
      "name": "index.js",
      "size": 916,
      "gzippedSize": 423
    },
    "breakdown": [
      {
        "name": "index.js",
        "size": 916,
        "gzippedSize": 423,
        "percentage": 100
      }
    ]
  },
  "webVitals": {
    "firstContentfulPaint": 1351.1894859429501,
    "timeToInteractive": 2579.0495890817415,
    "largestContentfulPaint": 2408.2435944495637,
    "cumulativeLayoutShift": 0.002939148484899179,
    "firstInputDelay": 32.831613885167485,
    "timestamp": 1774046354825
  },
  "runtime": {
    "memoryUsage": {
      "rss": 61947904,
      "heapUsed": 12459776,
      "heapTotal": 19595264,
      "external": 1971431
    },
    "startupTime": 358.520917,
    "cpuUsage": 133.448,
    "timestamp": 1774046354825
  },
  "violations": [],
  "recommendations": [
    "Largest file (index.js) is 100.0% of bundle - consider splitting or optimizing"
  ],
  "overallStatus": "pass"
}