{
  "timestamp": 1774541899906,
  "bundleSize": {
    "totalSize": 916,
    "gzippedSize": 423,
    "fileCount": 1,
    "largestFile": {
      "name": "index.js",
      "size": 916,
      "gzippedSize": 423
    },
    "breakdown": [
      {
        "name": "index.js",
        "size": 916,
        "gzippedSize": 423,
        "percentage": 100
      }
    ]
  },
  "webVitals": {
    "firstContentfulPaint": 1360.7389028107925,
    "timeToInteractive": 2339.5573863576747,
    "largestContentfulPaint": 2112.0803857316514,
    "cumulativeLayoutShift": 0.044147131161987346,
    "firstInputDelay": 38.95728389647345,
    "timestamp": 1774541899906
  },
  "runtime": {
    "memoryUsage": {
      "rss": 62308352,
      "heapUsed": 12626904,
      "heapTotal": 20119552,
      "external": 1966360
    },
    "startupTime": 1117.095041,
    "cpuUsage": 188.622,
    "timestamp": 1774541899906
  },
  "violations": [],
  "recommendations": [
    "Largest file (index.js) is 100.0% of bundle - consider splitting or optimizing"
  ],
  "overallStatus": "pass"
}