{
  "timestamp": 1773841326774,
  "bundleSize": {
    "totalSize": 916,
    "gzippedSize": 423,
    "fileCount": 1,
    "largestFile": {
      "name": "index.js",
      "size": 916,
      "gzippedSize": 423
    },
    "breakdown": [
      {
        "name": "index.js",
        "size": 916,
        "gzippedSize": 423,
        "percentage": 100
      }
    ]
  },
  "webVitals": {
    "firstContentfulPaint": 1190.80917895518,
    "timeToInteractive": 2663.4871935401707,
    "largestContentfulPaint": 1523.1412508748929,
    "cumulativeLayoutShift": 0.045321275527448496,
    "firstInputDelay": 62.786511718776694,
    "timestamp": 1773841326774
  },
  "runtime": {
    "memoryUsage": {
      "rss": 62668800,
      "heapUsed": 12138848,
      "heapTotal": 20643840,
      "external": 1964344
    },
    "startupTime": 398.356959,
    "cpuUsage": 178.199,
    "timestamp": 1773841326774
  },
  "violations": [],
  "recommendations": [
    "Largest file (index.js) is 100.0% of bundle - consider splitting or optimizing"
  ],
  "overallStatus": "pass"
}