{
  "timestamp": 1774471573253,
  "bundleSize": {
    "totalSize": 916,
    "gzippedSize": 423,
    "fileCount": 1,
    "largestFile": {
      "name": "index.js",
      "size": 916,
      "gzippedSize": 423
    },
    "breakdown": [
      {
        "name": "index.js",
        "size": 916,
        "gzippedSize": 423,
        "percentage": 100
      }
    ]
  },
  "webVitals": {
    "firstContentfulPaint": 1039.7383300934152,
    "timeToInteractive": 2935.2521300446715,
    "largestContentfulPaint": 2002.899705032939,
    "cumulativeLayoutShift": 0.013319597629201096,
    "firstInputDelay": 74.76649499535905,
    "timestamp": 1774471573253
  },
  "runtime": {
    "memoryUsage": {
      "rss": 62029824,
      "heapUsed": 12773104,
      "heapTotal": 19857408,
      "external": 1971431
    },
    "startupTime": 264.267125,
    "cpuUsage": 162.466,
    "timestamp": 1774471573253
  },
  "violations": [],
  "recommendations": [
    "Largest file (index.js) is 100.0% of bundle - consider splitting or optimizing"
  ],
  "overallStatus": "pass"
}