{
  "timestamp": 1774294014150,
  "bundleSize": {
    "totalSize": 916,
    "gzippedSize": 423,
    "fileCount": 1,
    "largestFile": {
      "name": "index.js",
      "size": 916,
      "gzippedSize": 423
    },
    "breakdown": [
      {
        "name": "index.js",
        "size": 916,
        "gzippedSize": 423,
        "percentage": 100
      }
    ]
  },
  "webVitals": {
    "firstContentfulPaint": 632.4835136334608,
    "timeToInteractive": 2018.2611627365218,
    "largestContentfulPaint": 1792.1616330115326,
    "cumulativeLayoutShift": 0.06878516639305073,
    "firstInputDelay": 35.719381557871074,
    "timestamp": 1774294014150
  },
  "runtime": {
    "memoryUsage": {
      "rss": 57262080,
      "heapUsed": 12866968,
      "heapTotal": 17760256,
      "external": 2744138
    },
    "startupTime": 168.473125,
    "cpuUsage": 104.057,
    "timestamp": 1774294014150
  },
  "violations": [],
  "recommendations": [
    "Largest file (index.js) is 100.0% of bundle - consider splitting or optimizing"
  ],
  "overallStatus": "pass"
}