{
  "timestamp": 1774444747238,
  "bundleSize": {
    "totalSize": 916,
    "gzippedSize": 423,
    "fileCount": 1,
    "largestFile": {
      "name": "index.js",
      "size": 916,
      "gzippedSize": 423
    },
    "breakdown": [
      {
        "name": "index.js",
        "size": 916,
        "gzippedSize": 423,
        "percentage": 100
      }
    ]
  },
  "webVitals": {
    "firstContentfulPaint": 753.9362647018286,
    "timeToInteractive": 2672.910944809894,
    "largestContentfulPaint": 2037.9546427128262,
    "cumulativeLayoutShift": 0.04160813936372818,
    "firstInputDelay": 35.195719241244376,
    "timestamp": 1774444747238
  },
  "runtime": {
    "memoryUsage": {
      "rss": 59981824,
      "heapUsed": 11477704,
      "heapTotal": 20119552,
      "external": 1969831
    },
    "startupTime": 223.333583,
    "cpuUsage": 126.301,
    "timestamp": 1774444747238
  },
  "violations": [],
  "recommendations": [
    "Largest file (index.js) is 100.0% of bundle - consider splitting or optimizing"
  ],
  "overallStatus": "pass"
}