{
  "timestamp": 1774559328605,
  "bundleSize": {
    "totalSize": 916,
    "gzippedSize": 423,
    "fileCount": 1,
    "largestFile": {
      "name": "index.js",
      "size": 916,
      "gzippedSize": 423
    },
    "breakdown": [
      {
        "name": "index.js",
        "size": 916,
        "gzippedSize": 423,
        "percentage": 100
      }
    ]
  },
  "webVitals": {
    "firstContentfulPaint": 1304.954099530652,
    "timeToInteractive": 2979.531752135496,
    "largestContentfulPaint": 1633.5890969540944,
    "cumulativeLayoutShift": 0.02788616531488182,
    "firstInputDelay": 28.905573270339335,
    "timestamp": 1774559328605
  },
  "runtime": {
    "memoryUsage": {
      "rss": 64913408,
      "heapUsed": 12675984,
      "heapTotal": 20381696,
      "external": 2638338
    },
    "startupTime": 200.054167,
    "cpuUsage": 120.968,
    "timestamp": 1774559328605
  },
  "violations": [],
  "recommendations": [
    "Largest file (index.js) is 100.0% of bundle - consider splitting or optimizing"
  ],
  "overallStatus": "pass"
}