{
  "timestamp": 1774471330103,
  "bundleSize": {
    "totalSize": 916,
    "gzippedSize": 423,
    "fileCount": 1,
    "largestFile": {
      "name": "index.js",
      "size": 916,
      "gzippedSize": 423
    },
    "breakdown": [
      {
        "name": "index.js",
        "size": 916,
        "gzippedSize": 423,
        "percentage": 100
      }
    ]
  },
  "webVitals": {
    "firstContentfulPaint": 746.4453881311867,
    "timeToInteractive": 2697.253331947834,
    "largestContentfulPaint": 1676.3652912612126,
    "cumulativeLayoutShift": 0.004984444047203241,
    "firstInputDelay": 31.45800235110363,
    "timestamp": 1774471330103
  },
  "runtime": {
    "memoryUsage": {
      "rss": 61964288,
      "heapUsed": 12555560,
      "heapTotal": 19857408,
      "external": 1965854
    },
    "startupTime": 204.199667,
    "cpuUsage": 130.303,
    "timestamp": 1774471330103
  },
  "violations": [],
  "recommendations": [
    "Largest file (index.js) is 100.0% of bundle - consider splitting or optimizing"
  ],
  "overallStatus": "pass"
}