{
  "timestamp": 1774114083095,
  "bundleSize": {
    "totalSize": 916,
    "gzippedSize": 423,
    "fileCount": 1,
    "largestFile": {
      "name": "index.js",
      "size": 916,
      "gzippedSize": 423
    },
    "breakdown": [
      {
        "name": "index.js",
        "size": 916,
        "gzippedSize": 423,
        "percentage": 100
      }
    ]
  },
  "webVitals": {
    "firstContentfulPaint": 735.2603414886305,
    "timeToInteractive": 2439.6454770565965,
    "largestContentfulPaint": 2257.707568593714,
    "cumulativeLayoutShift": 0.049391669398481476,
    "firstInputDelay": 68.9417086413719,
    "timestamp": 1774114083095
  },
  "runtime": {
    "memoryUsage": {
      "rss": 62734336,
      "heapUsed": 12902400,
      "heapTotal": 21037056,
      "external": 1965320
    },
    "startupTime": 1175.331542,
    "cpuUsage": 198.095,
    "timestamp": 1774114083095
  },
  "violations": [],
  "recommendations": [
    "Largest file (index.js) is 100.0% of bundle - consider splitting or optimizing"
  ],
  "overallStatus": "pass"
}