{
  "timestamp": 1774227038234,
  "bundleSize": {
    "totalSize": 916,
    "gzippedSize": 423,
    "fileCount": 1,
    "largestFile": {
      "name": "index.js",
      "size": 916,
      "gzippedSize": 423
    },
    "breakdown": [
      {
        "name": "index.js",
        "size": 916,
        "gzippedSize": 423,
        "percentage": 100
      }
    ]
  },
  "webVitals": {
    "firstContentfulPaint": 576.1619326997597,
    "timeToInteractive": 2421.0560029534104,
    "largestContentfulPaint": 2441.3339897894284,
    "cumulativeLayoutShift": 0.03821409516057597,
    "firstInputDelay": 56.188983065016075,
    "timestamp": 1774227038232
  },
  "runtime": {
    "memoryUsage": {
      "rss": 60473344,
      "heapUsed": 13771128,
      "heapTotal": 20561920,
      "external": 1967701
    },
    "startupTime": 1485.706917,
    "cpuUsage": 229.118,
    "timestamp": 1774227038234
  },
  "violations": [],
  "recommendations": [
    "Largest file (index.js) is 100.0% of bundle - consider splitting or optimizing"
  ],
  "overallStatus": "pass"
}