{
  "timestamp": 1774278283785,
  "bundleSize": {
    "totalSize": 916,
    "gzippedSize": 423,
    "fileCount": 1,
    "largestFile": {
      "name": "index.js",
      "size": 916,
      "gzippedSize": 423
    },
    "breakdown": [
      {
        "name": "index.js",
        "size": 916,
        "gzippedSize": 423,
        "percentage": 100
      }
    ]
  },
  "webVitals": {
    "firstContentfulPaint": 1173.6376794310677,
    "timeToInteractive": 2691.8146967290195,
    "largestContentfulPaint": 1510.325904168291,
    "cumulativeLayoutShift": 0.01983881485073793,
    "firstInputDelay": 71.64044302496134,
    "timestamp": 1774278283785
  },
  "runtime": {
    "memoryUsage": {
      "rss": 61800448,
      "heapUsed": 12336296,
      "heapTotal": 19857408,
      "external": 1971431
    },
    "startupTime": 225.829833,
    "cpuUsage": 139.709,
    "timestamp": 1774278283785
  },
  "violations": [],
  "recommendations": [
    "Largest file (index.js) is 100.0% of bundle - consider splitting or optimizing"
  ],
  "overallStatus": "pass"
}