{
  "timestamp": 1774283153548,
  "bundleSize": {
    "totalSize": 916,
    "gzippedSize": 423,
    "fileCount": 1,
    "largestFile": {
      "name": "index.js",
      "size": 916,
      "gzippedSize": 423
    },
    "breakdown": [
      {
        "name": "index.js",
        "size": 916,
        "gzippedSize": 423,
        "percentage": 100
      }
    ]
  },
  "webVitals": {
    "firstContentfulPaint": 1339.4691346596146,
    "timeToInteractive": 2960.188095527732,
    "largestContentfulPaint": 2163.890006931804,
    "cumulativeLayoutShift": 0.06750358938526009,
    "firstInputDelay": 62.594823662209286,
    "timestamp": 1774283153547
  },
  "runtime": {
    "memoryUsage": {
      "rss": 63520768,
      "heapUsed": 13206104,
      "heapTotal": 20643840,
      "external": 1970555
    },
    "startupTime": 474.759292,
    "cpuUsage": 177.023,
    "timestamp": 1774283153548
  },
  "violations": [],
  "recommendations": [
    "Largest file (index.js) is 100.0% of bundle - consider splitting or optimizing"
  ],
  "overallStatus": "pass"
}