{
  "timestamp": 1774632779143,
  "bundleSize": {
    "totalSize": 916,
    "gzippedSize": 423,
    "fileCount": 1,
    "largestFile": {
      "name": "index.js",
      "size": 916,
      "gzippedSize": 423
    },
    "breakdown": [
      {
        "name": "index.js",
        "size": 916,
        "gzippedSize": 423,
        "percentage": 100
      }
    ]
  },
  "webVitals": {
    "firstContentfulPaint": 1361.3549260434086,
    "timeToInteractive": 2372.213418979226,
    "largestContentfulPaint": 2185.3461695569717,
    "cumulativeLayoutShift": 0.05318828863079446,
    "firstInputDelay": 72.58021134838535,
    "timestamp": 1774632779142
  },
  "runtime": {
    "memoryUsage": {
      "rss": 62078976,
      "heapUsed": 12289728,
      "heapTotal": 20119552,
      "external": 1965854
    },
    "startupTime": 212.208375,
    "cpuUsage": 137.116,
    "timestamp": 1774632779143
  },
  "violations": [],
  "recommendations": [
    "Largest file (index.js) is 100.0% of bundle - consider splitting or optimizing"
  ],
  "overallStatus": "pass"
}