{
  "timestamp": 1773888783401,
  "bundleSize": {
    "totalSize": 916,
    "gzippedSize": 423,
    "fileCount": 1,
    "largestFile": {
      "name": "index.js",
      "size": 916,
      "gzippedSize": 423
    },
    "breakdown": [
      {
        "name": "index.js",
        "size": 916,
        "gzippedSize": 423,
        "percentage": 100
      }
    ]
  },
  "webVitals": {
    "firstContentfulPaint": 1091.8373565184415,
    "timeToInteractive": 2100.2905468215126,
    "largestContentfulPaint": 2005.8837061899385,
    "cumulativeLayoutShift": 0.09149077420023018,
    "firstInputDelay": 54.90888325920301,
    "timestamp": 1773888783401
  },
  "runtime": {
    "memoryUsage": {
      "rss": 62963712,
      "heapUsed": 13639160,
      "heapTotal": 20480000,
      "external": 1967413
    },
    "startupTime": 405.864834,
    "cpuUsage": 181.51,
    "timestamp": 1773888783401
  },
  "violations": [],
  "recommendations": [
    "Largest file (index.js) is 100.0% of bundle - consider splitting or optimizing"
  ],
  "overallStatus": "pass"
}