{
  "timestamp": 1773770545334,
  "bundleSize": {
    "totalSize": 916,
    "gzippedSize": 423,
    "fileCount": 1,
    "largestFile": {
      "name": "index.js",
      "size": 916,
      "gzippedSize": 423
    },
    "breakdown": [
      {
        "name": "index.js",
        "size": 916,
        "gzippedSize": 423,
        "percentage": 100
      }
    ]
  },
  "webVitals": {
    "firstContentfulPaint": 1376.2320812887247,
    "timeToInteractive": 2170.6472161723336,
    "largestContentfulPaint": 1548.2594938325412,
    "cumulativeLayoutShift": 0.08856078364083426,
    "firstInputDelay": 59.21263847911212,
    "timestamp": 1773770545334
  },
  "runtime": {
    "memoryUsage": {
      "rss": 62341120,
      "heapUsed": 12076880,
      "heapTotal": 20119552,
      "external": 1970916
    },
    "startupTime": 221.871125,
    "cpuUsage": 141.487,
    "timestamp": 1773770545334
  },
  "violations": [],
  "recommendations": [
    "Largest file (index.js) is 100.0% of bundle - consider splitting or optimizing"
  ],
  "overallStatus": "pass"
}