{
  "timestamp": 1774515411502,
  "bundleSize": {
    "totalSize": 916,
    "gzippedSize": 423,
    "fileCount": 1,
    "largestFile": {
      "name": "index.js",
      "size": 916,
      "gzippedSize": 423
    },
    "breakdown": [
      {
        "name": "index.js",
        "size": 916,
        "gzippedSize": 423,
        "percentage": 100
      }
    ]
  },
  "webVitals": {
    "firstContentfulPaint": 754.6304391647902,
    "timeToInteractive": 2833.957354512766,
    "largestContentfulPaint": 2265.1741394985174,
    "cumulativeLayoutShift": 0.05458065433863364,
    "firstInputDelay": 29.557403155089588,
    "timestamp": 1774515411502
  },
  "runtime": {
    "memoryUsage": {
      "rss": 61505536,
      "heapUsed": 12496920,
      "heapTotal": 19857408,
      "external": 1970223
    },
    "startupTime": 266.325375,
    "cpuUsage": 156.828,
    "timestamp": 1774515411502
  },
  "violations": [],
  "recommendations": [
    "Largest file (index.js) is 100.0% of bundle - consider splitting or optimizing"
  ],
  "overallStatus": "pass"
}