{
  "timestamp": 1774483123783,
  "bundleSize": {
    "totalSize": 916,
    "gzippedSize": 423,
    "fileCount": 1,
    "largestFile": {
      "name": "index.js",
      "size": 916,
      "gzippedSize": 423
    },
    "breakdown": [
      {
        "name": "index.js",
        "size": 916,
        "gzippedSize": 423,
        "percentage": 100
      }
    ]
  },
  "webVitals": {
    "firstContentfulPaint": 908.6236201791551,
    "timeToInteractive": 2533.793407113735,
    "largestContentfulPaint": 2174.3375660911142,
    "cumulativeLayoutShift": 0.039088935260056634,
    "firstInputDelay": 28.816675283702832,
    "timestamp": 1774483123783
  },
  "runtime": {
    "memoryUsage": {
      "rss": 62144512,
      "heapUsed": 12335128,
      "heapTotal": 19857408,
      "external": 1970223
    },
    "startupTime": 276.098416,
    "cpuUsage": 147.323,
    "timestamp": 1774483123783
  },
  "violations": [],
  "recommendations": [
    "Largest file (index.js) is 100.0% of bundle - consider splitting or optimizing"
  ],
  "overallStatus": "pass"
}