{
  "timestamp": 1774535241408,
  "bundleSize": {
    "totalSize": 916,
    "gzippedSize": 423,
    "fileCount": 1,
    "largestFile": {
      "name": "index.js",
      "size": 916,
      "gzippedSize": 423
    },
    "breakdown": [
      {
        "name": "index.js",
        "size": 916,
        "gzippedSize": 423,
        "percentage": 100
      }
    ]
  },
  "webVitals": {
    "firstContentfulPaint": 707.4170898111005,
    "timeToInteractive": 2316.368431533021,
    "largestContentfulPaint": 2009.4912792728796,
    "cumulativeLayoutShift": 0.05692494193404416,
    "firstInputDelay": 58.62595289931319,
    "timestamp": 1774535241408
  },
  "runtime": {
    "memoryUsage": {
      "rss": 58933248,
      "heapUsed": 12546344,
      "heapTotal": 20119552,
      "external": 1967162
    },
    "startupTime": 2353.357125,
    "cpuUsage": 192.298,
    "timestamp": 1774535241408
  },
  "violations": [],
  "recommendations": [
    "Largest file (index.js) is 100.0% of bundle - consider splitting or optimizing"
  ],
  "overallStatus": "pass"
}