{
  "timestamp": 1774624290357,
  "bundleSize": {
    "totalSize": 916,
    "gzippedSize": 423,
    "fileCount": 1,
    "largestFile": {
      "name": "index.js",
      "size": 916,
      "gzippedSize": 423
    },
    "breakdown": [
      {
        "name": "index.js",
        "size": 916,
        "gzippedSize": 423,
        "percentage": 100
      }
    ]
  },
  "webVitals": {
    "firstContentfulPaint": 1423.9810943146426,
    "timeToInteractive": 2187.8940094834393,
    "largestContentfulPaint": 1879.9896937590875,
    "cumulativeLayoutShift": 0.01340727038209626,
    "firstInputDelay": 64.88281821716662,
    "timestamp": 1774624290357
  },
  "runtime": {
    "memoryUsage": {
      "rss": 61603840,
      "heapUsed": 12591920,
      "heapTotal": 19595264,
      "external": 1970949
    },
    "startupTime": 240.522125,
    "cpuUsage": 142.782,
    "timestamp": 1774624290357
  },
  "violations": [],
  "recommendations": [
    "Largest file (index.js) is 100.0% of bundle - consider splitting or optimizing"
  ],
  "overallStatus": "pass"
}