{
  "timestamp": 1774276806317,
  "bundleSize": {
    "totalSize": 916,
    "gzippedSize": 423,
    "fileCount": 1,
    "largestFile": {
      "name": "index.js",
      "size": 916,
      "gzippedSize": 423
    },
    "breakdown": [
      {
        "name": "index.js",
        "size": 916,
        "gzippedSize": 423,
        "percentage": 100
      }
    ]
  },
  "webVitals": {
    "firstContentfulPaint": 1379.581803493694,
    "timeToInteractive": 2372.2364750769284,
    "largestContentfulPaint": 2120.5325500676213,
    "cumulativeLayoutShift": 0.01861266637496246,
    "firstInputDelay": 44.13103946844235,
    "timestamp": 1774276806316
  },
  "runtime": {
    "memoryUsage": {
      "rss": 62275584,
      "heapUsed": 12694552,
      "heapTotal": 20381696,
      "external": 1966360
    },
    "startupTime": 2278.715958,
    "cpuUsage": 183.903,
    "timestamp": 1774276806317
  },
  "violations": [],
  "recommendations": [
    "Largest file (index.js) is 100.0% of bundle - consider splitting or optimizing"
  ],
  "overallStatus": "pass"
}