{
  "timestamp": 1774537702321,
  "bundleSize": {
    "totalSize": 916,
    "gzippedSize": 423,
    "fileCount": 1,
    "largestFile": {
      "name": "index.js",
      "size": 916,
      "gzippedSize": 423
    },
    "breakdown": [
      {
        "name": "index.js",
        "size": 916,
        "gzippedSize": 423,
        "percentage": 100
      }
    ]
  },
  "webVitals": {
    "firstContentfulPaint": 1093.1704231884466,
    "timeToInteractive": 2818.4752302545903,
    "largestContentfulPaint": 1862.7384471580892,
    "cumulativeLayoutShift": 0.07445630480143817,
    "firstInputDelay": 26.209163024707237,
    "timestamp": 1774537702320
  },
  "runtime": {
    "memoryUsage": {
      "rss": 61145088,
      "heapUsed": 13150920,
      "heapTotal": 20512768,
      "external": 1966360
    },
    "startupTime": 2282.955625,
    "cpuUsage": 195.765,
    "timestamp": 1774537702321
  },
  "violations": [],
  "recommendations": [
    "Largest file (index.js) is 100.0% of bundle - consider splitting or optimizing"
  ],
  "overallStatus": "pass"
}