{
  "timestamp": 1774035613802,
  "bundleSize": {
    "totalSize": 916,
    "gzippedSize": 423,
    "fileCount": 1,
    "largestFile": {
      "name": "index.js",
      "size": 916,
      "gzippedSize": 423
    },
    "breakdown": [
      {
        "name": "index.js",
        "size": 916,
        "gzippedSize": 423,
        "percentage": 100
      }
    ]
  },
  "webVitals": {
    "firstContentfulPaint": 930.2140327369184,
    "timeToInteractive": 2097.0404995089125,
    "largestContentfulPaint": 2378.9492264835653,
    "cumulativeLayoutShift": 0.05581262575145301,
    "firstInputDelay": 50.09713134758932,
    "timestamp": 1774035613801
  },
  "runtime": {
    "memoryUsage": {
      "rss": 62390272,
      "heapUsed": 12399368,
      "heapTotal": 20119552,
      "external": 1965899
    },
    "startupTime": 459.834959,
    "cpuUsage": 201.418,
    "timestamp": 1774035613802
  },
  "violations": [],
  "recommendations": [
    "Largest file (index.js) is 100.0% of bundle - consider splitting or optimizing"
  ],
  "overallStatus": "pass"
}