{
  "timestamp": 1774213858208,
  "bundleSize": {
    "totalSize": 916,
    "gzippedSize": 423,
    "fileCount": 1,
    "largestFile": {
      "name": "index.js",
      "size": 916,
      "gzippedSize": 423
    },
    "breakdown": [
      {
        "name": "index.js",
        "size": 916,
        "gzippedSize": 423,
        "percentage": 100
      }
    ]
  },
  "webVitals": {
    "firstContentfulPaint": 1333.3260379490082,
    "timeToInteractive": 2112.921030436504,
    "largestContentfulPaint": 2454.9663287328467,
    "cumulativeLayoutShift": 0.06388405978358205,
    "firstInputDelay": 64.76470000160717,
    "timestamp": 1774213858208
  },
  "runtime": {
    "memoryUsage": {
      "rss": 62603264,
      "heapUsed": 12991536,
      "heapTotal": 20185088,
      "external": 1971431
    },
    "startupTime": 211.133875,
    "cpuUsage": 134.702,
    "timestamp": 1774213858208
  },
  "violations": [],
  "recommendations": [
    "Largest file (index.js) is 100.0% of bundle - consider splitting or optimizing"
  ],
  "overallStatus": "pass"
}