{
  "timestamp": 1774545904520,
  "bundleSize": {
    "totalSize": 916,
    "gzippedSize": 423,
    "fileCount": 1,
    "largestFile": {
      "name": "index.js",
      "size": 916,
      "gzippedSize": 423
    },
    "breakdown": [
      {
        "name": "index.js",
        "size": 916,
        "gzippedSize": 423,
        "percentage": 100
      }
    ]
  },
  "webVitals": {
    "firstContentfulPaint": 660.8766611316132,
    "timeToInteractive": 2490.5111643955006,
    "largestContentfulPaint": 2291.7077379742623,
    "cumulativeLayoutShift": 0.03345227994859179,
    "firstInputDelay": 60.45370200988501,
    "timestamp": 1774545904520
  },
  "runtime": {
    "memoryUsage": {
      "rss": 61390848,
      "heapUsed": 12834064,
      "heapTotal": 19857408,
      "external": 1970211
    },
    "startupTime": 679.989583,
    "cpuUsage": 176.067,
    "timestamp": 1774545904520
  },
  "violations": [],
  "recommendations": [
    "Largest file (index.js) is 100.0% of bundle - consider splitting or optimizing"
  ],
  "overallStatus": "pass"
}