{
  "timestamp": 1774281308697,
  "bundleSize": {
    "totalSize": 916,
    "gzippedSize": 423,
    "fileCount": 1,
    "largestFile": {
      "name": "index.js",
      "size": 916,
      "gzippedSize": 423
    },
    "breakdown": [
      {
        "name": "index.js",
        "size": 916,
        "gzippedSize": 423,
        "percentage": 100
      }
    ]
  },
  "webVitals": {
    "firstContentfulPaint": 973.8993860948501,
    "timeToInteractive": 2476.5080715402933,
    "largestContentfulPaint": 2283.8842333363727,
    "cumulativeLayoutShift": 0.06751444751947336,
    "firstInputDelay": 40.02978300059251,
    "timestamp": 1774281308697
  },
  "runtime": {
    "memoryUsage": {
      "rss": 46858240,
      "heapUsed": 10618232,
      "heapTotal": 12255232,
      "external": 1964943
    },
    "startupTime": 14473.209542,
    "cpuUsage": 284.8,
    "timestamp": 1774281308697
  },
  "violations": [],
  "recommendations": [
    "Largest file (index.js) is 100.0% of bundle - consider splitting or optimizing"
  ],
  "overallStatus": "pass"
}