{
  "timestamp": 1774311593272,
  "bundleSize": {
    "totalSize": 916,
    "gzippedSize": 423,
    "fileCount": 1,
    "largestFile": {
      "name": "index.js",
      "size": 916,
      "gzippedSize": 423
    },
    "breakdown": [
      {
        "name": "index.js",
        "size": 916,
        "gzippedSize": 423,
        "percentage": 100
      }
    ]
  },
  "webVitals": {
    "firstContentfulPaint": 1080.3775216565514,
    "timeToInteractive": 2502.298878225229,
    "largestContentfulPaint": 1755.6653719728404,
    "cumulativeLayoutShift": 0.05125381360079384,
    "firstInputDelay": 50.493527966362585,
    "timestamp": 1774311593271
  },
  "runtime": {
    "memoryUsage": {
      "rss": 61554688,
      "heapUsed": 12321000,
      "heapTotal": 20381696,
      "external": 1964859
    },
    "startupTime": 434.773167,
    "cpuUsage": 186.693,
    "timestamp": 1774311593272
  },
  "violations": [],
  "recommendations": [
    "Largest file (index.js) is 100.0% of bundle - consider splitting or optimizing"
  ],
  "overallStatus": "pass"
}