{
  "timestamp": 1774264473577,
  "bundleSize": {
    "totalSize": 916,
    "gzippedSize": 423,
    "fileCount": 1,
    "largestFile": {
      "name": "index.js",
      "size": 916,
      "gzippedSize": 423
    },
    "breakdown": [
      {
        "name": "index.js",
        "size": 916,
        "gzippedSize": 423,
        "percentage": 100
      }
    ]
  },
  "webVitals": {
    "firstContentfulPaint": 1406.5361964847662,
    "timeToInteractive": 2343.1554447639974,
    "largestContentfulPaint": 2183.7509185796207,
    "cumulativeLayoutShift": 0.007677848229885709,
    "firstInputDelay": 42.58966982915325,
    "timestamp": 1774264473577
  },
  "runtime": {
    "memoryUsage": {
      "rss": 49922048,
      "heapUsed": 11208600,
      "heapTotal": 15400960,
      "external": 1962931
    },
    "startupTime": 15495.291,
    "cpuUsage": 298.835,
    "timestamp": 1774264473577
  },
  "violations": [],
  "recommendations": [
    "Largest file (index.js) is 100.0% of bundle - consider splitting or optimizing"
  ],
  "overallStatus": "pass"
}