{
  "timestamp": 1774269398286,
  "bundleSize": {
    "totalSize": 916,
    "gzippedSize": 423,
    "fileCount": 1,
    "largestFile": {
      "name": "index.js",
      "size": 916,
      "gzippedSize": 423
    },
    "breakdown": [
      {
        "name": "index.js",
        "size": 916,
        "gzippedSize": 423,
        "percentage": 100
      }
    ]
  },
  "webVitals": {
    "firstContentfulPaint": 1488.8310146586855,
    "timeToInteractive": 2488.9842682111553,
    "largestContentfulPaint": 2278.633119960311,
    "cumulativeLayoutShift": 0.0014847275828191453,
    "firstInputDelay": 69.293940959421,
    "timestamp": 1774269398286
  },
  "runtime": {
    "memoryUsage": {
      "rss": 61931520,
      "heapUsed": 12831376,
      "heapTotal": 20381696,
      "external": 1971431
    },
    "startupTime": 215.085875,
    "cpuUsage": 133.246,
    "timestamp": 1774269398286
  },
  "violations": [],
  "recommendations": [
    "Largest file (index.js) is 100.0% of bundle - consider splitting or optimizing"
  ],
  "overallStatus": "pass"
}