{
  "timestamp": 1774265586293,
  "bundleSize": {
    "totalSize": 916,
    "gzippedSize": 423,
    "fileCount": 1,
    "largestFile": {
      "name": "index.js",
      "size": 916,
      "gzippedSize": 423
    },
    "breakdown": [
      {
        "name": "index.js",
        "size": 916,
        "gzippedSize": 423,
        "percentage": 100
      }
    ]
  },
  "webVitals": {
    "firstContentfulPaint": 903.6074332883253,
    "timeToInteractive": 2631.7237979910033,
    "largestContentfulPaint": 2491.3426387469717,
    "cumulativeLayoutShift": 0.08809495328774584,
    "firstInputDelay": 26.052886833467824,
    "timestamp": 1774265586293
  },
  "runtime": {
    "memoryUsage": {
      "rss": 51904512,
      "heapUsed": 12536824,
      "heapTotal": 19857408,
      "external": 1967894
    },
    "startupTime": 6442.472875,
    "cpuUsage": 233.993,
    "timestamp": 1774265586293
  },
  "violations": [],
  "recommendations": [
    "Largest file (index.js) is 100.0% of bundle - consider splitting or optimizing"
  ],
  "overallStatus": "pass"
}