{
  "timestamp": 1773851553246,
  "bundleSize": {
    "totalSize": 916,
    "gzippedSize": 423,
    "fileCount": 1,
    "largestFile": {
      "name": "index.js",
      "size": 916,
      "gzippedSize": 423
    },
    "breakdown": [
      {
        "name": "index.js",
        "size": 916,
        "gzippedSize": 423,
        "percentage": 100
      }
    ]
  },
  "webVitals": {
    "firstContentfulPaint": 1498.9445902408374,
    "timeToInteractive": 2338.500355512988,
    "largestContentfulPaint": 1510.0740001024647,
    "cumulativeLayoutShift": 0.09643665399187443,
    "firstInputDelay": 65.38044947187714,
    "timestamp": 1773851553246
  },
  "runtime": {
    "memoryUsage": {
      "rss": 58425344,
      "heapUsed": 12027440,
      "heapTotal": 20643840,
      "external": 1966756
    },
    "startupTime": 1826.777042,
    "cpuUsage": 198.615,
    "timestamp": 1773851553246
  },
  "violations": [],
  "recommendations": [
    "Largest file (index.js) is 100.0% of bundle - consider splitting or optimizing"
  ],
  "overallStatus": "pass"
}