{
  "timestamp": 1774225390038,
  "bundleSize": {
    "totalSize": 916,
    "gzippedSize": 423,
    "fileCount": 1,
    "largestFile": {
      "name": "index.js",
      "size": 916,
      "gzippedSize": 423
    },
    "breakdown": [
      {
        "name": "index.js",
        "size": 916,
        "gzippedSize": 423,
        "percentage": 100
      }
    ]
  },
  "webVitals": {
    "firstContentfulPaint": 1404.928902288236,
    "timeToInteractive": 2791.1603515048955,
    "largestContentfulPaint": 1702.8494705453288,
    "cumulativeLayoutShift": 0.013666229896836657,
    "firstInputDelay": 61.11236610345484,
    "timestamp": 1774225390038
  },
  "runtime": {
    "memoryUsage": {
      "rss": 60162048,
      "heapUsed": 12545648,
      "heapTotal": 19857408,
      "external": 1965320
    },
    "startupTime": 3944.108625,
    "cpuUsage": 187.447,
    "timestamp": 1774225390038
  },
  "violations": [],
  "recommendations": [
    "Largest file (index.js) is 100.0% of bundle - consider splitting or optimizing"
  ],
  "overallStatus": "pass"
}