{
  "timestamp": 1774017972300,
  "bundleSize": {
    "totalSize": 916,
    "gzippedSize": 423,
    "fileCount": 1,
    "largestFile": {
      "name": "index.js",
      "size": 916,
      "gzippedSize": 423
    },
    "breakdown": [
      {
        "name": "index.js",
        "size": 916,
        "gzippedSize": 423,
        "percentage": 100
      }
    ]
  },
  "webVitals": {
    "firstContentfulPaint": 1457.7967919124453,
    "timeToInteractive": 2214.750962316277,
    "largestContentfulPaint": 2267.4205499843474,
    "cumulativeLayoutShift": 0.040407010562209106,
    "firstInputDelay": 27.334801315792813,
    "timestamp": 1774017972300
  },
  "runtime": {
    "memoryUsage": {
      "rss": 62111744,
      "heapUsed": 12979456,
      "heapTotal": 20119552,
      "external": 1970223
    },
    "startupTime": 329.596875,
    "cpuUsage": 179.761,
    "timestamp": 1774017972300
  },
  "violations": [],
  "recommendations": [
    "Largest file (index.js) is 100.0% of bundle - consider splitting or optimizing"
  ],
  "overallStatus": "pass"
}