{
  "timestamp": 1774280106695,
  "bundleSize": {
    "totalSize": 916,
    "gzippedSize": 423,
    "fileCount": 1,
    "largestFile": {
      "name": "index.js",
      "size": 916,
      "gzippedSize": 423
    },
    "breakdown": [
      {
        "name": "index.js",
        "size": 916,
        "gzippedSize": 423,
        "percentage": 100
      }
    ]
  },
  "webVitals": {
    "firstContentfulPaint": 904.0546303537407,
    "timeToInteractive": 2138.7839319986088,
    "largestContentfulPaint": 1949.4695689717828,
    "cumulativeLayoutShift": 0.048150206802589884,
    "firstInputDelay": 52.48514723303721,
    "timestamp": 1774280106695
  },
  "runtime": {
    "memoryUsage": {
      "rss": 46989312,
      "heapUsed": 10819544,
      "heapTotal": 12779520,
      "external": 1965128
    },
    "startupTime": 17945.161291,
    "cpuUsage": 301.082,
    "timestamp": 1774280106695
  },
  "violations": [],
  "recommendations": [
    "Largest file (index.js) is 100.0% of bundle - consider splitting or optimizing"
  ],
  "overallStatus": "pass"
}