{
  "timestamp": 1774264862100,
  "bundleSize": {
    "totalSize": 916,
    "gzippedSize": 423,
    "fileCount": 1,
    "largestFile": {
      "name": "index.js",
      "size": 916,
      "gzippedSize": 423
    },
    "breakdown": [
      {
        "name": "index.js",
        "size": 916,
        "gzippedSize": 423,
        "percentage": 100
      }
    ]
  },
  "webVitals": {
    "firstContentfulPaint": 1060.8528297316564,
    "timeToInteractive": 2796.602461363599,
    "largestContentfulPaint": 1997.6372220668197,
    "cumulativeLayoutShift": 0.09835615015337316,
    "firstInputDelay": 42.8809337117113,
    "timestamp": 1774264862100
  },
  "runtime": {
    "memoryUsage": {
      "rss": 57376768,
      "heapUsed": 12898688,
      "heapTotal": 19857408,
      "external": 1966315
    },
    "startupTime": 3139.472792,
    "cpuUsage": 203.937,
    "timestamp": 1774264862100
  },
  "violations": [],
  "recommendations": [
    "Largest file (index.js) is 100.0% of bundle - consider splitting or optimizing"
  ],
  "overallStatus": "pass"
}