{
  "timestamp": 1774224261021,
  "bundleSize": {
    "totalSize": 916,
    "gzippedSize": 423,
    "fileCount": 1,
    "largestFile": {
      "name": "index.js",
      "size": 916,
      "gzippedSize": 423
    },
    "breakdown": [
      {
        "name": "index.js",
        "size": 916,
        "gzippedSize": 423,
        "percentage": 100
      }
    ]
  },
  "webVitals": {
    "firstContentfulPaint": 1278.0495689539316,
    "timeToInteractive": 2999.912165551954,
    "largestContentfulPaint": 1556.6159145335198,
    "cumulativeLayoutShift": 0.06555756136377454,
    "firstInputDelay": 70.43563875018845,
    "timestamp": 1774224261020
  },
  "runtime": {
    "memoryUsage": {
      "rss": 57884672,
      "heapUsed": 12706736,
      "heapTotal": 19595264,
      "external": 1966360
    },
    "startupTime": 2712.820375,
    "cpuUsage": 184.041,
    "timestamp": 1774224261021
  },
  "violations": [],
  "recommendations": [
    "Largest file (index.js) is 100.0% of bundle - consider splitting or optimizing"
  ],
  "overallStatus": "pass"
}