{
  "timestamp": 1773933428180,
  "bundleSize": {
    "totalSize": 916,
    "gzippedSize": 423,
    "fileCount": 1,
    "largestFile": {
      "name": "index.js",
      "size": 916,
      "gzippedSize": 423
    },
    "breakdown": [
      {
        "name": "index.js",
        "size": 916,
        "gzippedSize": 423,
        "percentage": 100
      }
    ]
  },
  "webVitals": {
    "firstContentfulPaint": 1323.9937901797211,
    "timeToInteractive": 2997.8388511762887,
    "largestContentfulPaint": 2347.033078605942,
    "cumulativeLayoutShift": 0.015343445546965429,
    "firstInputDelay": 72.77790929796106,
    "timestamp": 1773933428180
  },
  "runtime": {
    "memoryUsage": {
      "rss": 62406656,
      "heapUsed": 12591664,
      "heapTotal": 20119552,
      "external": 1969216
    },
    "startupTime": 395.555375,
    "cpuUsage": 197.081,
    "timestamp": 1773933428180
  },
  "violations": [],
  "recommendations": [
    "Largest file (index.js) is 100.0% of bundle - consider splitting or optimizing"
  ],
  "overallStatus": "pass"
}