{
  "timestamp": 1773947236374,
  "bundleSize": {
    "totalSize": 916,
    "gzippedSize": 423,
    "fileCount": 1,
    "largestFile": {
      "name": "index.js",
      "size": 916,
      "gzippedSize": 423
    },
    "breakdown": [
      {
        "name": "index.js",
        "size": 916,
        "gzippedSize": 423,
        "percentage": 100
      }
    ]
  },
  "webVitals": {
    "firstContentfulPaint": 847.8701236567483,
    "timeToInteractive": 2621.9916254853683,
    "largestContentfulPaint": 1504.1203608805963,
    "cumulativeLayoutShift": 0.02449812219207559,
    "firstInputDelay": 35.86795944992042,
    "timestamp": 1773947236374
  },
  "runtime": {
    "memoryUsage": {
      "rss": 62324736,
      "heapUsed": 13074904,
      "heapTotal": 20119552,
      "external": 1970166
    },
    "startupTime": 324.164584,
    "cpuUsage": 189.067,
    "timestamp": 1773947236374
  },
  "violations": [],
  "recommendations": [
    "Largest file (index.js) is 100.0% of bundle - consider splitting or optimizing"
  ],
  "overallStatus": "pass"
}