{
  "timestamp": 1774049884117,
  "bundleSize": {
    "totalSize": 916,
    "gzippedSize": 423,
    "fileCount": 1,
    "largestFile": {
      "name": "index.js",
      "size": 916,
      "gzippedSize": 423
    },
    "breakdown": [
      {
        "name": "index.js",
        "size": 916,
        "gzippedSize": 423,
        "percentage": 100
      }
    ]
  },
  "webVitals": {
    "firstContentfulPaint": 746.2176746796528,
    "timeToInteractive": 2516.9061728326906,
    "largestContentfulPaint": 2144.815664832048,
    "cumulativeLayoutShift": 0.008650934003221256,
    "firstInputDelay": 58.64006353178579,
    "timestamp": 1774049884117
  },
  "runtime": {
    "memoryUsage": {
      "rss": 61833216,
      "heapUsed": 12935600,
      "heapTotal": 19595264,
      "external": 1970211
    },
    "startupTime": 289.130792,
    "cpuUsage": 151.597,
    "timestamp": 1774049884117
  },
  "violations": [],
  "recommendations": [
    "Largest file (index.js) is 100.0% of bundle - consider splitting or optimizing"
  ],
  "overallStatus": "pass"
}