{
  "timestamp": 1774268131753,
  "bundleSize": {
    "totalSize": 916,
    "gzippedSize": 423,
    "fileCount": 1,
    "largestFile": {
      "name": "index.js",
      "size": 916,
      "gzippedSize": 423
    },
    "breakdown": [
      {
        "name": "index.js",
        "size": 916,
        "gzippedSize": 423,
        "percentage": 100
      }
    ]
  },
  "webVitals": {
    "firstContentfulPaint": 1123.4377139123835,
    "timeToInteractive": 2742.5462140928676,
    "largestContentfulPaint": 1924.487194150154,
    "cumulativeLayoutShift": 0.04442620585246078,
    "firstInputDelay": 32.357157597583075,
    "timestamp": 1774268131753
  },
  "runtime": {
    "memoryUsage": {
      "rss": 58900480,
      "heapUsed": 12758608,
      "heapTotal": 20905984,
      "external": 2642051
    },
    "startupTime": 3532.996041,
    "cpuUsage": 199.23,
    "timestamp": 1774268131753
  },
  "violations": [],
  "recommendations": [
    "Largest file (index.js) is 100.0% of bundle - consider splitting or optimizing"
  ],
  "overallStatus": "pass"
}