{
  "timestamp": 1774537320997,
  "bundleSize": {
    "totalSize": 916,
    "gzippedSize": 423,
    "fileCount": 1,
    "largestFile": {
      "name": "index.js",
      "size": 916,
      "gzippedSize": 423
    },
    "breakdown": [
      {
        "name": "index.js",
        "size": 916,
        "gzippedSize": 423,
        "percentage": 100
      }
    ]
  },
  "webVitals": {
    "firstContentfulPaint": 1335.5394365022203,
    "timeToInteractive": 2870.2850077055564,
    "largestContentfulPaint": 1554.3700118650634,
    "cumulativeLayoutShift": 0.03417701972361975,
    "firstInputDelay": 65.4110168211316,
    "timestamp": 1774537320997
  },
  "runtime": {
    "memoryUsage": {
      "rss": 62078976,
      "heapUsed": 12174128,
      "heapTotal": 20643840,
      "external": 1969228
    },
    "startupTime": 446.218833,
    "cpuUsage": 185.874,
    "timestamp": 1774537320997
  },
  "violations": [],
  "recommendations": [
    "Largest file (index.js) is 100.0% of bundle - consider splitting or optimizing"
  ],
  "overallStatus": "pass"
}