{
  "timestamp": 1774373187141,
  "bundleSize": {
    "totalSize": 916,
    "gzippedSize": 423,
    "fileCount": 1,
    "largestFile": {
      "name": "index.js",
      "size": 916,
      "gzippedSize": 423
    },
    "breakdown": [
      {
        "name": "index.js",
        "size": 916,
        "gzippedSize": 423,
        "percentage": 100
      }
    ]
  },
  "webVitals": {
    "firstContentfulPaint": 508.2244884375873,
    "timeToInteractive": 2272.2508257245345,
    "largestContentfulPaint": 1672.8566943245014,
    "cumulativeLayoutShift": 0.04160190094725413,
    "firstInputDelay": 54.88228719323234,
    "timestamp": 1774373187141
  },
  "runtime": {
    "memoryUsage": {
      "rss": 62783488,
      "heapUsed": 12961152,
      "heapTotal": 20742144,
      "external": 1971431
    },
    "startupTime": 208.945583,
    "cpuUsage": 134.334,
    "timestamp": 1774373187141
  },
  "violations": [],
  "recommendations": [
    "Largest file (index.js) is 100.0% of bundle - consider splitting or optimizing"
  ],
  "overallStatus": "pass"
}