{
  "timestamp": 1773853590510,
  "bundleSize": {
    "totalSize": 916,
    "gzippedSize": 423,
    "fileCount": 1,
    "largestFile": {
      "name": "index.js",
      "size": 916,
      "gzippedSize": 423
    },
    "breakdown": [
      {
        "name": "index.js",
        "size": 916,
        "gzippedSize": 423,
        "percentage": 100
      }
    ]
  },
  "webVitals": {
    "firstContentfulPaint": 1235.8846382033662,
    "timeToInteractive": 2512.8361028789714,
    "largestContentfulPaint": 1787.1758585139835,
    "cumulativeLayoutShift": 0.01886247659157623,
    "firstInputDelay": 34.67500378073161,
    "timestamp": 1773853590510
  },
  "runtime": {
    "memoryUsage": {
      "rss": 62291968,
      "heapUsed": 12235200,
      "heapTotal": 19857408,
      "external": 1966898
    },
    "startupTime": 778.420791,
    "cpuUsage": 171.037,
    "timestamp": 1773853590510
  },
  "violations": [],
  "recommendations": [
    "Largest file (index.js) is 100.0% of bundle - consider splitting or optimizing"
  ],
  "overallStatus": "pass"
}