{
  "timestamp": 1774511960370,
  "bundleSize": {
    "totalSize": 916,
    "gzippedSize": 423,
    "fileCount": 1,
    "largestFile": {
      "name": "index.js",
      "size": 916,
      "gzippedSize": 423
    },
    "breakdown": [
      {
        "name": "index.js",
        "size": 916,
        "gzippedSize": 423,
        "percentage": 100
      }
    ]
  },
  "webVitals": {
    "firstContentfulPaint": 1477.1766008604795,
    "timeToInteractive": 2197.5332510255553,
    "largestContentfulPaint": 1976.99577803166,
    "cumulativeLayoutShift": 0.010253411224992305,
    "firstInputDelay": 57.17576603916056,
    "timestamp": 1774511960369
  },
  "runtime": {
    "memoryUsage": {
      "rss": 61669376,
      "heapUsed": 12379704,
      "heapTotal": 20119552,
      "external": 1965320
    },
    "startupTime": 4627.597459,
    "cpuUsage": 191.908,
    "timestamp": 1774511960370
  },
  "violations": [],
  "recommendations": [
    "Largest file (index.js) is 100.0% of bundle - consider splitting or optimizing"
  ],
  "overallStatus": "pass"
}