{
  "timestamp": 1774315136699,
  "bundleSize": {
    "totalSize": 916,
    "gzippedSize": 423,
    "fileCount": 1,
    "largestFile": {
      "name": "index.js",
      "size": 916,
      "gzippedSize": 423
    },
    "breakdown": [
      {
        "name": "index.js",
        "size": 916,
        "gzippedSize": 423,
        "percentage": 100
      }
    ]
  },
  "webVitals": {
    "firstContentfulPaint": 1313.4198471871027,
    "timeToInteractive": 2571.921129483303,
    "largestContentfulPaint": 1500.2976176823774,
    "cumulativeLayoutShift": 0.09990592854543001,
    "firstInputDelay": 37.199376561721934,
    "timestamp": 1774315136699
  },
  "runtime": {
    "memoryUsage": {
      "rss": 62455808,
      "heapUsed": 13181920,
      "heapTotal": 20250624,
      "external": 1970512
    },
    "startupTime": 240.362625,
    "cpuUsage": 144.104,
    "timestamp": 1774315136699
  },
  "violations": [],
  "recommendations": [
    "Largest file (index.js) is 100.0% of bundle - consider splitting or optimizing"
  ],
  "overallStatus": "pass"
}