{
  "timestamp": 1774399721317,
  "bundleSize": {
    "totalSize": 916,
    "gzippedSize": 423,
    "fileCount": 1,
    "largestFile": {
      "name": "index.js",
      "size": 916,
      "gzippedSize": 423
    },
    "breakdown": [
      {
        "name": "index.js",
        "size": 916,
        "gzippedSize": 423,
        "percentage": 100
      }
    ]
  },
  "webVitals": {
    "firstContentfulPaint": 1309.277561648608,
    "timeToInteractive": 2237.5907941433984,
    "largestContentfulPaint": 1863.7601790737488,
    "cumulativeLayoutShift": 0.008125058921533012,
    "firstInputDelay": 25.12689403863667,
    "timestamp": 1774399721317
  },
  "runtime": {
    "memoryUsage": {
      "rss": 61980672,
      "heapUsed": 12245984,
      "heapTotal": 20119552,
      "external": 1970223
    },
    "startupTime": 258.537333,
    "cpuUsage": 153.243,
    "timestamp": 1774399721317
  },
  "violations": [],
  "recommendations": [
    "Largest file (index.js) is 100.0% of bundle - consider splitting or optimizing"
  ],
  "overallStatus": "pass"
}