{
  "timestamp": 1774222987125,
  "bundleSize": {
    "totalSize": 916,
    "gzippedSize": 423,
    "fileCount": 1,
    "largestFile": {
      "name": "index.js",
      "size": 916,
      "gzippedSize": 423
    },
    "breakdown": [
      {
        "name": "index.js",
        "size": 916,
        "gzippedSize": 423,
        "percentage": 100
      }
    ]
  },
  "webVitals": {
    "firstContentfulPaint": 1484.333454626556,
    "timeToInteractive": 2195.2639363860494,
    "largestContentfulPaint": 1795.1423714642706,
    "cumulativeLayoutShift": 0.046616317525020295,
    "firstInputDelay": 41.072579812562424,
    "timestamp": 1774222987123
  },
  "runtime": {
    "memoryUsage": {
      "rss": 57098240,
      "heapUsed": 12348872,
      "heapTotal": 20381696,
      "external": 1965321
    },
    "startupTime": 4675.565208,
    "cpuUsage": 178.118,
    "timestamp": 1774222987125
  },
  "violations": [],
  "recommendations": [
    "Largest file (index.js) is 100.0% of bundle - consider splitting or optimizing"
  ],
  "overallStatus": "pass"
}