{
  "timestamp": 1774541748380,
  "bundleSize": {
    "totalSize": 916,
    "gzippedSize": 423,
    "fileCount": 1,
    "largestFile": {
      "name": "index.js",
      "size": 916,
      "gzippedSize": 423
    },
    "breakdown": [
      {
        "name": "index.js",
        "size": 916,
        "gzippedSize": 423,
        "percentage": 100
      }
    ]
  },
  "webVitals": {
    "firstContentfulPaint": 1174.1289812701823,
    "timeToInteractive": 2418.057741357428,
    "largestContentfulPaint": 1610.6539393126734,
    "cumulativeLayoutShift": 0.04388902604299845,
    "firstInputDelay": 70.27493444677215,
    "timestamp": 1774541748380
  },
  "runtime": {
    "memoryUsage": {
      "rss": 61489152,
      "heapUsed": 12447056,
      "heapTotal": 19595264,
      "external": 1970223
    },
    "startupTime": 707.927625,
    "cpuUsage": 190.951,
    "timestamp": 1774541748380
  },
  "violations": [],
  "recommendations": [
    "Largest file (index.js) is 100.0% of bundle - consider splitting or optimizing"
  ],
  "overallStatus": "pass"
}