{
  "timestamp": 1774264544138,
  "bundleSize": {
    "totalSize": 916,
    "gzippedSize": 423,
    "fileCount": 1,
    "largestFile": {
      "name": "index.js",
      "size": 916,
      "gzippedSize": 423
    },
    "breakdown": [
      {
        "name": "index.js",
        "size": 916,
        "gzippedSize": 423,
        "percentage": 100
      }
    ]
  },
  "webVitals": {
    "firstContentfulPaint": 1164.206994451382,
    "timeToInteractive": 2536.505224996132,
    "largestContentfulPaint": 1611.7695505851555,
    "cumulativeLayoutShift": 0.05633576847772048,
    "firstInputDelay": 71.45218480012004,
    "timestamp": 1774264544138
  },
  "runtime": {
    "memoryUsage": {
      "rss": 61652992,
      "heapUsed": 12654656,
      "heapTotal": 20381696,
      "external": 2577137
    },
    "startupTime": 3351.960541,
    "cpuUsage": 185.928,
    "timestamp": 1774264544138
  },
  "violations": [],
  "recommendations": [
    "Largest file (index.js) is 100.0% of bundle - consider splitting or optimizing"
  ],
  "overallStatus": "pass"
}