{
  "timestamp": 1774435264878,
  "bundleSize": {
    "totalSize": 916,
    "gzippedSize": 423,
    "fileCount": 1,
    "largestFile": {
      "name": "index.js",
      "size": 916,
      "gzippedSize": 423
    },
    "breakdown": [
      {
        "name": "index.js",
        "size": 916,
        "gzippedSize": 423,
        "percentage": 100
      }
    ]
  },
  "webVitals": {
    "firstContentfulPaint": 793.4452461237285,
    "timeToInteractive": 2206.5993536506417,
    "largestContentfulPaint": 2083.2040031128936,
    "cumulativeLayoutShift": 0.019002947192440223,
    "firstInputDelay": 28.82339783192669,
    "timestamp": 1774435264877
  },
  "runtime": {
    "memoryUsage": {
      "rss": 62242816,
      "heapUsed": 12844304,
      "heapTotal": 19922944,
      "external": 1965854
    },
    "startupTime": 216.890208,
    "cpuUsage": 147.347,
    "timestamp": 1774435264878
  },
  "violations": [],
  "recommendations": [
    "Largest file (index.js) is 100.0% of bundle - consider splitting or optimizing"
  ],
  "overallStatus": "pass"
}