{
  "timestamp": 1774026582155,
  "bundleSize": {
    "totalSize": 916,
    "gzippedSize": 423,
    "fileCount": 1,
    "largestFile": {
      "name": "index.js",
      "size": 916,
      "gzippedSize": 423
    },
    "breakdown": [
      {
        "name": "index.js",
        "size": 916,
        "gzippedSize": 423,
        "percentage": 100
      }
    ]
  },
  "webVitals": {
    "firstContentfulPaint": 605.4814497878409,
    "timeToInteractive": 2331.5217213475166,
    "largestContentfulPaint": 2046.7221413755046,
    "cumulativeLayoutShift": 0.05595139482296077,
    "firstInputDelay": 35.21878236426838,
    "timestamp": 1774026582155
  },
  "runtime": {
    "memoryUsage": {
      "rss": 63422464,
      "heapUsed": 13167856,
      "heapTotal": 20643840,
      "external": 1964859
    },
    "startupTime": 452.550875,
    "cpuUsage": 186.501,
    "timestamp": 1774026582155
  },
  "violations": [],
  "recommendations": [
    "Largest file (index.js) is 100.0% of bundle - consider splitting or optimizing"
  ],
  "overallStatus": "pass"
}