{
  "timestamp": 1774612909145,
  "bundleSize": {
    "totalSize": 916,
    "gzippedSize": 423,
    "fileCount": 1,
    "largestFile": {
      "name": "index.js",
      "size": 916,
      "gzippedSize": 423
    },
    "breakdown": [
      {
        "name": "index.js",
        "size": 916,
        "gzippedSize": 423,
        "percentage": 100
      }
    ]
  },
  "webVitals": {
    "firstContentfulPaint": 682.2246914879921,
    "timeToInteractive": 2704.6044557600035,
    "largestContentfulPaint": 1568.1378123835898,
    "cumulativeLayoutShift": 0.09211416992162975,
    "firstInputDelay": 59.26273664974113,
    "timestamp": 1774612909145
  },
  "runtime": {
    "memoryUsage": {
      "rss": 62586880,
      "heapUsed": 13097504,
      "heapTotal": 20250624,
      "external": 1971431
    },
    "startupTime": 235.870333,
    "cpuUsage": 144.379,
    "timestamp": 1774612909145
  },
  "violations": [],
  "recommendations": [
    "Largest file (index.js) is 100.0% of bundle - consider splitting or optimizing"
  ],
  "overallStatus": "pass"
}