{
  "timestamp": 1774523208070,
  "bundleSize": {
    "totalSize": 916,
    "gzippedSize": 423,
    "fileCount": 1,
    "largestFile": {
      "name": "index.js",
      "size": 916,
      "gzippedSize": 423
    },
    "breakdown": [
      {
        "name": "index.js",
        "size": 916,
        "gzippedSize": 423,
        "percentage": 100
      }
    ]
  },
  "webVitals": {
    "firstContentfulPaint": 1085.6586438289376,
    "timeToInteractive": 2877.1514094978907,
    "largestContentfulPaint": 2100.013909950966,
    "cumulativeLayoutShift": 0.06746895636406258,
    "firstInputDelay": 52.139936383738814,
    "timestamp": 1774523208069
  },
  "runtime": {
    "memoryUsage": {
      "rss": 61849600,
      "heapUsed": 12499408,
      "heapTotal": 19595264,
      "external": 1970672
    },
    "startupTime": 1432.415917,
    "cpuUsage": 200.43,
    "timestamp": 1774523208070
  },
  "violations": [],
  "recommendations": [
    "Largest file (index.js) is 100.0% of bundle - consider splitting or optimizing"
  ],
  "overallStatus": "pass"
}