{
  "timestamp": 1774282849859,
  "bundleSize": {
    "totalSize": 916,
    "gzippedSize": 423,
    "fileCount": 1,
    "largestFile": {
      "name": "index.js",
      "size": 916,
      "gzippedSize": 423
    },
    "breakdown": [
      {
        "name": "index.js",
        "size": 916,
        "gzippedSize": 423,
        "percentage": 100
      }
    ]
  },
  "webVitals": {
    "firstContentfulPaint": 1137.5111126446427,
    "timeToInteractive": 2669.8695759788266,
    "largestContentfulPaint": 1795.6871675559737,
    "cumulativeLayoutShift": 0.04456035402244252,
    "firstInputDelay": 73.29491262536968,
    "timestamp": 1774282849859
  },
  "runtime": {
    "memoryUsage": {
      "rss": 63143936,
      "heapUsed": 12960816,
      "heapTotal": 20480000,
      "external": 1971431
    },
    "startupTime": 248.697208,
    "cpuUsage": 148.695,
    "timestamp": 1774282849859
  },
  "violations": [],
  "recommendations": [
    "Largest file (index.js) is 100.0% of bundle - consider splitting or optimizing"
  ],
  "overallStatus": "pass"
}