{
  "timestamp": 1774620572518,
  "bundleSize": {
    "totalSize": 916,
    "gzippedSize": 423,
    "fileCount": 1,
    "largestFile": {
      "name": "index.js",
      "size": 916,
      "gzippedSize": 423
    },
    "breakdown": [
      {
        "name": "index.js",
        "size": 916,
        "gzippedSize": 423,
        "percentage": 100
      }
    ]
  },
  "webVitals": {
    "firstContentfulPaint": 1145.0527819396557,
    "timeToInteractive": 2608.791929195255,
    "largestContentfulPaint": 1989.7670250791346,
    "cumulativeLayoutShift": 0.07860655755324925,
    "firstInputDelay": 39.914536290446705,
    "timestamp": 1774620572518
  },
  "runtime": {
    "memoryUsage": {
      "rss": 62144512,
      "heapUsed": 12909168,
      "heapTotal": 19857408,
      "external": 1971431
    },
    "startupTime": 224.985917,
    "cpuUsage": 140.216,
    "timestamp": 1774620572518
  },
  "violations": [],
  "recommendations": [
    "Largest file (index.js) is 100.0% of bundle - consider splitting or optimizing"
  ],
  "overallStatus": "pass"
}