{
  "timestamp": 1774192922639,
  "bundleSize": {
    "totalSize": 916,
    "gzippedSize": 423,
    "fileCount": 1,
    "largestFile": {
      "name": "index.js",
      "size": 916,
      "gzippedSize": 423
    },
    "breakdown": [
      {
        "name": "index.js",
        "size": 916,
        "gzippedSize": 423,
        "percentage": 100
      }
    ]
  },
  "webVitals": {
    "firstContentfulPaint": 881.9945547137911,
    "timeToInteractive": 2297.6774902921084,
    "largestContentfulPaint": 1687.2313508036557,
    "cumulativeLayoutShift": 0.055819136233466016,
    "firstInputDelay": 54.007042701372065,
    "timestamp": 1774192922638
  },
  "runtime": {
    "memoryUsage": {
      "rss": 63258624,
      "heapUsed": 13413128,
      "heapTotal": 20381696,
      "external": 1970223
    },
    "startupTime": 250.192833,
    "cpuUsage": 153.037,
    "timestamp": 1774192922639
  },
  "violations": [],
  "recommendations": [
    "Largest file (index.js) is 100.0% of bundle - consider splitting or optimizing"
  ],
  "overallStatus": "pass"
}