{
  "timestamp": 1773922150334,
  "bundleSize": {
    "totalSize": 916,
    "gzippedSize": 423,
    "fileCount": 1,
    "largestFile": {
      "name": "index.js",
      "size": 916,
      "gzippedSize": 423
    },
    "breakdown": [
      {
        "name": "index.js",
        "size": 916,
        "gzippedSize": 423,
        "percentage": 100
      }
    ]
  },
  "webVitals": {
    "firstContentfulPaint": 1322.7350568697304,
    "timeToInteractive": 2291.5826009270136,
    "largestContentfulPaint": 2405.5326059984745,
    "cumulativeLayoutShift": 0.07094384986554272,
    "firstInputDelay": 74.71486732313885,
    "timestamp": 1773922150334
  },
  "runtime": {
    "memoryUsage": {
      "rss": 61423616,
      "heapUsed": 12429176,
      "heapTotal": 19857408,
      "external": 1970223
    },
    "startupTime": 563.438958,
    "cpuUsage": 181.589,
    "timestamp": 1773922150334
  },
  "violations": [],
  "recommendations": [
    "Largest file (index.js) is 100.0% of bundle - consider splitting or optimizing"
  ],
  "overallStatus": "pass"
}