{
  "timestamp": 1774268926003,
  "bundleSize": {
    "totalSize": 916,
    "gzippedSize": 423,
    "fileCount": 1,
    "largestFile": {
      "name": "index.js",
      "size": 916,
      "gzippedSize": 423
    },
    "breakdown": [
      {
        "name": "index.js",
        "size": 916,
        "gzippedSize": 423,
        "percentage": 100
      }
    ]
  },
  "webVitals": {
    "firstContentfulPaint": 1011.9631154288975,
    "timeToInteractive": 2342.820201390784,
    "largestContentfulPaint": 1915.3140497580414,
    "cumulativeLayoutShift": 0.08607730408697463,
    "firstInputDelay": 26.705913215321054,
    "timestamp": 1774268926003
  },
  "runtime": {
    "memoryUsage": {
      "rss": 62029824,
      "heapUsed": 12506800,
      "heapTotal": 19857408,
      "external": 1971431
    },
    "startupTime": 245.074125,
    "cpuUsage": 160.874,
    "timestamp": 1774268926003
  },
  "violations": [],
  "recommendations": [
    "Largest file (index.js) is 100.0% of bundle - consider splitting or optimizing"
  ],
  "overallStatus": "pass"
}