{
  "timestamp": 1774512414803,
  "bundleSize": {
    "totalSize": 916,
    "gzippedSize": 423,
    "fileCount": 1,
    "largestFile": {
      "name": "index.js",
      "size": 916,
      "gzippedSize": 423
    },
    "breakdown": [
      {
        "name": "index.js",
        "size": 916,
        "gzippedSize": 423,
        "percentage": 100
      }
    ]
  },
  "webVitals": {
    "firstContentfulPaint": 613.3088542359188,
    "timeToInteractive": 2964.6841709953787,
    "largestContentfulPaint": 1578.8860853260296,
    "cumulativeLayoutShift": 0.06345638992385538,
    "firstInputDelay": 28.109137566233144,
    "timestamp": 1774512414803
  },
  "runtime": {
    "memoryUsage": {
      "rss": 59179008,
      "heapUsed": 12171808,
      "heapTotal": 19595264,
      "external": 1969440
    },
    "startupTime": 3137.095959,
    "cpuUsage": 189.098,
    "timestamp": 1774512414803
  },
  "violations": [],
  "recommendations": [
    "Largest file (index.js) is 100.0% of bundle - consider splitting or optimizing"
  ],
  "overallStatus": "pass"
}