{
  "timestamp": 1774633696938,
  "bundleSize": {
    "totalSize": 916,
    "gzippedSize": 423,
    "fileCount": 1,
    "largestFile": {
      "name": "index.js",
      "size": 916,
      "gzippedSize": 423
    },
    "breakdown": [
      {
        "name": "index.js",
        "size": 916,
        "gzippedSize": 423,
        "percentage": 100
      }
    ]
  },
  "webVitals": {
    "firstContentfulPaint": 1234.6642163354577,
    "timeToInteractive": 2572.1580163715084,
    "largestContentfulPaint": 1521.4548037928923,
    "cumulativeLayoutShift": 0.08254911448188101,
    "firstInputDelay": 41.37735082686935,
    "timestamp": 1774633696938
  },
  "runtime": {
    "memoryUsage": {
      "rss": 61784064,
      "heapUsed": 12934776,
      "heapTotal": 19595264,
      "external": 1971431
    },
    "startupTime": 237.05375,
    "cpuUsage": 146.897,
    "timestamp": 1774633696938
  },
  "violations": [],
  "recommendations": [
    "Largest file (index.js) is 100.0% of bundle - consider splitting or optimizing"
  ],
  "overallStatus": "pass"
}