{
  "timestamp": 1774609446520,
  "bundleSize": {
    "totalSize": 916,
    "gzippedSize": 423,
    "fileCount": 1,
    "largestFile": {
      "name": "index.js",
      "size": 916,
      "gzippedSize": 423
    },
    "breakdown": [
      {
        "name": "index.js",
        "size": 916,
        "gzippedSize": 423,
        "percentage": 100
      }
    ]
  },
  "webVitals": {
    "firstContentfulPaint": 1279.1905970555486,
    "timeToInteractive": 2912.0083522513532,
    "largestContentfulPaint": 1615.4821730849337,
    "cumulativeLayoutShift": 0.0022777488906339685,
    "firstInputDelay": 39.37371563692018,
    "timestamp": 1774609446519
  },
  "runtime": {
    "memoryUsage": {
      "rss": 61898752,
      "heapUsed": 12416864,
      "heapTotal": 19595264,
      "external": 1968306
    },
    "startupTime": 631.666417,
    "cpuUsage": 201.353,
    "timestamp": 1774609446520
  },
  "violations": [],
  "recommendations": [
    "Largest file (index.js) is 100.0% of bundle - consider splitting or optimizing"
  ],
  "overallStatus": "pass"
}