{
  "timestamp": 1773754164910,
  "bundleSize": {
    "totalSize": 916,
    "gzippedSize": 423,
    "fileCount": 1,
    "largestFile": {
      "name": "index.js",
      "size": 916,
      "gzippedSize": 423
    },
    "breakdown": [
      {
        "name": "index.js",
        "size": 916,
        "gzippedSize": 423,
        "percentage": 100
      }
    ]
  },
  "webVitals": {
    "firstContentfulPaint": 1080.7082263355303,
    "timeToInteractive": 2782.6375408824374,
    "largestContentfulPaint": 1750.9662735885165,
    "cumulativeLayoutShift": 0.06106705331600431,
    "firstInputDelay": 74.92427909665844,
    "timestamp": 1773754164910
  },
  "runtime": {
    "memoryUsage": {
      "rss": 61980672,
      "heapUsed": 12240152,
      "heapTotal": 19857408,
      "external": 1969696
    },
    "startupTime": 481.167625,
    "cpuUsage": 166.651,
    "timestamp": 1773754164910
  },
  "violations": [],
  "recommendations": [
    "Largest file (index.js) is 100.0% of bundle - consider splitting or optimizing"
  ],
  "overallStatus": "pass"
}