{
  "timestamp": 1774264371746,
  "bundleSize": {
    "totalSize": 916,
    "gzippedSize": 423,
    "fileCount": 1,
    "largestFile": {
      "name": "index.js",
      "size": 916,
      "gzippedSize": 423
    },
    "breakdown": [
      {
        "name": "index.js",
        "size": 916,
        "gzippedSize": 423,
        "percentage": 100
      }
    ]
  },
  "webVitals": {
    "firstContentfulPaint": 1197.4904051341127,
    "timeToInteractive": 2270.3983339691003,
    "largestContentfulPaint": 1538.3752108326669,
    "cumulativeLayoutShift": 0.08917984734333591,
    "firstInputDelay": 39.02029791704928,
    "timestamp": 1774264371745
  },
  "runtime": {
    "memoryUsage": {
      "rss": 51052544,
      "heapUsed": 12941400,
      "heapTotal": 20119552,
      "external": 1967961
    },
    "startupTime": 7193.082291,
    "cpuUsage": 247.213,
    "timestamp": 1774264371746
  },
  "violations": [],
  "recommendations": [
    "Largest file (index.js) is 100.0% of bundle - consider splitting or optimizing"
  ],
  "overallStatus": "pass"
}