{
  "timestamp": 1774267401462,
  "bundleSize": {
    "totalSize": 916,
    "gzippedSize": 423,
    "fileCount": 1,
    "largestFile": {
      "name": "index.js",
      "size": 916,
      "gzippedSize": 423
    },
    "breakdown": [
      {
        "name": "index.js",
        "size": 916,
        "gzippedSize": 423,
        "percentage": 100
      }
    ]
  },
  "webVitals": {
    "firstContentfulPaint": 758.4099665572002,
    "timeToInteractive": 2393.7110482704884,
    "largestContentfulPaint": 1585.9647273387664,
    "cumulativeLayoutShift": 0.01180182966976926,
    "firstInputDelay": 33.89121977837451,
    "timestamp": 1774267401462
  },
  "runtime": {
    "memoryUsage": {
      "rss": 62210048,
      "heapUsed": 12473752,
      "heapTotal": 19857408,
      "external": 1966360
    },
    "startupTime": 1612.623125,
    "cpuUsage": 191.524,
    "timestamp": 1774267401462
  },
  "violations": [],
  "recommendations": [
    "Largest file (index.js) is 100.0% of bundle - consider splitting or optimizing"
  ],
  "overallStatus": "pass"
}