{
  "timestamp": 1774212539712,
  "bundleSize": {
    "totalSize": 916,
    "gzippedSize": 423,
    "fileCount": 1,
    "largestFile": {
      "name": "index.js",
      "size": 916,
      "gzippedSize": 423
    },
    "breakdown": [
      {
        "name": "index.js",
        "size": 916,
        "gzippedSize": 423,
        "percentage": 100
      }
    ]
  },
  "webVitals": {
    "firstContentfulPaint": 924.2672080788238,
    "timeToInteractive": 2161.9444505984557,
    "largestContentfulPaint": 2154.0546265141365,
    "cumulativeLayoutShift": 0.03306684379575786,
    "firstInputDelay": 40.338288186374506,
    "timestamp": 1774212539712
  },
  "runtime": {
    "memoryUsage": {
      "rss": 63406080,
      "heapUsed": 12695752,
      "heapTotal": 20676608,
      "external": 1964859
    },
    "startupTime": 420.639625,
    "cpuUsage": 166.563,
    "timestamp": 1774212539712
  },
  "violations": [],
  "recommendations": [
    "Largest file (index.js) is 100.0% of bundle - consider splitting or optimizing"
  ],
  "overallStatus": "pass"
}