{
  "timestamp": 1774444034455,
  "bundleSize": {
    "totalSize": 916,
    "gzippedSize": 423,
    "fileCount": 1,
    "largestFile": {
      "name": "index.js",
      "size": 916,
      "gzippedSize": 423
    },
    "breakdown": [
      {
        "name": "index.js",
        "size": 916,
        "gzippedSize": 423,
        "percentage": 100
      }
    ]
  },
  "webVitals": {
    "firstContentfulPaint": 570.3177634225842,
    "timeToInteractive": 2603.6820210476285,
    "largestContentfulPaint": 2144.8098394744607,
    "cumulativeLayoutShift": 0.07340855988337473,
    "firstInputDelay": 45.45797384943559,
    "timestamp": 1774444034455
  },
  "runtime": {
    "memoryUsage": {
      "rss": 62128128,
      "heapUsed": 12763416,
      "heapTotal": 19857408,
      "external": 1970512
    },
    "startupTime": 243.688833,
    "cpuUsage": 151.333,
    "timestamp": 1774444034455
  },
  "violations": [],
  "recommendations": [
    "Largest file (index.js) is 100.0% of bundle - consider splitting or optimizing"
  ],
  "overallStatus": "pass"
}