{
  "timestamp": 1773775446568,
  "bundleSize": {
    "totalSize": 916,
    "gzippedSize": 423,
    "fileCount": 1,
    "largestFile": {
      "name": "index.js",
      "size": 916,
      "gzippedSize": 423
    },
    "breakdown": [
      {
        "name": "index.js",
        "size": 916,
        "gzippedSize": 423,
        "percentage": 100
      }
    ]
  },
  "webVitals": {
    "firstContentfulPaint": 940.0639748669248,
    "timeToInteractive": 2195.710753992698,
    "largestContentfulPaint": 2055.8882839604958,
    "cumulativeLayoutShift": 0.020360477425225378,
    "firstInputDelay": 64.56746721562584,
    "timestamp": 1773775446568
  },
  "runtime": {
    "memoryUsage": {
      "rss": 61636608,
      "heapUsed": 12119344,
      "heapTotal": 19595264,
      "external": 1969708
    },
    "startupTime": 247.268917,
    "cpuUsage": 159.027,
    "timestamp": 1773775446568
  },
  "violations": [],
  "recommendations": [
    "Largest file (index.js) is 100.0% of bundle - consider splitting or optimizing"
  ],
  "overallStatus": "pass"
}