{
  "timestamp": 1773870064955,
  "bundleSize": {
    "totalSize": 916,
    "gzippedSize": 423,
    "fileCount": 1,
    "largestFile": {
      "name": "index.js",
      "size": 916,
      "gzippedSize": 423
    },
    "breakdown": [
      {
        "name": "index.js",
        "size": 916,
        "gzippedSize": 423,
        "percentage": 100
      }
    ]
  },
  "webVitals": {
    "firstContentfulPaint": 1422.524032973186,
    "timeToInteractive": 2869.6943638914076,
    "largestContentfulPaint": 2067.4537505188537,
    "cumulativeLayoutShift": 0.07147264820208399,
    "firstInputDelay": 35.864901917760996,
    "timestamp": 1773870064955
  },
  "runtime": {
    "memoryUsage": {
      "rss": 63094784,
      "heapUsed": 13537224,
      "heapTotal": 20742144,
      "external": 1970211
    },
    "startupTime": 288.586709,
    "cpuUsage": 171.667,
    "timestamp": 1773870064955
  },
  "violations": [],
  "recommendations": [
    "Largest file (index.js) is 100.0% of bundle - consider splitting or optimizing"
  ],
  "overallStatus": "pass"
}