{
  "timestamp": 1773834186732,
  "bundleSize": {
    "totalSize": 916,
    "gzippedSize": 423,
    "fileCount": 1,
    "largestFile": {
      "name": "index.js",
      "size": 916,
      "gzippedSize": 423
    },
    "breakdown": [
      {
        "name": "index.js",
        "size": 916,
        "gzippedSize": 423,
        "percentage": 100
      }
    ]
  },
  "webVitals": {
    "firstContentfulPaint": 974.0768526774941,
    "timeToInteractive": 2386.7072784765783,
    "largestContentfulPaint": 2285.6424456649556,
    "cumulativeLayoutShift": 0.08801982520173152,
    "firstInputDelay": 35.25511689467289,
    "timestamp": 1773834186731
  },
  "runtime": {
    "memoryUsage": {
      "rss": 61554688,
      "heapUsed": 11970544,
      "heapTotal": 20119552,
      "external": 1964344
    },
    "startupTime": 424.762625,
    "cpuUsage": 176.501,
    "timestamp": 1773834186731
  },
  "violations": [],
  "recommendations": [
    "Largest file (index.js) is 100.0% of bundle - consider splitting or optimizing"
  ],
  "overallStatus": "pass"
}