{
  "timestamp": 1774511806125,
  "bundleSize": {
    "totalSize": 916,
    "gzippedSize": 423,
    "fileCount": 1,
    "largestFile": {
      "name": "index.js",
      "size": 916,
      "gzippedSize": 423
    },
    "breakdown": [
      {
        "name": "index.js",
        "size": 916,
        "gzippedSize": 423,
        "percentage": 100
      }
    ]
  },
  "webVitals": {
    "firstContentfulPaint": 526.0866071223502,
    "timeToInteractive": 2258.1926507535745,
    "largestContentfulPaint": 2410.719786803179,
    "cumulativeLayoutShift": 0.03205603735350287,
    "firstInputDelay": 51.37708923361677,
    "timestamp": 1774511806124
  },
  "runtime": {
    "memoryUsage": {
      "rss": 43712512,
      "heapUsed": 10144792,
      "heapTotal": 11468800,
      "external": 1964817
    },
    "startupTime": 57891.395542,
    "cpuUsage": 388.076,
    "timestamp": 1774511806125
  },
  "violations": [],
  "recommendations": [
    "Largest file (index.js) is 100.0% of bundle - consider splitting or optimizing"
  ],
  "overallStatus": "pass"
}