{
  "timestamp": 1773779115944,
  "bundleSize": {
    "totalSize": 916,
    "gzippedSize": 423,
    "fileCount": 1,
    "largestFile": {
      "name": "index.js",
      "size": 916,
      "gzippedSize": 423
    },
    "breakdown": [
      {
        "name": "index.js",
        "size": 916,
        "gzippedSize": 423,
        "percentage": 100
      }
    ]
  },
  "webVitals": {
    "firstContentfulPaint": 1441.2348399136092,
    "timeToInteractive": 2982.370776060352,
    "largestContentfulPaint": 2100.7871723411567,
    "cumulativeLayoutShift": 0.036513718638650584,
    "firstInputDelay": 46.76786465055338,
    "timestamp": 1773779115944
  },
  "runtime": {
    "memoryUsage": {
      "rss": 61800448,
      "heapUsed": 12074752,
      "heapTotal": 19595264,
      "external": 1966898
    },
    "startupTime": 408.114208,
    "cpuUsage": 181.556,
    "timestamp": 1773779115944
  },
  "violations": [],
  "recommendations": [
    "Largest file (index.js) is 100.0% of bundle - consider splitting or optimizing"
  ],
  "overallStatus": "pass"
}