{
  "timestamp": 1774194404346,
  "bundleSize": {
    "totalSize": 916,
    "gzippedSize": 423,
    "fileCount": 1,
    "largestFile": {
      "name": "index.js",
      "size": 916,
      "gzippedSize": 423
    },
    "breakdown": [
      {
        "name": "index.js",
        "size": 916,
        "gzippedSize": 423,
        "percentage": 100
      }
    ]
  },
  "webVitals": {
    "firstContentfulPaint": 1288.710711345066,
    "timeToInteractive": 2930.4258540036444,
    "largestContentfulPaint": 2384.6992685198097,
    "cumulativeLayoutShift": 0.00971407358263925,
    "firstInputDelay": 57.338538002582695,
    "timestamp": 1774194404346
  },
  "runtime": {
    "memoryUsage": {
      "rss": 63078400,
      "heapUsed": 13071080,
      "heapTotal": 20480000,
      "external": 1965854
    },
    "startupTime": 238.398042,
    "cpuUsage": 147.818,
    "timestamp": 1774194404346
  },
  "violations": [],
  "recommendations": [
    "Largest file (index.js) is 100.0% of bundle - consider splitting or optimizing"
  ],
  "overallStatus": "pass"
}