{
  "timestamp": 1774379332308,
  "bundleSize": {
    "totalSize": 916,
    "gzippedSize": 423,
    "fileCount": 1,
    "largestFile": {
      "name": "index.js",
      "size": 916,
      "gzippedSize": 423
    },
    "breakdown": [
      {
        "name": "index.js",
        "size": 916,
        "gzippedSize": 423,
        "percentage": 100
      }
    ]
  },
  "webVitals": {
    "firstContentfulPaint": 1254.7461912140584,
    "timeToInteractive": 2643.74044873429,
    "largestContentfulPaint": 1713.7692747214808,
    "cumulativeLayoutShift": 0.005058841788000534,
    "firstInputDelay": 44.813337159158095,
    "timestamp": 1774379332308
  },
  "runtime": {
    "memoryUsage": {
      "rss": 62947328,
      "heapUsed": 13213864,
      "heapTotal": 20054016,
      "external": 1965854
    },
    "startupTime": 185.744166,
    "cpuUsage": 126.256,
    "timestamp": 1774379332308
  },
  "violations": [],
  "recommendations": [
    "Largest file (index.js) is 100.0% of bundle - consider splitting or optimizing"
  ],
  "overallStatus": "pass"
}