{
  "timestamp": 1774028219696,
  "bundleSize": {
    "totalSize": 916,
    "gzippedSize": 423,
    "fileCount": 1,
    "largestFile": {
      "name": "index.js",
      "size": 916,
      "gzippedSize": 423
    },
    "breakdown": [
      {
        "name": "index.js",
        "size": 916,
        "gzippedSize": 423,
        "percentage": 100
      }
    ]
  },
  "webVitals": {
    "firstContentfulPaint": 1272.9783742369068,
    "timeToInteractive": 2390.599127694604,
    "largestContentfulPaint": 2478.8714714994157,
    "cumulativeLayoutShift": 0.05982454206360739,
    "firstInputDelay": 70.52809918926937,
    "timestamp": 1774028219696
  },
  "runtime": {
    "memoryUsage": {
      "rss": 62062592,
      "heapUsed": 12672536,
      "heapTotal": 19857408,
      "external": 1965899
    },
    "startupTime": 421.899709,
    "cpuUsage": 200.418,
    "timestamp": 1774028219696
  },
  "violations": [],
  "recommendations": [
    "Largest file (index.js) is 100.0% of bundle - consider splitting or optimizing"
  ],
  "overallStatus": "pass"
}