{
  "timestamp": 1774265662350,
  "bundleSize": {
    "totalSize": 916,
    "gzippedSize": 423,
    "fileCount": 1,
    "largestFile": {
      "name": "index.js",
      "size": 916,
      "gzippedSize": 423
    },
    "breakdown": [
      {
        "name": "index.js",
        "size": 916,
        "gzippedSize": 423,
        "percentage": 100
      }
    ]
  },
  "webVitals": {
    "firstContentfulPaint": 1334.8618486033224,
    "timeToInteractive": 2912.011330642232,
    "largestContentfulPaint": 1673.8159123236442,
    "cumulativeLayoutShift": 0.06693079413745771,
    "firstInputDelay": 35.15521708960355,
    "timestamp": 1774265662347
  },
  "runtime": {
    "memoryUsage": {
      "rss": 50348032,
      "heapUsed": 12946904,
      "heapTotal": 20152320,
      "external": 1967657
    },
    "startupTime": 8897.629541,
    "cpuUsage": 242.87,
    "timestamp": 1774265662349
  },
  "violations": [],
  "recommendations": [
    "Largest file (index.js) is 100.0% of bundle - consider splitting or optimizing"
  ],
  "overallStatus": "pass"
}