{
  "timestamp": 1774455766386,
  "bundleSize": {
    "totalSize": 916,
    "gzippedSize": 423,
    "fileCount": 1,
    "largestFile": {
      "name": "index.js",
      "size": 916,
      "gzippedSize": 423
    },
    "breakdown": [
      {
        "name": "index.js",
        "size": 916,
        "gzippedSize": 423,
        "percentage": 100
      }
    ]
  },
  "webVitals": {
    "firstContentfulPaint": 599.3883999061866,
    "timeToInteractive": 2079.638829242963,
    "largestContentfulPaint": 1505.1790560018915,
    "cumulativeLayoutShift": 0.049073010252784544,
    "firstInputDelay": 31.835725113029433,
    "timestamp": 1774455766386
  },
  "runtime": {
    "memoryUsage": {
      "rss": 61833216,
      "heapUsed": 12741232,
      "heapTotal": 19857408,
      "external": 1971526
    },
    "startupTime": 200.25575,
    "cpuUsage": 135.014,
    "timestamp": 1774455766386
  },
  "violations": [],
  "recommendations": [
    "Largest file (index.js) is 100.0% of bundle - consider splitting or optimizing"
  ],
  "overallStatus": "pass"
}