{
  "timestamp": 1774017072706,
  "bundleSize": {
    "totalSize": 916,
    "gzippedSize": 423,
    "fileCount": 1,
    "largestFile": {
      "name": "index.js",
      "size": 916,
      "gzippedSize": 423
    },
    "breakdown": [
      {
        "name": "index.js",
        "size": 916,
        "gzippedSize": 423,
        "percentage": 100
      }
    ]
  },
  "webVitals": {
    "firstContentfulPaint": 1347.3422372382388,
    "timeToInteractive": 2531.754049044816,
    "largestContentfulPaint": 1793.471198462244,
    "cumulativeLayoutShift": 0.015146686600728421,
    "firstInputDelay": 60.85064919684366,
    "timestamp": 1774017072706
  },
  "runtime": {
    "memoryUsage": {
      "rss": 61931520,
      "heapUsed": 12898128,
      "heapTotal": 19857408,
      "external": 1970211
    },
    "startupTime": 286.618167,
    "cpuUsage": 161.835,
    "timestamp": 1774017072706
  },
  "violations": [],
  "recommendations": [
    "Largest file (index.js) is 100.0% of bundle - consider splitting or optimizing"
  ],
  "overallStatus": "pass"
}