{
  "timestamp": 1773851166406,
  "bundleSize": {
    "totalSize": 916,
    "gzippedSize": 423,
    "fileCount": 1,
    "largestFile": {
      "name": "index.js",
      "size": 916,
      "gzippedSize": 423
    },
    "breakdown": [
      {
        "name": "index.js",
        "size": 916,
        "gzippedSize": 423,
        "percentage": 100
      }
    ]
  },
  "webVitals": {
    "firstContentfulPaint": 1272.4680441219966,
    "timeToInteractive": 2279.994245212354,
    "largestContentfulPaint": 1724.41683681561,
    "cumulativeLayoutShift": 0.022287310830781816,
    "firstInputDelay": 37.365044634706976,
    "timestamp": 1773851166406
  },
  "runtime": {
    "memoryUsage": {
      "rss": 58982400,
      "heapUsed": 12352608,
      "heapTotal": 20119552,
      "external": 1969920
    },
    "startupTime": 1512.960333,
    "cpuUsage": 198.699,
    "timestamp": 1773851166406
  },
  "violations": [],
  "recommendations": [
    "Largest file (index.js) is 100.0% of bundle - consider splitting or optimizing"
  ],
  "overallStatus": "pass"
}