{
  "timestamp": 1774437122566,
  "bundleSize": {
    "totalSize": 916,
    "gzippedSize": 423,
    "fileCount": 1,
    "largestFile": {
      "name": "index.js",
      "size": 916,
      "gzippedSize": 423
    },
    "breakdown": [
      {
        "name": "index.js",
        "size": 916,
        "gzippedSize": 423,
        "percentage": 100
      }
    ]
  },
  "webVitals": {
    "firstContentfulPaint": 1498.3711626545764,
    "timeToInteractive": 2423.044762762952,
    "largestContentfulPaint": 2004.0752034262985,
    "cumulativeLayoutShift": 0.010593183906761406,
    "firstInputDelay": 51.62342233478401,
    "timestamp": 1774437122565
  },
  "runtime": {
    "memoryUsage": {
      "rss": 63078400,
      "heapUsed": 13503008,
      "heapTotal": 20414464,
      "external": 1968928
    },
    "startupTime": 1075.032958,
    "cpuUsage": 232.567,
    "timestamp": 1774437122566
  },
  "violations": [],
  "recommendations": [
    "Largest file (index.js) is 100.0% of bundle - consider splitting or optimizing"
  ],
  "overallStatus": "pass"
}