{
  "timestamp": 1774225010918,
  "bundleSize": {
    "totalSize": 916,
    "gzippedSize": 423,
    "fileCount": 1,
    "largestFile": {
      "name": "index.js",
      "size": 916,
      "gzippedSize": 423
    },
    "breakdown": [
      {
        "name": "index.js",
        "size": 916,
        "gzippedSize": 423,
        "percentage": 100
      }
    ]
  },
  "webVitals": {
    "firstContentfulPaint": 1056.4604981235525,
    "timeToInteractive": 2798.612158353826,
    "largestContentfulPaint": 1594.9428007052293,
    "cumulativeLayoutShift": 0.07968145262183404,
    "firstInputDelay": 32.13396647960654,
    "timestamp": 1774225010918
  },
  "runtime": {
    "memoryUsage": {
      "rss": 55394304,
      "heapUsed": 12518680,
      "heapTotal": 20643840,
      "external": 1966662
    },
    "startupTime": 3551.715667,
    "cpuUsage": 188.344,
    "timestamp": 1774225010918
  },
  "violations": [],
  "recommendations": [
    "Largest file (index.js) is 100.0% of bundle - consider splitting or optimizing"
  ],
  "overallStatus": "pass"
}