{
  "timestamp": 1773939279967,
  "bundleSize": {
    "totalSize": 916,
    "gzippedSize": 423,
    "fileCount": 1,
    "largestFile": {
      "name": "index.js",
      "size": 916,
      "gzippedSize": 423
    },
    "breakdown": [
      {
        "name": "index.js",
        "size": 916,
        "gzippedSize": 423,
        "percentage": 100
      }
    ]
  },
  "webVitals": {
    "firstContentfulPaint": 1155.9319071524321,
    "timeToInteractive": 2292.8890394550053,
    "largestContentfulPaint": 2497.6418604845894,
    "cumulativeLayoutShift": 0.0336219375971293,
    "firstInputDelay": 35.42001015002201,
    "timestamp": 1773939279967
  },
  "runtime": {
    "memoryUsage": {
      "rss": 62619648,
      "heapUsed": 13119312,
      "heapTotal": 20905984,
      "external": 1964859
    },
    "startupTime": 529.001166,
    "cpuUsage": 188.644,
    "timestamp": 1773939279967
  },
  "violations": [],
  "recommendations": [
    "Largest file (index.js) is 100.0% of bundle - consider splitting or optimizing"
  ],
  "overallStatus": "pass"
}