{
  "timestamp": 1773761668008,
  "bundleSize": {
    "totalSize": 916,
    "gzippedSize": 423,
    "fileCount": 1,
    "largestFile": {
      "name": "index.js",
      "size": 916,
      "gzippedSize": 423
    },
    "breakdown": [
      {
        "name": "index.js",
        "size": 916,
        "gzippedSize": 423,
        "percentage": 100
      }
    ]
  },
  "webVitals": {
    "firstContentfulPaint": 554.6919586561181,
    "timeToInteractive": 2722.970416685019,
    "largestContentfulPaint": 1766.3390741888977,
    "cumulativeLayoutShift": 0.006859922836010713,
    "firstInputDelay": 36.810507854634345,
    "timestamp": 1773761668008
  },
  "runtime": {
    "memoryUsage": {
      "rss": 62259200,
      "heapUsed": 12092456,
      "heapTotal": 19857408,
      "external": 1969708
    },
    "startupTime": 255.949125,
    "cpuUsage": 159.305,
    "timestamp": 1773761668008
  },
  "violations": [],
  "recommendations": [
    "Largest file (index.js) is 100.0% of bundle - consider splitting or optimizing"
  ],
  "overallStatus": "pass"
}