{
  "timestamp": 1774385236231,
  "bundleSize": {
    "totalSize": 916,
    "gzippedSize": 423,
    "fileCount": 1,
    "largestFile": {
      "name": "index.js",
      "size": 916,
      "gzippedSize": 423
    },
    "breakdown": [
      {
        "name": "index.js",
        "size": 916,
        "gzippedSize": 423,
        "percentage": 100
      }
    ]
  },
  "webVitals": {
    "firstContentfulPaint": 1389.4149978017504,
    "timeToInteractive": 2507.9682059737543,
    "largestContentfulPaint": 2343.0401633459182,
    "cumulativeLayoutShift": 0.0331246108792812,
    "firstInputDelay": 71.69417990510786,
    "timestamp": 1774385236231
  },
  "runtime": {
    "memoryUsage": {
      "rss": 62685184,
      "heapUsed": 12997592,
      "heapTotal": 20185088,
      "external": 1970415
    },
    "startupTime": 242.872291,
    "cpuUsage": 143.647,
    "timestamp": 1774385236231
  },
  "violations": [],
  "recommendations": [
    "Largest file (index.js) is 100.0% of bundle - consider splitting or optimizing"
  ],
  "overallStatus": "pass"
}