{
  "timestamp": 1774728889242,
  "bundleSize": {
    "totalSize": 916,
    "gzippedSize": 423,
    "fileCount": 1,
    "largestFile": {
      "name": "index.js",
      "size": 916,
      "gzippedSize": 423
    },
    "breakdown": [
      {
        "name": "index.js",
        "size": 916,
        "gzippedSize": 423,
        "percentage": 100
      }
    ]
  },
  "webVitals": {
    "firstContentfulPaint": 1443.2957083029823,
    "timeToInteractive": 2022.9402220337333,
    "largestContentfulPaint": 2368.615290982325,
    "cumulativeLayoutShift": 0.08463809509378616,
    "firstInputDelay": 68.21679984467531,
    "timestamp": 1774728889242
  },
  "runtime": {
    "memoryUsage": {
      "rss": 60194816,
      "heapUsed": 12814896,
      "heapTotal": 19857408,
      "external": 1966402
    },
    "startupTime": 310.169583,
    "cpuUsage": 163.561,
    "timestamp": 1774728889242
  },
  "violations": [],
  "recommendations": [
    "Largest file (index.js) is 100.0% of bundle - consider splitting or optimizing"
  ],
  "overallStatus": "pass"
}