{
  "timestamp": 1774266442135,
  "bundleSize": {
    "totalSize": 916,
    "gzippedSize": 423,
    "fileCount": 1,
    "largestFile": {
      "name": "index.js",
      "size": 916,
      "gzippedSize": 423
    },
    "breakdown": [
      {
        "name": "index.js",
        "size": 916,
        "gzippedSize": 423,
        "percentage": 100
      }
    ]
  },
  "webVitals": {
    "firstContentfulPaint": 852.5133415738837,
    "timeToInteractive": 2335.7441735344846,
    "largestContentfulPaint": 1530.345614540186,
    "cumulativeLayoutShift": 0.0043680685608126655,
    "firstInputDelay": 37.38680601834072,
    "timestamp": 1774266442135
  },
  "runtime": {
    "memoryUsage": {
      "rss": 63553536,
      "heapUsed": 13821888,
      "heapTotal": 20578304,
      "external": 1966360
    },
    "startupTime": 1753.975791,
    "cpuUsage": 190.61,
    "timestamp": 1774266442135
  },
  "violations": [],
  "recommendations": [
    "Largest file (index.js) is 100.0% of bundle - consider splitting or optimizing"
  ],
  "overallStatus": "pass"
}