{
  "timestamp": 1773673513566,
  "bundleSize": {
    "totalSize": 916,
    "gzippedSize": 423,
    "fileCount": 1,
    "largestFile": {
      "name": "index.js",
      "size": 916,
      "gzippedSize": 423
    },
    "breakdown": [
      {
        "name": "index.js",
        "size": 916,
        "gzippedSize": 423,
        "percentage": 100
      }
    ]
  },
  "webVitals": {
    "firstContentfulPaint": 1315.92033628752,
    "timeToInteractive": 2981.3797165205506,
    "largestContentfulPaint": 1974.9303855508133,
    "cumulativeLayoutShift": 0.034207765180818694,
    "firstInputDelay": 52.69100451263261,
    "timestamp": 1773673513565
  },
  "runtime": {
    "memoryUsage": {
      "rss": 62586880,
      "heapUsed": 12094184,
      "heapTotal": 20381696,
      "external": 1969921
    },
    "startupTime": 256.410208,
    "cpuUsage": 160.534,
    "timestamp": 1773673513565
  },
  "violations": [],
  "recommendations": [
    "Largest file (index.js) is 100.0% of bundle - consider splitting or optimizing"
  ],
  "overallStatus": "pass"
}