{
  "timestamp": 1774664837942,
  "bundleSize": {
    "totalSize": 916,
    "gzippedSize": 423,
    "fileCount": 1,
    "largestFile": {
      "name": "index.js",
      "size": 916,
      "gzippedSize": 423
    },
    "breakdown": [
      {
        "name": "index.js",
        "size": 916,
        "gzippedSize": 423,
        "percentage": 100
      }
    ]
  },
  "webVitals": {
    "firstContentfulPaint": 788.6016655370161,
    "timeToInteractive": 2108.0086426348525,
    "largestContentfulPaint": 2061.38286530789,
    "cumulativeLayoutShift": 0.00017095217876577086,
    "firstInputDelay": 53.542125921033545,
    "timestamp": 1774664837942
  },
  "runtime": {
    "memoryUsage": {
      "rss": 61456384,
      "heapUsed": 12747184,
      "heapTotal": 19857408,
      "external": 1970223
    },
    "startupTime": 409.246625,
    "cpuUsage": 165.811,
    "timestamp": 1774664837942
  },
  "violations": [],
  "recommendations": [
    "Largest file (index.js) is 100.0% of bundle - consider splitting or optimizing"
  ],
  "overallStatus": "pass"
}