{
  "timestamp": 1773917651829,
  "bundleSize": {
    "totalSize": 916,
    "gzippedSize": 423,
    "fileCount": 1,
    "largestFile": {
      "name": "index.js",
      "size": 916,
      "gzippedSize": 423
    },
    "breakdown": [
      {
        "name": "index.js",
        "size": 916,
        "gzippedSize": 423,
        "percentage": 100
      }
    ]
  },
  "webVitals": {
    "firstContentfulPaint": 1012.2853202243118,
    "timeToInteractive": 2357.2591169366224,
    "largestContentfulPaint": 2369.0808345050445,
    "cumulativeLayoutShift": 0.07147689188093342,
    "firstInputDelay": 68.84426197472814,
    "timestamp": 1773917651829
  },
  "runtime": {
    "memoryUsage": {
      "rss": 59539456,
      "heapUsed": 12454648,
      "heapTotal": 20119552,
      "external": 1965320
    },
    "startupTime": 1551.836416,
    "cpuUsage": 200.534,
    "timestamp": 1773917651829
  },
  "violations": [],
  "recommendations": [
    "Largest file (index.js) is 100.0% of bundle - consider splitting or optimizing"
  ],
  "overallStatus": "pass"
}