{
  "timestamp": 1773917655356,
  "bundleSize": {
    "totalSize": 916,
    "gzippedSize": 423,
    "fileCount": 1,
    "largestFile": {
      "name": "index.js",
      "size": 916,
      "gzippedSize": 423
    },
    "breakdown": [
      {
        "name": "index.js",
        "size": 916,
        "gzippedSize": 423,
        "percentage": 100
      }
    ]
  },
  "webVitals": {
    "firstContentfulPaint": 925.1062435033941,
    "timeToInteractive": 2549.8421700980457,
    "largestContentfulPaint": 1730.0356702497925,
    "cumulativeLayoutShift": 0.04970017688921757,
    "firstInputDelay": 58.8184887774954,
    "timestamp": 1773917655356
  },
  "runtime": {
    "memoryUsage": {
      "rss": 59817984,
      "heapUsed": 12662432,
      "heapTotal": 19857408,
      "external": 1966360
    },
    "startupTime": 1875.190792,
    "cpuUsage": 186.383,
    "timestamp": 1773917655356
  },
  "violations": [],
  "recommendations": [
    "Largest file (index.js) is 100.0% of bundle - consider splitting or optimizing"
  ],
  "overallStatus": "pass"
}