{
  "timestamp": 1774277218601,
  "bundleSize": {
    "totalSize": 916,
    "gzippedSize": 423,
    "fileCount": 1,
    "largestFile": {
      "name": "index.js",
      "size": 916,
      "gzippedSize": 423
    },
    "breakdown": [
      {
        "name": "index.js",
        "size": 916,
        "gzippedSize": 423,
        "percentage": 100
      }
    ]
  },
  "webVitals": {
    "firstContentfulPaint": 1294.2341078863833,
    "timeToInteractive": 2978.3310456207705,
    "largestContentfulPaint": 2323.4777919209746,
    "cumulativeLayoutShift": 0.054535986688711735,
    "firstInputDelay": 51.714639774991745,
    "timestamp": 1774277218601
  },
  "runtime": {
    "memoryUsage": {
      "rss": 62259200,
      "heapUsed": 12401904,
      "heapTotal": 20381696,
      "external": 1965854
    },
    "startupTime": 205.949292,
    "cpuUsage": 149.322,
    "timestamp": 1774277218601
  },
  "violations": [],
  "recommendations": [
    "Largest file (index.js) is 100.0% of bundle - consider splitting or optimizing"
  ],
  "overallStatus": "pass"
}