{
  "timestamp": 1773834308011,
  "bundleSize": {
    "totalSize": 916,
    "gzippedSize": 423,
    "fileCount": 1,
    "largestFile": {
      "name": "index.js",
      "size": 916,
      "gzippedSize": 423
    },
    "breakdown": [
      {
        "name": "index.js",
        "size": 916,
        "gzippedSize": 423,
        "percentage": 100
      }
    ]
  },
  "webVitals": {
    "firstContentfulPaint": 1012.3557471624549,
    "timeToInteractive": 2516.3878476824952,
    "largestContentfulPaint": 2231.149968744861,
    "cumulativeLayoutShift": 0.041900069381431385,
    "firstInputDelay": 50.45730066995352,
    "timestamp": 1773834308011
  },
  "runtime": {
    "memoryUsage": {
      "rss": 61702144,
      "heapUsed": 12090184,
      "heapTotal": 19857408,
      "external": 1965845
    },
    "startupTime": 1170.564333,
    "cpuUsage": 183.243,
    "timestamp": 1773834308011
  },
  "violations": [],
  "recommendations": [
    "Largest file (index.js) is 100.0% of bundle - consider splitting or optimizing"
  ],
  "overallStatus": "pass"
}