{
  "timestamp": 1774026334553,
  "bundleSize": {
    "totalSize": 916,
    "gzippedSize": 423,
    "fileCount": 1,
    "largestFile": {
      "name": "index.js",
      "size": 916,
      "gzippedSize": 423
    },
    "breakdown": [
      {
        "name": "index.js",
        "size": 916,
        "gzippedSize": 423,
        "percentage": 100
      }
    ]
  },
  "webVitals": {
    "firstContentfulPaint": 1176.6082200837936,
    "timeToInteractive": 2459.1177608822354,
    "largestContentfulPaint": 1897.6192410199865,
    "cumulativeLayoutShift": 0.05490364821226393,
    "firstInputDelay": 38.95929265410899,
    "timestamp": 1774026334553
  },
  "runtime": {
    "memoryUsage": {
      "rss": 62439424,
      "heapUsed": 12796848,
      "heapTotal": 19857408,
      "external": 1967921
    },
    "startupTime": 411.401875,
    "cpuUsage": 190.981,
    "timestamp": 1774026334553
  },
  "violations": [],
  "recommendations": [
    "Largest file (index.js) is 100.0% of bundle - consider splitting or optimizing"
  ],
  "overallStatus": "pass"
}