{
  "timestamp": 1774273848923,
  "bundleSize": {
    "totalSize": 916,
    "gzippedSize": 423,
    "fileCount": 1,
    "largestFile": {
      "name": "index.js",
      "size": 916,
      "gzippedSize": 423
    },
    "breakdown": [
      {
        "name": "index.js",
        "size": 916,
        "gzippedSize": 423,
        "percentage": 100
      }
    ]
  },
  "webVitals": {
    "firstContentfulPaint": 751.4075768371711,
    "timeToInteractive": 2103.5887988724253,
    "largestContentfulPaint": 1504.1727181797667,
    "cumulativeLayoutShift": 0.04967086852909226,
    "firstInputDelay": 26.380732496251913,
    "timestamp": 1774273848923
  },
  "runtime": {
    "memoryUsage": {
      "rss": 61833216,
      "heapUsed": 12762896,
      "heapTotal": 19857408,
      "external": 1970672
    },
    "startupTime": 1150.058084,
    "cpuUsage": 195.664,
    "timestamp": 1774273848923
  },
  "violations": [],
  "recommendations": [
    "Largest file (index.js) is 100.0% of bundle - consider splitting or optimizing"
  ],
  "overallStatus": "pass"
}