{
  "timestamp": 1774633604488,
  "bundleSize": {
    "totalSize": 916,
    "gzippedSize": 423,
    "fileCount": 1,
    "largestFile": {
      "name": "index.js",
      "size": 916,
      "gzippedSize": 423
    },
    "breakdown": [
      {
        "name": "index.js",
        "size": 916,
        "gzippedSize": 423,
        "percentage": 100
      }
    ]
  },
  "webVitals": {
    "firstContentfulPaint": 1131.9556694598334,
    "timeToInteractive": 2466.7443631443302,
    "largestContentfulPaint": 2377.7843093551674,
    "cumulativeLayoutShift": 0.07222517002031661,
    "firstInputDelay": 47.91416630625008,
    "timestamp": 1774633604488
  },
  "runtime": {
    "memoryUsage": {
      "rss": 57622528,
      "heapUsed": 12863216,
      "heapTotal": 18022400,
      "external": 2746716
    },
    "startupTime": 174.180208,
    "cpuUsage": 115.509,
    "timestamp": 1774633604488
  },
  "violations": [],
  "recommendations": [
    "Largest file (index.js) is 100.0% of bundle - consider splitting or optimizing"
  ],
  "overallStatus": "pass"
}