{
  "timestamp": 1774268996170,
  "bundleSize": {
    "totalSize": 916,
    "gzippedSize": 423,
    "fileCount": 1,
    "largestFile": {
      "name": "index.js",
      "size": 916,
      "gzippedSize": 423
    },
    "breakdown": [
      {
        "name": "index.js",
        "size": 916,
        "gzippedSize": 423,
        "percentage": 100
      }
    ]
  },
  "webVitals": {
    "firstContentfulPaint": 1296.5561350022567,
    "timeToInteractive": 2695.7099602125936,
    "largestContentfulPaint": 2409.9999042584122,
    "cumulativeLayoutShift": 0.0006254397510001564,
    "firstInputDelay": 40.72135521729348,
    "timestamp": 1774268996170
  },
  "runtime": {
    "memoryUsage": {
      "rss": 61374464,
      "heapUsed": 12675656,
      "heapTotal": 19857408,
      "external": 1971431
    },
    "startupTime": 217.422,
    "cpuUsage": 130.406,
    "timestamp": 1774268996170
  },
  "violations": [],
  "recommendations": [
    "Largest file (index.js) is 100.0% of bundle - consider splitting or optimizing"
  ],
  "overallStatus": "pass"
}