{
  "timestamp": 1773946397531,
  "bundleSize": {
    "totalSize": 916,
    "gzippedSize": 423,
    "fileCount": 1,
    "largestFile": {
      "name": "index.js",
      "size": 916,
      "gzippedSize": 423
    },
    "breakdown": [
      {
        "name": "index.js",
        "size": 916,
        "gzippedSize": 423,
        "percentage": 100
      }
    ]
  },
  "webVitals": {
    "firstContentfulPaint": 1380.7913900600993,
    "timeToInteractive": 2820.5234033679285,
    "largestContentfulPaint": 1839.2066800353875,
    "cumulativeLayoutShift": 0.0530545916410248,
    "firstInputDelay": 42.683908612268155,
    "timestamp": 1773946397531
  },
  "runtime": {
    "memoryUsage": {
      "rss": 61767680,
      "heapUsed": 12502360,
      "heapTotal": 19857408,
      "external": 1970223
    },
    "startupTime": 266.653875,
    "cpuUsage": 161.816,
    "timestamp": 1773946397531
  },
  "violations": [],
  "recommendations": [
    "Largest file (index.js) is 100.0% of bundle - consider splitting or optimizing"
  ],
  "overallStatus": "pass"
}