{
  "timestamp": 1773772289590,
  "bundleSize": {
    "totalSize": 916,
    "gzippedSize": 423,
    "fileCount": 1,
    "largestFile": {
      "name": "index.js",
      "size": 916,
      "gzippedSize": 423
    },
    "breakdown": [
      {
        "name": "index.js",
        "size": 916,
        "gzippedSize": 423,
        "percentage": 100
      }
    ]
  },
  "webVitals": {
    "firstContentfulPaint": 1272.865462567392,
    "timeToInteractive": 2683.4414034599777,
    "largestContentfulPaint": 1555.1920665909101,
    "cumulativeLayoutShift": 0.05363590494178836,
    "firstInputDelay": 71.76393512653968,
    "timestamp": 1773772289590
  },
  "runtime": {
    "memoryUsage": {
      "rss": 61964288,
      "heapUsed": 12098008,
      "heapTotal": 20119552,
      "external": 1969696
    },
    "startupTime": 370.806459,
    "cpuUsage": 173.242,
    "timestamp": 1773772289590
  },
  "violations": [],
  "recommendations": [
    "Largest file (index.js) is 100.0% of bundle - consider splitting or optimizing"
  ],
  "overallStatus": "pass"
}