{
  "timestamp": 1774268263074,
  "bundleSize": {
    "totalSize": 916,
    "gzippedSize": 423,
    "fileCount": 1,
    "largestFile": {
      "name": "index.js",
      "size": 916,
      "gzippedSize": 423
    },
    "breakdown": [
      {
        "name": "index.js",
        "size": 916,
        "gzippedSize": 423,
        "percentage": 100
      }
    ]
  },
  "webVitals": {
    "firstContentfulPaint": 807.3638326490202,
    "timeToInteractive": 2066.5003170742493,
    "largestContentfulPaint": 1993.2042623094126,
    "cumulativeLayoutShift": 0.03937733257477605,
    "firstInputDelay": 37.447244795305764,
    "timestamp": 1774268263073
  },
  "runtime": {
    "memoryUsage": {
      "rss": 61685760,
      "heapUsed": 12688696,
      "heapTotal": 19857408,
      "external": 1970672
    },
    "startupTime": 999.247083,
    "cpuUsage": 198.363,
    "timestamp": 1774268263074
  },
  "violations": [],
  "recommendations": [
    "Largest file (index.js) is 100.0% of bundle - consider splitting or optimizing"
  ],
  "overallStatus": "pass"
}