{
  "timestamp": 1774469280960,
  "bundleSize": {
    "totalSize": 916,
    "gzippedSize": 423,
    "fileCount": 1,
    "largestFile": {
      "name": "index.js",
      "size": 916,
      "gzippedSize": 423
    },
    "breakdown": [
      {
        "name": "index.js",
        "size": 916,
        "gzippedSize": 423,
        "percentage": 100
      }
    ]
  },
  "webVitals": {
    "firstContentfulPaint": 898.6830871181144,
    "timeToInteractive": 2965.0116475297473,
    "largestContentfulPaint": 1814.2953281644507,
    "cumulativeLayoutShift": 0.018204105152474215,
    "firstInputDelay": 49.82807640781243,
    "timestamp": 1774469280960
  },
  "runtime": {
    "memoryUsage": {
      "rss": 62095360,
      "heapUsed": 12381984,
      "heapTotal": 19857408,
      "external": 1971431
    },
    "startupTime": 237.43375,
    "cpuUsage": 145.978,
    "timestamp": 1774469280960
  },
  "violations": [],
  "recommendations": [
    "Largest file (index.js) is 100.0% of bundle - consider splitting or optimizing"
  ],
  "overallStatus": "pass"
}