{
  "timestamp": 1774399695770,
  "bundleSize": {
    "totalSize": 916,
    "gzippedSize": 423,
    "fileCount": 1,
    "largestFile": {
      "name": "index.js",
      "size": 916,
      "gzippedSize": 423
    },
    "breakdown": [
      {
        "name": "index.js",
        "size": 916,
        "gzippedSize": 423,
        "percentage": 100
      }
    ]
  },
  "webVitals": {
    "firstContentfulPaint": 1373.6449123918565,
    "timeToInteractive": 2326.0123095573563,
    "largestContentfulPaint": 1623.704065435268,
    "cumulativeLayoutShift": 0.04099923814147606,
    "firstInputDelay": 58.64612374232841,
    "timestamp": 1774399695770
  },
  "runtime": {
    "memoryUsage": {
      "rss": 61865984,
      "heapUsed": 12908512,
      "heapTotal": 19857408,
      "external": 1970223
    },
    "startupTime": 309.620541,
    "cpuUsage": 161.463,
    "timestamp": 1774399695770
  },
  "violations": [],
  "recommendations": [
    "Largest file (index.js) is 100.0% of bundle - consider splitting or optimizing"
  ],
  "overallStatus": "pass"
}