{
  "timestamp": 1774347797624,
  "bundleSize": {
    "totalSize": 916,
    "gzippedSize": 423,
    "fileCount": 1,
    "largestFile": {
      "name": "index.js",
      "size": 916,
      "gzippedSize": 423
    },
    "breakdown": [
      {
        "name": "index.js",
        "size": 916,
        "gzippedSize": 423,
        "percentage": 100
      }
    ]
  },
  "webVitals": {
    "firstContentfulPaint": 975.0382312140268,
    "timeToInteractive": 2211.9411497340816,
    "largestContentfulPaint": 2134.1936294453126,
    "cumulativeLayoutShift": 0.053908302797097664,
    "firstInputDelay": 26.16591559817596,
    "timestamp": 1774347797623
  },
  "runtime": {
    "memoryUsage": {
      "rss": 63799296,
      "heapUsed": 13579416,
      "heapTotal": 20480000,
      "external": 1965899
    },
    "startupTime": 508.282375,
    "cpuUsage": 194.062,
    "timestamp": 1774347797624
  },
  "violations": [],
  "recommendations": [
    "Largest file (index.js) is 100.0% of bundle - consider splitting or optimizing"
  ],
  "overallStatus": "pass"
}