{
  "timestamp": 1774014584859,
  "bundleSize": {
    "totalSize": 916,
    "gzippedSize": 423,
    "fileCount": 1,
    "largestFile": {
      "name": "index.js",
      "size": 916,
      "gzippedSize": 423
    },
    "breakdown": [
      {
        "name": "index.js",
        "size": 916,
        "gzippedSize": 423,
        "percentage": 100
      }
    ]
  },
  "webVitals": {
    "firstContentfulPaint": 1481.474924018848,
    "timeToInteractive": 2263.1337350952017,
    "largestContentfulPaint": 1764.9517772881698,
    "cumulativeLayoutShift": 0.012694099639106572,
    "firstInputDelay": 28.395846179036443,
    "timestamp": 1774014584859
  },
  "runtime": {
    "memoryUsage": {
      "rss": 62881792,
      "heapUsed": 13253224,
      "heapTotal": 20283392,
      "external": 1967413
    },
    "startupTime": 424.325083,
    "cpuUsage": 206.705,
    "timestamp": 1774014584859
  },
  "violations": [],
  "recommendations": [
    "Largest file (index.js) is 100.0% of bundle - consider splitting or optimizing"
  ],
  "overallStatus": "pass"
}