{
  "timestamp": 1774054474940,
  "bundleSize": {
    "totalSize": 916,
    "gzippedSize": 423,
    "fileCount": 1,
    "largestFile": {
      "name": "index.js",
      "size": 916,
      "gzippedSize": 423
    },
    "breakdown": [
      {
        "name": "index.js",
        "size": 916,
        "gzippedSize": 423,
        "percentage": 100
      }
    ]
  },
  "webVitals": {
    "firstContentfulPaint": 1016.1338427581053,
    "timeToInteractive": 2903.262264258788,
    "largestContentfulPaint": 2382.8103645953865,
    "cumulativeLayoutShift": 0.010306066647833645,
    "firstInputDelay": 49.55802872147997,
    "timestamp": 1774054474940
  },
  "runtime": {
    "memoryUsage": {
      "rss": 61521920,
      "heapUsed": 12935000,
      "heapTotal": 19595264,
      "external": 1971431
    },
    "startupTime": 220.192541,
    "cpuUsage": 131.914,
    "timestamp": 1774054474940
  },
  "violations": [],
  "recommendations": [
    "Largest file (index.js) is 100.0% of bundle - consider splitting or optimizing"
  ],
  "overallStatus": "pass"
}