{
  "timestamp": 1774114404228,
  "bundleSize": {
    "totalSize": 916,
    "gzippedSize": 423,
    "fileCount": 1,
    "largestFile": {
      "name": "index.js",
      "size": 916,
      "gzippedSize": 423
    },
    "breakdown": [
      {
        "name": "index.js",
        "size": 916,
        "gzippedSize": 423,
        "percentage": 100
      }
    ]
  },
  "webVitals": {
    "firstContentfulPaint": 823.6497494153942,
    "timeToInteractive": 2565.4723456045617,
    "largestContentfulPaint": 2216.0659646247323,
    "cumulativeLayoutShift": 0.033332379646474244,
    "firstInputDelay": 26.571654762586682,
    "timestamp": 1774114404228
  },
  "runtime": {
    "memoryUsage": {
      "rss": 62603264,
      "heapUsed": 12954296,
      "heapTotal": 20152320,
      "external": 1970415
    },
    "startupTime": 225.771166,
    "cpuUsage": 135.053,
    "timestamp": 1774114404228
  },
  "violations": [],
  "recommendations": [
    "Largest file (index.js) is 100.0% of bundle - consider splitting or optimizing"
  ],
  "overallStatus": "pass"
}