{
  "timestamp": 1773690509352,
  "bundleSize": {
    "totalSize": 916,
    "gzippedSize": 423,
    "fileCount": 1,
    "largestFile": {
      "name": "index.js",
      "size": 916,
      "gzippedSize": 423
    },
    "breakdown": [
      {
        "name": "index.js",
        "size": 916,
        "gzippedSize": 423,
        "percentage": 100
      }
    ]
  },
  "webVitals": {
    "firstContentfulPaint": 582.789622569519,
    "timeToInteractive": 2255.7204433756483,
    "largestContentfulPaint": 2413.3902622146097,
    "cumulativeLayoutShift": 0.06798171286365676,
    "firstInputDelay": 25.332440585049277,
    "timestamp": 1773690509352
  },
  "runtime": {
    "memoryUsage": {
      "rss": 62062592,
      "heapUsed": 12234408,
      "heapTotal": 19595264,
      "external": 1965845
    },
    "startupTime": 1016.300542,
    "cpuUsage": 188.798,
    "timestamp": 1773690509352
  },
  "violations": [],
  "recommendations": [
    "Largest file (index.js) is 100.0% of bundle - consider splitting or optimizing"
  ],
  "overallStatus": "pass"
}