{
  "timestamp": 1773853327562,
  "bundleSize": {
    "totalSize": 916,
    "gzippedSize": 423,
    "fileCount": 1,
    "largestFile": {
      "name": "index.js",
      "size": 916,
      "gzippedSize": 423
    },
    "breakdown": [
      {
        "name": "index.js",
        "size": 916,
        "gzippedSize": 423,
        "percentage": 100
      }
    ]
  },
  "webVitals": {
    "firstContentfulPaint": 1001.5710895753155,
    "timeToInteractive": 2353.556932301774,
    "largestContentfulPaint": 1773.9598653383928,
    "cumulativeLayoutShift": 0.004737906496004186,
    "firstInputDelay": 34.431782231829864,
    "timestamp": 1773853327562
  },
  "runtime": {
    "memoryUsage": {
      "rss": 62242816,
      "heapUsed": 11988544,
      "heapTotal": 20119552,
      "external": 1968713
    },
    "startupTime": 326.090958,
    "cpuUsage": 163.911,
    "timestamp": 1773853327562
  },
  "violations": [],
  "recommendations": [
    "Largest file (index.js) is 100.0% of bundle - consider splitting or optimizing"
  ],
  "overallStatus": "pass"
}