{
  "timestamp": 1774297291386,
  "bundleSize": {
    "totalSize": 916,
    "gzippedSize": 423,
    "fileCount": 1,
    "largestFile": {
      "name": "index.js",
      "size": 916,
      "gzippedSize": 423
    },
    "breakdown": [
      {
        "name": "index.js",
        "size": 916,
        "gzippedSize": 423,
        "percentage": 100
      }
    ]
  },
  "webVitals": {
    "firstContentfulPaint": 1322.3625183611289,
    "timeToInteractive": 2334.2583113919977,
    "largestContentfulPaint": 2046.3882031304238,
    "cumulativeLayoutShift": 0.008303543385681266,
    "firstInputDelay": 47.35712364403817,
    "timestamp": 1774297291386
  },
  "runtime": {
    "memoryUsage": {
      "rss": 61833216,
      "heapUsed": 12568664,
      "heapTotal": 20381696,
      "external": 1970223
    },
    "startupTime": 272.228041,
    "cpuUsage": 167.442,
    "timestamp": 1774297291386
  },
  "violations": [],
  "recommendations": [
    "Largest file (index.js) is 100.0% of bundle - consider splitting or optimizing"
  ],
  "overallStatus": "pass"
}