{
  "timestamp": 1774549787150,
  "bundleSize": {
    "totalSize": 916,
    "gzippedSize": 423,
    "fileCount": 1,
    "largestFile": {
      "name": "index.js",
      "size": 916,
      "gzippedSize": 423
    },
    "breakdown": [
      {
        "name": "index.js",
        "size": 916,
        "gzippedSize": 423,
        "percentage": 100
      }
    ]
  },
  "webVitals": {
    "firstContentfulPaint": 832.2029122439737,
    "timeToInteractive": 2433.73757085064,
    "largestContentfulPaint": 1540.9449827649973,
    "cumulativeLayoutShift": 0.008080985085690906,
    "firstInputDelay": 67.35705002307611,
    "timestamp": 1774549787150
  },
  "runtime": {
    "memoryUsage": {
      "rss": 61538304,
      "heapUsed": 12397992,
      "heapTotal": 19857408,
      "external": 1971725
    },
    "startupTime": 1053.531833,
    "cpuUsage": 207.204,
    "timestamp": 1774549787150
  },
  "violations": [],
  "recommendations": [
    "Largest file (index.js) is 100.0% of bundle - consider splitting or optimizing"
  ],
  "overallStatus": "pass"
}