{
  "timestamp": 1773865103627,
  "bundleSize": {
    "totalSize": 916,
    "gzippedSize": 423,
    "fileCount": 1,
    "largestFile": {
      "name": "index.js",
      "size": 916,
      "gzippedSize": 423
    },
    "breakdown": [
      {
        "name": "index.js",
        "size": 916,
        "gzippedSize": 423,
        "percentage": 100
      }
    ]
  },
  "webVitals": {
    "firstContentfulPaint": 1279.729975222528,
    "timeToInteractive": 2907.7016988095193,
    "largestContentfulPaint": 2479.3029171418284,
    "cumulativeLayoutShift": 0.04474506359844215,
    "firstInputDelay": 41.184978813019356,
    "timestamp": 1773865103627
  },
  "runtime": {
    "memoryUsage": {
      "rss": 61521920,
      "heapUsed": 12115128,
      "heapTotal": 19857408,
      "external": 1970916
    },
    "startupTime": 229.081791,
    "cpuUsage": 148.843,
    "timestamp": 1773865103627
  },
  "violations": [],
  "recommendations": [
    "Largest file (index.js) is 100.0% of bundle - consider splitting or optimizing"
  ],
  "overallStatus": "pass"
}