{
  "timestamp": 1774483318142,
  "bundleSize": {
    "totalSize": 916,
    "gzippedSize": 423,
    "fileCount": 1,
    "largestFile": {
      "name": "index.js",
      "size": 916,
      "gzippedSize": 423
    },
    "breakdown": [
      {
        "name": "index.js",
        "size": 916,
        "gzippedSize": 423,
        "percentage": 100
      }
    ]
  },
  "webVitals": {
    "firstContentfulPaint": 1395.0923491226913,
    "timeToInteractive": 2074.6447672300123,
    "largestContentfulPaint": 1847.11011706795,
    "cumulativeLayoutShift": 0.027038992401809226,
    "firstInputDelay": 47.01710001956964,
    "timestamp": 1774483318142
  },
  "runtime": {
    "memoryUsage": {
      "rss": 61784064,
      "heapUsed": 12671168,
      "heapTotal": 19595264,
      "external": 1965854
    },
    "startupTime": 213.994042,
    "cpuUsage": 141.765,
    "timestamp": 1774483318142
  },
  "violations": [],
  "recommendations": [
    "Largest file (index.js) is 100.0% of bundle - consider splitting or optimizing"
  ],
  "overallStatus": "pass"
}