{
  "timestamp": 1774370110481,
  "bundleSize": {
    "totalSize": 916,
    "gzippedSize": 423,
    "fileCount": 1,
    "largestFile": {
      "name": "index.js",
      "size": 916,
      "gzippedSize": 423
    },
    "breakdown": [
      {
        "name": "index.js",
        "size": 916,
        "gzippedSize": 423,
        "percentage": 100
      }
    ]
  },
  "webVitals": {
    "firstContentfulPaint": 1154.663947990484,
    "timeToInteractive": 2932.4483002677966,
    "largestContentfulPaint": 1558.8220207953677,
    "cumulativeLayoutShift": 0.026372781202204456,
    "firstInputDelay": 63.27064967475824,
    "timestamp": 1774370110480
  },
  "runtime": {
    "memoryUsage": {
      "rss": 58490880,
      "heapUsed": 12502712,
      "heapTotal": 19857408,
      "external": 1966360
    },
    "startupTime": 1743.801833,
    "cpuUsage": 185.754,
    "timestamp": 1774370110481
  },
  "violations": [],
  "recommendations": [
    "Largest file (index.js) is 100.0% of bundle - consider splitting or optimizing"
  ],
  "overallStatus": "pass"
}