{
  "timestamp": 1774201833055,
  "bundleSize": {
    "totalSize": 916,
    "gzippedSize": 423,
    "fileCount": 1,
    "largestFile": {
      "name": "index.js",
      "size": 916,
      "gzippedSize": 423
    },
    "breakdown": [
      {
        "name": "index.js",
        "size": 916,
        "gzippedSize": 423,
        "percentage": 100
      }
    ]
  },
  "webVitals": {
    "firstContentfulPaint": 923.055718785543,
    "timeToInteractive": 2206.251716246403,
    "largestContentfulPaint": 1705.8351350036846,
    "cumulativeLayoutShift": 0.009149351424253882,
    "firstInputDelay": 47.920622456066894,
    "timestamp": 1774201833055
  },
  "runtime": {
    "memoryUsage": {
      "rss": 62586880,
      "heapUsed": 13083568,
      "heapTotal": 20217856,
      "external": 1971431
    },
    "startupTime": 276.493167,
    "cpuUsage": 161.752,
    "timestamp": 1774201833055
  },
  "violations": [],
  "recommendations": [
    "Largest file (index.js) is 100.0% of bundle - consider splitting or optimizing"
  ],
  "overallStatus": "pass"
}