{
  "timestamp": 1774282936938,
  "bundleSize": {
    "totalSize": 916,
    "gzippedSize": 423,
    "fileCount": 1,
    "largestFile": {
      "name": "index.js",
      "size": 916,
      "gzippedSize": 423
    },
    "breakdown": [
      {
        "name": "index.js",
        "size": 916,
        "gzippedSize": 423,
        "percentage": 100
      }
    ]
  },
  "webVitals": {
    "firstContentfulPaint": 1012.1792855711766,
    "timeToInteractive": 2509.211982002282,
    "largestContentfulPaint": 2312.8198469774056,
    "cumulativeLayoutShift": 0.05164527991130759,
    "firstInputDelay": 27.90936442977473,
    "timestamp": 1774282936938
  },
  "runtime": {
    "memoryUsage": {
      "rss": 62062592,
      "heapUsed": 12680880,
      "heapTotal": 19857408,
      "external": 1971431
    },
    "startupTime": 220.535583,
    "cpuUsage": 138.633,
    "timestamp": 1774282936938
  },
  "violations": [],
  "recommendations": [
    "Largest file (index.js) is 100.0% of bundle - consider splitting or optimizing"
  ],
  "overallStatus": "pass"
}