{
  "timestamp": 1774269742933,
  "bundleSize": {
    "totalSize": 916,
    "gzippedSize": 423,
    "fileCount": 1,
    "largestFile": {
      "name": "index.js",
      "size": 916,
      "gzippedSize": 423
    },
    "breakdown": [
      {
        "name": "index.js",
        "size": 916,
        "gzippedSize": 423,
        "percentage": 100
      }
    ]
  },
  "webVitals": {
    "firstContentfulPaint": 1353.9179269237347,
    "timeToInteractive": 2450.265738884758,
    "largestContentfulPaint": 2141.4051386732517,
    "cumulativeLayoutShift": 0.08655329048682472,
    "firstInputDelay": 30.123492414347965,
    "timestamp": 1774269742933
  },
  "runtime": {
    "memoryUsage": {
      "rss": 62570496,
      "heapUsed": 13236592,
      "heapTotal": 20021248,
      "external": 1971526
    },
    "startupTime": 207.29775,
    "cpuUsage": 129.145,
    "timestamp": 1774269742933
  },
  "violations": [],
  "recommendations": [
    "Largest file (index.js) is 100.0% of bundle - consider splitting or optimizing"
  ],
  "overallStatus": "pass"
}