{
  "timestamp": 1774298969524,
  "bundleSize": {
    "totalSize": 916,
    "gzippedSize": 423,
    "fileCount": 1,
    "largestFile": {
      "name": "index.js",
      "size": 916,
      "gzippedSize": 423
    },
    "breakdown": [
      {
        "name": "index.js",
        "size": 916,
        "gzippedSize": 423,
        "percentage": 100
      }
    ]
  },
  "webVitals": {
    "firstContentfulPaint": 1085.6935924788172,
    "timeToInteractive": 2514.5449055015624,
    "largestContentfulPaint": 2422.712352174259,
    "cumulativeLayoutShift": 0.028648542088415455,
    "firstInputDelay": 55.04181526355345,
    "timestamp": 1774298969524
  },
  "runtime": {
    "memoryUsage": {
      "rss": 65290240,
      "heapUsed": 12791024,
      "heapTotal": 20643840,
      "external": 2721807
    },
    "startupTime": 232.891083,
    "cpuUsage": 134.61,
    "timestamp": 1774298969524
  },
  "violations": [],
  "recommendations": [
    "Largest file (index.js) is 100.0% of bundle - consider splitting or optimizing"
  ],
  "overallStatus": "pass"
}