{
  "timestamp": 1774575615321,
  "bundleSize": {
    "totalSize": 916,
    "gzippedSize": 423,
    "fileCount": 1,
    "largestFile": {
      "name": "index.js",
      "size": 916,
      "gzippedSize": 423
    },
    "breakdown": [
      {
        "name": "index.js",
        "size": 916,
        "gzippedSize": 423,
        "percentage": 100
      }
    ]
  },
  "webVitals": {
    "firstContentfulPaint": 710.0978092224601,
    "timeToInteractive": 2485.065986191261,
    "largestContentfulPaint": 2066.534829715614,
    "cumulativeLayoutShift": 0.0030347902725222477,
    "firstInputDelay": 67.10667762334577,
    "timestamp": 1774575615321
  },
  "runtime": {
    "memoryUsage": {
      "rss": 61603840,
      "heapUsed": 12900368,
      "heapTotal": 19857408,
      "external": 1970223
    },
    "startupTime": 233.971833,
    "cpuUsage": 143.399,
    "timestamp": 1774575615321
  },
  "violations": [],
  "recommendations": [
    "Largest file (index.js) is 100.0% of bundle - consider splitting or optimizing"
  ],
  "overallStatus": "pass"
}