{
  "timestamp": 1774511960108,
  "bundleSize": {
    "totalSize": 916,
    "gzippedSize": 423,
    "fileCount": 1,
    "largestFile": {
      "name": "index.js",
      "size": 916,
      "gzippedSize": 423
    },
    "breakdown": [
      {
        "name": "index.js",
        "size": 916,
        "gzippedSize": 423,
        "percentage": 100
      }
    ]
  },
  "webVitals": {
    "firstContentfulPaint": 1435.5354599074703,
    "timeToInteractive": 2864.2617730967613,
    "largestContentfulPaint": 1830.0171893263275,
    "cumulativeLayoutShift": 0.08679072730939633,
    "firstInputDelay": 26.203260116226225,
    "timestamp": 1774511960108
  },
  "runtime": {
    "memoryUsage": {
      "rss": 62193664,
      "heapUsed": 12575336,
      "heapTotal": 19857408,
      "external": 1968756
    },
    "startupTime": 4278.443791,
    "cpuUsage": 178.038,
    "timestamp": 1774511960108
  },
  "violations": [],
  "recommendations": [
    "Largest file (index.js) is 100.0% of bundle - consider splitting or optimizing"
  ],
  "overallStatus": "pass"
}