{
  "timestamp": 1774269219144,
  "bundleSize": {
    "totalSize": 916,
    "gzippedSize": 423,
    "fileCount": 1,
    "largestFile": {
      "name": "index.js",
      "size": 916,
      "gzippedSize": 423
    },
    "breakdown": [
      {
        "name": "index.js",
        "size": 916,
        "gzippedSize": 423,
        "percentage": 100
      }
    ]
  },
  "webVitals": {
    "firstContentfulPaint": 1021.1701707968517,
    "timeToInteractive": 2492.349872694954,
    "largestContentfulPaint": 1932.2927988921065,
    "cumulativeLayoutShift": 0.031036938673714532,
    "firstInputDelay": 62.90808254344237,
    "timestamp": 1774269219143
  },
  "runtime": {
    "memoryUsage": {
      "rss": 60162048,
      "heapUsed": 11569944,
      "heapTotal": 20381696,
      "external": 1968836
    },
    "startupTime": 219.239792,
    "cpuUsage": 126.056,
    "timestamp": 1774269219144
  },
  "violations": [],
  "recommendations": [
    "Largest file (index.js) is 100.0% of bundle - consider splitting or optimizing"
  ],
  "overallStatus": "pass"
}