{
  "timestamp": 1774197967700,
  "bundleSize": {
    "totalSize": 916,
    "gzippedSize": 423,
    "fileCount": 1,
    "largestFile": {
      "name": "index.js",
      "size": 916,
      "gzippedSize": 423
    },
    "breakdown": [
      {
        "name": "index.js",
        "size": 916,
        "gzippedSize": 423,
        "percentage": 100
      }
    ]
  },
  "webVitals": {
    "firstContentfulPaint": 1231.4686644137428,
    "timeToInteractive": 2677.40942385542,
    "largestContentfulPaint": 1612.8283669658772,
    "cumulativeLayoutShift": 0.046995820947632216,
    "firstInputDelay": 50.15326078043216,
    "timestamp": 1774197967700
  },
  "runtime": {
    "memoryUsage": {
      "rss": 62406656,
      "heapUsed": 12825872,
      "heapTotal": 19922944,
      "external": 1965854
    },
    "startupTime": 220.594666,
    "cpuUsage": 144.373,
    "timestamp": 1774197967700
  },
  "violations": [],
  "recommendations": [
    "Largest file (index.js) is 100.0% of bundle - consider splitting or optimizing"
  ],
  "overallStatus": "pass"
}