{
  "timestamp": 1774201309668,
  "bundleSize": {
    "totalSize": 916,
    "gzippedSize": 423,
    "fileCount": 1,
    "largestFile": {
      "name": "index.js",
      "size": 916,
      "gzippedSize": 423
    },
    "breakdown": [
      {
        "name": "index.js",
        "size": 916,
        "gzippedSize": 423,
        "percentage": 100
      }
    ]
  },
  "webVitals": {
    "firstContentfulPaint": 568.4847729712249,
    "timeToInteractive": 2836.6603898077765,
    "largestContentfulPaint": 2339.9203632047816,
    "cumulativeLayoutShift": 0.006178280141116966,
    "firstInputDelay": 42.31049717533371,
    "timestamp": 1774201309668
  },
  "runtime": {
    "memoryUsage": {
      "rss": 62046208,
      "heapUsed": 12756448,
      "heapTotal": 19857408,
      "external": 1970672
    },
    "startupTime": 1052.455333,
    "cpuUsage": 187.453,
    "timestamp": 1774201309668
  },
  "violations": [],
  "recommendations": [
    "Largest file (index.js) is 100.0% of bundle - consider splitting or optimizing"
  ],
  "overallStatus": "pass"
}