{
  "timestamp": 1774621414794,
  "bundleSize": {
    "totalSize": 916,
    "gzippedSize": 423,
    "fileCount": 1,
    "largestFile": {
      "name": "index.js",
      "size": 916,
      "gzippedSize": 423
    },
    "breakdown": [
      {
        "name": "index.js",
        "size": 916,
        "gzippedSize": 423,
        "percentage": 100
      }
    ]
  },
  "webVitals": {
    "firstContentfulPaint": 610.3181219559729,
    "timeToInteractive": 2511.6594880723032,
    "largestContentfulPaint": 2010.2245658017432,
    "cumulativeLayoutShift": 0.006431136447424324,
    "firstInputDelay": 48.94931261571597,
    "timestamp": 1774621414794
  },
  "runtime": {
    "memoryUsage": {
      "rss": 61767680,
      "heapUsed": 12709496,
      "heapTotal": 19595264,
      "external": 1970223
    },
    "startupTime": 236.105334,
    "cpuUsage": 141.626,
    "timestamp": 1774621414794
  },
  "violations": [],
  "recommendations": [
    "Largest file (index.js) is 100.0% of bundle - consider splitting or optimizing"
  ],
  "overallStatus": "pass"
}