{
  "timestamp": 1774051457903,
  "bundleSize": {
    "totalSize": 916,
    "gzippedSize": 423,
    "fileCount": 1,
    "largestFile": {
      "name": "index.js",
      "size": 916,
      "gzippedSize": 423
    },
    "breakdown": [
      {
        "name": "index.js",
        "size": 916,
        "gzippedSize": 423,
        "percentage": 100
      }
    ]
  },
  "webVitals": {
    "firstContentfulPaint": 551.7794725564585,
    "timeToInteractive": 2461.4459532297205,
    "largestContentfulPaint": 1685.0465652804533,
    "cumulativeLayoutShift": 0.011048925296668144,
    "firstInputDelay": 48.49977072514918,
    "timestamp": 1774051457903
  },
  "runtime": {
    "memoryUsage": {
      "rss": 61915136,
      "heapUsed": 12901600,
      "heapTotal": 19857408,
      "external": 1971431
    },
    "startupTime": 221.786667,
    "cpuUsage": 139.384,
    "timestamp": 1774051457903
  },
  "violations": [],
  "recommendations": [
    "Largest file (index.js) is 100.0% of bundle - consider splitting or optimizing"
  ],
  "overallStatus": "pass"
}