{
  "timestamp": 1774513366920,
  "bundleSize": {
    "totalSize": 916,
    "gzippedSize": 423,
    "fileCount": 1,
    "largestFile": {
      "name": "index.js",
      "size": 916,
      "gzippedSize": 423
    },
    "breakdown": [
      {
        "name": "index.js",
        "size": 916,
        "gzippedSize": 423,
        "percentage": 100
      }
    ]
  },
  "webVitals": {
    "firstContentfulPaint": 1342.7469971344362,
    "timeToInteractive": 2277.7702397107837,
    "largestContentfulPaint": 1831.6161189414725,
    "cumulativeLayoutShift": 0.06030276925467646,
    "firstInputDelay": 50.862761096368345,
    "timestamp": 1774513366920
  },
  "runtime": {
    "memoryUsage": {
      "rss": 62636032,
      "heapUsed": 12479112,
      "heapTotal": 20381696,
      "external": 1970949
    },
    "startupTime": 225.97275,
    "cpuUsage": 147.731,
    "timestamp": 1774513366920
  },
  "violations": [],
  "recommendations": [
    "Largest file (index.js) is 100.0% of bundle - consider splitting or optimizing"
  ],
  "overallStatus": "pass"
}