{
  "timestamp": 1773943312566,
  "bundleSize": {
    "totalSize": 916,
    "gzippedSize": 423,
    "fileCount": 1,
    "largestFile": {
      "name": "index.js",
      "size": 916,
      "gzippedSize": 423
    },
    "breakdown": [
      {
        "name": "index.js",
        "size": 916,
        "gzippedSize": 423,
        "percentage": 100
      }
    ]
  },
  "webVitals": {
    "firstContentfulPaint": 701.2940781743841,
    "timeToInteractive": 2879.497856756082,
    "largestContentfulPaint": 1707.3665214970326,
    "cumulativeLayoutShift": 0.025880611305119962,
    "firstInputDelay": 57.001089038082476,
    "timestamp": 1773943312566
  },
  "runtime": {
    "memoryUsage": {
      "rss": 61210624,
      "heapUsed": 12936680,
      "heapTotal": 19857408,
      "external": 1971725
    },
    "startupTime": 680.786875,
    "cpuUsage": 200.26,
    "timestamp": 1773943312566
  },
  "violations": [],
  "recommendations": [
    "Largest file (index.js) is 100.0% of bundle - consider splitting or optimizing"
  ],
  "overallStatus": "pass"
}