{
  "timestamp": 1774436255126,
  "bundleSize": {
    "totalSize": 916,
    "gzippedSize": 423,
    "fileCount": 1,
    "largestFile": {
      "name": "index.js",
      "size": 916,
      "gzippedSize": 423
    },
    "breakdown": [
      {
        "name": "index.js",
        "size": 916,
        "gzippedSize": 423,
        "percentage": 100
      }
    ]
  },
  "webVitals": {
    "firstContentfulPaint": 707.7414161109627,
    "timeToInteractive": 2275.9662789755243,
    "largestContentfulPaint": 1959.7310292532734,
    "cumulativeLayoutShift": 0.006200866086480472,
    "firstInputDelay": 29.830028927773178,
    "timestamp": 1774436255126
  },
  "runtime": {
    "memoryUsage": {
      "rss": 57409536,
      "heapUsed": 12830680,
      "heapTotal": 18284544,
      "external": 2744621
    },
    "startupTime": 156.441625,
    "cpuUsage": 103.321,
    "timestamp": 1774436255126
  },
  "violations": [],
  "recommendations": [
    "Largest file (index.js) is 100.0% of bundle - consider splitting or optimizing"
  ],
  "overallStatus": "pass"
}