{
  "timestamp": 1774223173942,
  "bundleSize": {
    "totalSize": 916,
    "gzippedSize": 423,
    "fileCount": 1,
    "largestFile": {
      "name": "index.js",
      "size": 916,
      "gzippedSize": 423
    },
    "breakdown": [
      {
        "name": "index.js",
        "size": 916,
        "gzippedSize": 423,
        "percentage": 100
      }
    ]
  },
  "webVitals": {
    "firstContentfulPaint": 1040.9571920172398,
    "timeToInteractive": 2078.4764642889386,
    "largestContentfulPaint": 1610.7551586712593,
    "cumulativeLayoutShift": 0.0010690818041200866,
    "firstInputDelay": 27.91409529866593,
    "timestamp": 1774223173942
  },
  "runtime": {
    "memoryUsage": {
      "rss": 59899904,
      "heapUsed": 13456248,
      "heapTotal": 20414464,
      "external": 1967163
    },
    "startupTime": 4956.54975,
    "cpuUsage": 181.261,
    "timestamp": 1774223173942
  },
  "violations": [],
  "recommendations": [
    "Largest file (index.js) is 100.0% of bundle - consider splitting or optimizing"
  ],
  "overallStatus": "pass"
}