{
  "timestamp": 1774305176129,
  "bundleSize": {
    "totalSize": 916,
    "gzippedSize": 423,
    "fileCount": 1,
    "largestFile": {
      "name": "index.js",
      "size": 916,
      "gzippedSize": 423
    },
    "breakdown": [
      {
        "name": "index.js",
        "size": 916,
        "gzippedSize": 423,
        "percentage": 100
      }
    ]
  },
  "webVitals": {
    "firstContentfulPaint": 693.6888615033153,
    "timeToInteractive": 2118.6490593520975,
    "largestContentfulPaint": 2411.8835738834105,
    "cumulativeLayoutShift": 0.0015056359356314887,
    "firstInputDelay": 66.13456737687615,
    "timestamp": 1774305176129
  },
  "runtime": {
    "memoryUsage": {
      "rss": 61767680,
      "heapUsed": 12915880,
      "heapTotal": 19595264,
      "external": 1965899
    },
    "startupTime": 506.51675,
    "cpuUsage": 177.676,
    "timestamp": 1774305176129
  },
  "violations": [],
  "recommendations": [
    "Largest file (index.js) is 100.0% of bundle - consider splitting or optimizing"
  ],
  "overallStatus": "pass"
}