{
  "timestamp": 1774555391420,
  "bundleSize": {
    "totalSize": 916,
    "gzippedSize": 423,
    "fileCount": 1,
    "largestFile": {
      "name": "index.js",
      "size": 916,
      "gzippedSize": 423
    },
    "breakdown": [
      {
        "name": "index.js",
        "size": 916,
        "gzippedSize": 423,
        "percentage": 100
      }
    ]
  },
  "webVitals": {
    "firstContentfulPaint": 633.7048687686629,
    "timeToInteractive": 2301.6625206448416,
    "largestContentfulPaint": 1688.4401089537696,
    "cumulativeLayoutShift": 0.0016947397481755556,
    "firstInputDelay": 52.309416228110805,
    "timestamp": 1774555391420
  },
  "runtime": {
    "memoryUsage": {
      "rss": 65454080,
      "heapUsed": 12955432,
      "heapTotal": 20643840,
      "external": 2634265
    },
    "startupTime": 237.067209,
    "cpuUsage": 130.882,
    "timestamp": 1774555391420
  },
  "violations": [],
  "recommendations": [
    "Largest file (index.js) is 100.0% of bundle - consider splitting or optimizing"
  ],
  "overallStatus": "pass"
}