{
  "timestamp": 1774469084545,
  "bundleSize": {
    "totalSize": 916,
    "gzippedSize": 423,
    "fileCount": 1,
    "largestFile": {
      "name": "index.js",
      "size": 916,
      "gzippedSize": 423
    },
    "breakdown": [
      {
        "name": "index.js",
        "size": 916,
        "gzippedSize": 423,
        "percentage": 100
      }
    ]
  },
  "webVitals": {
    "firstContentfulPaint": 1291.6728011116372,
    "timeToInteractive": 2754.748181373429,
    "largestContentfulPaint": 2326.320943293629,
    "cumulativeLayoutShift": 0.048456821549668266,
    "firstInputDelay": 34.194728745801825,
    "timestamp": 1774469084545
  },
  "runtime": {
    "memoryUsage": {
      "rss": 62210048,
      "heapUsed": 12444128,
      "heapTotal": 20119552,
      "external": 1966360
    },
    "startupTime": 493.908417,
    "cpuUsage": 182.125,
    "timestamp": 1774469084545
  },
  "violations": [],
  "recommendations": [
    "Largest file (index.js) is 100.0% of bundle - consider splitting or optimizing"
  ],
  "overallStatus": "pass"
}