{
  "timestamp": 1774225790712,
  "bundleSize": {
    "totalSize": 916,
    "gzippedSize": 423,
    "fileCount": 1,
    "largestFile": {
      "name": "index.js",
      "size": 916,
      "gzippedSize": 423
    },
    "breakdown": [
      {
        "name": "index.js",
        "size": 916,
        "gzippedSize": 423,
        "percentage": 100
      }
    ]
  },
  "webVitals": {
    "firstContentfulPaint": 1011.5974860220335,
    "timeToInteractive": 2635.4320619527616,
    "largestContentfulPaint": 1886.9391310213596,
    "cumulativeLayoutShift": 0.09280867426653683,
    "firstInputDelay": 44.358837174434896,
    "timestamp": 1774225790712
  },
  "runtime": {
    "memoryUsage": {
      "rss": 56442880,
      "heapUsed": 13900992,
      "heapTotal": 20578304,
      "external": 1967702
    },
    "startupTime": 5179.688708,
    "cpuUsage": 204.57,
    "timestamp": 1774225790712
  },
  "violations": [],
  "recommendations": [
    "Largest file (index.js) is 100.0% of bundle - consider splitting or optimizing"
  ],
  "overallStatus": "pass"
}