{
  "timestamp": 1773852968876,
  "bundleSize": {
    "totalSize": 916,
    "gzippedSize": 423,
    "fileCount": 1,
    "largestFile": {
      "name": "index.js",
      "size": 916,
      "gzippedSize": 423
    },
    "breakdown": [
      {
        "name": "index.js",
        "size": 916,
        "gzippedSize": 423,
        "percentage": 100
      }
    ]
  },
  "webVitals": {
    "firstContentfulPaint": 872.0288729446183,
    "timeToInteractive": 2917.397446659928,
    "largestContentfulPaint": 2202.5992393274782,
    "cumulativeLayoutShift": 0.049743053033163225,
    "firstInputDelay": 64.44751632978412,
    "timestamp": 1773852968876
  },
  "runtime": {
    "memoryUsage": {
      "rss": 62095360,
      "heapUsed": 12274160,
      "heapTotal": 19857408,
      "external": 1965633
    },
    "startupTime": 450.929125,
    "cpuUsage": 169.944,
    "timestamp": 1773852968876
  },
  "violations": [],
  "recommendations": [
    "Largest file (index.js) is 100.0% of bundle - consider splitting or optimizing"
  ],
  "overallStatus": "pass"
}