{
  "timestamp": 1774541885556,
  "bundleSize": {
    "totalSize": 916,
    "gzippedSize": 423,
    "fileCount": 1,
    "largestFile": {
      "name": "index.js",
      "size": 916,
      "gzippedSize": 423
    },
    "breakdown": [
      {
        "name": "index.js",
        "size": 916,
        "gzippedSize": 423,
        "percentage": 100
      }
    ]
  },
  "webVitals": {
    "firstContentfulPaint": 1008.1707512999238,
    "timeToInteractive": 2525.0006436048116,
    "largestContentfulPaint": 2426.8530813899088,
    "cumulativeLayoutShift": 0.02669590609770869,
    "firstInputDelay": 40.114449813316654,
    "timestamp": 1774541885556
  },
  "runtime": {
    "memoryUsage": {
      "rss": 61702144,
      "heapUsed": 12459336,
      "heapTotal": 19595264,
      "external": 1970223
    },
    "startupTime": 261.253041,
    "cpuUsage": 150.808,
    "timestamp": 1774541885556
  },
  "violations": [],
  "recommendations": [
    "Largest file (index.js) is 100.0% of bundle - consider splitting or optimizing"
  ],
  "overallStatus": "pass"
}