{
  "timestamp": 1774625608292,
  "bundleSize": {
    "totalSize": 916,
    "gzippedSize": 423,
    "fileCount": 1,
    "largestFile": {
      "name": "index.js",
      "size": 916,
      "gzippedSize": 423
    },
    "breakdown": [
      {
        "name": "index.js",
        "size": 916,
        "gzippedSize": 423,
        "percentage": 100
      }
    ]
  },
  "webVitals": {
    "firstContentfulPaint": 1412.4990526808733,
    "timeToInteractive": 2463.5297041999584,
    "largestContentfulPaint": 1924.1261176622925,
    "cumulativeLayoutShift": 0.012895577716041773,
    "firstInputDelay": 64.13104845644509,
    "timestamp": 1774625608292
  },
  "runtime": {
    "memoryUsage": {
      "rss": 61685760,
      "heapUsed": 12323720,
      "heapTotal": 19595264,
      "external": 1971431
    },
    "startupTime": 222.784792,
    "cpuUsage": 136.594,
    "timestamp": 1774625608292
  },
  "violations": [],
  "recommendations": [
    "Largest file (index.js) is 100.0% of bundle - consider splitting or optimizing"
  ],
  "overallStatus": "pass"
}