{
  "timestamp": 1774034296202,
  "bundleSize": {
    "totalSize": 916,
    "gzippedSize": 423,
    "fileCount": 1,
    "largestFile": {
      "name": "index.js",
      "size": 916,
      "gzippedSize": 423
    },
    "breakdown": [
      {
        "name": "index.js",
        "size": 916,
        "gzippedSize": 423,
        "percentage": 100
      }
    ]
  },
  "webVitals": {
    "firstContentfulPaint": 1254.6162232986526,
    "timeToInteractive": 2684.424211846283,
    "largestContentfulPaint": 2247.8974059991833,
    "cumulativeLayoutShift": 0.06007917454117724,
    "firstInputDelay": 25.90904911311097,
    "timestamp": 1774034296202
  },
  "runtime": {
    "memoryUsage": {
      "rss": 61898752,
      "heapUsed": 12661440,
      "heapTotal": 19857408,
      "external": 1970211
    },
    "startupTime": 631.774167,
    "cpuUsage": 190.055,
    "timestamp": 1774034296202
  },
  "violations": [],
  "recommendations": [
    "Largest file (index.js) is 100.0% of bundle - consider splitting or optimizing"
  ],
  "overallStatus": "pass"
}