{
  "timestamp": 1774213882782,
  "bundleSize": {
    "totalSize": 916,
    "gzippedSize": 423,
    "fileCount": 1,
    "largestFile": {
      "name": "index.js",
      "size": 916,
      "gzippedSize": 423
    },
    "breakdown": [
      {
        "name": "index.js",
        "size": 916,
        "gzippedSize": 423,
        "percentage": 100
      }
    ]
  },
  "webVitals": {
    "firstContentfulPaint": 1256.0910948962633,
    "timeToInteractive": 2144.121832143641,
    "largestContentfulPaint": 1680.7636012005537,
    "cumulativeLayoutShift": 0.06971667475546288,
    "firstInputDelay": 51.567715877317596,
    "timestamp": 1774213882782
  },
  "runtime": {
    "memoryUsage": {
      "rss": 62439424,
      "heapUsed": 13013232,
      "heapTotal": 20283392,
      "external": 1970223
    },
    "startupTime": 246.728834,
    "cpuUsage": 140.128,
    "timestamp": 1774213882782
  },
  "violations": [],
  "recommendations": [
    "Largest file (index.js) is 100.0% of bundle - consider splitting or optimizing"
  ],
  "overallStatus": "pass"
}