{
  "timestamp": 1774031653325,
  "bundleSize": {
    "totalSize": 916,
    "gzippedSize": 423,
    "fileCount": 1,
    "largestFile": {
      "name": "index.js",
      "size": 916,
      "gzippedSize": 423
    },
    "breakdown": [
      {
        "name": "index.js",
        "size": 916,
        "gzippedSize": 423,
        "percentage": 100
      }
    ]
  },
  "webVitals": {
    "firstContentfulPaint": 1171.1316720112686,
    "timeToInteractive": 2336.053144717749,
    "largestContentfulPaint": 1990.081905261395,
    "cumulativeLayoutShift": 0.09656089103223559,
    "firstInputDelay": 39.678989383939054,
    "timestamp": 1774031653325
  },
  "runtime": {
    "memoryUsage": {
      "rss": 62390272,
      "heapUsed": 12853232,
      "heapTotal": 21004288,
      "external": 1966373
    },
    "startupTime": 465.977167,
    "cpuUsage": 193.016,
    "timestamp": 1774031653325
  },
  "violations": [],
  "recommendations": [
    "Largest file (index.js) is 100.0% of bundle - consider splitting or optimizing"
  ],
  "overallStatus": "pass"
}