{
  "timestamp": 1773775770691,
  "bundleSize": {
    "totalSize": 916,
    "gzippedSize": 423,
    "fileCount": 1,
    "largestFile": {
      "name": "index.js",
      "size": 916,
      "gzippedSize": 423
    },
    "breakdown": [
      {
        "name": "index.js",
        "size": 916,
        "gzippedSize": 423,
        "percentage": 100
      }
    ]
  },
  "webVitals": {
    "firstContentfulPaint": 537.248490714042,
    "timeToInteractive": 2795.5685075704523,
    "largestContentfulPaint": 1944.557561340145,
    "cumulativeLayoutShift": 0.036474863136316225,
    "firstInputDelay": 46.324773167767006,
    "timestamp": 1773775770691
  },
  "runtime": {
    "memoryUsage": {
      "rss": 61636608,
      "heapUsed": 12074784,
      "heapTotal": 19595264,
      "external": 1970590
    },
    "startupTime": 281.023041,
    "cpuUsage": 182.904,
    "timestamp": 1773775770691
  },
  "violations": [],
  "recommendations": [
    "Largest file (index.js) is 100.0% of bundle - consider splitting or optimizing"
  ],
  "overallStatus": "pass"
}