{
  "timestamp": 1773836450730,
  "bundleSize": {
    "totalSize": 916,
    "gzippedSize": 423,
    "fileCount": 1,
    "largestFile": {
      "name": "index.js",
      "size": 916,
      "gzippedSize": 423
    },
    "breakdown": [
      {
        "name": "index.js",
        "size": 916,
        "gzippedSize": 423,
        "percentage": 100
      }
    ]
  },
  "webVitals": {
    "firstContentfulPaint": 1163.3047256178106,
    "timeToInteractive": 2520.2866188466946,
    "largestContentfulPaint": 1636.4885315525366,
    "cumulativeLayoutShift": 0.02394785122713714,
    "firstInputDelay": 70.01993044378489,
    "timestamp": 1773836450730
  },
  "runtime": {
    "memoryUsage": {
      "rss": 61980672,
      "heapUsed": 12254000,
      "heapTotal": 19595264,
      "external": 1969696
    },
    "startupTime": 351.120416,
    "cpuUsage": 178.947,
    "timestamp": 1773836450730
  },
  "violations": [],
  "recommendations": [
    "Largest file (index.js) is 100.0% of bundle - consider splitting or optimizing"
  ],
  "overallStatus": "pass"
}