{
  "timestamp": 1773850801013,
  "bundleSize": {
    "totalSize": 916,
    "gzippedSize": 423,
    "fileCount": 1,
    "largestFile": {
      "name": "index.js",
      "size": 916,
      "gzippedSize": 423
    },
    "breakdown": [
      {
        "name": "index.js",
        "size": 916,
        "gzippedSize": 423,
        "percentage": 100
      }
    ]
  },
  "webVitals": {
    "firstContentfulPaint": 1101.4667937761292,
    "timeToInteractive": 2391.8696649687067,
    "largestContentfulPaint": 1623.5792285074656,
    "cumulativeLayoutShift": 0.023978412938642557,
    "firstInputDelay": 61.930505182408915,
    "timestamp": 1773850801013
  },
  "runtime": {
    "memoryUsage": {
      "rss": 61931520,
      "heapUsed": 12227160,
      "heapTotal": 19857408,
      "external": 1965845
    },
    "startupTime": 1005.33125,
    "cpuUsage": 185.747,
    "timestamp": 1773850801013
  },
  "violations": [],
  "recommendations": [
    "Largest file (index.js) is 100.0% of bundle - consider splitting or optimizing"
  ],
  "overallStatus": "pass"
}