{
  "timestamp": 1775267232768,
  "bundleSize": {
    "totalSize": 952,
    "gzippedSize": 439,
    "fileCount": 1,
    "largestFile": {
      "name": "index.js",
      "size": 952,
      "gzippedSize": 439
    },
    "breakdown": [
      {
        "name": "index.js",
        "size": 952,
        "gzippedSize": 439,
        "percentage": 100
      }
    ]
  },
  "webVitals": {
    "firstContentfulPaint": 1334.7943738874937,
    "timeToInteractive": 2858.771523757358,
    "largestContentfulPaint": 2288.331799924755,
    "cumulativeLayoutShift": 0.07783399091517795,
    "firstInputDelay": 28.805536728275662,
    "timestamp": 1775267232767
  },
  "runtime": {
    "memoryUsage": {
      "rss": 60178432,
      "heapUsed": 11719984,
      "heapTotal": 20234240,
      "external": 1970546
    },
    "startupTime": 351.319833,
    "cpuUsage": 132.218,
    "timestamp": 1775267232768
  },
  "violations": [],
  "recommendations": [
    "Largest file (index.js) is 100.0% of bundle - consider splitting or optimizing"
  ],
  "overallStatus": "pass"
}