{
  "timestamp": 1774510931373,
  "bundleSize": {
    "totalSize": 916,
    "gzippedSize": 423,
    "fileCount": 1,
    "largestFile": {
      "name": "index.js",
      "size": 916,
      "gzippedSize": 423
    },
    "breakdown": [
      {
        "name": "index.js",
        "size": 916,
        "gzippedSize": 423,
        "percentage": 100
      }
    ]
  },
  "webVitals": {
    "firstContentfulPaint": 1290.5440564256894,
    "timeToInteractive": 2731.834369898996,
    "largestContentfulPaint": 1656.8996607811591,
    "cumulativeLayoutShift": 0.07858502551306218,
    "firstInputDelay": 74.25444194025792,
    "timestamp": 1774510931373
  },
  "runtime": {
    "memoryUsage": {
      "rss": 57819136,
      "heapUsed": 12806368,
      "heapTotal": 20447232,
      "external": 1965320
    },
    "startupTime": 2362.413041,
    "cpuUsage": 211.013,
    "timestamp": 1774510931373
  },
  "violations": [],
  "recommendations": [
    "Largest file (index.js) is 100.0% of bundle - consider splitting or optimizing"
  ],
  "overallStatus": "pass"
}