{
  "timestamp": 1774448109362,
  "bundleSize": {
    "totalSize": 916,
    "gzippedSize": 423,
    "fileCount": 1,
    "largestFile": {
      "name": "index.js",
      "size": 916,
      "gzippedSize": 423
    },
    "breakdown": [
      {
        "name": "index.js",
        "size": 916,
        "gzippedSize": 423,
        "percentage": 100
      }
    ]
  },
  "webVitals": {
    "firstContentfulPaint": 945.4701253702502,
    "timeToInteractive": 2889.2648083039353,
    "largestContentfulPaint": 1660.2256497675735,
    "cumulativeLayoutShift": 0.02572378036813623,
    "firstInputDelay": 50.752871740054594,
    "timestamp": 1774448109362
  },
  "runtime": {
    "memoryUsage": {
      "rss": 57524224,
      "heapUsed": 12611680,
      "heapTotal": 18022400,
      "external": 2746045
    },
    "startupTime": 165.059416,
    "cpuUsage": 101.624,
    "timestamp": 1774448109362
  },
  "violations": [],
  "recommendations": [
    "Largest file (index.js) is 100.0% of bundle - consider splitting or optimizing"
  ],
  "overallStatus": "pass"
}