{
  "timestamp": 1774541714716,
  "bundleSize": {
    "totalSize": 916,
    "gzippedSize": 423,
    "fileCount": 1,
    "largestFile": {
      "name": "index.js",
      "size": 916,
      "gzippedSize": 423
    },
    "breakdown": [
      {
        "name": "index.js",
        "size": 916,
        "gzippedSize": 423,
        "percentage": 100
      }
    ]
  },
  "webVitals": {
    "firstContentfulPaint": 1035.3523622439252,
    "timeToInteractive": 2566.585012981265,
    "largestContentfulPaint": 2362.218989617782,
    "cumulativeLayoutShift": 0.035661301736591676,
    "firstInputDelay": 54.41139976962873,
    "timestamp": 1774541714716
  },
  "runtime": {
    "memoryUsage": {
      "rss": 57311232,
      "heapUsed": 12469616,
      "heapTotal": 20119552,
      "external": 1967162
    },
    "startupTime": 3099.81925,
    "cpuUsage": 216.382,
    "timestamp": 1774541714716
  },
  "violations": [],
  "recommendations": [
    "Largest file (index.js) is 100.0% of bundle - consider splitting or optimizing"
  ],
  "overallStatus": "pass"
}