{
  "timestamp": 1774305162999,
  "bundleSize": {
    "totalSize": 916,
    "gzippedSize": 423,
    "fileCount": 1,
    "largestFile": {
      "name": "index.js",
      "size": 916,
      "gzippedSize": 423
    },
    "breakdown": [
      {
        "name": "index.js",
        "size": 916,
        "gzippedSize": 423,
        "percentage": 100
      }
    ]
  },
  "webVitals": {
    "firstContentfulPaint": 1051.4650712618825,
    "timeToInteractive": 2000.6861628038623,
    "largestContentfulPaint": 2000.887280797172,
    "cumulativeLayoutShift": 0.05339696447447422,
    "firstInputDelay": 40.43324160272408,
    "timestamp": 1774305162999
  },
  "runtime": {
    "memoryUsage": {
      "rss": 62226432,
      "heapUsed": 12697504,
      "heapTotal": 20119552,
      "external": 1971431
    },
    "startupTime": 230.913791,
    "cpuUsage": 137.549,
    "timestamp": 1774305162999
  },
  "violations": [],
  "recommendations": [
    "Largest file (index.js) is 100.0% of bundle - consider splitting or optimizing"
  ],
  "overallStatus": "pass"
}