{
  "timestamp": 1774018284449,
  "bundleSize": {
    "totalSize": 916,
    "gzippedSize": 423,
    "fileCount": 1,
    "largestFile": {
      "name": "index.js",
      "size": 916,
      "gzippedSize": 423
    },
    "breakdown": [
      {
        "name": "index.js",
        "size": 916,
        "gzippedSize": 423,
        "percentage": 100
      }
    ]
  },
  "webVitals": {
    "firstContentfulPaint": 754.3649098521976,
    "timeToInteractive": 2775.866274013005,
    "largestContentfulPaint": 2406.4714658871626,
    "cumulativeLayoutShift": 0.09345498553011054,
    "firstInputDelay": 59.885553775266075,
    "timestamp": 1774018284449
  },
  "runtime": {
    "memoryUsage": {
      "rss": 63012864,
      "heapUsed": 13757776,
      "heapTotal": 20545536,
      "external": 1970211
    },
    "startupTime": 315.637291,
    "cpuUsage": 178.972,
    "timestamp": 1774018284449
  },
  "violations": [],
  "recommendations": [
    "Largest file (index.js) is 100.0% of bundle - consider splitting or optimizing"
  ],
  "overallStatus": "pass"
}