{
  "timestamp": 1773694792108,
  "bundleSize": {
    "totalSize": 916,
    "gzippedSize": 423,
    "fileCount": 1,
    "largestFile": {
      "name": "index.js",
      "size": 916,
      "gzippedSize": 423
    },
    "breakdown": [
      {
        "name": "index.js",
        "size": 916,
        "gzippedSize": 423,
        "percentage": 100
      }
    ]
  },
  "webVitals": {
    "firstContentfulPaint": 843.5246455094087,
    "timeToInteractive": 2044.8343917367806,
    "largestContentfulPaint": 1771.6438881002716,
    "cumulativeLayoutShift": 0.05630423799538962,
    "firstInputDelay": 71.25569119797001,
    "timestamp": 1773694792108
  },
  "runtime": {
    "memoryUsage": {
      "rss": 61784064,
      "heapUsed": 12018984,
      "heapTotal": 20381696,
      "external": 1964344
    },
    "startupTime": 262.428917,
    "cpuUsage": 159.216,
    "timestamp": 1773694792108
  },
  "violations": [],
  "recommendations": [
    "Largest file (index.js) is 100.0% of bundle - consider splitting or optimizing"
  ],
  "overallStatus": "pass"
}