{
  "timestamp": 1774514576251,
  "bundleSize": {
    "totalSize": 916,
    "gzippedSize": 423,
    "fileCount": 1,
    "largestFile": {
      "name": "index.js",
      "size": 916,
      "gzippedSize": 423
    },
    "breakdown": [
      {
        "name": "index.js",
        "size": 916,
        "gzippedSize": 423,
        "percentage": 100
      }
    ]
  },
  "webVitals": {
    "firstContentfulPaint": 578.008326720581,
    "timeToInteractive": 2545.5472419229845,
    "largestContentfulPaint": 1589.8485487202618,
    "cumulativeLayoutShift": 0.039688923550156435,
    "firstInputDelay": 48.33778752724231,
    "timestamp": 1774514576251
  },
  "runtime": {
    "memoryUsage": {
      "rss": 59637760,
      "heapUsed": 12972176,
      "heapTotal": 19890176,
      "external": 1967162
    },
    "startupTime": 1023.455292,
    "cpuUsage": 193.766,
    "timestamp": 1774514576251
  },
  "violations": [],
  "recommendations": [
    "Largest file (index.js) is 100.0% of bundle - consider splitting or optimizing"
  ],
  "overallStatus": "pass"
}