{
  "timestamp": 1774444175505,
  "bundleSize": {
    "totalSize": 916,
    "gzippedSize": 423,
    "fileCount": 1,
    "largestFile": {
      "name": "index.js",
      "size": 916,
      "gzippedSize": 423
    },
    "breakdown": [
      {
        "name": "index.js",
        "size": 916,
        "gzippedSize": 423,
        "percentage": 100
      }
    ]
  },
  "webVitals": {
    "firstContentfulPaint": 1124.3427199518871,
    "timeToInteractive": 2694.1527449056084,
    "largestContentfulPaint": 2198.0088305386157,
    "cumulativeLayoutShift": 0.02584356853074743,
    "firstInputDelay": 31.27066382467598,
    "timestamp": 1774444175505
  },
  "runtime": {
    "memoryUsage": {
      "rss": 62193664,
      "heapUsed": 12522048,
      "heapTotal": 20381696,
      "external": 1965854
    },
    "startupTime": 220.515125,
    "cpuUsage": 141.819,
    "timestamp": 1774444175505
  },
  "violations": [],
  "recommendations": [
    "Largest file (index.js) is 100.0% of bundle - consider splitting or optimizing"
  ],
  "overallStatus": "pass"
}