{
  "timestamp": 1775921605123,
  "bundleSize": {
    "totalSize": 952,
    "gzippedSize": 439,
    "fileCount": 1,
    "largestFile": {
      "name": "index.js",
      "size": 952,
      "gzippedSize": 439
    },
    "breakdown": [
      {
        "name": "index.js",
        "size": 952,
        "gzippedSize": 439,
        "percentage": 100
      }
    ]
  },
  "webVitals": {
    "firstContentfulPaint": 541.1483205330571,
    "timeToInteractive": 2097.5576471772933,
    "largestContentfulPaint": 2103.9111150559993,
    "cumulativeLayoutShift": 0.09125453827327185,
    "firstInputDelay": 73.23695733179159,
    "timestamp": 1775921605123
  },
  "runtime": {
    "memoryUsage": {
      "rss": 60129280,
      "heapUsed": 11380416,
      "heapTotal": 20496384,
      "external": 1965842
    },
    "startupTime": 342.493208,
    "cpuUsage": 172.544,
    "timestamp": 1775921605123
  },
  "violations": [],
  "recommendations": [
    "Largest file (index.js) is 100.0% of bundle - consider splitting or optimizing"
  ],
  "overallStatus": "pass"
}