{
  "timestamp": 1774624853602,
  "bundleSize": {
    "totalSize": 916,
    "gzippedSize": 423,
    "fileCount": 1,
    "largestFile": {
      "name": "index.js",
      "size": 916,
      "gzippedSize": 423
    },
    "breakdown": [
      {
        "name": "index.js",
        "size": 916,
        "gzippedSize": 423,
        "percentage": 100
      }
    ]
  },
  "webVitals": {
    "firstContentfulPaint": 653.5478782078166,
    "timeToInteractive": 2148.3644390264767,
    "largestContentfulPaint": 1564.3155750687213,
    "cumulativeLayoutShift": 0.0026449920751546287,
    "firstInputDelay": 26.816505938719047,
    "timestamp": 1774624853602
  },
  "runtime": {
    "memoryUsage": {
      "rss": 62046208,
      "heapUsed": 12939456,
      "heapTotal": 20217856,
      "external": 1970455
    },
    "startupTime": 253.017125,
    "cpuUsage": 154.463,
    "timestamp": 1774624853602
  },
  "violations": [],
  "recommendations": [
    "Largest file (index.js) is 100.0% of bundle - consider splitting or optimizing"
  ],
  "overallStatus": "pass"
}