{
  "timestamp": 1773866777598,
  "bundleSize": {
    "totalSize": 916,
    "gzippedSize": 423,
    "fileCount": 1,
    "largestFile": {
      "name": "index.js",
      "size": 916,
      "gzippedSize": 423
    },
    "breakdown": [
      {
        "name": "index.js",
        "size": 916,
        "gzippedSize": 423,
        "percentage": 100
      }
    ]
  },
  "webVitals": {
    "firstContentfulPaint": 1414.8013382153458,
    "timeToInteractive": 2074.0466957176454,
    "largestContentfulPaint": 2317.630075897702,
    "cumulativeLayoutShift": 0.05609808376583796,
    "firstInputDelay": 25.87490292996052,
    "timestamp": 1773866777598
  },
  "runtime": {
    "memoryUsage": {
      "rss": 61603840,
      "heapUsed": 12083856,
      "heapTotal": 19857408,
      "external": 1969708
    },
    "startupTime": 226.959667,
    "cpuUsage": 142.748,
    "timestamp": 1773866777598
  },
  "violations": [],
  "recommendations": [
    "Largest file (index.js) is 100.0% of bundle - consider splitting or optimizing"
  ],
  "overallStatus": "pass"
}