{
  "timestamp": 1773845485718,
  "bundleSize": {
    "totalSize": 916,
    "gzippedSize": 423,
    "fileCount": 1,
    "largestFile": {
      "name": "index.js",
      "size": 916,
      "gzippedSize": 423
    },
    "breakdown": [
      {
        "name": "index.js",
        "size": 916,
        "gzippedSize": 423,
        "percentage": 100
      }
    ]
  },
  "webVitals": {
    "firstContentfulPaint": 1192.9088773061856,
    "timeToInteractive": 2763.497957340098,
    "largestContentfulPaint": 1571.5056371817368,
    "cumulativeLayoutShift": 0.0288419631370936,
    "firstInputDelay": 48.458302847623145,
    "timestamp": 1773845485718
  },
  "runtime": {
    "memoryUsage": {
      "rss": 61964288,
      "heapUsed": 12226120,
      "heapTotal": 19595264,
      "external": 1966898
    },
    "startupTime": 447.545625,
    "cpuUsage": 187.606,
    "timestamp": 1773845485718
  },
  "violations": [],
  "recommendations": [
    "Largest file (index.js) is 100.0% of bundle - consider splitting or optimizing"
  ],
  "overallStatus": "pass"
}