{
  "timestamp": 1774193068891,
  "bundleSize": {
    "totalSize": 916,
    "gzippedSize": 423,
    "fileCount": 1,
    "largestFile": {
      "name": "index.js",
      "size": 916,
      "gzippedSize": 423
    },
    "breakdown": [
      {
        "name": "index.js",
        "size": 916,
        "gzippedSize": 423,
        "percentage": 100
      }
    ]
  },
  "webVitals": {
    "firstContentfulPaint": 1384.4140043542725,
    "timeToInteractive": 2345.8040507303494,
    "largestContentfulPaint": 2120.991744484043,
    "cumulativeLayoutShift": 0.04582289196336756,
    "firstInputDelay": 62.680322941288125,
    "timestamp": 1774193068891
  },
  "runtime": {
    "memoryUsage": {
      "rss": 62406656,
      "heapUsed": 12739568,
      "heapTotal": 20119552,
      "external": 1970211
    },
    "startupTime": 316.697833,
    "cpuUsage": 190.526,
    "timestamp": 1774193068891
  },
  "violations": [],
  "recommendations": [
    "Largest file (index.js) is 100.0% of bundle - consider splitting or optimizing"
  ],
  "overallStatus": "pass"
}