{
  "timestamp": 1774561640564,
  "bundleSize": {
    "totalSize": 916,
    "gzippedSize": 423,
    "fileCount": 1,
    "largestFile": {
      "name": "index.js",
      "size": 916,
      "gzippedSize": 423
    },
    "breakdown": [
      {
        "name": "index.js",
        "size": 916,
        "gzippedSize": 423,
        "percentage": 100
      }
    ]
  },
  "webVitals": {
    "firstContentfulPaint": 1077.5675487247152,
    "timeToInteractive": 2679.166649297163,
    "largestContentfulPaint": 2391.1569272589154,
    "cumulativeLayoutShift": 0.03771302487147099,
    "firstInputDelay": 41.24187136781572,
    "timestamp": 1774561640564
  },
  "runtime": {
    "memoryUsage": {
      "rss": 62226432,
      "heapUsed": 12877176,
      "heapTotal": 20267008,
      "external": 1970223
    },
    "startupTime": 249.409458,
    "cpuUsage": 147.983,
    "timestamp": 1774561640564
  },
  "violations": [],
  "recommendations": [
    "Largest file (index.js) is 100.0% of bundle - consider splitting or optimizing"
  ],
  "overallStatus": "pass"
}