{
  "timestamp": 1773853837828,
  "bundleSize": {
    "totalSize": 916,
    "gzippedSize": 423,
    "fileCount": 1,
    "largestFile": {
      "name": "index.js",
      "size": 916,
      "gzippedSize": 423
    },
    "breakdown": [
      {
        "name": "index.js",
        "size": 916,
        "gzippedSize": 423,
        "percentage": 100
      }
    ]
  },
  "webVitals": {
    "firstContentfulPaint": 1122.0153636182763,
    "timeToInteractive": 2513.7374583262963,
    "largestContentfulPaint": 2034.7217722404166,
    "cumulativeLayoutShift": 0.0260008161738605,
    "firstInputDelay": 26.23507259984983,
    "timestamp": 1773853837828
  },
  "runtime": {
    "memoryUsage": {
      "rss": 58851328,
      "heapUsed": 12199440,
      "heapTotal": 19857408,
      "external": 1969678
    },
    "startupTime": 747.643041,
    "cpuUsage": 187.799,
    "timestamp": 1773853837828
  },
  "violations": [],
  "recommendations": [
    "Largest file (index.js) is 100.0% of bundle - consider splitting or optimizing"
  ],
  "overallStatus": "pass"
}