{
  "timestamp": 1773845029911,
  "bundleSize": {
    "totalSize": 916,
    "gzippedSize": 423,
    "fileCount": 1,
    "largestFile": {
      "name": "index.js",
      "size": 916,
      "gzippedSize": 423
    },
    "breakdown": [
      {
        "name": "index.js",
        "size": 916,
        "gzippedSize": 423,
        "percentage": 100
      }
    ]
  },
  "webVitals": {
    "firstContentfulPaint": 1378.5931387155586,
    "timeToInteractive": 2369.6430606354747,
    "largestContentfulPaint": 2180.6134439680523,
    "cumulativeLayoutShift": 0.07874552351317053,
    "firstInputDelay": 32.67667444668489,
    "timestamp": 1773845029910
  },
  "runtime": {
    "memoryUsage": {
      "rss": 61636608,
      "heapUsed": 12075072,
      "heapTotal": 19857408,
      "external": 1969708
    },
    "startupTime": 345.060666,
    "cpuUsage": 170.425,
    "timestamp": 1773845029911
  },
  "violations": [],
  "recommendations": [
    "Largest file (index.js) is 100.0% of bundle - consider splitting or optimizing"
  ],
  "overallStatus": "pass"
}