{
  "timestamp": 1774542599244,
  "bundleSize": {
    "totalSize": 916,
    "gzippedSize": 423,
    "fileCount": 1,
    "largestFile": {
      "name": "index.js",
      "size": 916,
      "gzippedSize": 423
    },
    "breakdown": [
      {
        "name": "index.js",
        "size": 916,
        "gzippedSize": 423,
        "percentage": 100
      }
    ]
  },
  "webVitals": {
    "firstContentfulPaint": 1041.018710029126,
    "timeToInteractive": 2345.7940916660737,
    "largestContentfulPaint": 2395.8795385456656,
    "cumulativeLayoutShift": 0.007228110526148557,
    "firstInputDelay": 47.47635435315438,
    "timestamp": 1774542599244
  },
  "runtime": {
    "memoryUsage": {
      "rss": 53084160,
      "heapUsed": 11737360,
      "heapTotal": 15400960,
      "external": 1963393
    },
    "startupTime": 11663.051666,
    "cpuUsage": 278.07,
    "timestamp": 1774542599244
  },
  "violations": [],
  "recommendations": [
    "Largest file (index.js) is 100.0% of bundle - consider splitting or optimizing"
  ],
  "overallStatus": "pass"
}