{
  "timestamp": 1774013818819,
  "bundleSize": {
    "totalSize": 916,
    "gzippedSize": 423,
    "fileCount": 1,
    "largestFile": {
      "name": "index.js",
      "size": 916,
      "gzippedSize": 423
    },
    "breakdown": [
      {
        "name": "index.js",
        "size": 916,
        "gzippedSize": 423,
        "percentage": 100
      }
    ]
  },
  "webVitals": {
    "firstContentfulPaint": 1368.8207818955302,
    "timeToInteractive": 2807.97851639386,
    "largestContentfulPaint": 2128.0630947007658,
    "cumulativeLayoutShift": 0.037024314395111405,
    "firstInputDelay": 71.82462852774526,
    "timestamp": 1774013818819
  },
  "runtime": {
    "memoryUsage": {
      "rss": 63389696,
      "heapUsed": 13555288,
      "heapTotal": 20709376,
      "external": 1970223
    },
    "startupTime": 319.305834,
    "cpuUsage": 160.548,
    "timestamp": 1774013818819
  },
  "violations": [],
  "recommendations": [
    "Largest file (index.js) is 100.0% of bundle - consider splitting or optimizing"
  ],
  "overallStatus": "pass"
}