{
  "timestamp": 1774626499068,
  "bundleSize": {
    "totalSize": 916,
    "gzippedSize": 423,
    "fileCount": 1,
    "largestFile": {
      "name": "index.js",
      "size": 916,
      "gzippedSize": 423
    },
    "breakdown": [
      {
        "name": "index.js",
        "size": 916,
        "gzippedSize": 423,
        "percentage": 100
      }
    ]
  },
  "webVitals": {
    "firstContentfulPaint": 762.4294856844092,
    "timeToInteractive": 2268.3707459138245,
    "largestContentfulPaint": 1637.894899690372,
    "cumulativeLayoutShift": 0.046625440860337666,
    "firstInputDelay": 52.59345679860693,
    "timestamp": 1774626499068
  },
  "runtime": {
    "memoryUsage": {
      "rss": 62177280,
      "heapUsed": 12544200,
      "heapTotal": 19857408,
      "external": 1965854
    },
    "startupTime": 190.547583,
    "cpuUsage": 128.035,
    "timestamp": 1774626499068
  },
  "violations": [],
  "recommendations": [
    "Largest file (index.js) is 100.0% of bundle - consider splitting or optimizing"
  ],
  "overallStatus": "pass"
}