{
  "timestamp": 1774628507348,
  "bundleSize": {
    "totalSize": 916,
    "gzippedSize": 423,
    "fileCount": 1,
    "largestFile": {
      "name": "index.js",
      "size": 916,
      "gzippedSize": 423
    },
    "breakdown": [
      {
        "name": "index.js",
        "size": 916,
        "gzippedSize": 423,
        "percentage": 100
      }
    ]
  },
  "webVitals": {
    "firstContentfulPaint": 1113.0318947585527,
    "timeToInteractive": 2903.3339616029925,
    "largestContentfulPaint": 2401.830916092488,
    "cumulativeLayoutShift": 0.002064127485007661,
    "firstInputDelay": 27.199679073738693,
    "timestamp": 1774628507348
  },
  "runtime": {
    "memoryUsage": {
      "rss": 61898752,
      "heapUsed": 12691064,
      "heapTotal": 20119552,
      "external": 1971431
    },
    "startupTime": 218.40825,
    "cpuUsage": 134.598,
    "timestamp": 1774628507348
  },
  "violations": [],
  "recommendations": [
    "Largest file (index.js) is 100.0% of bundle - consider splitting or optimizing"
  ],
  "overallStatus": "pass"
}