{
  "timestamp": 1774537972954,
  "bundleSize": {
    "totalSize": 916,
    "gzippedSize": 423,
    "fileCount": 1,
    "largestFile": {
      "name": "index.js",
      "size": 916,
      "gzippedSize": 423
    },
    "breakdown": [
      {
        "name": "index.js",
        "size": 916,
        "gzippedSize": 423,
        "percentage": 100
      }
    ]
  },
  "webVitals": {
    "firstContentfulPaint": 1348.283565558128,
    "timeToInteractive": 2018.3450966438143,
    "largestContentfulPaint": 2162.846737890519,
    "cumulativeLayoutShift": 0.048350474992151705,
    "firstInputDelay": 37.446671300570856,
    "timestamp": 1774537972954
  },
  "runtime": {
    "memoryUsage": {
      "rss": 61734912,
      "heapUsed": 12690536,
      "heapTotal": 19595264,
      "external": 1970512
    },
    "startupTime": 260.134209,
    "cpuUsage": 149.881,
    "timestamp": 1774537972954
  },
  "violations": [],
  "recommendations": [
    "Largest file (index.js) is 100.0% of bundle - consider splitting or optimizing"
  ],
  "overallStatus": "pass"
}