{
  "timestamp": 1773853664113,
  "bundleSize": {
    "totalSize": 916,
    "gzippedSize": 423,
    "fileCount": 1,
    "largestFile": {
      "name": "index.js",
      "size": 916,
      "gzippedSize": 423
    },
    "breakdown": [
      {
        "name": "index.js",
        "size": 916,
        "gzippedSize": 423,
        "percentage": 100
      }
    ]
  },
  "webVitals": {
    "firstContentfulPaint": 1318.3349911447854,
    "timeToInteractive": 2896.207157973897,
    "largestContentfulPaint": 2180.9068981223695,
    "cumulativeLayoutShift": 0.047217638981581114,
    "firstInputDelay": 42.363593314963666,
    "timestamp": 1773853664112
  },
  "runtime": {
    "memoryUsage": {
      "rss": 62013440,
      "heapUsed": 12241672,
      "heapTotal": 19857408,
      "external": 1969708
    },
    "startupTime": 419.973083,
    "cpuUsage": 165.184,
    "timestamp": 1773853664113
  },
  "violations": [],
  "recommendations": [
    "Largest file (index.js) is 100.0% of bundle - consider splitting or optimizing"
  ],
  "overallStatus": "pass"
}