{
  "timestamp": 1773933505407,
  "bundleSize": {
    "totalSize": 916,
    "gzippedSize": 423,
    "fileCount": 1,
    "largestFile": {
      "name": "index.js",
      "size": 916,
      "gzippedSize": 423
    },
    "breakdown": [
      {
        "name": "index.js",
        "size": 916,
        "gzippedSize": 423,
        "percentage": 100
      }
    ]
  },
  "webVitals": {
    "firstContentfulPaint": 755.1578205920164,
    "timeToInteractive": 2208.3705237270037,
    "largestContentfulPaint": 1992.8857264240546,
    "cumulativeLayoutShift": 0.06288896521891389,
    "firstInputDelay": 57.76561184482547,
    "timestamp": 1773933505407
  },
  "runtime": {
    "memoryUsage": {
      "rss": 62783488,
      "heapUsed": 13081384,
      "heapTotal": 20447232,
      "external": 1970211
    },
    "startupTime": 281.190875,
    "cpuUsage": 151.822,
    "timestamp": 1773933505407
  },
  "violations": [],
  "recommendations": [
    "Largest file (index.js) is 100.0% of bundle - consider splitting or optimizing"
  ],
  "overallStatus": "pass"
}