{
  "timestamp": 1774484592618,
  "bundleSize": {
    "totalSize": 916,
    "gzippedSize": 423,
    "fileCount": 1,
    "largestFile": {
      "name": "index.js",
      "size": 916,
      "gzippedSize": 423
    },
    "breakdown": [
      {
        "name": "index.js",
        "size": 916,
        "gzippedSize": 423,
        "percentage": 100
      }
    ]
  },
  "webVitals": {
    "firstContentfulPaint": 1366.3231607909283,
    "timeToInteractive": 2944.331410050406,
    "largestContentfulPaint": 1895.6105412770075,
    "cumulativeLayoutShift": 0.022775484986649344,
    "firstInputDelay": 69.4387658628753,
    "timestamp": 1774484592618
  },
  "runtime": {
    "memoryUsage": {
      "rss": 62898176,
      "heapUsed": 13325432,
      "heapTotal": 20348928,
      "external": 1970211
    },
    "startupTime": 349.189917,
    "cpuUsage": 167.411,
    "timestamp": 1774484592618
  },
  "violations": [],
  "recommendations": [
    "Largest file (index.js) is 100.0% of bundle - consider splitting or optimizing"
  ],
  "overallStatus": "pass"
}