{
  "timestamp": 1774632822060,
  "bundleSize": {
    "totalSize": 916,
    "gzippedSize": 423,
    "fileCount": 1,
    "largestFile": {
      "name": "index.js",
      "size": 916,
      "gzippedSize": 423
    },
    "breakdown": [
      {
        "name": "index.js",
        "size": 916,
        "gzippedSize": 423,
        "percentage": 100
      }
    ]
  },
  "webVitals": {
    "firstContentfulPaint": 819.0618825965587,
    "timeToInteractive": 2347.565578934831,
    "largestContentfulPaint": 2179.0479198191847,
    "cumulativeLayoutShift": 0.07583939151614397,
    "firstInputDelay": 25.553461470311657,
    "timestamp": 1774632822060
  },
  "runtime": {
    "memoryUsage": {
      "rss": 61865984,
      "heapUsed": 12703016,
      "heapTotal": 20119552,
      "external": 1971431
    },
    "startupTime": 228.063375,
    "cpuUsage": 144.322,
    "timestamp": 1774632822060
  },
  "violations": [],
  "recommendations": [
    "Largest file (index.js) is 100.0% of bundle - consider splitting or optimizing"
  ],
  "overallStatus": "pass"
}