{
  "timestamp": 1773681093916,
  "bundleSize": {
    "totalSize": 916,
    "gzippedSize": 423,
    "fileCount": 1,
    "largestFile": {
      "name": "index.js",
      "size": 916,
      "gzippedSize": 423
    },
    "breakdown": [
      {
        "name": "index.js",
        "size": 916,
        "gzippedSize": 423,
        "percentage": 100
      }
    ]
  },
  "webVitals": {
    "firstContentfulPaint": 1454.8020664087178,
    "timeToInteractive": 2403.00523022064,
    "largestContentfulPaint": 1637.7339236107698,
    "cumulativeLayoutShift": 0.045822577439215806,
    "firstInputDelay": 29.345037047802904,
    "timestamp": 1773681093916
  },
  "runtime": {
    "memoryUsage": {
      "rss": 61898752,
      "heapUsed": 12097664,
      "heapTotal": 20643840,
      "external": 1964344
    },
    "startupTime": 416.403375,
    "cpuUsage": 181.003,
    "timestamp": 1773681093916
  },
  "violations": [],
  "recommendations": [
    "Largest file (index.js) is 100.0% of bundle - consider splitting or optimizing"
  ],
  "overallStatus": "pass"
}