{
  "timestamp": 1774525209261,
  "bundleSize": {
    "totalSize": 916,
    "gzippedSize": 423,
    "fileCount": 1,
    "largestFile": {
      "name": "index.js",
      "size": 916,
      "gzippedSize": 423
    },
    "breakdown": [
      {
        "name": "index.js",
        "size": 916,
        "gzippedSize": 423,
        "percentage": 100
      }
    ]
  },
  "webVitals": {
    "firstContentfulPaint": 598.2420080049322,
    "timeToInteractive": 2065.2802322907464,
    "largestContentfulPaint": 1955.5538175088523,
    "cumulativeLayoutShift": 0.007316463370604365,
    "firstInputDelay": 67.37105694677527,
    "timestamp": 1774525209261
  },
  "runtime": {
    "memoryUsage": {
      "rss": 63373312,
      "heapUsed": 13292616,
      "heapTotal": 20381696,
      "external": 1971431
    },
    "startupTime": 254.89525,
    "cpuUsage": 150.732,
    "timestamp": 1774525209261
  },
  "violations": [],
  "recommendations": [
    "Largest file (index.js) is 100.0% of bundle - consider splitting or optimizing"
  ],
  "overallStatus": "pass"
}