{
  "timestamp": 1774512349425,
  "bundleSize": {
    "totalSize": 916,
    "gzippedSize": 423,
    "fileCount": 1,
    "largestFile": {
      "name": "index.js",
      "size": 916,
      "gzippedSize": 423
    },
    "breakdown": [
      {
        "name": "index.js",
        "size": 916,
        "gzippedSize": 423,
        "percentage": 100
      }
    ]
  },
  "webVitals": {
    "firstContentfulPaint": 865.0945893615647,
    "timeToInteractive": 2791.6890378026587,
    "largestContentfulPaint": 2392.0317722894106,
    "cumulativeLayoutShift": 0.07564815583803541,
    "firstInputDelay": 62.14985018031341,
    "timestamp": 1774512349425
  },
  "runtime": {
    "memoryUsage": {
      "rss": 57229312,
      "heapUsed": 12673608,
      "heapTotal": 19857408,
      "external": 1967701
    },
    "startupTime": 6231.562333,
    "cpuUsage": 210.189,
    "timestamp": 1774512349425
  },
  "violations": [],
  "recommendations": [
    "Largest file (index.js) is 100.0% of bundle - consider splitting or optimizing"
  ],
  "overallStatus": "pass"
}