{
  "timestamp": 1774436367843,
  "bundleSize": {
    "totalSize": 916,
    "gzippedSize": 423,
    "fileCount": 1,
    "largestFile": {
      "name": "index.js",
      "size": 916,
      "gzippedSize": 423
    },
    "breakdown": [
      {
        "name": "index.js",
        "size": 916,
        "gzippedSize": 423,
        "percentage": 100
      }
    ]
  },
  "webVitals": {
    "firstContentfulPaint": 1030.3815734393397,
    "timeToInteractive": 2204.041135466402,
    "largestContentfulPaint": 1737.4231373516873,
    "cumulativeLayoutShift": 0.038750115312464355,
    "firstInputDelay": 66.00343319630014,
    "timestamp": 1774436367843
  },
  "runtime": {
    "memoryUsage": {
      "rss": 62685184,
      "heapUsed": 13294312,
      "heapTotal": 20316160,
      "external": 1971431
    },
    "startupTime": 215.62275,
    "cpuUsage": 140.533,
    "timestamp": 1774436367843
  },
  "violations": [],
  "recommendations": [
    "Largest file (index.js) is 100.0% of bundle - consider splitting or optimizing"
  ],
  "overallStatus": "pass"
}