{
  "timestamp": 1773696310878,
  "bundleSize": {
    "totalSize": 916,
    "gzippedSize": 423,
    "fileCount": 1,
    "largestFile": {
      "name": "index.js",
      "size": 916,
      "gzippedSize": 423
    },
    "breakdown": [
      {
        "name": "index.js",
        "size": 916,
        "gzippedSize": 423,
        "percentage": 100
      }
    ]
  },
  "webVitals": {
    "firstContentfulPaint": 504.60156881967566,
    "timeToInteractive": 2323.424159393647,
    "largestContentfulPaint": 2311.1282474972804,
    "cumulativeLayoutShift": 0.07637931282014183,
    "firstInputDelay": 26.73377405750005,
    "timestamp": 1773696310878
  },
  "runtime": {
    "memoryUsage": {
      "rss": 62390272,
      "heapUsed": 12069280,
      "heapTotal": 20381696,
      "external": 1965339
    },
    "startupTime": 226.415834,
    "cpuUsage": 147.362,
    "timestamp": 1773696310878
  },
  "violations": [],
  "recommendations": [
    "Largest file (index.js) is 100.0% of bundle - consider splitting or optimizing"
  ],
  "overallStatus": "pass"
}