{
  "timestamp": 1774224780403,
  "bundleSize": {
    "totalSize": 916,
    "gzippedSize": 423,
    "fileCount": 1,
    "largestFile": {
      "name": "index.js",
      "size": 916,
      "gzippedSize": 423
    },
    "breakdown": [
      {
        "name": "index.js",
        "size": 916,
        "gzippedSize": 423,
        "percentage": 100
      }
    ]
  },
  "webVitals": {
    "firstContentfulPaint": 907.9913135850859,
    "timeToInteractive": 2603.3879711934796,
    "largestContentfulPaint": 1780.5741292439252,
    "cumulativeLayoutShift": 0.039680891460219185,
    "firstInputDelay": 46.89010573394423,
    "timestamp": 1774224780403
  },
  "runtime": {
    "memoryUsage": {
      "rss": 61767680,
      "heapUsed": 12501280,
      "heapTotal": 19595264,
      "external": 1970211
    },
    "startupTime": 284.418833,
    "cpuUsage": 145.224,
    "timestamp": 1774224780403
  },
  "violations": [],
  "recommendations": [
    "Largest file (index.js) is 100.0% of bundle - consider splitting or optimizing"
  ],
  "overallStatus": "pass"
}