{
  "timestamp": 1773932192211,
  "bundleSize": {
    "totalSize": 916,
    "gzippedSize": 423,
    "fileCount": 1,
    "largestFile": {
      "name": "index.js",
      "size": 916,
      "gzippedSize": 423
    },
    "breakdown": [
      {
        "name": "index.js",
        "size": 916,
        "gzippedSize": 423,
        "percentage": 100
      }
    ]
  },
  "webVitals": {
    "firstContentfulPaint": 758.0165257619612,
    "timeToInteractive": 2163.2570542167437,
    "largestContentfulPaint": 2099.438167926859,
    "cumulativeLayoutShift": 0.022333320450939765,
    "firstInputDelay": 54.665835009228914,
    "timestamp": 1773932192210
  },
  "runtime": {
    "memoryUsage": {
      "rss": 63340544,
      "heapUsed": 13589360,
      "heapTotal": 20283392,
      "external": 1970223
    },
    "startupTime": 278.303875,
    "cpuUsage": 156.182,
    "timestamp": 1773932192211
  },
  "violations": [],
  "recommendations": [
    "Largest file (index.js) is 100.0% of bundle - consider splitting or optimizing"
  ],
  "overallStatus": "pass"
}