{
  "timestamp": 1774457672000,
  "bundleSize": {
    "totalSize": 916,
    "gzippedSize": 423,
    "fileCount": 1,
    "largestFile": {
      "name": "index.js",
      "size": 916,
      "gzippedSize": 423
    },
    "breakdown": [
      {
        "name": "index.js",
        "size": 916,
        "gzippedSize": 423,
        "percentage": 100
      }
    ]
  },
  "webVitals": {
    "firstContentfulPaint": 817.2134539083191,
    "timeToInteractive": 2565.2030485966416,
    "largestContentfulPaint": 1789.6321207684625,
    "cumulativeLayoutShift": 0.08948409442847134,
    "firstInputDelay": 34.65791713129958,
    "timestamp": 1774457672000
  },
  "runtime": {
    "memoryUsage": {
      "rss": 59342848,
      "heapUsed": 12424408,
      "heapTotal": 19857408,
      "external": 1966360
    },
    "startupTime": 1126.344917,
    "cpuUsage": 185.581,
    "timestamp": 1774457672000
  },
  "violations": [],
  "recommendations": [
    "Largest file (index.js) is 100.0% of bundle - consider splitting or optimizing"
  ],
  "overallStatus": "pass"
}