{
  "timestamp": 1773865740904,
  "bundleSize": {
    "totalSize": 916,
    "gzippedSize": 423,
    "fileCount": 1,
    "largestFile": {
      "name": "index.js",
      "size": 916,
      "gzippedSize": 423
    },
    "breakdown": [
      {
        "name": "index.js",
        "size": 916,
        "gzippedSize": 423,
        "percentage": 100
      }
    ]
  },
  "webVitals": {
    "firstContentfulPaint": 1119.4321932319629,
    "timeToInteractive": 2054.156733992366,
    "largestContentfulPaint": 2312.2567346104197,
    "cumulativeLayoutShift": 0.007595728078580222,
    "firstInputDelay": 34.85105593994948,
    "timestamp": 1773865740904
  },
  "runtime": {
    "memoryUsage": {
      "rss": 61702144,
      "heapUsed": 12106864,
      "heapTotal": 19595264,
      "external": 1969696
    },
    "startupTime": 364.190042,
    "cpuUsage": 189.656,
    "timestamp": 1773865740904
  },
  "violations": [],
  "recommendations": [
    "Largest file (index.js) is 100.0% of bundle - consider splitting or optimizing"
  ],
  "overallStatus": "pass"
}