{
  "timestamp": 1774226179904,
  "bundleSize": {
    "totalSize": 916,
    "gzippedSize": 423,
    "fileCount": 1,
    "largestFile": {
      "name": "index.js",
      "size": 916,
      "gzippedSize": 423
    },
    "breakdown": [
      {
        "name": "index.js",
        "size": 916,
        "gzippedSize": 423,
        "percentage": 100
      }
    ]
  },
  "webVitals": {
    "firstContentfulPaint": 540.6029268601804,
    "timeToInteractive": 2050.251027449935,
    "largestContentfulPaint": 1989.0165856238784,
    "cumulativeLayoutShift": 0.02445363131251095,
    "firstInputDelay": 59.535073942260055,
    "timestamp": 1774226179904
  },
  "runtime": {
    "memoryUsage": {
      "rss": 60522496,
      "heapUsed": 13231208,
      "heapTotal": 20316160,
      "external": 1970435
    },
    "startupTime": 1810.792625,
    "cpuUsage": 197.459,
    "timestamp": 1774226179904
  },
  "violations": [],
  "recommendations": [
    "Largest file (index.js) is 100.0% of bundle - consider splitting or optimizing"
  ],
  "overallStatus": "pass"
}