{
  "timestamp": 1774445991268,
  "bundleSize": {
    "totalSize": 916,
    "gzippedSize": 423,
    "fileCount": 1,
    "largestFile": {
      "name": "index.js",
      "size": 916,
      "gzippedSize": 423
    },
    "breakdown": [
      {
        "name": "index.js",
        "size": 916,
        "gzippedSize": 423,
        "percentage": 100
      }
    ]
  },
  "webVitals": {
    "firstContentfulPaint": 1420.6431088437507,
    "timeToInteractive": 2550.578925808028,
    "largestContentfulPaint": 1901.2475961033451,
    "cumulativeLayoutShift": 0.024653770023086774,
    "firstInputDelay": 55.88167178722364,
    "timestamp": 1774445991268
  },
  "runtime": {
    "memoryUsage": {
      "rss": 62308352,
      "heapUsed": 12957480,
      "heapTotal": 19890176,
      "external": 1970223
    },
    "startupTime": 253.843167,
    "cpuUsage": 148.373,
    "timestamp": 1774445991268
  },
  "violations": [],
  "recommendations": [
    "Largest file (index.js) is 100.0% of bundle - consider splitting or optimizing"
  ],
  "overallStatus": "pass"
}