{
  "timestamp": 1774007134029,
  "bundleSize": {
    "totalSize": 916,
    "gzippedSize": 423,
    "fileCount": 1,
    "largestFile": {
      "name": "index.js",
      "size": 916,
      "gzippedSize": 423
    },
    "breakdown": [
      {
        "name": "index.js",
        "size": 916,
        "gzippedSize": 423,
        "percentage": 100
      }
    ]
  },
  "webVitals": {
    "firstContentfulPaint": 574.2439179730412,
    "timeToInteractive": 2706.0181066308605,
    "largestContentfulPaint": 1810.7451232275598,
    "cumulativeLayoutShift": 0.05975210131820943,
    "firstInputDelay": 53.64731116780348,
    "timestamp": 1774007134029
  },
  "runtime": {
    "memoryUsage": {
      "rss": 62734336,
      "heapUsed": 13477824,
      "heapTotal": 20414464,
      "external": 1965899
    },
    "startupTime": 368.761292,
    "cpuUsage": 199.088,
    "timestamp": 1774007134029
  },
  "violations": [],
  "recommendations": [
    "Largest file (index.js) is 100.0% of bundle - consider splitting or optimizing"
  ],
  "overallStatus": "pass"
}