{
  "timestamp": 1774474150655,
  "bundleSize": {
    "totalSize": 916,
    "gzippedSize": 423,
    "fileCount": 1,
    "largestFile": {
      "name": "index.js",
      "size": 916,
      "gzippedSize": 423
    },
    "breakdown": [
      {
        "name": "index.js",
        "size": 916,
        "gzippedSize": 423,
        "percentage": 100
      }
    ]
  },
  "webVitals": {
    "firstContentfulPaint": 1445.2048351769222,
    "timeToInteractive": 2763.2109201652943,
    "largestContentfulPaint": 2394.438917140507,
    "cumulativeLayoutShift": 0.026215753254215282,
    "firstInputDelay": 39.48050694948625,
    "timestamp": 1774474150655
  },
  "runtime": {
    "memoryUsage": {
      "rss": 62570496,
      "heapUsed": 13010952,
      "heapTotal": 20447232,
      "external": 1970223
    },
    "startupTime": 240.590625,
    "cpuUsage": 149.916,
    "timestamp": 1774474150655
  },
  "violations": [],
  "recommendations": [
    "Largest file (index.js) is 100.0% of bundle - consider splitting or optimizing"
  ],
  "overallStatus": "pass"
}