{
  "timestamp": 1774202126505,
  "bundleSize": {
    "totalSize": 916,
    "gzippedSize": 423,
    "fileCount": 1,
    "largestFile": {
      "name": "index.js",
      "size": 916,
      "gzippedSize": 423
    },
    "breakdown": [
      {
        "name": "index.js",
        "size": 916,
        "gzippedSize": 423,
        "percentage": 100
      }
    ]
  },
  "webVitals": {
    "firstContentfulPaint": 812.9630822963159,
    "timeToInteractive": 2161.4031940282307,
    "largestContentfulPaint": 2450.9559533462243,
    "cumulativeLayoutShift": 0.006364190186220697,
    "firstInputDelay": 61.87743171944988,
    "timestamp": 1774202126504
  },
  "runtime": {
    "memoryUsage": {
      "rss": 62095360,
      "heapUsed": 13038240,
      "heapTotal": 19955712,
      "external": 1966701
    },
    "startupTime": 591.967458,
    "cpuUsage": 200.854,
    "timestamp": 1774202126505
  },
  "violations": [],
  "recommendations": [
    "Largest file (index.js) is 100.0% of bundle - consider splitting or optimizing"
  ],
  "overallStatus": "pass"
}