{
  "timestamp": 1774267466228,
  "bundleSize": {
    "totalSize": 916,
    "gzippedSize": 423,
    "fileCount": 1,
    "largestFile": {
      "name": "index.js",
      "size": 916,
      "gzippedSize": 423
    },
    "breakdown": [
      {
        "name": "index.js",
        "size": 916,
        "gzippedSize": 423,
        "percentage": 100
      }
    ]
  },
  "webVitals": {
    "firstContentfulPaint": 617.3890184148615,
    "timeToInteractive": 2664.2770915844867,
    "largestContentfulPaint": 1655.217817384736,
    "cumulativeLayoutShift": 0.01514482891620561,
    "firstInputDelay": 62.263230972224804,
    "timestamp": 1774267466228
  },
  "runtime": {
    "memoryUsage": {
      "rss": 61685760,
      "heapUsed": 12429880,
      "heapTotal": 19857408,
      "external": 1970435
    },
    "startupTime": 865.739666,
    "cpuUsage": 173.634,
    "timestamp": 1774267466228
  },
  "violations": [],
  "recommendations": [
    "Largest file (index.js) is 100.0% of bundle - consider splitting or optimizing"
  ],
  "overallStatus": "pass"
}