{
  "timestamp": 1773692087391,
  "bundleSize": {
    "totalSize": 916,
    "gzippedSize": 423,
    "fileCount": 1,
    "largestFile": {
      "name": "index.js",
      "size": 916,
      "gzippedSize": 423
    },
    "breakdown": [
      {
        "name": "index.js",
        "size": 916,
        "gzippedSize": 423,
        "percentage": 100
      }
    ]
  },
  "webVitals": {
    "firstContentfulPaint": 696.1819940881362,
    "timeToInteractive": 2675.7981261592467,
    "largestContentfulPaint": 2341.289723245659,
    "cumulativeLayoutShift": 0.09442529009620614,
    "firstInputDelay": 44.806654833941295,
    "timestamp": 1773692087391
  },
  "runtime": {
    "memoryUsage": {
      "rss": 61915136,
      "heapUsed": 12225624,
      "heapTotal": 19857408,
      "external": 1966898
    },
    "startupTime": 480.146375,
    "cpuUsage": 181.364,
    "timestamp": 1773692087391
  },
  "violations": [],
  "recommendations": [
    "Largest file (index.js) is 100.0% of bundle - consider splitting or optimizing"
  ],
  "overallStatus": "pass"
}