{
  "timestamp": 1774264871647,
  "bundleSize": {
    "totalSize": 916,
    "gzippedSize": 423,
    "fileCount": 1,
    "largestFile": {
      "name": "index.js",
      "size": 916,
      "gzippedSize": 423
    },
    "breakdown": [
      {
        "name": "index.js",
        "size": 916,
        "gzippedSize": 423,
        "percentage": 100
      }
    ]
  },
  "webVitals": {
    "firstContentfulPaint": 1347.7085622870477,
    "timeToInteractive": 2955.106022912994,
    "largestContentfulPaint": 1555.7796568687454,
    "cumulativeLayoutShift": 0.05441673990750262,
    "firstInputDelay": 72.74019386162354,
    "timestamp": 1774264871646
  },
  "runtime": {
    "memoryUsage": {
      "rss": 59719680,
      "heapUsed": 13006856,
      "heapTotal": 19988480,
      "external": 1970103
    },
    "startupTime": 3497.936875,
    "cpuUsage": 219.824,
    "timestamp": 1774264871647
  },
  "violations": [],
  "recommendations": [
    "Largest file (index.js) is 100.0% of bundle - consider splitting or optimizing"
  ],
  "overallStatus": "pass"
}