{
  "timestamp": 1773918145969,
  "bundleSize": {
    "totalSize": 916,
    "gzippedSize": 423,
    "fileCount": 1,
    "largestFile": {
      "name": "index.js",
      "size": 916,
      "gzippedSize": 423
    },
    "breakdown": [
      {
        "name": "index.js",
        "size": 916,
        "gzippedSize": 423,
        "percentage": 100
      }
    ]
  },
  "webVitals": {
    "firstContentfulPaint": 782.6817255568415,
    "timeToInteractive": 2029.5309796936065,
    "largestContentfulPaint": 1722.8253421222819,
    "cumulativeLayoutShift": 0.02044519254019708,
    "firstInputDelay": 39.84982523489394,
    "timestamp": 1773918145969
  },
  "runtime": {
    "memoryUsage": {
      "rss": 63062016,
      "heapUsed": 13464696,
      "heapTotal": 21266432,
      "external": 1965854
    },
    "startupTime": 190.804083,
    "cpuUsage": 124.515,
    "timestamp": 1773918145969
  },
  "violations": [],
  "recommendations": [
    "Largest file (index.js) is 100.0% of bundle - consider splitting or optimizing"
  ],
  "overallStatus": "pass"
}