{
  "timestamp": 1774228952482,
  "bundleSize": {
    "totalSize": 916,
    "gzippedSize": 423,
    "fileCount": 1,
    "largestFile": {
      "name": "index.js",
      "size": 916,
      "gzippedSize": 423
    },
    "breakdown": [
      {
        "name": "index.js",
        "size": 916,
        "gzippedSize": 423,
        "percentage": 100
      }
    ]
  },
  "webVitals": {
    "firstContentfulPaint": 1077.9098664004307,
    "timeToInteractive": 2144.0930512255627,
    "largestContentfulPaint": 1706.6456924198483,
    "cumulativeLayoutShift": 0.02112674790017484,
    "firstInputDelay": 44.24435124864735,
    "timestamp": 1774228952482
  },
  "runtime": {
    "memoryUsage": {
      "rss": 63356928,
      "heapUsed": 13868952,
      "heapTotal": 20316160,
      "external": 1970223
    },
    "startupTime": 480.903208,
    "cpuUsage": 154.814,
    "timestamp": 1774228952482
  },
  "violations": [],
  "recommendations": [
    "Largest file (index.js) is 100.0% of bundle - consider splitting or optimizing"
  ],
  "overallStatus": "pass"
}