{
  "timestamp": 1774543077857,
  "bundleSize": {
    "totalSize": 916,
    "gzippedSize": 423,
    "fileCount": 1,
    "largestFile": {
      "name": "index.js",
      "size": 916,
      "gzippedSize": 423
    },
    "breakdown": [
      {
        "name": "index.js",
        "size": 916,
        "gzippedSize": 423,
        "percentage": 100
      }
    ]
  },
  "webVitals": {
    "firstContentfulPaint": 834.1507127490868,
    "timeToInteractive": 2384.274230498742,
    "largestContentfulPaint": 1518.4275359253818,
    "cumulativeLayoutShift": 0.023648465102104388,
    "firstInputDelay": 29.039574707276685,
    "timestamp": 1774543077857
  },
  "runtime": {
    "memoryUsage": {
      "rss": 49184768,
      "heapUsed": 11002608,
      "heapTotal": 12779520,
      "external": 1961866
    },
    "startupTime": 18278.129417,
    "cpuUsage": 268.148,
    "timestamp": 1774543077857
  },
  "violations": [],
  "recommendations": [
    "Largest file (index.js) is 100.0% of bundle - consider splitting or optimizing"
  ],
  "overallStatus": "pass"
}