{
  "timestamp": 1774358876416,
  "bundleSize": {
    "totalSize": 916,
    "gzippedSize": 423,
    "fileCount": 1,
    "largestFile": {
      "name": "index.js",
      "size": 916,
      "gzippedSize": 423
    },
    "breakdown": [
      {
        "name": "index.js",
        "size": 916,
        "gzippedSize": 423,
        "percentage": 100
      }
    ]
  },
  "webVitals": {
    "firstContentfulPaint": 1455.057186124225,
    "timeToInteractive": 2010.2549100535705,
    "largestContentfulPaint": 1687.4258345159346,
    "cumulativeLayoutShift": 0.09418319313278489,
    "firstInputDelay": 55.56539452209313,
    "timestamp": 1774358876415
  },
  "runtime": {
    "memoryUsage": {
      "rss": 61784064,
      "heapUsed": 12219392,
      "heapTotal": 19857408,
      "external": 1965854
    },
    "startupTime": 210.991542,
    "cpuUsage": 141.321,
    "timestamp": 1774358876415
  },
  "violations": [],
  "recommendations": [
    "Largest file (index.js) is 100.0% of bundle - consider splitting or optimizing"
  ],
  "overallStatus": "pass"
}