{
  "timestamp": 1774533413033,
  "bundleSize": {
    "totalSize": 916,
    "gzippedSize": 423,
    "fileCount": 1,
    "largestFile": {
      "name": "index.js",
      "size": 916,
      "gzippedSize": 423
    },
    "breakdown": [
      {
        "name": "index.js",
        "size": 916,
        "gzippedSize": 423,
        "percentage": 100
      }
    ]
  },
  "webVitals": {
    "firstContentfulPaint": 698.2798472000844,
    "timeToInteractive": 2009.9808890875468,
    "largestContentfulPaint": 1675.0558760633533,
    "cumulativeLayoutShift": 0.09984652782077788,
    "firstInputDelay": 65.24069973413526,
    "timestamp": 1774533413033
  },
  "runtime": {
    "memoryUsage": {
      "rss": 63111168,
      "heapUsed": 13207520,
      "heapTotal": 20119552,
      "external": 1971431
    },
    "startupTime": 224.761209,
    "cpuUsage": 132.659,
    "timestamp": 1774533413033
  },
  "violations": [],
  "recommendations": [
    "Largest file (index.js) is 100.0% of bundle - consider splitting or optimizing"
  ],
  "overallStatus": "pass"
}