{
  "timestamp": 1774012768691,
  "bundleSize": {
    "totalSize": 916,
    "gzippedSize": 423,
    "fileCount": 1,
    "largestFile": {
      "name": "index.js",
      "size": 916,
      "gzippedSize": 423
    },
    "breakdown": [
      {
        "name": "index.js",
        "size": 916,
        "gzippedSize": 423,
        "percentage": 100
      }
    ]
  },
  "webVitals": {
    "firstContentfulPaint": 1363.4279337804137,
    "timeToInteractive": 2237.736800948535,
    "largestContentfulPaint": 2448.4888546721772,
    "cumulativeLayoutShift": 0.05491438359800047,
    "firstInputDelay": 29.692175385073014,
    "timestamp": 1774012768691
  },
  "runtime": {
    "memoryUsage": {
      "rss": 62226432,
      "heapUsed": 12746352,
      "heapTotal": 20119552,
      "external": 1970223
    },
    "startupTime": 305.133542,
    "cpuUsage": 171.425,
    "timestamp": 1774012768691
  },
  "violations": [],
  "recommendations": [
    "Largest file (index.js) is 100.0% of bundle - consider splitting or optimizing"
  ],
  "overallStatus": "pass"
}