{
  "timestamp": 1774014748854,
  "bundleSize": {
    "totalSize": 916,
    "gzippedSize": 423,
    "fileCount": 1,
    "largestFile": {
      "name": "index.js",
      "size": 916,
      "gzippedSize": 423
    },
    "breakdown": [
      {
        "name": "index.js",
        "size": 916,
        "gzippedSize": 423,
        "percentage": 100
      }
    ]
  },
  "webVitals": {
    "firstContentfulPaint": 757.8753693277398,
    "timeToInteractive": 2668.0649372536973,
    "largestContentfulPaint": 2419.6035847636495,
    "cumulativeLayoutShift": 0.00626337150471914,
    "firstInputDelay": 74.38776511099445,
    "timestamp": 1774014748853
  },
  "runtime": {
    "memoryUsage": {
      "rss": 62078976,
      "heapUsed": 12490408,
      "heapTotal": 20119552,
      "external": 1969216
    },
    "startupTime": 351.018042,
    "cpuUsage": 193.847,
    "timestamp": 1774014748854
  },
  "violations": [],
  "recommendations": [
    "Largest file (index.js) is 100.0% of bundle - consider splitting or optimizing"
  ],
  "overallStatus": "pass"
}