{
  "timestamp": 1774515077385,
  "bundleSize": {
    "totalSize": 916,
    "gzippedSize": 423,
    "fileCount": 1,
    "largestFile": {
      "name": "index.js",
      "size": 916,
      "gzippedSize": 423
    },
    "breakdown": [
      {
        "name": "index.js",
        "size": 916,
        "gzippedSize": 423,
        "percentage": 100
      }
    ]
  },
  "webVitals": {
    "firstContentfulPaint": 1414.7014034974027,
    "timeToInteractive": 2652.3759303581596,
    "largestContentfulPaint": 1505.6062605142931,
    "cumulativeLayoutShift": 0.04160959983328887,
    "firstInputDelay": 69.59563828408972,
    "timestamp": 1774515077385
  },
  "runtime": {
    "memoryUsage": {
      "rss": 61964288,
      "heapUsed": 12333960,
      "heapTotal": 20119552,
      "external": 1970223
    },
    "startupTime": 273.046875,
    "cpuUsage": 154.963,
    "timestamp": 1774515077385
  },
  "violations": [],
  "recommendations": [
    "Largest file (index.js) is 100.0% of bundle - consider splitting or optimizing"
  ],
  "overallStatus": "pass"
}