{
  "timestamp": 1774734646869,
  "bundleSize": {
    "totalSize": 916,
    "gzippedSize": 423,
    "fileCount": 1,
    "largestFile": {
      "name": "index.js",
      "size": 916,
      "gzippedSize": 423
    },
    "breakdown": [
      {
        "name": "index.js",
        "size": 916,
        "gzippedSize": 423,
        "percentage": 100
      }
    ]
  },
  "webVitals": {
    "firstContentfulPaint": 1132.8979943988097,
    "timeToInteractive": 2440.527429735498,
    "largestContentfulPaint": 2159.7128149661908,
    "cumulativeLayoutShift": 0.00293677556422749,
    "firstInputDelay": 58.63004334474374,
    "timestamp": 1774734646869
  },
  "runtime": {
    "memoryUsage": {
      "rss": 72286208,
      "heapUsed": 12976904,
      "heapTotal": 20889600,
      "external": 2499348
    },
    "startupTime": 428.583417,
    "cpuUsage": 172.226,
    "timestamp": 1774734646869
  },
  "violations": [],
  "recommendations": [
    "Largest file (index.js) is 100.0% of bundle - consider splitting or optimizing"
  ],
  "overallStatus": "pass"
}