{
  "timestamp": 1774620393755,
  "bundleSize": {
    "totalSize": 916,
    "gzippedSize": 423,
    "fileCount": 1,
    "largestFile": {
      "name": "index.js",
      "size": 916,
      "gzippedSize": 423
    },
    "breakdown": [
      {
        "name": "index.js",
        "size": 916,
        "gzippedSize": 423,
        "percentage": 100
      }
    ]
  },
  "webVitals": {
    "firstContentfulPaint": 1427.8793423198626,
    "timeToInteractive": 2235.5168337313476,
    "largestContentfulPaint": 1921.2927336143694,
    "cumulativeLayoutShift": 0.09890968244471071,
    "firstInputDelay": 30.301413260919375,
    "timestamp": 1774620393755
  },
  "runtime": {
    "memoryUsage": {
      "rss": 62816256,
      "heapUsed": 13372264,
      "heapTotal": 20611072,
      "external": 1971431
    },
    "startupTime": 224.79375,
    "cpuUsage": 143.989,
    "timestamp": 1774620393755
  },
  "violations": [],
  "recommendations": [
    "Largest file (index.js) is 100.0% of bundle - consider splitting or optimizing"
  ],
  "overallStatus": "pass"
}