{
  "timestamp": 1774286519772,
  "bundleSize": {
    "totalSize": 916,
    "gzippedSize": 423,
    "fileCount": 1,
    "largestFile": {
      "name": "index.js",
      "size": 916,
      "gzippedSize": 423
    },
    "breakdown": [
      {
        "name": "index.js",
        "size": 916,
        "gzippedSize": 423,
        "percentage": 100
      }
    ]
  },
  "webVitals": {
    "firstContentfulPaint": 997.4153919734845,
    "timeToInteractive": 2765.2983782511456,
    "largestContentfulPaint": 1900.0149335565684,
    "cumulativeLayoutShift": 0.09919226143912055,
    "firstInputDelay": 26.61311374502938,
    "timestamp": 1774286519772
  },
  "runtime": {
    "memoryUsage": {
      "rss": 61538304,
      "heapUsed": 12859208,
      "heapTotal": 19857408,
      "external": 1965372
    },
    "startupTime": 388.702917,
    "cpuUsage": 176.269,
    "timestamp": 1774286519772
  },
  "violations": [],
  "recommendations": [
    "Largest file (index.js) is 100.0% of bundle - consider splitting or optimizing"
  ],
  "overallStatus": "pass"
}