{
  "timestamp": 1774266631575,
  "bundleSize": {
    "totalSize": 916,
    "gzippedSize": 423,
    "fileCount": 1,
    "largestFile": {
      "name": "index.js",
      "size": 916,
      "gzippedSize": 423
    },
    "breakdown": [
      {
        "name": "index.js",
        "size": 916,
        "gzippedSize": 423,
        "percentage": 100
      }
    ]
  },
  "webVitals": {
    "firstContentfulPaint": 1123.7468129962008,
    "timeToInteractive": 2906.4691556106995,
    "largestContentfulPaint": 2489.633332447003,
    "cumulativeLayoutShift": 0.08491416351147225,
    "firstInputDelay": 44.88001619328803,
    "timestamp": 1774266631575
  },
  "runtime": {
    "memoryUsage": {
      "rss": 58720256,
      "heapUsed": 13248920,
      "heapTotal": 20283392,
      "external": 1967657
    },
    "startupTime": 10860.67275,
    "cpuUsage": 218.619,
    "timestamp": 1774266631575
  },
  "violations": [],
  "recommendations": [
    "Largest file (index.js) is 100.0% of bundle - consider splitting or optimizing"
  ],
  "overallStatus": "pass"
}