{
  "timestamp": 1773863419928,
  "bundleSize": {
    "totalSize": 916,
    "gzippedSize": 423,
    "fileCount": 1,
    "largestFile": {
      "name": "index.js",
      "size": 916,
      "gzippedSize": 423
    },
    "breakdown": [
      {
        "name": "index.js",
        "size": 916,
        "gzippedSize": 423,
        "percentage": 100
      }
    ]
  },
  "webVitals": {
    "firstContentfulPaint": 1355.0116004544568,
    "timeToInteractive": 2945.603575370658,
    "largestContentfulPaint": 2113.9834219463182,
    "cumulativeLayoutShift": 0.06187468144377067,
    "firstInputDelay": 45.94662432710871,
    "timestamp": 1773863419928
  },
  "runtime": {
    "memoryUsage": {
      "rss": 59342848,
      "heapUsed": 12094920,
      "heapTotal": 19857408,
      "external": 1964902
    },
    "startupTime": 1215.192083,
    "cpuUsage": 173.769,
    "timestamp": 1773863419928
  },
  "violations": [],
  "recommendations": [
    "Largest file (index.js) is 100.0% of bundle - consider splitting or optimizing"
  ],
  "overallStatus": "pass"
}