{
  "timestamp": 1774543215357,
  "bundleSize": {
    "totalSize": 916,
    "gzippedSize": 423,
    "fileCount": 1,
    "largestFile": {
      "name": "index.js",
      "size": 916,
      "gzippedSize": 423
    },
    "breakdown": [
      {
        "name": "index.js",
        "size": 916,
        "gzippedSize": 423,
        "percentage": 100
      }
    ]
  },
  "webVitals": {
    "firstContentfulPaint": 1008.2924986318721,
    "timeToInteractive": 2863.059105679285,
    "largestContentfulPaint": 1698.5792958615498,
    "cumulativeLayoutShift": 0.03241673774648708,
    "firstInputDelay": 32.05468217385713,
    "timestamp": 1774543215357
  },
  "runtime": {
    "memoryUsage": {
      "rss": 56623104,
      "heapUsed": 12469680,
      "heapTotal": 19595264,
      "external": 1966360
    },
    "startupTime": 4073.435125,
    "cpuUsage": 213.793,
    "timestamp": 1774543215357
  },
  "violations": [],
  "recommendations": [
    "Largest file (index.js) is 100.0% of bundle - consider splitting or optimizing"
  ],
  "overallStatus": "pass"
}