{
  "timestamp": 1774212344863,
  "bundleSize": {
    "totalSize": 916,
    "gzippedSize": 423,
    "fileCount": 1,
    "largestFile": {
      "name": "index.js",
      "size": 916,
      "gzippedSize": 423
    },
    "breakdown": [
      {
        "name": "index.js",
        "size": 916,
        "gzippedSize": 423,
        "percentage": 100
      }
    ]
  },
  "webVitals": {
    "firstContentfulPaint": 975.6055036199193,
    "timeToInteractive": 2144.716219199019,
    "largestContentfulPaint": 1557.457613735043,
    "cumulativeLayoutShift": 0.044092326463546994,
    "firstInputDelay": 44.44905588767692,
    "timestamp": 1774212344863
  },
  "runtime": {
    "memoryUsage": {
      "rss": 60178432,
      "heapUsed": 13021424,
      "heapTotal": 20152320,
      "external": 1967702
    },
    "startupTime": 6149.251625,
    "cpuUsage": 197.764,
    "timestamp": 1774212344863
  },
  "violations": [],
  "recommendations": [
    "Largest file (index.js) is 100.0% of bundle - consider splitting or optimizing"
  ],
  "overallStatus": "pass"
}