{
  "timestamp": 1774281185047,
  "bundleSize": {
    "totalSize": 916,
    "gzippedSize": 423,
    "fileCount": 1,
    "largestFile": {
      "name": "index.js",
      "size": 916,
      "gzippedSize": 423
    },
    "breakdown": [
      {
        "name": "index.js",
        "size": 916,
        "gzippedSize": 423,
        "percentage": 100
      }
    ]
  },
  "webVitals": {
    "firstContentfulPaint": 556.8423862499052,
    "timeToInteractive": 2237.1315893760852,
    "largestContentfulPaint": 1718.2134571698182,
    "cumulativeLayoutShift": 0.040643897724467554,
    "firstInputDelay": 46.8720387707909,
    "timestamp": 1774281185047
  },
  "runtime": {
    "memoryUsage": {
      "rss": 57311232,
      "heapUsed": 12974312,
      "heapTotal": 20774912,
      "external": 1965320
    },
    "startupTime": 3038.361083,
    "cpuUsage": 211.443,
    "timestamp": 1774281185047
  },
  "violations": [],
  "recommendations": [
    "Largest file (index.js) is 100.0% of bundle - consider splitting or optimizing"
  ],
  "overallStatus": "pass"
}