{
  "timestamp": 1774620235958,
  "bundleSize": {
    "totalSize": 916,
    "gzippedSize": 423,
    "fileCount": 1,
    "largestFile": {
      "name": "index.js",
      "size": 916,
      "gzippedSize": 423
    },
    "breakdown": [
      {
        "name": "index.js",
        "size": 916,
        "gzippedSize": 423,
        "percentage": 100
      }
    ]
  },
  "webVitals": {
    "firstContentfulPaint": 1285.7322601555356,
    "timeToInteractive": 2402.194806109856,
    "largestContentfulPaint": 1588.8024479593078,
    "cumulativeLayoutShift": 0.028492706138097956,
    "firstInputDelay": 26.564540487899745,
    "timestamp": 1774620235958
  },
  "runtime": {
    "memoryUsage": {
      "rss": 62275584,
      "heapUsed": 12496304,
      "heapTotal": 19857408,
      "external": 1971431
    },
    "startupTime": 224.792417,
    "cpuUsage": 142.982,
    "timestamp": 1774620235958
  },
  "violations": [],
  "recommendations": [
    "Largest file (index.js) is 100.0% of bundle - consider splitting or optimizing"
  ],
  "overallStatus": "pass"
}