{
  "timestamp": 1774028103128,
  "bundleSize": {
    "totalSize": 916,
    "gzippedSize": 423,
    "fileCount": 1,
    "largestFile": {
      "name": "index.js",
      "size": 916,
      "gzippedSize": 423
    },
    "breakdown": [
      {
        "name": "index.js",
        "size": 916,
        "gzippedSize": 423,
        "percentage": 100
      }
    ]
  },
  "webVitals": {
    "firstContentfulPaint": 1130.1815766406626,
    "timeToInteractive": 2021.5976301483115,
    "largestContentfulPaint": 2384.4603607350136,
    "cumulativeLayoutShift": 0.061325341292482065,
    "firstInputDelay": 47.13970459552891,
    "timestamp": 1774028103127
  },
  "runtime": {
    "memoryUsage": {
      "rss": 62111744,
      "heapUsed": 12458408,
      "heapTotal": 19595264,
      "external": 1970223
    },
    "startupTime": 322.290875,
    "cpuUsage": 184.297,
    "timestamp": 1774028103128
  },
  "violations": [],
  "recommendations": [
    "Largest file (index.js) is 100.0% of bundle - consider splitting or optimizing"
  ],
  "overallStatus": "pass"
}