{
  "timestamp": 1774469958928,
  "bundleSize": {
    "totalSize": 916,
    "gzippedSize": 423,
    "fileCount": 1,
    "largestFile": {
      "name": "index.js",
      "size": 916,
      "gzippedSize": 423
    },
    "breakdown": [
      {
        "name": "index.js",
        "size": 916,
        "gzippedSize": 423,
        "percentage": 100
      }
    ]
  },
  "webVitals": {
    "firstContentfulPaint": 1125.551759367977,
    "timeToInteractive": 2458.2357220237345,
    "largestContentfulPaint": 1626.2831365875531,
    "cumulativeLayoutShift": 0.08713878122510461,
    "firstInputDelay": 72.26195965741888,
    "timestamp": 1774469958928
  },
  "runtime": {
    "memoryUsage": {
      "rss": 57131008,
      "heapUsed": 12608704,
      "heapTotal": 18022400,
      "external": 2753124
    },
    "startupTime": 166.889041,
    "cpuUsage": 102.754,
    "timestamp": 1774469958928
  },
  "violations": [],
  "recommendations": [
    "Largest file (index.js) is 100.0% of bundle - consider splitting or optimizing"
  ],
  "overallStatus": "pass"
}