{
  "timestamp": 1774216010870,
  "bundleSize": {
    "totalSize": 916,
    "gzippedSize": 423,
    "fileCount": 1,
    "largestFile": {
      "name": "index.js",
      "size": 916,
      "gzippedSize": 423
    },
    "breakdown": [
      {
        "name": "index.js",
        "size": 916,
        "gzippedSize": 423,
        "percentage": 100
      }
    ]
  },
  "webVitals": {
    "firstContentfulPaint": 1341.7552740402887,
    "timeToInteractive": 2088.9052987444097,
    "largestContentfulPaint": 1712.067474767724,
    "cumulativeLayoutShift": 0.027012353765528043,
    "firstInputDelay": 48.59979179967573,
    "timestamp": 1774216010869
  },
  "runtime": {
    "memoryUsage": {
      "rss": 59932672,
      "heapUsed": 13047400,
      "heapTotal": 19955712,
      "external": 1967702
    },
    "startupTime": 5001.576917,
    "cpuUsage": 586.31,
    "timestamp": 1774216010870
  },
  "violations": [],
  "recommendations": [
    "Largest file (index.js) is 100.0% of bundle - consider splitting or optimizing"
  ],
  "overallStatus": "pass"
}