{
  "timestamp": 1773760298063,
  "bundleSize": {
    "totalSize": 916,
    "gzippedSize": 423,
    "fileCount": 1,
    "largestFile": {
      "name": "index.js",
      "size": 916,
      "gzippedSize": 423
    },
    "breakdown": [
      {
        "name": "index.js",
        "size": 916,
        "gzippedSize": 423,
        "percentage": 100
      }
    ]
  },
  "webVitals": {
    "firstContentfulPaint": 1489.7896180279658,
    "timeToInteractive": 2429.0799058581656,
    "largestContentfulPaint": 1823.0478285075542,
    "cumulativeLayoutShift": 0.012464016476415086,
    "firstInputDelay": 31.34021417183195,
    "timestamp": 1773760298063
  },
  "runtime": {
    "memoryUsage": {
      "rss": 62029824,
      "heapUsed": 12097512,
      "heapTotal": 19857408,
      "external": 1969708
    },
    "startupTime": 371.426917,
    "cpuUsage": 160.79,
    "timestamp": 1773760298063
  },
  "violations": [],
  "recommendations": [
    "Largest file (index.js) is 100.0% of bundle - consider splitting or optimizing"
  ],
  "overallStatus": "pass"
}