{
  "timestamp": 1774275087831,
  "bundleSize": {
    "totalSize": 916,
    "gzippedSize": 423,
    "fileCount": 1,
    "largestFile": {
      "name": "index.js",
      "size": 916,
      "gzippedSize": 423
    },
    "breakdown": [
      {
        "name": "index.js",
        "size": 916,
        "gzippedSize": 423,
        "percentage": 100
      }
    ]
  },
  "webVitals": {
    "firstContentfulPaint": 814.3563646222731,
    "timeToInteractive": 2755.4788134853393,
    "largestContentfulPaint": 2393.955210252961,
    "cumulativeLayoutShift": 0.011710126398909206,
    "firstInputDelay": 28.899365170845158,
    "timestamp": 1774275087831
  },
  "runtime": {
    "memoryUsage": {
      "rss": 58310656,
      "heapUsed": 12921112,
      "heapTotal": 19857408,
      "external": 1966360
    },
    "startupTime": 2116.732166,
    "cpuUsage": 182.619,
    "timestamp": 1774275087831
  },
  "violations": [],
  "recommendations": [
    "Largest file (index.js) is 100.0% of bundle - consider splitting or optimizing"
  ],
  "overallStatus": "pass"
}