{
  "timestamp": 1773851774724,
  "bundleSize": {
    "totalSize": 916,
    "gzippedSize": 423,
    "fileCount": 1,
    "largestFile": {
      "name": "index.js",
      "size": 916,
      "gzippedSize": 423
    },
    "breakdown": [
      {
        "name": "index.js",
        "size": 916,
        "gzippedSize": 423,
        "percentage": 100
      }
    ]
  },
  "webVitals": {
    "firstContentfulPaint": 673.2070374324328,
    "timeToInteractive": 2024.7236729203184,
    "largestContentfulPaint": 2170.7975290557497,
    "cumulativeLayoutShift": 0.06314961953224717,
    "firstInputDelay": 62.232278024184964,
    "timestamp": 1773851774724
  },
  "runtime": {
    "memoryUsage": {
      "rss": 62242816,
      "heapUsed": 12089920,
      "heapTotal": 20119552,
      "external": 1969696
    },
    "startupTime": 287.312458,
    "cpuUsage": 161.985,
    "timestamp": 1773851774724
  },
  "violations": [],
  "recommendations": [
    "Largest file (index.js) is 100.0% of bundle - consider splitting or optimizing"
  ],
  "overallStatus": "pass"
}