{
  "timestamp": 1774449261178,
  "bundleSize": {
    "totalSize": 916,
    "gzippedSize": 423,
    "fileCount": 1,
    "largestFile": {
      "name": "index.js",
      "size": 916,
      "gzippedSize": 423
    },
    "breakdown": [
      {
        "name": "index.js",
        "size": 916,
        "gzippedSize": 423,
        "percentage": 100
      }
    ]
  },
  "webVitals": {
    "firstContentfulPaint": 1012.527125897518,
    "timeToInteractive": 2374.686862816334,
    "largestContentfulPaint": 1633.2518527594434,
    "cumulativeLayoutShift": 0.005232381846219037,
    "firstInputDelay": 72.02643677007683,
    "timestamp": 1774449261178
  },
  "runtime": {
    "memoryUsage": {
      "rss": 62373888,
      "heapUsed": 12956848,
      "heapTotal": 20414464,
      "external": 1970211
    },
    "startupTime": 295.612917,
    "cpuUsage": 164.489,
    "timestamp": 1774449261178
  },
  "violations": [],
  "recommendations": [
    "Largest file (index.js) is 100.0% of bundle - consider splitting or optimizing"
  ],
  "overallStatus": "pass"
}