{
  "timestamp": 1774554684772,
  "bundleSize": {
    "totalSize": 916,
    "gzippedSize": 423,
    "fileCount": 1,
    "largestFile": {
      "name": "index.js",
      "size": 916,
      "gzippedSize": 423
    },
    "breakdown": [
      {
        "name": "index.js",
        "size": 916,
        "gzippedSize": 423,
        "percentage": 100
      }
    ]
  },
  "webVitals": {
    "firstContentfulPaint": 1017.2893868021617,
    "timeToInteractive": 2197.2300575785207,
    "largestContentfulPaint": 2049.9847017204397,
    "cumulativeLayoutShift": 0.08509078380307909,
    "firstInputDelay": 26.31059483784832,
    "timestamp": 1774554684772
  },
  "runtime": {
    "memoryUsage": {
      "rss": 62423040,
      "heapUsed": 12918504,
      "heapTotal": 20119552,
      "external": 1970223
    },
    "startupTime": 259.803333,
    "cpuUsage": 144.562,
    "timestamp": 1774554684772
  },
  "violations": [],
  "recommendations": [
    "Largest file (index.js) is 100.0% of bundle - consider splitting or optimizing"
  ],
  "overallStatus": "pass"
}