{
  "timestamp": 1774203494549,
  "bundleSize": {
    "totalSize": 916,
    "gzippedSize": 423,
    "fileCount": 1,
    "largestFile": {
      "name": "index.js",
      "size": 916,
      "gzippedSize": 423
    },
    "breakdown": [
      {
        "name": "index.js",
        "size": 916,
        "gzippedSize": 423,
        "percentage": 100
      }
    ]
  },
  "webVitals": {
    "firstContentfulPaint": 1450.6303295390762,
    "timeToInteractive": 2613.579129985195,
    "largestContentfulPaint": 2162.028918362269,
    "cumulativeLayoutShift": 0.07850826005599701,
    "firstInputDelay": 63.947586131032985,
    "timestamp": 1774203494549
  },
  "runtime": {
    "memoryUsage": {
      "rss": 62095360,
      "heapUsed": 12915760,
      "heapTotal": 19595264,
      "external": 1965899
    },
    "startupTime": 348.172583,
    "cpuUsage": 163.301,
    "timestamp": 1774203494549
  },
  "violations": [],
  "recommendations": [
    "Largest file (index.js) is 100.0% of bundle - consider splitting or optimizing"
  ],
  "overallStatus": "pass"
}