{
  "timestamp": 1774514592058,
  "bundleSize": {
    "totalSize": 916,
    "gzippedSize": 423,
    "fileCount": 1,
    "largestFile": {
      "name": "index.js",
      "size": 916,
      "gzippedSize": 423
    },
    "breakdown": [
      {
        "name": "index.js",
        "size": 916,
        "gzippedSize": 423,
        "percentage": 100
      }
    ]
  },
  "webVitals": {
    "firstContentfulPaint": 1481.0124685818787,
    "timeToInteractive": 2811.884764550466,
    "largestContentfulPaint": 1586.0481908593617,
    "cumulativeLayoutShift": 0.027698316751946474,
    "firstInputDelay": 72.82328987983189,
    "timestamp": 1774514592057
  },
  "runtime": {
    "memoryUsage": {
      "rss": 61882368,
      "heapUsed": 12460824,
      "heapTotal": 19857408,
      "external": 1965320
    },
    "startupTime": 1376.732666,
    "cpuUsage": 189.486,
    "timestamp": 1774514592058
  },
  "violations": [],
  "recommendations": [
    "Largest file (index.js) is 100.0% of bundle - consider splitting or optimizing"
  ],
  "overallStatus": "pass"
}