{
  "timestamp": 1774468211269,
  "bundleSize": {
    "totalSize": 916,
    "gzippedSize": 423,
    "fileCount": 1,
    "largestFile": {
      "name": "index.js",
      "size": 916,
      "gzippedSize": 423
    },
    "breakdown": [
      {
        "name": "index.js",
        "size": 916,
        "gzippedSize": 423,
        "percentage": 100
      }
    ]
  },
  "webVitals": {
    "firstContentfulPaint": 1098.9909868142945,
    "timeToInteractive": 2489.658556074441,
    "largestContentfulPaint": 1529.982522288067,
    "cumulativeLayoutShift": 0.026950877811637897,
    "firstInputDelay": 29.104163272234253,
    "timestamp": 1774468211268
  },
  "runtime": {
    "memoryUsage": {
      "rss": 61882368,
      "heapUsed": 12676600,
      "heapTotal": 19595264,
      "external": 1970223
    },
    "startupTime": 247.347833,
    "cpuUsage": 143.636,
    "timestamp": 1774468211269
  },
  "violations": [],
  "recommendations": [
    "Largest file (index.js) is 100.0% of bundle - consider splitting or optimizing"
  ],
  "overallStatus": "pass"
}