{
  "timestamp": 1774006661137,
  "bundleSize": {
    "totalSize": 916,
    "gzippedSize": 423,
    "fileCount": 1,
    "largestFile": {
      "name": "index.js",
      "size": 916,
      "gzippedSize": 423
    },
    "breakdown": [
      {
        "name": "index.js",
        "size": 916,
        "gzippedSize": 423,
        "percentage": 100
      }
    ]
  },
  "webVitals": {
    "firstContentfulPaint": 1457.2799587639865,
    "timeToInteractive": 2691.5805449864383,
    "largestContentfulPaint": 2206.320178354491,
    "cumulativeLayoutShift": 0.09100699446553205,
    "firstInputDelay": 44.085057024151695,
    "timestamp": 1774006661137
  },
  "runtime": {
    "memoryUsage": {
      "rss": 59736064,
      "heapUsed": 11749152,
      "heapTotal": 19595264,
      "external": 1969831
    },
    "startupTime": 268.631792,
    "cpuUsage": 155.764,
    "timestamp": 1774006661137
  },
  "violations": [],
  "recommendations": [
    "Largest file (index.js) is 100.0% of bundle - consider splitting or optimizing"
  ],
  "overallStatus": "pass"
}