{
  "timestamp": 1774266230518,
  "bundleSize": {
    "totalSize": 916,
    "gzippedSize": 423,
    "fileCount": 1,
    "largestFile": {
      "name": "index.js",
      "size": 916,
      "gzippedSize": 423
    },
    "breakdown": [
      {
        "name": "index.js",
        "size": 916,
        "gzippedSize": 423,
        "percentage": 100
      }
    ]
  },
  "webVitals": {
    "firstContentfulPaint": 1345.8032082720556,
    "timeToInteractive": 2901.7967821610714,
    "largestContentfulPaint": 2137.709621646034,
    "cumulativeLayoutShift": 0.05995797260266403,
    "firstInputDelay": 48.51908838209739,
    "timestamp": 1774266230518
  },
  "runtime": {
    "memoryUsage": {
      "rss": 51511296,
      "heapUsed": 13030840,
      "heapTotal": 19955712,
      "external": 1968504
    },
    "startupTime": 7155.129042,
    "cpuUsage": 229.495,
    "timestamp": 1774266230518
  },
  "violations": [],
  "recommendations": [
    "Largest file (index.js) is 100.0% of bundle - consider splitting or optimizing"
  ],
  "overallStatus": "pass"
}