{
  "timestamp": 1773832221915,
  "bundleSize": {
    "totalSize": 916,
    "gzippedSize": 423,
    "fileCount": 1,
    "largestFile": {
      "name": "index.js",
      "size": 916,
      "gzippedSize": 423
    },
    "breakdown": [
      {
        "name": "index.js",
        "size": 916,
        "gzippedSize": 423,
        "percentage": 100
      }
    ]
  },
  "webVitals": {
    "firstContentfulPaint": 1439.8803347647113,
    "timeToInteractive": 2518.1001930990165,
    "largestContentfulPaint": 1752.5550063834075,
    "cumulativeLayoutShift": 0.03032936227151415,
    "firstInputDelay": 49.743649076497945,
    "timestamp": 1773832221915
  },
  "runtime": {
    "memoryUsage": {
      "rss": 62062592,
      "heapUsed": 12237320,
      "heapTotal": 19857408,
      "external": 1969696
    },
    "startupTime": 331.855042,
    "cpuUsage": 169.213,
    "timestamp": 1773832221915
  },
  "violations": [],
  "recommendations": [
    "Largest file (index.js) is 100.0% of bundle - consider splitting or optimizing"
  ],
  "overallStatus": "pass"
}