{
  "timestamp": 1773970381705,
  "bundleSize": {
    "totalSize": 916,
    "gzippedSize": 423,
    "fileCount": 1,
    "largestFile": {
      "name": "index.js",
      "size": 916,
      "gzippedSize": 423
    },
    "breakdown": [
      {
        "name": "index.js",
        "size": 916,
        "gzippedSize": 423,
        "percentage": 100
      }
    ]
  },
  "webVitals": {
    "firstContentfulPaint": 1494.1051345924468,
    "timeToInteractive": 2421.8083508835116,
    "largestContentfulPaint": 2241.3300826589716,
    "cumulativeLayoutShift": 0.011501533784757424,
    "firstInputDelay": 41.84513666054757,
    "timestamp": 1773970381705
  },
  "runtime": {
    "memoryUsage": {
      "rss": 62160896,
      "heapUsed": 12682152,
      "heapTotal": 19857408,
      "external": 1967368
    },
    "startupTime": 531.9935,
    "cpuUsage": 194.828,
    "timestamp": 1773970381705
  },
  "violations": [],
  "recommendations": [
    "Largest file (index.js) is 100.0% of bundle - consider splitting or optimizing"
  ],
  "overallStatus": "pass"
}