{
  "timestamp": 1774535004358,
  "bundleSize": {
    "totalSize": 916,
    "gzippedSize": 423,
    "fileCount": 1,
    "largestFile": {
      "name": "index.js",
      "size": 916,
      "gzippedSize": 423
    },
    "breakdown": [
      {
        "name": "index.js",
        "size": 916,
        "gzippedSize": 423,
        "percentage": 100
      }
    ]
  },
  "webVitals": {
    "firstContentfulPaint": 1470.1170417238318,
    "timeToInteractive": 2437.9696166605963,
    "largestContentfulPaint": 1781.5719285345997,
    "cumulativeLayoutShift": 0.08234567208352042,
    "firstInputDelay": 38.0772402553485,
    "timestamp": 1774535004357
  },
  "runtime": {
    "memoryUsage": {
      "rss": 58736640,
      "heapUsed": 12903256,
      "heapTotal": 20119552,
      "external": 1966360
    },
    "startupTime": 2600.142584,
    "cpuUsage": 177.574,
    "timestamp": 1774535004358
  },
  "violations": [],
  "recommendations": [
    "Largest file (index.js) is 100.0% of bundle - consider splitting or optimizing"
  ],
  "overallStatus": "pass"
}