{
  "timestamp": 1774281035940,
  "bundleSize": {
    "totalSize": 916,
    "gzippedSize": 423,
    "fileCount": 1,
    "largestFile": {
      "name": "index.js",
      "size": 916,
      "gzippedSize": 423
    },
    "breakdown": [
      {
        "name": "index.js",
        "size": 916,
        "gzippedSize": 423,
        "percentage": 100
      }
    ]
  },
  "webVitals": {
    "firstContentfulPaint": 833.7425595312807,
    "timeToInteractive": 2535.3220523770647,
    "largestContentfulPaint": 2267.7966158281647,
    "cumulativeLayoutShift": 0.03443476968319952,
    "firstInputDelay": 36.426744753449846,
    "timestamp": 1774281035940
  },
  "runtime": {
    "memoryUsage": {
      "rss": 43515904,
      "heapUsed": 11551032,
      "heapTotal": 12517376,
      "external": 1965419
    },
    "startupTime": 21708.881167,
    "cpuUsage": 346.284,
    "timestamp": 1774281035940
  },
  "violations": [],
  "recommendations": [
    "Largest file (index.js) is 100.0% of bundle - consider splitting or optimizing"
  ],
  "overallStatus": "pass"
}