{
  "timestamp": 1774309086093,
  "bundleSize": {
    "totalSize": 916,
    "gzippedSize": 423,
    "fileCount": 1,
    "largestFile": {
      "name": "index.js",
      "size": 916,
      "gzippedSize": 423
    },
    "breakdown": [
      {
        "name": "index.js",
        "size": 916,
        "gzippedSize": 423,
        "percentage": 100
      }
    ]
  },
  "webVitals": {
    "firstContentfulPaint": 1485.5114871418507,
    "timeToInteractive": 2476.816959804804,
    "largestContentfulPaint": 2381.9409760266085,
    "cumulativeLayoutShift": 0.013359844637553976,
    "firstInputDelay": 33.07844946772022,
    "timestamp": 1774309086092
  },
  "runtime": {
    "memoryUsage": {
      "rss": 62570496,
      "heapUsed": 12966744,
      "heapTotal": 20185088,
      "external": 1970223
    },
    "startupTime": 249.066959,
    "cpuUsage": 155.058,
    "timestamp": 1774309086093
  },
  "violations": [],
  "recommendations": [
    "Largest file (index.js) is 100.0% of bundle - consider splitting or optimizing"
  ],
  "overallStatus": "pass"
}