{
  "timestamp": 1774471863751,
  "bundleSize": {
    "totalSize": 916,
    "gzippedSize": 423,
    "fileCount": 1,
    "largestFile": {
      "name": "index.js",
      "size": 916,
      "gzippedSize": 423
    },
    "breakdown": [
      {
        "name": "index.js",
        "size": 916,
        "gzippedSize": 423,
        "percentage": 100
      }
    ]
  },
  "webVitals": {
    "firstContentfulPaint": 1469.1299118248407,
    "timeToInteractive": 2063.35894328766,
    "largestContentfulPaint": 2321.5788762723178,
    "cumulativeLayoutShift": 0.037291282658680584,
    "firstInputDelay": 50.44640338570183,
    "timestamp": 1774471863751
  },
  "runtime": {
    "memoryUsage": {
      "rss": 59850752,
      "heapUsed": 11381792,
      "heapTotal": 20119552,
      "external": 1969388
    },
    "startupTime": 253.536667,
    "cpuUsage": 143.163,
    "timestamp": 1774471863751
  },
  "violations": [],
  "recommendations": [
    "Largest file (index.js) is 100.0% of bundle - consider splitting or optimizing"
  ],
  "overallStatus": "pass"
}