{
  "timestamp": 1774204701448,
  "bundleSize": {
    "totalSize": 916,
    "gzippedSize": 423,
    "fileCount": 1,
    "largestFile": {
      "name": "index.js",
      "size": 916,
      "gzippedSize": 423
    },
    "breakdown": [
      {
        "name": "index.js",
        "size": 916,
        "gzippedSize": 423,
        "percentage": 100
      }
    ]
  },
  "webVitals": {
    "firstContentfulPaint": 968.5008461959084,
    "timeToInteractive": 2146.1141293389323,
    "largestContentfulPaint": 1855.6424669643907,
    "cumulativeLayoutShift": 0.023898058598078697,
    "firstInputDelay": 45.90832025664382,
    "timestamp": 1774204701448
  },
  "runtime": {
    "memoryUsage": {
      "rss": 61784064,
      "heapUsed": 12888688,
      "heapTotal": 20119552,
      "external": 1965854
    },
    "startupTime": 205.347209,
    "cpuUsage": 130.551,
    "timestamp": 1774204701448
  },
  "violations": [],
  "recommendations": [
    "Largest file (index.js) is 100.0% of bundle - consider splitting or optimizing"
  ],
  "overallStatus": "pass"
}