{
  "timestamp": 1773853649538,
  "bundleSize": {
    "totalSize": 916,
    "gzippedSize": 423,
    "fileCount": 1,
    "largestFile": {
      "name": "index.js",
      "size": 916,
      "gzippedSize": 423
    },
    "breakdown": [
      {
        "name": "index.js",
        "size": 916,
        "gzippedSize": 423,
        "percentage": 100
      }
    ]
  },
  "webVitals": {
    "firstContentfulPaint": 1242.5704613517082,
    "timeToInteractive": 2239.008461711324,
    "largestContentfulPaint": 1501.0319504894787,
    "cumulativeLayoutShift": 0.058293098766908316,
    "firstInputDelay": 71.58222487135939,
    "timestamp": 1773853649538
  },
  "runtime": {
    "memoryUsage": {
      "rss": 62062592,
      "heapUsed": 11980440,
      "heapTotal": 20381696,
      "external": 1964805
    },
    "startupTime": 805.064333,
    "cpuUsage": 197.762,
    "timestamp": 1773853649538
  },
  "violations": [],
  "recommendations": [
    "Largest file (index.js) is 100.0% of bundle - consider splitting or optimizing"
  ],
  "overallStatus": "pass"
}