{
  "timestamp": 1774625039538,
  "bundleSize": {
    "totalSize": 916,
    "gzippedSize": 423,
    "fileCount": 1,
    "largestFile": {
      "name": "index.js",
      "size": 916,
      "gzippedSize": 423
    },
    "breakdown": [
      {
        "name": "index.js",
        "size": 916,
        "gzippedSize": 423,
        "percentage": 100
      }
    ]
  },
  "webVitals": {
    "firstContentfulPaint": 1334.8830621778366,
    "timeToInteractive": 2217.959029451963,
    "largestContentfulPaint": 2273.9044466326036,
    "cumulativeLayoutShift": 0.047189636771295285,
    "firstInputDelay": 69.44781758960039,
    "timestamp": 1774625039538
  },
  "runtime": {
    "memoryUsage": {
      "rss": 62717952,
      "heapUsed": 13221128,
      "heapTotal": 20578304,
      "external": 1965854
    },
    "startupTime": 191.094541,
    "cpuUsage": 127.533,
    "timestamp": 1774625039538
  },
  "violations": [],
  "recommendations": [
    "Largest file (index.js) is 100.0% of bundle - consider splitting or optimizing"
  ],
  "overallStatus": "pass"
}