{
  "timestamp": 1773693859620,
  "bundleSize": {
    "totalSize": 916,
    "gzippedSize": 423,
    "fileCount": 1,
    "largestFile": {
      "name": "index.js",
      "size": 916,
      "gzippedSize": 423
    },
    "breakdown": [
      {
        "name": "index.js",
        "size": 916,
        "gzippedSize": 423,
        "percentage": 100
      }
    ]
  },
  "webVitals": {
    "firstContentfulPaint": 1010.8838056250574,
    "timeToInteractive": 2516.0590346725603,
    "largestContentfulPaint": 2195.6106959052418,
    "cumulativeLayoutShift": 0.09339250470665948,
    "firstInputDelay": 58.74716606477062,
    "timestamp": 1773693859620
  },
  "runtime": {
    "memoryUsage": {
      "rss": 62734336,
      "heapUsed": 12004896,
      "heapTotal": 20381696,
      "external": 1964344
    },
    "startupTime": 455.992916,
    "cpuUsage": 176.224,
    "timestamp": 1773693859620
  },
  "violations": [],
  "recommendations": [
    "Largest file (index.js) is 100.0% of bundle - consider splitting or optimizing"
  ],
  "overallStatus": "pass"
}