{
  "timestamp": 1774201599202,
  "bundleSize": {
    "totalSize": 916,
    "gzippedSize": 423,
    "fileCount": 1,
    "largestFile": {
      "name": "index.js",
      "size": 916,
      "gzippedSize": 423
    },
    "breakdown": [
      {
        "name": "index.js",
        "size": 916,
        "gzippedSize": 423,
        "percentage": 100
      }
    ]
  },
  "webVitals": {
    "firstContentfulPaint": 1317.59631075665,
    "timeToInteractive": 2109.7733755469776,
    "largestContentfulPaint": 2284.2182030473855,
    "cumulativeLayoutShift": 0.060892943906426966,
    "firstInputDelay": 58.117341871541164,
    "timestamp": 1774201599201
  },
  "runtime": {
    "memoryUsage": {
      "rss": 61751296,
      "heapUsed": 12413272,
      "heapTotal": 20119552,
      "external": 1968467
    },
    "startupTime": 1076.368083,
    "cpuUsage": 191.373,
    "timestamp": 1774201599202
  },
  "violations": [],
  "recommendations": [
    "Largest file (index.js) is 100.0% of bundle - consider splitting or optimizing"
  ],
  "overallStatus": "pass"
}