{
  "timestamp": 1773878404308,
  "bundleSize": {
    "totalSize": 916,
    "gzippedSize": 423,
    "fileCount": 1,
    "largestFile": {
      "name": "index.js",
      "size": 916,
      "gzippedSize": 423
    },
    "breakdown": [
      {
        "name": "index.js",
        "size": 916,
        "gzippedSize": 423,
        "percentage": 100
      }
    ]
  },
  "webVitals": {
    "firstContentfulPaint": 1396.8642991467198,
    "timeToInteractive": 2308.010055520995,
    "largestContentfulPaint": 1780.4500485068213,
    "cumulativeLayoutShift": 0.09443760595274707,
    "firstInputDelay": 31.884906191523832,
    "timestamp": 1773878404308
  },
  "runtime": {
    "memoryUsage": {
      "rss": 62078976,
      "heapUsed": 12688920,
      "heapTotal": 20119552,
      "external": 1966360
    },
    "startupTime": 1168.506959,
    "cpuUsage": 191.07,
    "timestamp": 1773878404308
  },
  "violations": [],
  "recommendations": [
    "Largest file (index.js) is 100.0% of bundle - consider splitting or optimizing"
  ],
  "overallStatus": "pass"
}