{
  "timestamp": 1774510072768,
  "bundleSize": {
    "totalSize": 916,
    "gzippedSize": 423,
    "fileCount": 1,
    "largestFile": {
      "name": "index.js",
      "size": 916,
      "gzippedSize": 423
    },
    "breakdown": [
      {
        "name": "index.js",
        "size": 916,
        "gzippedSize": 423,
        "percentage": 100
      }
    ]
  },
  "webVitals": {
    "firstContentfulPaint": 1361.4739921036303,
    "timeToInteractive": 2186.2265452437227,
    "largestContentfulPaint": 2381.7116221916144,
    "cumulativeLayoutShift": 0.04768964706236661,
    "firstInputDelay": 73.73512615781061,
    "timestamp": 1774510072768
  },
  "runtime": {
    "memoryUsage": {
      "rss": 61341696,
      "heapUsed": 12724752,
      "heapTotal": 19595264,
      "external": 1971431
    },
    "startupTime": 233.845167,
    "cpuUsage": 147.655,
    "timestamp": 1774510072768
  },
  "violations": [],
  "recommendations": [
    "Largest file (index.js) is 100.0% of bundle - consider splitting or optimizing"
  ],
  "overallStatus": "pass"
}