{
  "timestamp": 1774511868906,
  "bundleSize": {
    "totalSize": 916,
    "gzippedSize": 423,
    "fileCount": 1,
    "largestFile": {
      "name": "index.js",
      "size": 916,
      "gzippedSize": 423
    },
    "breakdown": [
      {
        "name": "index.js",
        "size": 916,
        "gzippedSize": 423,
        "percentage": 100
      }
    ]
  },
  "webVitals": {
    "firstContentfulPaint": 1438.8279829646767,
    "timeToInteractive": 2056.036777734789,
    "largestContentfulPaint": 1709.9918136868905,
    "cumulativeLayoutShift": 0.07179324389950235,
    "firstInputDelay": 65.147979919032,
    "timestamp": 1774511868906
  },
  "runtime": {
    "memoryUsage": {
      "rss": 32112640,
      "heapUsed": 10933360,
      "heapTotal": 13303808,
      "external": 1964909
    },
    "startupTime": 31223.505083,
    "cpuUsage": 352.839,
    "timestamp": 1774511868906
  },
  "violations": [],
  "recommendations": [
    "Largest file (index.js) is 100.0% of bundle - consider splitting or optimizing"
  ],
  "overallStatus": "pass"
}