{
  "timestamp": 1774046174667,
  "bundleSize": {
    "totalSize": 916,
    "gzippedSize": 423,
    "fileCount": 1,
    "largestFile": {
      "name": "index.js",
      "size": 916,
      "gzippedSize": 423
    },
    "breakdown": [
      {
        "name": "index.js",
        "size": 916,
        "gzippedSize": 423,
        "percentage": 100
      }
    ]
  },
  "webVitals": {
    "firstContentfulPaint": 844.4428549394116,
    "timeToInteractive": 2601.9817532016705,
    "largestContentfulPaint": 2383.929248626271,
    "cumulativeLayoutShift": 0.014119333558843695,
    "firstInputDelay": 31.57954159574815,
    "timestamp": 1774046174667
  },
  "runtime": {
    "memoryUsage": {
      "rss": 63062016,
      "heapUsed": 13396688,
      "heapTotal": 20447232,
      "external": 1965854
    },
    "startupTime": 215.444584,
    "cpuUsage": 135.244,
    "timestamp": 1774046174667
  },
  "violations": [],
  "recommendations": [
    "Largest file (index.js) is 100.0% of bundle - consider splitting or optimizing"
  ],
  "overallStatus": "pass"
}