{
  "timestamp": 1774543332301,
  "bundleSize": {
    "totalSize": 916,
    "gzippedSize": 423,
    "fileCount": 1,
    "largestFile": {
      "name": "index.js",
      "size": 916,
      "gzippedSize": 423
    },
    "breakdown": [
      {
        "name": "index.js",
        "size": 916,
        "gzippedSize": 423,
        "percentage": 100
      }
    ]
  },
  "webVitals": {
    "firstContentfulPaint": 1119.0161839703942,
    "timeToInteractive": 2659.0513026032613,
    "largestContentfulPaint": 1631.4688825723913,
    "cumulativeLayoutShift": 0.07556723004958975,
    "firstInputDelay": 56.247165779537085,
    "timestamp": 1774543332301
  },
  "runtime": {
    "memoryUsage": {
      "rss": 56901632,
      "heapUsed": 12442136,
      "heapTotal": 19857408,
      "external": 1966361
    },
    "startupTime": 6511.766875,
    "cpuUsage": 190.472,
    "timestamp": 1774543332301
  },
  "violations": [],
  "recommendations": [
    "Largest file (index.js) is 100.0% of bundle - consider splitting or optimizing"
  ],
  "overallStatus": "pass"
}