{
  "timestamp": 1775267550591,
  "bundleSize": {
    "totalSize": 952,
    "gzippedSize": 439,
    "fileCount": 1,
    "largestFile": {
      "name": "index.js",
      "size": 952,
      "gzippedSize": 439
    },
    "breakdown": [
      {
        "name": "index.js",
        "size": 952,
        "gzippedSize": 439,
        "percentage": 100
      }
    ]
  },
  "webVitals": {
    "firstContentfulPaint": 1174.3934731739755,
    "timeToInteractive": 2445.8540085139034,
    "largestContentfulPaint": 2492.8589368227595,
    "cumulativeLayoutShift": 0.06365011212408349,
    "firstInputDelay": 37.90524673665643,
    "timestamp": 1775267550591
  },
  "runtime": {
    "memoryUsage": {
      "rss": 59326464,
      "heapUsed": 11728016,
      "heapTotal": 19447808,
      "external": 1968945
    },
    "startupTime": 266.684666,
    "cpuUsage": 131.184,
    "timestamp": 1775267550591
  },
  "violations": [],
  "recommendations": [
    "Largest file (index.js) is 100.0% of bundle - consider splitting or optimizing"
  ],
  "overallStatus": "pass"
}