{
  "timestamp": 1773931853737,
  "bundleSize": {
    "totalSize": 916,
    "gzippedSize": 423,
    "fileCount": 1,
    "largestFile": {
      "name": "index.js",
      "size": 916,
      "gzippedSize": 423
    },
    "breakdown": [
      {
        "name": "index.js",
        "size": 916,
        "gzippedSize": 423,
        "percentage": 100
      }
    ]
  },
  "webVitals": {
    "firstContentfulPaint": 1245.1994719235515,
    "timeToInteractive": 2887.254921159868,
    "largestContentfulPaint": 2239.636355102195,
    "cumulativeLayoutShift": 0.015319119952380868,
    "firstInputDelay": 68.96406699594272,
    "timestamp": 1773931853737
  },
  "runtime": {
    "memoryUsage": {
      "rss": 62324736,
      "heapUsed": 12334616,
      "heapTotal": 20119552,
      "external": 1970949
    },
    "startupTime": 245.103958,
    "cpuUsage": 147.995,
    "timestamp": 1773931853737
  },
  "violations": [],
  "recommendations": [
    "Largest file (index.js) is 100.0% of bundle - consider splitting or optimizing"
  ],
  "overallStatus": "pass"
}