{
  "timestamp": 1774522408148,
  "bundleSize": {
    "totalSize": 916,
    "gzippedSize": 423,
    "fileCount": 1,
    "largestFile": {
      "name": "index.js",
      "size": 916,
      "gzippedSize": 423
    },
    "breakdown": [
      {
        "name": "index.js",
        "size": 916,
        "gzippedSize": 423,
        "percentage": 100
      }
    ]
  },
  "webVitals": {
    "firstContentfulPaint": 1464.9707587134915,
    "timeToInteractive": 2639.7912546661482,
    "largestContentfulPaint": 2329.7888573754713,
    "cumulativeLayoutShift": 0.03178187407710858,
    "firstInputDelay": 27.73049196213748,
    "timestamp": 1774522408148
  },
  "runtime": {
    "memoryUsage": {
      "rss": 61030400,
      "heapUsed": 13020240,
      "heapTotal": 20447232,
      "external": 1966360
    },
    "startupTime": 1206.818208,
    "cpuUsage": 216.447,
    "timestamp": 1774522408148
  },
  "violations": [],
  "recommendations": [
    "Largest file (index.js) is 100.0% of bundle - consider splitting or optimizing"
  ],
  "overallStatus": "pass"
}