{
  "timestamp": 1773933701780,
  "bundleSize": {
    "totalSize": 916,
    "gzippedSize": 423,
    "fileCount": 1,
    "largestFile": {
      "name": "index.js",
      "size": 916,
      "gzippedSize": 423
    },
    "breakdown": [
      {
        "name": "index.js",
        "size": 916,
        "gzippedSize": 423,
        "percentage": 100
      }
    ]
  },
  "webVitals": {
    "firstContentfulPaint": 1393.9577539321185,
    "timeToInteractive": 2912.810078262846,
    "largestContentfulPaint": 2298.3984185539234,
    "cumulativeLayoutShift": 0.06844031920199077,
    "firstInputDelay": 63.03633828429949,
    "timestamp": 1773933701779
  },
  "runtime": {
    "memoryUsage": {
      "rss": 62390272,
      "heapUsed": 12701320,
      "heapTotal": 19857408,
      "external": 1970512
    },
    "startupTime": 275.582208,
    "cpuUsage": 167.105,
    "timestamp": 1773933701780
  },
  "violations": [],
  "recommendations": [
    "Largest file (index.js) is 100.0% of bundle - consider splitting or optimizing"
  ],
  "overallStatus": "pass"
}