{
  "timestamp": 1774036305524,
  "bundleSize": {
    "totalSize": 916,
    "gzippedSize": 423,
    "fileCount": 1,
    "largestFile": {
      "name": "index.js",
      "size": 916,
      "gzippedSize": 423
    },
    "breakdown": [
      {
        "name": "index.js",
        "size": 916,
        "gzippedSize": 423,
        "percentage": 100
      }
    ]
  },
  "webVitals": {
    "firstContentfulPaint": 1037.1898985314187,
    "timeToInteractive": 2722.959959067213,
    "largestContentfulPaint": 2477.9080372917515,
    "cumulativeLayoutShift": 0.011008283263059427,
    "firstInputDelay": 28.39044311966389,
    "timestamp": 1774036305524
  },
  "runtime": {
    "memoryUsage": {
      "rss": 63504384,
      "heapUsed": 13361128,
      "heapTotal": 20742144,
      "external": 1964859
    },
    "startupTime": 427.273083,
    "cpuUsage": 192.917,
    "timestamp": 1774036305524
  },
  "violations": [],
  "recommendations": [
    "Largest file (index.js) is 100.0% of bundle - consider splitting or optimizing"
  ],
  "overallStatus": "pass"
}