{
  "timestamp": 1774048787485,
  "bundleSize": {
    "totalSize": 916,
    "gzippedSize": 423,
    "fileCount": 1,
    "largestFile": {
      "name": "index.js",
      "size": 916,
      "gzippedSize": 423
    },
    "breakdown": [
      {
        "name": "index.js",
        "size": 916,
        "gzippedSize": 423,
        "percentage": 100
      }
    ]
  },
  "webVitals": {
    "firstContentfulPaint": 1001.6756692850795,
    "timeToInteractive": 2119.3273651364048,
    "largestContentfulPaint": 1945.09911483609,
    "cumulativeLayoutShift": 0.027771463695612432,
    "firstInputDelay": 37.104994316185355,
    "timestamp": 1774048787485
  },
  "runtime": {
    "memoryUsage": {
      "rss": 62390272,
      "heapUsed": 12393640,
      "heapTotal": 20381696,
      "external": 1971431
    },
    "startupTime": 230.023667,
    "cpuUsage": 144.578,
    "timestamp": 1774048787485
  },
  "violations": [],
  "recommendations": [
    "Largest file (index.js) is 100.0% of bundle - consider splitting or optimizing"
  ],
  "overallStatus": "pass"
}