{
  "timestamp": 1774619548662,
  "bundleSize": {
    "totalSize": 916,
    "gzippedSize": 423,
    "fileCount": 1,
    "largestFile": {
      "name": "index.js",
      "size": 916,
      "gzippedSize": 423
    },
    "breakdown": [
      {
        "name": "index.js",
        "size": 916,
        "gzippedSize": 423,
        "percentage": 100
      }
    ]
  },
  "webVitals": {
    "firstContentfulPaint": 639.1689700158267,
    "timeToInteractive": 2840.9833900651433,
    "largestContentfulPaint": 2314.9454112383623,
    "cumulativeLayoutShift": 0.08702732798691648,
    "firstInputDelay": 51.583358795429724,
    "timestamp": 1774619548662
  },
  "runtime": {
    "memoryUsage": {
      "rss": 62750720,
      "heapUsed": 13344520,
      "heapTotal": 20119552,
      "external": 1965854
    },
    "startupTime": 208.783333,
    "cpuUsage": 139.557,
    "timestamp": 1774619548662
  },
  "violations": [],
  "recommendations": [
    "Largest file (index.js) is 100.0% of bundle - consider splitting or optimizing"
  ],
  "overallStatus": "pass"
}