{
  "timestamp": 1774547470722,
  "bundleSize": {
    "totalSize": 916,
    "gzippedSize": 423,
    "fileCount": 1,
    "largestFile": {
      "name": "index.js",
      "size": 916,
      "gzippedSize": 423
    },
    "breakdown": [
      {
        "name": "index.js",
        "size": 916,
        "gzippedSize": 423,
        "percentage": 100
      }
    ]
  },
  "webVitals": {
    "firstContentfulPaint": 731.1647805134324,
    "timeToInteractive": 2798.4632823575785,
    "largestContentfulPaint": 1944.2013710187691,
    "cumulativeLayoutShift": 0.010238576573984571,
    "firstInputDelay": 37.954510231914114,
    "timestamp": 1774547470722
  },
  "runtime": {
    "memoryUsage": {
      "rss": 62242816,
      "heapUsed": 12425744,
      "heapTotal": 20119552,
      "external": 1970223
    },
    "startupTime": 231.846333,
    "cpuUsage": 139.628,
    "timestamp": 1774547470722
  },
  "violations": [],
  "recommendations": [
    "Largest file (index.js) is 100.0% of bundle - consider splitting or optimizing"
  ],
  "overallStatus": "pass"
}