{
  "timestamp": 1774608020877,
  "bundleSize": {
    "totalSize": 916,
    "gzippedSize": 423,
    "fileCount": 1,
    "largestFile": {
      "name": "index.js",
      "size": 916,
      "gzippedSize": 423
    },
    "breakdown": [
      {
        "name": "index.js",
        "size": 916,
        "gzippedSize": 423,
        "percentage": 100
      }
    ]
  },
  "webVitals": {
    "firstContentfulPaint": 859.5358951684535,
    "timeToInteractive": 2551.6076410247324,
    "largestContentfulPaint": 1762.7083481371026,
    "cumulativeLayoutShift": 0.06667775732533081,
    "firstInputDelay": 62.13367190053758,
    "timestamp": 1774608020877
  },
  "runtime": {
    "memoryUsage": {
      "rss": 62341120,
      "heapUsed": 13018824,
      "heapTotal": 20217856,
      "external": 1966360
    },
    "startupTime": 945.001375,
    "cpuUsage": 200.857,
    "timestamp": 1774608020877
  },
  "violations": [],
  "recommendations": [
    "Largest file (index.js) is 100.0% of bundle - consider splitting or optimizing"
  ],
  "overallStatus": "pass"
}