{
  "timestamp": 1774264659181,
  "bundleSize": {
    "totalSize": 916,
    "gzippedSize": 423,
    "fileCount": 1,
    "largestFile": {
      "name": "index.js",
      "size": 916,
      "gzippedSize": 423
    },
    "breakdown": [
      {
        "name": "index.js",
        "size": 916,
        "gzippedSize": 423,
        "percentage": 100
      }
    ]
  },
  "webVitals": {
    "firstContentfulPaint": 1240.2303847844632,
    "timeToInteractive": 2427.574579627839,
    "largestContentfulPaint": 1518.9548205217025,
    "cumulativeLayoutShift": 0.020936203374028864,
    "firstInputDelay": 61.63785184827143,
    "timestamp": 1774264659180
  },
  "runtime": {
    "memoryUsage": {
      "rss": 57933824,
      "heapUsed": 12677240,
      "heapTotal": 19857408,
      "external": 1967701
    },
    "startupTime": 4782.032542,
    "cpuUsage": 191.48,
    "timestamp": 1774264659181
  },
  "violations": [],
  "recommendations": [
    "Largest file (index.js) is 100.0% of bundle - consider splitting or optimizing"
  ],
  "overallStatus": "pass"
}