{
  "timestamp": 1774727790390,
  "bundleSize": {
    "totalSize": 916,
    "gzippedSize": 423,
    "fileCount": 1,
    "largestFile": {
      "name": "index.js",
      "size": 916,
      "gzippedSize": 423
    },
    "breakdown": [
      {
        "name": "index.js",
        "size": 916,
        "gzippedSize": 423,
        "percentage": 100
      }
    ]
  },
  "webVitals": {
    "firstContentfulPaint": 590.2196614378425,
    "timeToInteractive": 2807.8596183193977,
    "largestContentfulPaint": 2186.8759243087834,
    "cumulativeLayoutShift": 0.07650214486802615,
    "firstInputDelay": 32.63757403673432,
    "timestamp": 1774727790390
  },
  "runtime": {
    "memoryUsage": {
      "rss": 62324736,
      "heapUsed": 12582880,
      "heapTotal": 20119552,
      "external": 1966402
    },
    "startupTime": 444.408458,
    "cpuUsage": 193.085,
    "timestamp": 1774727790390
  },
  "violations": [],
  "recommendations": [
    "Largest file (index.js) is 100.0% of bundle - consider splitting or optimizing"
  ],
  "overallStatus": "pass"
}