{
  "timestamp": 1774271324726,
  "bundleSize": {
    "totalSize": 916,
    "gzippedSize": 423,
    "fileCount": 1,
    "largestFile": {
      "name": "index.js",
      "size": 916,
      "gzippedSize": 423
    },
    "breakdown": [
      {
        "name": "index.js",
        "size": 916,
        "gzippedSize": 423,
        "percentage": 100
      }
    ]
  },
  "webVitals": {
    "firstContentfulPaint": 1382.0152112806434,
    "timeToInteractive": 2085.5567397470304,
    "largestContentfulPaint": 1651.0045293552214,
    "cumulativeLayoutShift": 0.09178250761128606,
    "firstInputDelay": 31.51899532516461,
    "timestamp": 1774271324726
  },
  "runtime": {
    "memoryUsage": {
      "rss": 62439424,
      "heapUsed": 12698568,
      "heapTotal": 20381696,
      "external": 1965854
    },
    "startupTime": 213.66525,
    "cpuUsage": 144.638,
    "timestamp": 1774271324726
  },
  "violations": [],
  "recommendations": [
    "Largest file (index.js) is 100.0% of bundle - consider splitting or optimizing"
  ],
  "overallStatus": "pass"
}