{
  "timestamp": 1774192590969,
  "bundleSize": {
    "totalSize": 916,
    "gzippedSize": 423,
    "fileCount": 1,
    "largestFile": {
      "name": "index.js",
      "size": 916,
      "gzippedSize": 423
    },
    "breakdown": [
      {
        "name": "index.js",
        "size": 916,
        "gzippedSize": 423,
        "percentage": 100
      }
    ]
  },
  "webVitals": {
    "firstContentfulPaint": 905.7290721551357,
    "timeToInteractive": 2940.235653427737,
    "largestContentfulPaint": 2018.6546571839797,
    "cumulativeLayoutShift": 0.017681370017270593,
    "firstInputDelay": 58.632344140632966,
    "timestamp": 1774192590969
  },
  "runtime": {
    "memoryUsage": {
      "rss": 62455808,
      "heapUsed": 13154400,
      "heapTotal": 20283392,
      "external": 1965854
    },
    "startupTime": 190.464667,
    "cpuUsage": 130.069,
    "timestamp": 1774192590969
  },
  "violations": [],
  "recommendations": [
    "Largest file (index.js) is 100.0% of bundle - consider splitting or optimizing"
  ],
  "overallStatus": "pass"
}