{
  "timestamp": 1774267250898,
  "bundleSize": {
    "totalSize": 916,
    "gzippedSize": 423,
    "fileCount": 1,
    "largestFile": {
      "name": "index.js",
      "size": 916,
      "gzippedSize": 423
    },
    "breakdown": [
      {
        "name": "index.js",
        "size": 916,
        "gzippedSize": 423,
        "percentage": 100
      }
    ]
  },
  "webVitals": {
    "firstContentfulPaint": 546.9383679841222,
    "timeToInteractive": 2806.3644184368227,
    "largestContentfulPaint": 2133.5525256629226,
    "cumulativeLayoutShift": 0.05900797033857017,
    "firstInputDelay": 38.43829897112251,
    "timestamp": 1774267250898
  },
  "runtime": {
    "memoryUsage": {
      "rss": 62472192,
      "heapUsed": 12939088,
      "heapTotal": 20152320,
      "external": 1966360
    },
    "startupTime": 1914.492042,
    "cpuUsage": 187.21,
    "timestamp": 1774267250898
  },
  "violations": [],
  "recommendations": [
    "Largest file (index.js) is 100.0% of bundle - consider splitting or optimizing"
  ],
  "overallStatus": "pass"
}