{
  "timestamp": 1773921169901,
  "bundleSize": {
    "totalSize": 916,
    "gzippedSize": 423,
    "fileCount": 1,
    "largestFile": {
      "name": "index.js",
      "size": 916,
      "gzippedSize": 423
    },
    "breakdown": [
      {
        "name": "index.js",
        "size": 916,
        "gzippedSize": 423,
        "percentage": 100
      }
    ]
  },
  "webVitals": {
    "firstContentfulPaint": 600.4688695110765,
    "timeToInteractive": 2505.2680280774575,
    "largestContentfulPaint": 1795.6949559271195,
    "cumulativeLayoutShift": 0.09884451581539028,
    "firstInputDelay": 74.80465938058182,
    "timestamp": 1773921169901
  },
  "runtime": {
    "memoryUsage": {
      "rss": 62390272,
      "heapUsed": 12773832,
      "heapTotal": 19857408,
      "external": 1970211
    },
    "startupTime": 305.248958,
    "cpuUsage": 174.071,
    "timestamp": 1773921169901
  },
  "violations": [],
  "recommendations": [
    "Largest file (index.js) is 100.0% of bundle - consider splitting or optimizing"
  ],
  "overallStatus": "pass"
}