{
  "timestamp": 1774512612079,
  "bundleSize": {
    "totalSize": 916,
    "gzippedSize": 423,
    "fileCount": 1,
    "largestFile": {
      "name": "index.js",
      "size": 916,
      "gzippedSize": 423
    },
    "breakdown": [
      {
        "name": "index.js",
        "size": 916,
        "gzippedSize": 423,
        "percentage": 100
      }
    ]
  },
  "webVitals": {
    "firstContentfulPaint": 535.5311158296547,
    "timeToInteractive": 2668.2505514928316,
    "largestContentfulPaint": 1547.9545969706417,
    "cumulativeLayoutShift": 0.026577974752208577,
    "firstInputDelay": 34.17060614382037,
    "timestamp": 1774512612079
  },
  "runtime": {
    "memoryUsage": {
      "rss": 59572224,
      "heapUsed": 12762920,
      "heapTotal": 19857408,
      "external": 1966360
    },
    "startupTime": 1712.236875,
    "cpuUsage": 183.224,
    "timestamp": 1774512612079
  },
  "violations": [],
  "recommendations": [
    "Largest file (index.js) is 100.0% of bundle - consider splitting or optimizing"
  ],
  "overallStatus": "pass"
}