{
  "timestamp": 1773861153075,
  "bundleSize": {
    "totalSize": 916,
    "gzippedSize": 423,
    "fileCount": 1,
    "largestFile": {
      "name": "index.js",
      "size": 916,
      "gzippedSize": 423
    },
    "breakdown": [
      {
        "name": "index.js",
        "size": 916,
        "gzippedSize": 423,
        "percentage": 100
      }
    ]
  },
  "webVitals": {
    "firstContentfulPaint": 906.8989431823315,
    "timeToInteractive": 2457.2782835416115,
    "largestContentfulPaint": 1554.1866270316036,
    "cumulativeLayoutShift": 0.005310585853197214,
    "firstInputDelay": 49.69017799436275,
    "timestamp": 1773861153075
  },
  "runtime": {
    "memoryUsage": {
      "rss": 62324736,
      "heapUsed": 12271792,
      "heapTotal": 20119552,
      "external": 1969696
    },
    "startupTime": 315.235583,
    "cpuUsage": 179.452,
    "timestamp": 1773861153075
  },
  "violations": [],
  "recommendations": [
    "Largest file (index.js) is 100.0% of bundle - consider splitting or optimizing"
  ],
  "overallStatus": "pass"
}