{
  "timestamp": 1774114644406,
  "bundleSize": {
    "totalSize": 916,
    "gzippedSize": 423,
    "fileCount": 1,
    "largestFile": {
      "name": "index.js",
      "size": 916,
      "gzippedSize": 423
    },
    "breakdown": [
      {
        "name": "index.js",
        "size": 916,
        "gzippedSize": 423,
        "percentage": 100
      }
    ]
  },
  "webVitals": {
    "firstContentfulPaint": 837.2963751608911,
    "timeToInteractive": 2016.630194987885,
    "largestContentfulPaint": 1512.3804022196666,
    "cumulativeLayoutShift": 0.062111432759221846,
    "firstInputDelay": 26.156393293239887,
    "timestamp": 1774114644406
  },
  "runtime": {
    "memoryUsage": {
      "rss": 62701568,
      "heapUsed": 12931008,
      "heapTotal": 20217856,
      "external": 1971431
    },
    "startupTime": 220.301583,
    "cpuUsage": 142.901,
    "timestamp": 1774114644406
  },
  "violations": [],
  "recommendations": [
    "Largest file (index.js) is 100.0% of bundle - consider splitting or optimizing"
  ],
  "overallStatus": "pass"
}