{
  "timestamp": 1774192969457,
  "bundleSize": {
    "totalSize": 916,
    "gzippedSize": 423,
    "fileCount": 1,
    "largestFile": {
      "name": "index.js",
      "size": 916,
      "gzippedSize": 423
    },
    "breakdown": [
      {
        "name": "index.js",
        "size": 916,
        "gzippedSize": 423,
        "percentage": 100
      }
    ]
  },
  "webVitals": {
    "firstContentfulPaint": 1042.0945777616735,
    "timeToInteractive": 2507.8107538171457,
    "largestContentfulPaint": 2331.7749643867223,
    "cumulativeLayoutShift": 0.027557394775167388,
    "firstInputDelay": 38.72454660363156,
    "timestamp": 1774192969457
  },
  "runtime": {
    "memoryUsage": {
      "rss": 61833216,
      "heapUsed": 12894360,
      "heapTotal": 20545536,
      "external": 1969831
    },
    "startupTime": 241.470083,
    "cpuUsage": 144.68,
    "timestamp": 1774192969457
  },
  "violations": [],
  "recommendations": [
    "Largest file (index.js) is 100.0% of bundle - consider splitting or optimizing"
  ],
  "overallStatus": "pass"
}