{
  "timestamp": 1774013230551,
  "bundleSize": {
    "totalSize": 916,
    "gzippedSize": 423,
    "fileCount": 1,
    "largestFile": {
      "name": "index.js",
      "size": 916,
      "gzippedSize": 423
    },
    "breakdown": [
      {
        "name": "index.js",
        "size": 916,
        "gzippedSize": 423,
        "percentage": 100
      }
    ]
  },
  "webVitals": {
    "firstContentfulPaint": 676.0985886210995,
    "timeToInteractive": 2424.340997021491,
    "largestContentfulPaint": 2435.6772847468446,
    "cumulativeLayoutShift": 0.0010321480913750847,
    "firstInputDelay": 25.52313766220744,
    "timestamp": 1774013230551
  },
  "runtime": {
    "memoryUsage": {
      "rss": 61620224,
      "heapUsed": 12893736,
      "heapTotal": 19595264,
      "external": 1965899
    },
    "startupTime": 332.794041,
    "cpuUsage": 172.176,
    "timestamp": 1774013230551
  },
  "violations": [],
  "recommendations": [
    "Largest file (index.js) is 100.0% of bundle - consider splitting or optimizing"
  ],
  "overallStatus": "pass"
}