{
  "timestamp": 1774729716123,
  "bundleSize": {
    "totalSize": 916,
    "gzippedSize": 423,
    "fileCount": 1,
    "largestFile": {
      "name": "index.js",
      "size": 916,
      "gzippedSize": 423
    },
    "breakdown": [
      {
        "name": "index.js",
        "size": 916,
        "gzippedSize": 423,
        "percentage": 100
      }
    ]
  },
  "webVitals": {
    "firstContentfulPaint": 592.5616766567381,
    "timeToInteractive": 2291.0216734128535,
    "largestContentfulPaint": 2481.229637640193,
    "cumulativeLayoutShift": 0.09187054882091293,
    "firstInputDelay": 51.284233261216954,
    "timestamp": 1774729716123
  },
  "runtime": {
    "memoryUsage": {
      "rss": 62570496,
      "heapUsed": 12844752,
      "heapTotal": 19595264,
      "external": 1970714
    },
    "startupTime": 286.433375,
    "cpuUsage": 142.923,
    "timestamp": 1774729716123
  },
  "violations": [],
  "recommendations": [
    "Largest file (index.js) is 100.0% of bundle - consider splitting or optimizing"
  ],
  "overallStatus": "pass"
}