{
  "timestamp": 1773767098884,
  "bundleSize": {
    "totalSize": 916,
    "gzippedSize": 423,
    "fileCount": 1,
    "largestFile": {
      "name": "index.js",
      "size": 916,
      "gzippedSize": 423
    },
    "breakdown": [
      {
        "name": "index.js",
        "size": 916,
        "gzippedSize": 423,
        "percentage": 100
      }
    ]
  },
  "webVitals": {
    "firstContentfulPaint": 942.8033129537758,
    "timeToInteractive": 2907.8809447992635,
    "largestContentfulPaint": 1662.6537054786572,
    "cumulativeLayoutShift": 0.011551883817508646,
    "firstInputDelay": 64.96177298646558,
    "timestamp": 1773767098884
  },
  "runtime": {
    "memoryUsage": {
      "rss": 62357504,
      "heapUsed": 12063936,
      "heapTotal": 20119552,
      "external": 1970916
    },
    "startupTime": 233.012458,
    "cpuUsage": 151.669,
    "timestamp": 1773767098884
  },
  "violations": [],
  "recommendations": [
    "Largest file (index.js) is 100.0% of bundle - consider splitting or optimizing"
  ],
  "overallStatus": "pass"
}