{
  "timestamp": 1773840967214,
  "bundleSize": {
    "totalSize": 916,
    "gzippedSize": 423,
    "fileCount": 1,
    "largestFile": {
      "name": "index.js",
      "size": 916,
      "gzippedSize": 423
    },
    "breakdown": [
      {
        "name": "index.js",
        "size": 916,
        "gzippedSize": 423,
        "percentage": 100
      }
    ]
  },
  "webVitals": {
    "firstContentfulPaint": 1324.407628830847,
    "timeToInteractive": 2369.9527264219487,
    "largestContentfulPaint": 2463.691716493504,
    "cumulativeLayoutShift": 0.02551743503380204,
    "firstInputDelay": 26.114640811577637,
    "timestamp": 1773840967214
  },
  "runtime": {
    "memoryUsage": {
      "rss": 61784064,
      "heapUsed": 12095304,
      "heapTotal": 19857408,
      "external": 1969708
    },
    "startupTime": 246.610833,
    "cpuUsage": 126.661,
    "timestamp": 1773840967214
  },
  "violations": [],
  "recommendations": [
    "Largest file (index.js) is 100.0% of bundle - consider splitting or optimizing"
  ],
  "overallStatus": "pass"
}