{
  "timestamp": 1773921384079,
  "bundleSize": {
    "totalSize": 916,
    "gzippedSize": 423,
    "fileCount": 1,
    "largestFile": {
      "name": "index.js",
      "size": 916,
      "gzippedSize": 423
    },
    "breakdown": [
      {
        "name": "index.js",
        "size": 916,
        "gzippedSize": 423,
        "percentage": 100
      }
    ]
  },
  "webVitals": {
    "firstContentfulPaint": 805.9019503693568,
    "timeToInteractive": 2326.0322614587776,
    "largestContentfulPaint": 1628.4189555241874,
    "cumulativeLayoutShift": 0.041116504375784915,
    "firstInputDelay": 33.28282469395782,
    "timestamp": 1773921384079
  },
  "runtime": {
    "memoryUsage": {
      "rss": 62701568,
      "heapUsed": 13232104,
      "heapTotal": 20283392,
      "external": 1967413
    },
    "startupTime": 446.232042,
    "cpuUsage": 190.182,
    "timestamp": 1773921384079
  },
  "violations": [],
  "recommendations": [
    "Largest file (index.js) is 100.0% of bundle - consider splitting or optimizing"
  ],
  "overallStatus": "pass"
}