{
  "timestamp": 1773878208598,
  "bundleSize": {
    "totalSize": 916,
    "gzippedSize": 423,
    "fileCount": 1,
    "largestFile": {
      "name": "index.js",
      "size": 916,
      "gzippedSize": 423
    },
    "breakdown": [
      {
        "name": "index.js",
        "size": 916,
        "gzippedSize": 423,
        "percentage": 100
      }
    ]
  },
  "webVitals": {
    "firstContentfulPaint": 1296.1231331106392,
    "timeToInteractive": 2412.2464678113324,
    "largestContentfulPaint": 1893.0912742709543,
    "cumulativeLayoutShift": 0.08213322768699677,
    "firstInputDelay": 34.296665188820526,
    "timestamp": 1773878208598
  },
  "runtime": {
    "memoryUsage": {
      "rss": 62291968,
      "heapUsed": 13174832,
      "heapTotal": 19857408,
      "external": 1970211
    },
    "startupTime": 347.991458,
    "cpuUsage": 179.226,
    "timestamp": 1773878208598
  },
  "violations": [],
  "recommendations": [
    "Largest file (index.js) is 100.0% of bundle - consider splitting or optimizing"
  ],
  "overallStatus": "pass"
}