{
  "timestamp": 1774048800981,
  "bundleSize": {
    "totalSize": 916,
    "gzippedSize": 423,
    "fileCount": 1,
    "largestFile": {
      "name": "index.js",
      "size": 916,
      "gzippedSize": 423
    },
    "breakdown": [
      {
        "name": "index.js",
        "size": 916,
        "gzippedSize": 423,
        "percentage": 100
      }
    ]
  },
  "webVitals": {
    "firstContentfulPaint": 1150.9209707781606,
    "timeToInteractive": 2703.0725559571247,
    "largestContentfulPaint": 2345.376152178491,
    "cumulativeLayoutShift": 0.007481808341229268,
    "firstInputDelay": 28.655110904527515,
    "timestamp": 1774048800981
  },
  "runtime": {
    "memoryUsage": {
      "rss": 61898752,
      "heapUsed": 12612456,
      "heapTotal": 19857408,
      "external": 1970223
    },
    "startupTime": 354.530084,
    "cpuUsage": 165.817,
    "timestamp": 1774048800981
  },
  "violations": [],
  "recommendations": [
    "Largest file (index.js) is 100.0% of bundle - consider splitting or optimizing"
  ],
  "overallStatus": "pass"
}