{
  "timestamp": 1774510030144,
  "bundleSize": {
    "totalSize": 916,
    "gzippedSize": 423,
    "fileCount": 1,
    "largestFile": {
      "name": "index.js",
      "size": 916,
      "gzippedSize": 423
    },
    "breakdown": [
      {
        "name": "index.js",
        "size": 916,
        "gzippedSize": 423,
        "percentage": 100
      }
    ]
  },
  "webVitals": {
    "firstContentfulPaint": 978.4611013705396,
    "timeToInteractive": 2591.475020864776,
    "largestContentfulPaint": 1826.6922693785198,
    "cumulativeLayoutShift": 0.01676596640552124,
    "firstInputDelay": 58.316933081068946,
    "timestamp": 1774510030144
  },
  "runtime": {
    "memoryUsage": {
      "rss": 61964288,
      "heapUsed": 12669072,
      "heapTotal": 19857408,
      "external": 1970223
    },
    "startupTime": 327.021333,
    "cpuUsage": 181.024,
    "timestamp": 1774510030144
  },
  "violations": [],
  "recommendations": [
    "Largest file (index.js) is 100.0% of bundle - consider splitting or optimizing"
  ],
  "overallStatus": "pass"
}