{
  "timestamp": 1774516409972,
  "bundleSize": {
    "totalSize": 916,
    "gzippedSize": 423,
    "fileCount": 1,
    "largestFile": {
      "name": "index.js",
      "size": 916,
      "gzippedSize": 423
    },
    "breakdown": [
      {
        "name": "index.js",
        "size": 916,
        "gzippedSize": 423,
        "percentage": 100
      }
    ]
  },
  "webVitals": {
    "firstContentfulPaint": 734.3938437550237,
    "timeToInteractive": 2256.083104183689,
    "largestContentfulPaint": 2079.3792645351177,
    "cumulativeLayoutShift": 0.05904805826658188,
    "firstInputDelay": 42.365547166520116,
    "timestamp": 1774516409972
  },
  "runtime": {
    "memoryUsage": {
      "rss": 63193088,
      "heapUsed": 12917872,
      "heapTotal": 20217856,
      "external": 1971374
    },
    "startupTime": 244.045166,
    "cpuUsage": 143.569,
    "timestamp": 1774516409972
  },
  "violations": [],
  "recommendations": [
    "Largest file (index.js) is 100.0% of bundle - consider splitting or optimizing"
  ],
  "overallStatus": "pass"
}