{
  "timestamp": 1774043163834,
  "bundleSize": {
    "totalSize": 916,
    "gzippedSize": 423,
    "fileCount": 1,
    "largestFile": {
      "name": "index.js",
      "size": 916,
      "gzippedSize": 423
    },
    "breakdown": [
      {
        "name": "index.js",
        "size": 916,
        "gzippedSize": 423,
        "percentage": 100
      }
    ]
  },
  "webVitals": {
    "firstContentfulPaint": 548.6042558993047,
    "timeToInteractive": 2961.038003198121,
    "largestContentfulPaint": 2430.6991813653667,
    "cumulativeLayoutShift": 0.06778410937544292,
    "firstInputDelay": 28.74123046377909,
    "timestamp": 1774043163834
  },
  "runtime": {
    "memoryUsage": {
      "rss": 53805056,
      "heapUsed": 12504512,
      "heapTotal": 20119552,
      "external": 1966661
    },
    "startupTime": 1524.805708,
    "cpuUsage": 263.261,
    "timestamp": 1774043163834
  },
  "violations": [],
  "recommendations": [
    "Largest file (index.js) is 100.0% of bundle - consider splitting or optimizing"
  ],
  "overallStatus": "pass"
}