{
  "timestamp": 1774376066893,
  "bundleSize": {
    "totalSize": 916,
    "gzippedSize": 423,
    "fileCount": 1,
    "largestFile": {
      "name": "index.js",
      "size": 916,
      "gzippedSize": 423
    },
    "breakdown": [
      {
        "name": "index.js",
        "size": 916,
        "gzippedSize": 423,
        "percentage": 100
      }
    ]
  },
  "webVitals": {
    "firstContentfulPaint": 940.3377487826981,
    "timeToInteractive": 2634.0406451574236,
    "largestContentfulPaint": 1962.1841124033324,
    "cumulativeLayoutShift": 0.09840068652379219,
    "firstInputDelay": 38.474683679999934,
    "timestamp": 1774376066893
  },
  "runtime": {
    "memoryUsage": {
      "rss": 62193664,
      "heapUsed": 12693424,
      "heapTotal": 20381696,
      "external": 1970223
    },
    "startupTime": 229.822125,
    "cpuUsage": 146.522,
    "timestamp": 1774376066893
  },
  "violations": [],
  "recommendations": [
    "Largest file (index.js) is 100.0% of bundle - consider splitting or optimizing"
  ],
  "overallStatus": "pass"
}