{
  "timestamp": 1773880828895,
  "bundleSize": {
    "totalSize": 916,
    "gzippedSize": 423,
    "fileCount": 1,
    "largestFile": {
      "name": "index.js",
      "size": 916,
      "gzippedSize": 423
    },
    "breakdown": [
      {
        "name": "index.js",
        "size": 916,
        "gzippedSize": 423,
        "percentage": 100
      }
    ]
  },
  "webVitals": {
    "firstContentfulPaint": 1240.7963608605519,
    "timeToInteractive": 2353.537219951823,
    "largestContentfulPaint": 2052.151336214393,
    "cumulativeLayoutShift": 0.0060441098816670594,
    "firstInputDelay": 58.313728326209755,
    "timestamp": 1773880828895
  },
  "runtime": {
    "memoryUsage": {
      "rss": 63619072,
      "heapUsed": 13716568,
      "heapTotal": 20512768,
      "external": 1971725
    },
    "startupTime": 406.320791,
    "cpuUsage": 178.032,
    "timestamp": 1773880828895
  },
  "violations": [],
  "recommendations": [
    "Largest file (index.js) is 100.0% of bundle - consider splitting or optimizing"
  ],
  "overallStatus": "pass"
}