{
  "timestamp": 1774664658906,
  "bundleSize": {
    "totalSize": 916,
    "gzippedSize": 423,
    "fileCount": 1,
    "largestFile": {
      "name": "index.js",
      "size": 916,
      "gzippedSize": 423
    },
    "breakdown": [
      {
        "name": "index.js",
        "size": 916,
        "gzippedSize": 423,
        "percentage": 100
      }
    ]
  },
  "webVitals": {
    "firstContentfulPaint": 973.4463248690408,
    "timeToInteractive": 2054.457188486351,
    "largestContentfulPaint": 1737.2997121203762,
    "cumulativeLayoutShift": 0.015283705173272866,
    "firstInputDelay": 49.68343018544121,
    "timestamp": 1774664658906
  },
  "runtime": {
    "memoryUsage": {
      "rss": 62013440,
      "heapUsed": 12718696,
      "heapTotal": 20119552,
      "external": 1971717
    },
    "startupTime": 353.825083,
    "cpuUsage": 156.421,
    "timestamp": 1774664658906
  },
  "violations": [],
  "recommendations": [
    "Largest file (index.js) is 100.0% of bundle - consider splitting or optimizing"
  ],
  "overallStatus": "pass"
}