{
  "timestamp": 1774275295576,
  "bundleSize": {
    "totalSize": 916,
    "gzippedSize": 423,
    "fileCount": 1,
    "largestFile": {
      "name": "index.js",
      "size": 916,
      "gzippedSize": 423
    },
    "breakdown": [
      {
        "name": "index.js",
        "size": 916,
        "gzippedSize": 423,
        "percentage": 100
      }
    ]
  },
  "webVitals": {
    "firstContentfulPaint": 1480.0321930536213,
    "timeToInteractive": 2192.3461877391237,
    "largestContentfulPaint": 1589.0738911408978,
    "cumulativeLayoutShift": 0.07532887228385875,
    "firstInputDelay": 26.441072334518235,
    "timestamp": 1774275295576
  },
  "runtime": {
    "memoryUsage": {
      "rss": 61980672,
      "heapUsed": 12686864,
      "heapTotal": 20119552,
      "external": 1965854
    },
    "startupTime": 184.507208,
    "cpuUsage": 126.853,
    "timestamp": 1774275295576
  },
  "violations": [],
  "recommendations": [
    "Largest file (index.js) is 100.0% of bundle - consider splitting or optimizing"
  ],
  "overallStatus": "pass"
}