{
  "timestamp": 1774611425885,
  "bundleSize": {
    "totalSize": 916,
    "gzippedSize": 423,
    "fileCount": 1,
    "largestFile": {
      "name": "index.js",
      "size": 916,
      "gzippedSize": 423
    },
    "breakdown": [
      {
        "name": "index.js",
        "size": 916,
        "gzippedSize": 423,
        "percentage": 100
      }
    ]
  },
  "webVitals": {
    "firstContentfulPaint": 1418.5372832645226,
    "timeToInteractive": 2090.7029112204164,
    "largestContentfulPaint": 2155.3480958063005,
    "cumulativeLayoutShift": 0.06630734232744236,
    "firstInputDelay": 46.04799388323902,
    "timestamp": 1774611425885
  },
  "runtime": {
    "memoryUsage": {
      "rss": 63406080,
      "heapUsed": 13754104,
      "heapTotal": 20807680,
      "external": 1965854
    },
    "startupTime": 208.979375,
    "cpuUsage": 132.535,
    "timestamp": 1774611425885
  },
  "violations": [],
  "recommendations": [
    "Largest file (index.js) is 100.0% of bundle - consider splitting or optimizing"
  ],
  "overallStatus": "pass"
}