{
  "timestamp": 1774352444080,
  "bundleSize": {
    "totalSize": 916,
    "gzippedSize": 423,
    "fileCount": 1,
    "largestFile": {
      "name": "index.js",
      "size": 916,
      "gzippedSize": 423
    },
    "breakdown": [
      {
        "name": "index.js",
        "size": 916,
        "gzippedSize": 423,
        "percentage": 100
      }
    ]
  },
  "webVitals": {
    "firstContentfulPaint": 1027.3674426889456,
    "timeToInteractive": 2847.681370270806,
    "largestContentfulPaint": 1713.7870626676604,
    "cumulativeLayoutShift": 0.005453399932537706,
    "firstInputDelay": 63.157957607583356,
    "timestamp": 1774352444079
  },
  "runtime": {
    "memoryUsage": {
      "rss": 61702144,
      "heapUsed": 12398320,
      "heapTotal": 19595264,
      "external": 1971431
    },
    "startupTime": 215.931375,
    "cpuUsage": 136.956,
    "timestamp": 1774352444080
  },
  "violations": [],
  "recommendations": [
    "Largest file (index.js) is 100.0% of bundle - consider splitting or optimizing"
  ],
  "overallStatus": "pass"
}