{
  "timestamp": 1774222748392,
  "bundleSize": {
    "totalSize": 916,
    "gzippedSize": 423,
    "fileCount": 1,
    "largestFile": {
      "name": "index.js",
      "size": 916,
      "gzippedSize": 423
    },
    "breakdown": [
      {
        "name": "index.js",
        "size": 916,
        "gzippedSize": 423,
        "percentage": 100
      }
    ]
  },
  "webVitals": {
    "firstContentfulPaint": 1025.4065181313013,
    "timeToInteractive": 2424.642441663027,
    "largestContentfulPaint": 1609.3234620773515,
    "cumulativeLayoutShift": 0.07709983479108094,
    "firstInputDelay": 50.34451110690101,
    "timestamp": 1774222748392
  },
  "runtime": {
    "memoryUsage": {
      "rss": 52379648,
      "heapUsed": 12987304,
      "heapTotal": 20185088,
      "external": 1967702
    },
    "startupTime": 6928.481792,
    "cpuUsage": 190.348,
    "timestamp": 1774222748392
  },
  "violations": [],
  "recommendations": [
    "Largest file (index.js) is 100.0% of bundle - consider splitting or optimizing"
  ],
  "overallStatus": "pass"
}