{
  "timestamp": 1774608157908,
  "bundleSize": {
    "totalSize": 916,
    "gzippedSize": 423,
    "fileCount": 1,
    "largestFile": {
      "name": "index.js",
      "size": 916,
      "gzippedSize": 423
    },
    "breakdown": [
      {
        "name": "index.js",
        "size": 916,
        "gzippedSize": 423,
        "percentage": 100
      }
    ]
  },
  "webVitals": {
    "firstContentfulPaint": 1008.9479843434538,
    "timeToInteractive": 2499.5753542350285,
    "largestContentfulPaint": 2285.5601853850208,
    "cumulativeLayoutShift": 0.022915182088337274,
    "firstInputDelay": 39.70265819122069,
    "timestamp": 1774608157908
  },
  "runtime": {
    "memoryUsage": {
      "rss": 63619072,
      "heapUsed": 13615328,
      "heapTotal": 20742144,
      "external": 1970223
    },
    "startupTime": 372.527208,
    "cpuUsage": 191.773,
    "timestamp": 1774608157908
  },
  "violations": [],
  "recommendations": [
    "Largest file (index.js) is 100.0% of bundle - consider splitting or optimizing"
  ],
  "overallStatus": "pass"
}