{
  "timestamp": 1774550970865,
  "bundleSize": {
    "totalSize": 916,
    "gzippedSize": 423,
    "fileCount": 1,
    "largestFile": {
      "name": "index.js",
      "size": 916,
      "gzippedSize": 423
    },
    "breakdown": [
      {
        "name": "index.js",
        "size": 916,
        "gzippedSize": 423,
        "percentage": 100
      }
    ]
  },
  "webVitals": {
    "firstContentfulPaint": 1080.2700442522332,
    "timeToInteractive": 2052.2848458570784,
    "largestContentfulPaint": 2420.343455695268,
    "cumulativeLayoutShift": 0.058521836669079424,
    "firstInputDelay": 28.516318935331896,
    "timestamp": 1774550970865
  },
  "runtime": {
    "memoryUsage": {
      "rss": 59817984,
      "heapUsed": 13030360,
      "heapTotal": 20250624,
      "external": 1965833
    },
    "startupTime": 593.093292,
    "cpuUsage": 212.546,
    "timestamp": 1774550970865
  },
  "violations": [],
  "recommendations": [
    "Largest file (index.js) is 100.0% of bundle - consider splitting or optimizing"
  ],
  "overallStatus": "pass"
}