{
  "timestamp": 1773853653898,
  "bundleSize": {
    "totalSize": 916,
    "gzippedSize": 423,
    "fileCount": 1,
    "largestFile": {
      "name": "index.js",
      "size": 916,
      "gzippedSize": 423
    },
    "breakdown": [
      {
        "name": "index.js",
        "size": 916,
        "gzippedSize": 423,
        "percentage": 100
      }
    ]
  },
  "webVitals": {
    "firstContentfulPaint": 650.3054515286619,
    "timeToInteractive": 2735.721847155402,
    "largestContentfulPaint": 2313.6564083938274,
    "cumulativeLayoutShift": 0.0037807170203616905,
    "firstInputDelay": 49.65470228030138,
    "timestamp": 1773853653898
  },
  "runtime": {
    "memoryUsage": {
      "rss": 58425344,
      "heapUsed": 12238768,
      "heapTotal": 19595264,
      "external": 1965845
    },
    "startupTime": 1120.571125,
    "cpuUsage": 186.736,
    "timestamp": 1773853653898
  },
  "violations": [],
  "recommendations": [
    "Largest file (index.js) is 100.0% of bundle - consider splitting or optimizing"
  ],
  "overallStatus": "pass"
}