{
  "timestamp": 1774276730661,
  "bundleSize": {
    "totalSize": 916,
    "gzippedSize": 423,
    "fileCount": 1,
    "largestFile": {
      "name": "index.js",
      "size": 916,
      "gzippedSize": 423
    },
    "breakdown": [
      {
        "name": "index.js",
        "size": 916,
        "gzippedSize": 423,
        "percentage": 100
      }
    ]
  },
  "webVitals": {
    "firstContentfulPaint": 548.9763323609096,
    "timeToInteractive": 2593.0615169974208,
    "largestContentfulPaint": 1811.5613500751354,
    "cumulativeLayoutShift": 0.009613324548853597,
    "firstInputDelay": 37.02232490354665,
    "timestamp": 1774276730660
  },
  "runtime": {
    "memoryUsage": {
      "rss": 61980672,
      "heapUsed": 12511912,
      "heapTotal": 19857408,
      "external": 1970223
    },
    "startupTime": 678.451792,
    "cpuUsage": 173.412,
    "timestamp": 1774276730661
  },
  "violations": [],
  "recommendations": [
    "Largest file (index.js) is 100.0% of bundle - consider splitting or optimizing"
  ],
  "overallStatus": "pass"
}