{
  "timestamp": 1774192527136,
  "bundleSize": {
    "totalSize": 916,
    "gzippedSize": 423,
    "fileCount": 1,
    "largestFile": {
      "name": "index.js",
      "size": 916,
      "gzippedSize": 423
    },
    "breakdown": [
      {
        "name": "index.js",
        "size": 916,
        "gzippedSize": 423,
        "percentage": 100
      }
    ]
  },
  "webVitals": {
    "firstContentfulPaint": 627.5614920897912,
    "timeToInteractive": 2284.3443182675555,
    "largestContentfulPaint": 2267.371744238974,
    "cumulativeLayoutShift": 0.023585139050496907,
    "firstInputDelay": 58.90540679781486,
    "timestamp": 1774192527136
  },
  "runtime": {
    "memoryUsage": {
      "rss": 60932096,
      "heapUsed": 13626008,
      "heapTotal": 20480000,
      "external": 1970672
    },
    "startupTime": 1062.487083,
    "cpuUsage": 197.793,
    "timestamp": 1774192527136
  },
  "violations": [],
  "recommendations": [
    "Largest file (index.js) is 100.0% of bundle - consider splitting or optimizing"
  ],
  "overallStatus": "pass"
}