{
  "timestamp": 1774268086102,
  "bundleSize": {
    "totalSize": 916,
    "gzippedSize": 423,
    "fileCount": 1,
    "largestFile": {
      "name": "index.js",
      "size": 916,
      "gzippedSize": 423
    },
    "breakdown": [
      {
        "name": "index.js",
        "size": 916,
        "gzippedSize": 423,
        "percentage": 100
      }
    ]
  },
  "webVitals": {
    "firstContentfulPaint": 765.9018893279388,
    "timeToInteractive": 2607.4670977004293,
    "largestContentfulPaint": 2216.3265639437077,
    "cumulativeLayoutShift": 0.09213572822013238,
    "firstInputDelay": 67.70635559432853,
    "timestamp": 1774268086102
  },
  "runtime": {
    "memoryUsage": {
      "rss": 63717376,
      "heapUsed": 13836992,
      "heapTotal": 20578304,
      "external": 1966360
    },
    "startupTime": 1426.717834,
    "cpuUsage": 180.101,
    "timestamp": 1774268086102
  },
  "violations": [],
  "recommendations": [
    "Largest file (index.js) is 100.0% of bundle - consider splitting or optimizing"
  ],
  "overallStatus": "pass"
}