{
  "timestamp": 1774274740628,
  "bundleSize": {
    "totalSize": 916,
    "gzippedSize": 423,
    "fileCount": 1,
    "largestFile": {
      "name": "index.js",
      "size": 916,
      "gzippedSize": 423
    },
    "breakdown": [
      {
        "name": "index.js",
        "size": 916,
        "gzippedSize": 423,
        "percentage": 100
      }
    ]
  },
  "webVitals": {
    "firstContentfulPaint": 1363.7706253591346,
    "timeToInteractive": 2973.093760542987,
    "largestContentfulPaint": 1726.9433269809847,
    "cumulativeLayoutShift": 0.07382845858059539,
    "firstInputDelay": 34.61745209399682,
    "timestamp": 1774274740628
  },
  "runtime": {
    "memoryUsage": {
      "rss": 62046208,
      "heapUsed": 12940480,
      "heapTotal": 19890176,
      "external": 1970435
    },
    "startupTime": 1172.089542,
    "cpuUsage": 167.757,
    "timestamp": 1774274740628
  },
  "violations": [],
  "recommendations": [
    "Largest file (index.js) is 100.0% of bundle - consider splitting or optimizing"
  ],
  "overallStatus": "pass"
}