{
  "timestamp": 1774014243490,
  "bundleSize": {
    "totalSize": 916,
    "gzippedSize": 423,
    "fileCount": 1,
    "largestFile": {
      "name": "index.js",
      "size": 916,
      "gzippedSize": 423
    },
    "breakdown": [
      {
        "name": "index.js",
        "size": 916,
        "gzippedSize": 423,
        "percentage": 100
      }
    ]
  },
  "webVitals": {
    "firstContentfulPaint": 963.4302382315718,
    "timeToInteractive": 2601.4960935468916,
    "largestContentfulPaint": 2027.9837536934588,
    "cumulativeLayoutShift": 0.053059593402102825,
    "firstInputDelay": 72.76468250081945,
    "timestamp": 1774014243490
  },
  "runtime": {
    "memoryUsage": {
      "rss": 57212928,
      "heapUsed": 12608184,
      "heapTotal": 18022400,
      "external": 2740828
    },
    "startupTime": 189.244708,
    "cpuUsage": 111.924,
    "timestamp": 1774014243490
  },
  "violations": [],
  "recommendations": [
    "Largest file (index.js) is 100.0% of bundle - consider splitting or optimizing"
  ],
  "overallStatus": "pass"
}