{
  "timestamp": 1774444544790,
  "bundleSize": {
    "totalSize": 916,
    "gzippedSize": 423,
    "fileCount": 1,
    "largestFile": {
      "name": "index.js",
      "size": 916,
      "gzippedSize": 423
    },
    "breakdown": [
      {
        "name": "index.js",
        "size": 916,
        "gzippedSize": 423,
        "percentage": 100
      }
    ]
  },
  "webVitals": {
    "firstContentfulPaint": 1158.5898460874118,
    "timeToInteractive": 2847.3462033589203,
    "largestContentfulPaint": 2435.0826943072616,
    "cumulativeLayoutShift": 0.08603328909571564,
    "firstInputDelay": 43.87470083276874,
    "timestamp": 1774444544790
  },
  "runtime": {
    "memoryUsage": {
      "rss": 62570496,
      "heapUsed": 12940320,
      "heapTotal": 20414464,
      "external": 1971431
    },
    "startupTime": 221.276833,
    "cpuUsage": 140.652,
    "timestamp": 1774444544790
  },
  "violations": [],
  "recommendations": [
    "Largest file (index.js) is 100.0% of bundle - consider splitting or optimizing"
  ],
  "overallStatus": "pass"
}