{
  "timestamp": 1773779533624,
  "bundleSize": {
    "totalSize": 916,
    "gzippedSize": 423,
    "fileCount": 1,
    "largestFile": {
      "name": "index.js",
      "size": 916,
      "gzippedSize": 423
    },
    "breakdown": [
      {
        "name": "index.js",
        "size": 916,
        "gzippedSize": 423,
        "percentage": 100
      }
    ]
  },
  "webVitals": {
    "firstContentfulPaint": 1214.9221495900306,
    "timeToInteractive": 2359.076278274937,
    "largestContentfulPaint": 1960.9227101543627,
    "cumulativeLayoutShift": 0.09019918138545975,
    "firstInputDelay": 48.54246926535835,
    "timestamp": 1773779533624
  },
  "runtime": {
    "memoryUsage": {
      "rss": 59424768,
      "heapUsed": 12081064,
      "heapTotal": 20381696,
      "external": 1969675
    },
    "startupTime": 1264.062709,
    "cpuUsage": 189.261,
    "timestamp": 1773779533624
  },
  "violations": [],
  "recommendations": [
    "Largest file (index.js) is 100.0% of bundle - consider splitting or optimizing"
  ],
  "overallStatus": "pass"
}