{
  "timestamp": 1774533220028,
  "bundleSize": {
    "totalSize": 916,
    "gzippedSize": 423,
    "fileCount": 1,
    "largestFile": {
      "name": "index.js",
      "size": 916,
      "gzippedSize": 423
    },
    "breakdown": [
      {
        "name": "index.js",
        "size": 916,
        "gzippedSize": 423,
        "percentage": 100
      }
    ]
  },
  "webVitals": {
    "firstContentfulPaint": 541.2841162475004,
    "timeToInteractive": 2950.8278988160328,
    "largestContentfulPaint": 2430.8875340134273,
    "cumulativeLayoutShift": 0.01681234524302724,
    "firstInputDelay": 33.34356509121477,
    "timestamp": 1774533220028
  },
  "runtime": {
    "memoryUsage": {
      "rss": 62980096,
      "heapUsed": 13150304,
      "heapTotal": 20348928,
      "external": 1970512
    },
    "startupTime": 243.280458,
    "cpuUsage": 142.429,
    "timestamp": 1774533220028
  },
  "violations": [],
  "recommendations": [
    "Largest file (index.js) is 100.0% of bundle - consider splitting or optimizing"
  ],
  "overallStatus": "pass"
}