{
  "timestamp": 1774212167998,
  "bundleSize": {
    "totalSize": 916,
    "gzippedSize": 423,
    "fileCount": 1,
    "largestFile": {
      "name": "index.js",
      "size": 916,
      "gzippedSize": 423
    },
    "breakdown": [
      {
        "name": "index.js",
        "size": 916,
        "gzippedSize": 423,
        "percentage": 100
      }
    ]
  },
  "webVitals": {
    "firstContentfulPaint": 677.0328890559985,
    "timeToInteractive": 2896.8309742456877,
    "largestContentfulPaint": 2037.1159119988392,
    "cumulativeLayoutShift": 0.05533294039445716,
    "firstInputDelay": 60.24797373380866,
    "timestamp": 1774212167997
  },
  "runtime": {
    "memoryUsage": {
      "rss": 57163776,
      "heapUsed": 12687432,
      "heapTotal": 20119552,
      "external": 1967796
    },
    "startupTime": 5221.221166,
    "cpuUsage": 221.562,
    "timestamp": 1774212167998
  },
  "violations": [],
  "recommendations": [
    "Largest file (index.js) is 100.0% of bundle - consider splitting or optimizing"
  ],
  "overallStatus": "pass"
}