{
  "timestamp": 1773845473557,
  "bundleSize": {
    "totalSize": 916,
    "gzippedSize": 423,
    "fileCount": 1,
    "largestFile": {
      "name": "index.js",
      "size": 916,
      "gzippedSize": 423
    },
    "breakdown": [
      {
        "name": "index.js",
        "size": 916,
        "gzippedSize": 423,
        "percentage": 100
      }
    ]
  },
  "webVitals": {
    "firstContentfulPaint": 1143.6303898285755,
    "timeToInteractive": 2887.517606908781,
    "largestContentfulPaint": 1557.1940969584002,
    "cumulativeLayoutShift": 0.009726684160737631,
    "firstInputDelay": 50.06062141740182,
    "timestamp": 1773845473557
  },
  "runtime": {
    "memoryUsage": {
      "rss": 62226432,
      "heapUsed": 12128368,
      "heapTotal": 19857408,
      "external": 1969940
    },
    "startupTime": 264.782875,
    "cpuUsage": 163.116,
    "timestamp": 1773845473557
  },
  "violations": [],
  "recommendations": [
    "Largest file (index.js) is 100.0% of bundle - consider splitting or optimizing"
  ],
  "overallStatus": "pass"
}