{
  "timestamp": 1774199413877,
  "bundleSize": {
    "totalSize": 916,
    "gzippedSize": 423,
    "fileCount": 1,
    "largestFile": {
      "name": "index.js",
      "size": 916,
      "gzippedSize": 423
    },
    "breakdown": [
      {
        "name": "index.js",
        "size": 916,
        "gzippedSize": 423,
        "percentage": 100
      }
    ]
  },
  "webVitals": {
    "firstContentfulPaint": 994.2517425974315,
    "timeToInteractive": 2034.036083751221,
    "largestContentfulPaint": 2120.4715836993823,
    "cumulativeLayoutShift": 0.010990101410111898,
    "firstInputDelay": 39.23273557248882,
    "timestamp": 1774199413877
  },
  "runtime": {
    "memoryUsage": {
      "rss": 62652416,
      "heapUsed": 13153344,
      "heapTotal": 20611072,
      "external": 1971431
    },
    "startupTime": 218.090916,
    "cpuUsage": 139.307,
    "timestamp": 1774199413877
  },
  "violations": [],
  "recommendations": [
    "Largest file (index.js) is 100.0% of bundle - consider splitting or optimizing"
  ],
  "overallStatus": "pass"
}