{
  "timestamp": 1774313192129,
  "bundleSize": {
    "totalSize": 916,
    "gzippedSize": 423,
    "fileCount": 1,
    "largestFile": {
      "name": "index.js",
      "size": 916,
      "gzippedSize": 423
    },
    "breakdown": [
      {
        "name": "index.js",
        "size": 916,
        "gzippedSize": 423,
        "percentage": 100
      }
    ]
  },
  "webVitals": {
    "firstContentfulPaint": 1415.819694677325,
    "timeToInteractive": 2815.307611500997,
    "largestContentfulPaint": 2122.2568887254456,
    "cumulativeLayoutShift": 0.020561096244880075,
    "firstInputDelay": 34.589914115277566,
    "timestamp": 1774313192129
  },
  "runtime": {
    "memoryUsage": {
      "rss": 62930944,
      "heapUsed": 12970544,
      "heapTotal": 20447232,
      "external": 1965854
    },
    "startupTime": 209.167209,
    "cpuUsage": 138.14,
    "timestamp": 1774313192129
  },
  "violations": [],
  "recommendations": [
    "Largest file (index.js) is 100.0% of bundle - consider splitting or optimizing"
  ],
  "overallStatus": "pass"
}