{
  "timestamp": 1775248024772,
  "bundleSize": {
    "totalSize": 952,
    "gzippedSize": 439,
    "fileCount": 1,
    "largestFile": {
      "name": "index.js",
      "size": 952,
      "gzippedSize": 439
    },
    "breakdown": [
      {
        "name": "index.js",
        "size": 952,
        "gzippedSize": 439,
        "percentage": 100
      }
    ]
  },
  "webVitals": {
    "firstContentfulPaint": 622.8153380794097,
    "timeToInteractive": 2230.4314550855706,
    "largestContentfulPaint": 1604.2692776526435,
    "cumulativeLayoutShift": 0.052204865329869635,
    "firstInputDelay": 71.41762642980413,
    "timestamp": 1775248024772
  },
  "runtime": {
    "memoryUsage": {
      "rss": 59604992,
      "heapUsed": 11709352,
      "heapTotal": 19709952,
      "external": 1968957
    },
    "startupTime": 292.158583,
    "cpuUsage": 143.816,
    "timestamp": 1775248024772
  },
  "violations": [],
  "recommendations": [
    "Largest file (index.js) is 100.0% of bundle - consider splitting or optimizing"
  ],
  "overallStatus": "pass"
}