{
  "timestamp": 1774113676740,
  "bundleSize": {
    "totalSize": 916,
    "gzippedSize": 423,
    "fileCount": 1,
    "largestFile": {
      "name": "index.js",
      "size": 916,
      "gzippedSize": 423
    },
    "breakdown": [
      {
        "name": "index.js",
        "size": 916,
        "gzippedSize": 423,
        "percentage": 100
      }
    ]
  },
  "webVitals": {
    "firstContentfulPaint": 618.1859759323422,
    "timeToInteractive": 2512.3980012508523,
    "largestContentfulPaint": 1614.7524429096275,
    "cumulativeLayoutShift": 0.006716135785877664,
    "firstInputDelay": 63.442902465153004,
    "timestamp": 1774113676739
  },
  "runtime": {
    "memoryUsage": {
      "rss": 61931520,
      "heapUsed": 12389824,
      "heapTotal": 19857408,
      "external": 1965320
    },
    "startupTime": 1241.080166,
    "cpuUsage": 178.822,
    "timestamp": 1774113676740
  },
  "violations": [],
  "recommendations": [
    "Largest file (index.js) is 100.0% of bundle - consider splitting or optimizing"
  ],
  "overallStatus": "pass"
}