{
  "timestamp": 1774665750480,
  "bundleSize": {
    "totalSize": 916,
    "gzippedSize": 423,
    "fileCount": 1,
    "largestFile": {
      "name": "index.js",
      "size": 916,
      "gzippedSize": 423
    },
    "breakdown": [
      {
        "name": "index.js",
        "size": 916,
        "gzippedSize": 423,
        "percentage": 100
      }
    ]
  },
  "webVitals": {
    "firstContentfulPaint": 1442.7283077728619,
    "timeToInteractive": 2698.9267271771164,
    "largestContentfulPaint": 2353.0862863467714,
    "cumulativeLayoutShift": 0.018763180967164606,
    "firstInputDelay": 59.69954346677754,
    "timestamp": 1774665750480
  },
  "runtime": {
    "memoryUsage": {
      "rss": 62275584,
      "heapUsed": 12755656,
      "heapTotal": 20119552,
      "external": 1971537
    },
    "startupTime": 375.624958,
    "cpuUsage": 164.271,
    "timestamp": 1774665750480
  },
  "violations": [],
  "recommendations": [
    "Largest file (index.js) is 100.0% of bundle - consider splitting or optimizing"
  ],
  "overallStatus": "pass"
}