{
  "timestamp": 1773795799947,
  "bundleSize": {
    "totalSize": 916,
    "gzippedSize": 423,
    "fileCount": 1,
    "largestFile": {
      "name": "index.js",
      "size": 916,
      "gzippedSize": 423
    },
    "breakdown": [
      {
        "name": "index.js",
        "size": 916,
        "gzippedSize": 423,
        "percentage": 100
      }
    ]
  },
  "webVitals": {
    "firstContentfulPaint": 1099.8766648395722,
    "timeToInteractive": 2563.038620624298,
    "largestContentfulPaint": 1832.3606870069252,
    "cumulativeLayoutShift": 0.04100455595116812,
    "firstInputDelay": 74.46689458229534,
    "timestamp": 1773795799947
  },
  "runtime": {
    "memoryUsage": {
      "rss": 61734912,
      "heapUsed": 12129368,
      "heapTotal": 19857408,
      "external": 1969696
    },
    "startupTime": 331.677083,
    "cpuUsage": 158.651,
    "timestamp": 1773795799947
  },
  "violations": [],
  "recommendations": [
    "Largest file (index.js) is 100.0% of bundle - consider splitting or optimizing"
  ],
  "overallStatus": "pass"
}