{
  "timestamp": 1774618012064,
  "bundleSize": {
    "totalSize": 916,
    "gzippedSize": 423,
    "fileCount": 1,
    "largestFile": {
      "name": "index.js",
      "size": 916,
      "gzippedSize": 423
    },
    "breakdown": [
      {
        "name": "index.js",
        "size": 916,
        "gzippedSize": 423,
        "percentage": 100
      }
    ]
  },
  "webVitals": {
    "firstContentfulPaint": 1006.5183870492789,
    "timeToInteractive": 2219.5524880100647,
    "largestContentfulPaint": 1951.9032156655999,
    "cumulativeLayoutShift": 0.051323794426228635,
    "firstInputDelay": 29.282563299162067,
    "timestamp": 1774618012064
  },
  "runtime": {
    "memoryUsage": {
      "rss": 62570496,
      "heapUsed": 13038760,
      "heapTotal": 20742144,
      "external": 1971431
    },
    "startupTime": 222.983791,
    "cpuUsage": 138.293,
    "timestamp": 1774618012064
  },
  "violations": [],
  "recommendations": [
    "Largest file (index.js) is 100.0% of bundle - consider splitting or optimizing"
  ],
  "overallStatus": "pass"
}