{
  "timestamp": 1774612508401,
  "bundleSize": {
    "totalSize": 916,
    "gzippedSize": 423,
    "fileCount": 1,
    "largestFile": {
      "name": "index.js",
      "size": 916,
      "gzippedSize": 423
    },
    "breakdown": [
      {
        "name": "index.js",
        "size": 916,
        "gzippedSize": 423,
        "percentage": 100
      }
    ]
  },
  "webVitals": {
    "firstContentfulPaint": 795.7161233076292,
    "timeToInteractive": 2068.989645421285,
    "largestContentfulPaint": 2232.4616875886254,
    "cumulativeLayoutShift": 0.08030706042198801,
    "firstInputDelay": 52.254944984378604,
    "timestamp": 1774612508401
  },
  "runtime": {
    "memoryUsage": {
      "rss": 62423040,
      "heapUsed": 12677616,
      "heapTotal": 20381696,
      "external": 1971431
    },
    "startupTime": 239.814875,
    "cpuUsage": 148.263,
    "timestamp": 1774612508401
  },
  "violations": [],
  "recommendations": [
    "Largest file (index.js) is 100.0% of bundle - consider splitting or optimizing"
  ],
  "overallStatus": "pass"
}