{
  "timestamp": 1774273283911,
  "bundleSize": {
    "totalSize": 916,
    "gzippedSize": 423,
    "fileCount": 1,
    "largestFile": {
      "name": "index.js",
      "size": 916,
      "gzippedSize": 423
    },
    "breakdown": [
      {
        "name": "index.js",
        "size": 916,
        "gzippedSize": 423,
        "percentage": 100
      }
    ]
  },
  "webVitals": {
    "firstContentfulPaint": 1075.1088098987443,
    "timeToInteractive": 2885.7315894419235,
    "largestContentfulPaint": 2411.7415002590874,
    "cumulativeLayoutShift": 0.016763528567783428,
    "firstInputDelay": 42.35327009418182,
    "timestamp": 1774273283910
  },
  "runtime": {
    "memoryUsage": {
      "rss": 62472192,
      "heapUsed": 13309304,
      "heapTotal": 20332544,
      "external": 1970211
    },
    "startupTime": 376.885667,
    "cpuUsage": 173.689,
    "timestamp": 1774273283911
  },
  "violations": [],
  "recommendations": [
    "Largest file (index.js) is 100.0% of bundle - consider splitting or optimizing"
  ],
  "overallStatus": "pass"
}