{
  "timestamp": 1774632796402,
  "bundleSize": {
    "totalSize": 916,
    "gzippedSize": 423,
    "fileCount": 1,
    "largestFile": {
      "name": "index.js",
      "size": 916,
      "gzippedSize": 423
    },
    "breakdown": [
      {
        "name": "index.js",
        "size": 916,
        "gzippedSize": 423,
        "percentage": 100
      }
    ]
  },
  "webVitals": {
    "firstContentfulPaint": 517.0858447136206,
    "timeToInteractive": 2340.0907245272338,
    "largestContentfulPaint": 1602.719331910383,
    "cumulativeLayoutShift": 0.03580745954115627,
    "firstInputDelay": 59.060901019755185,
    "timestamp": 1774632796402
  },
  "runtime": {
    "memoryUsage": {
      "rss": 62472192,
      "heapUsed": 12422480,
      "heapTotal": 19595264,
      "external": 1971431
    },
    "startupTime": 224.790459,
    "cpuUsage": 140.133,
    "timestamp": 1774632796402
  },
  "violations": [],
  "recommendations": [
    "Largest file (index.js) is 100.0% of bundle - consider splitting or optimizing"
  ],
  "overallStatus": "pass"
}