{
  "timestamp": 1774272787084,
  "bundleSize": {
    "totalSize": 916,
    "gzippedSize": 423,
    "fileCount": 1,
    "largestFile": {
      "name": "index.js",
      "size": 916,
      "gzippedSize": 423
    },
    "breakdown": [
      {
        "name": "index.js",
        "size": 916,
        "gzippedSize": 423,
        "percentage": 100
      }
    ]
  },
  "webVitals": {
    "firstContentfulPaint": 1104.8391966635736,
    "timeToInteractive": 2916.055006733996,
    "largestContentfulPaint": 1850.1170530048882,
    "cumulativeLayoutShift": 0.008587243832088465,
    "firstInputDelay": 66.56037924266016,
    "timestamp": 1774272787084
  },
  "runtime": {
    "memoryUsage": {
      "rss": 61980672,
      "heapUsed": 12339672,
      "heapTotal": 20119552,
      "external": 1965854
    },
    "startupTime": 191.10425,
    "cpuUsage": 135.097,
    "timestamp": 1774272787084
  },
  "violations": [],
  "recommendations": [
    "Largest file (index.js) is 100.0% of bundle - consider splitting or optimizing"
  ],
  "overallStatus": "pass"
}