{
  "timestamp": 1774380436773,
  "bundleSize": {
    "totalSize": 916,
    "gzippedSize": 423,
    "fileCount": 1,
    "largestFile": {
      "name": "index.js",
      "size": 916,
      "gzippedSize": 423
    },
    "breakdown": [
      {
        "name": "index.js",
        "size": 916,
        "gzippedSize": 423,
        "percentage": 100
      }
    ]
  },
  "webVitals": {
    "firstContentfulPaint": 1141.7980810788592,
    "timeToInteractive": 2798.6435629075295,
    "largestContentfulPaint": 1899.8283912339148,
    "cumulativeLayoutShift": 0.06027240279050514,
    "firstInputDelay": 55.1361525048636,
    "timestamp": 1774380436773
  },
  "runtime": {
    "memoryUsage": {
      "rss": 63012864,
      "heapUsed": 13442752,
      "heapTotal": 20742144,
      "external": 1970223
    },
    "startupTime": 246.210042,
    "cpuUsage": 143.901,
    "timestamp": 1774380436773
  },
  "violations": [],
  "recommendations": [
    "Largest file (index.js) is 100.0% of bundle - consider splitting or optimizing"
  ],
  "overallStatus": "pass"
}