{
  "timestamp": 1774448000272,
  "bundleSize": {
    "totalSize": 916,
    "gzippedSize": 423,
    "fileCount": 1,
    "largestFile": {
      "name": "index.js",
      "size": 916,
      "gzippedSize": 423
    },
    "breakdown": [
      {
        "name": "index.js",
        "size": 916,
        "gzippedSize": 423,
        "percentage": 100
      }
    ]
  },
  "webVitals": {
    "firstContentfulPaint": 1290.2818947281135,
    "timeToInteractive": 2005.0097493716298,
    "largestContentfulPaint": 2469.8130128345906,
    "cumulativeLayoutShift": 0.08141468952127345,
    "firstInputDelay": 55.2539509437471,
    "timestamp": 1774448000272
  },
  "runtime": {
    "memoryUsage": {
      "rss": 60817408,
      "heapUsed": 12097960,
      "heapTotal": 20774912,
      "external": 1969831
    },
    "startupTime": 239.464708,
    "cpuUsage": 125.958,
    "timestamp": 1774448000272
  },
  "violations": [],
  "recommendations": [
    "Largest file (index.js) is 100.0% of bundle - consider splitting or optimizing"
  ],
  "overallStatus": "pass"
}