{
  "timestamp": 1774730996106,
  "bundleSize": {
    "totalSize": 916,
    "gzippedSize": 423,
    "fileCount": 1,
    "largestFile": {
      "name": "index.js",
      "size": 916,
      "gzippedSize": 423
    },
    "breakdown": [
      {
        "name": "index.js",
        "size": 916,
        "gzippedSize": 423,
        "percentage": 100
      }
    ]
  },
  "webVitals": {
    "firstContentfulPaint": 1107.0202348577654,
    "timeToInteractive": 2644.531057011152,
    "largestContentfulPaint": 2220.0435927642384,
    "cumulativeLayoutShift": 0.011923098037122992,
    "firstInputDelay": 42.211002083759155,
    "timestamp": 1774730996106
  },
  "runtime": {
    "memoryUsage": {
      "rss": 62455808,
      "heapUsed": 12620880,
      "heapTotal": 20643840,
      "external": 1969719
    },
    "startupTime": 544.875208,
    "cpuUsage": 197.854,
    "timestamp": 1774730996106
  },
  "violations": [],
  "recommendations": [
    "Largest file (index.js) is 100.0% of bundle - consider splitting or optimizing"
  ],
  "overallStatus": "pass"
}