{
  "timestamp": 1773942959706,
  "bundleSize": {
    "totalSize": 916,
    "gzippedSize": 423,
    "fileCount": 1,
    "largestFile": {
      "name": "index.js",
      "size": 916,
      "gzippedSize": 423
    },
    "breakdown": [
      {
        "name": "index.js",
        "size": 916,
        "gzippedSize": 423,
        "percentage": 100
      }
    ]
  },
  "webVitals": {
    "firstContentfulPaint": 916.6520220359569,
    "timeToInteractive": 2582.5290510435134,
    "largestContentfulPaint": 1879.4282977976143,
    "cumulativeLayoutShift": 0.09508359249950271,
    "firstInputDelay": 33.68319119897454,
    "timestamp": 1773942959705
  },
  "runtime": {
    "memoryUsage": {
      "rss": 61767680,
      "heapUsed": 12402936,
      "heapTotal": 19595264,
      "external": 1970223
    },
    "startupTime": 303.639625,
    "cpuUsage": 170.089,
    "timestamp": 1773942959706
  },
  "violations": [],
  "recommendations": [
    "Largest file (index.js) is 100.0% of bundle - consider splitting or optimizing"
  ],
  "overallStatus": "pass"
}