{
  "timestamp": 1774297462059,
  "bundleSize": {
    "totalSize": 916,
    "gzippedSize": 423,
    "fileCount": 1,
    "largestFile": {
      "name": "index.js",
      "size": 916,
      "gzippedSize": 423
    },
    "breakdown": [
      {
        "name": "index.js",
        "size": 916,
        "gzippedSize": 423,
        "percentage": 100
      }
    ]
  },
  "webVitals": {
    "firstContentfulPaint": 706.7766113418375,
    "timeToInteractive": 2407.1937114300295,
    "largestContentfulPaint": 1809.7585811009747,
    "cumulativeLayoutShift": 0.06017160272904827,
    "firstInputDelay": 32.453709548239196,
    "timestamp": 1774297462059
  },
  "runtime": {
    "memoryUsage": {
      "rss": 62210048,
      "heapUsed": 13145392,
      "heapTotal": 20267008,
      "external": 1970223
    },
    "startupTime": 286.074458,
    "cpuUsage": 164.906,
    "timestamp": 1774297462059
  },
  "violations": [],
  "recommendations": [
    "Largest file (index.js) is 100.0% of bundle - consider splitting or optimizing"
  ],
  "overallStatus": "pass"
}