{
  "timestamp": 1773884123232,
  "bundleSize": {
    "totalSize": 916,
    "gzippedSize": 423,
    "fileCount": 1,
    "largestFile": {
      "name": "index.js",
      "size": 916,
      "gzippedSize": 423
    },
    "breakdown": [
      {
        "name": "index.js",
        "size": 916,
        "gzippedSize": 423,
        "percentage": 100
      }
    ]
  },
  "webVitals": {
    "firstContentfulPaint": 1447.6111766433628,
    "timeToInteractive": 2284.2019079273546,
    "largestContentfulPaint": 2076.4618243073655,
    "cumulativeLayoutShift": 0.03939767867128166,
    "firstInputDelay": 33.45336830381497,
    "timestamp": 1773884123232
  },
  "runtime": {
    "memoryUsage": {
      "rss": 61472768,
      "heapUsed": 13680048,
      "heapTotal": 20742144,
      "external": 1966713
    },
    "startupTime": 499.279708,
    "cpuUsage": 198.411,
    "timestamp": 1773884123232
  },
  "violations": [],
  "recommendations": [
    "Largest file (index.js) is 100.0% of bundle - consider splitting or optimizing"
  ],
  "overallStatus": "pass"
}