{
  "timestamp": 1774224292033,
  "bundleSize": {
    "totalSize": 916,
    "gzippedSize": 423,
    "fileCount": 1,
    "largestFile": {
      "name": "index.js",
      "size": 916,
      "gzippedSize": 423
    },
    "breakdown": [
      {
        "name": "index.js",
        "size": 916,
        "gzippedSize": 423,
        "percentage": 100
      }
    ]
  },
  "webVitals": {
    "firstContentfulPaint": 1385.8527429146325,
    "timeToInteractive": 2467.321786418732,
    "largestContentfulPaint": 1570.6965676786992,
    "cumulativeLayoutShift": 0.059070894072783126,
    "firstInputDelay": 58.923096408985046,
    "timestamp": 1774224292032
  },
  "runtime": {
    "memoryUsage": {
      "rss": 60571648,
      "heapUsed": 13006824,
      "heapTotal": 20807680,
      "external": 1965320
    },
    "startupTime": 2010.007666,
    "cpuUsage": 197.192,
    "timestamp": 1774224292032
  },
  "violations": [],
  "recommendations": [
    "Largest file (index.js) is 100.0% of bundle - consider splitting or optimizing"
  ],
  "overallStatus": "pass"
}