{
  "timestamp": 1773847594285,
  "bundleSize": {
    "totalSize": 916,
    "gzippedSize": 423,
    "fileCount": 1,
    "largestFile": {
      "name": "index.js",
      "size": 916,
      "gzippedSize": 423
    },
    "breakdown": [
      {
        "name": "index.js",
        "size": 916,
        "gzippedSize": 423,
        "percentage": 100
      }
    ]
  },
  "webVitals": {
    "firstContentfulPaint": 1425.1762956142165,
    "timeToInteractive": 2586.8118525083282,
    "largestContentfulPaint": 2448.7027326149564,
    "cumulativeLayoutShift": 0.061661912691503055,
    "firstInputDelay": 68.56118850522397,
    "timestamp": 1773847594285
  },
  "runtime": {
    "memoryUsage": {
      "rss": 59817984,
      "heapUsed": 12247632,
      "heapTotal": 19857408,
      "external": 1970157
    },
    "startupTime": 1518.653917,
    "cpuUsage": 202.904,
    "timestamp": 1773847594285
  },
  "violations": [],
  "recommendations": [
    "Largest file (index.js) is 100.0% of bundle - consider splitting or optimizing"
  ],
  "overallStatus": "pass"
}