{
  "timestamp": 1774543273286,
  "bundleSize": {
    "totalSize": 916,
    "gzippedSize": 423,
    "fileCount": 1,
    "largestFile": {
      "name": "index.js",
      "size": 916,
      "gzippedSize": 423
    },
    "breakdown": [
      {
        "name": "index.js",
        "size": 916,
        "gzippedSize": 423,
        "percentage": 100
      }
    ]
  },
  "webVitals": {
    "firstContentfulPaint": 1159.3207826521939,
    "timeToInteractive": 2507.7499206262037,
    "largestContentfulPaint": 1682.5180978289156,
    "cumulativeLayoutShift": 0.08640223385097329,
    "firstInputDelay": 68.26710808222502,
    "timestamp": 1774543273286
  },
  "runtime": {
    "memoryUsage": {
      "rss": 57655296,
      "heapUsed": 13401720,
      "heapTotal": 20348928,
      "external": 1966405
    },
    "startupTime": 3460.688167,
    "cpuUsage": 191.117,
    "timestamp": 1774543273286
  },
  "violations": [],
  "recommendations": [
    "Largest file (index.js) is 100.0% of bundle - consider splitting or optimizing"
  ],
  "overallStatus": "pass"
}