{
  "timestamp": 1773884749735,
  "bundleSize": {
    "totalSize": 916,
    "gzippedSize": 423,
    "fileCount": 1,
    "largestFile": {
      "name": "index.js",
      "size": 916,
      "gzippedSize": 423
    },
    "breakdown": [
      {
        "name": "index.js",
        "size": 916,
        "gzippedSize": 423,
        "percentage": 100
      }
    ]
  },
  "webVitals": {
    "firstContentfulPaint": 1175.441103409465,
    "timeToInteractive": 2143.7058777048887,
    "largestContentfulPaint": 2363.1862860435754,
    "cumulativeLayoutShift": 0.04758621115748594,
    "firstInputDelay": 54.256684726067036,
    "timestamp": 1773884749735
  },
  "runtime": {
    "memoryUsage": {
      "rss": 63258624,
      "heapUsed": 13684872,
      "heapTotal": 20480000,
      "external": 1970211
    },
    "startupTime": 350.846625,
    "cpuUsage": 188.008,
    "timestamp": 1773884749735
  },
  "violations": [],
  "recommendations": [
    "Largest file (index.js) is 100.0% of bundle - consider splitting or optimizing"
  ],
  "overallStatus": "pass"
}