{
  "timestamp": 1774211288299,
  "bundleSize": {
    "totalSize": 916,
    "gzippedSize": 423,
    "fileCount": 1,
    "largestFile": {
      "name": "index.js",
      "size": 916,
      "gzippedSize": 423
    },
    "breakdown": [
      {
        "name": "index.js",
        "size": 916,
        "gzippedSize": 423,
        "percentage": 100
      }
    ]
  },
  "webVitals": {
    "firstContentfulPaint": 1253.7844128086224,
    "timeToInteractive": 2706.8551846363034,
    "largestContentfulPaint": 2063.47609066425,
    "cumulativeLayoutShift": 0.09460261130796142,
    "firstInputDelay": 43.283410359925924,
    "timestamp": 1774211288299
  },
  "runtime": {
    "memoryUsage": {
      "rss": 61964288,
      "heapUsed": 12342656,
      "heapTotal": 19857408,
      "external": 1971431
    },
    "startupTime": 257.570208,
    "cpuUsage": 152.036,
    "timestamp": 1774211288299
  },
  "violations": [],
  "recommendations": [
    "Largest file (index.js) is 100.0% of bundle - consider splitting or optimizing"
  ],
  "overallStatus": "pass"
}