{
  "timestamp": 1774514137400,
  "bundleSize": {
    "totalSize": 916,
    "gzippedSize": 423,
    "fileCount": 1,
    "largestFile": {
      "name": "index.js",
      "size": 916,
      "gzippedSize": 423
    },
    "breakdown": [
      {
        "name": "index.js",
        "size": 916,
        "gzippedSize": 423,
        "percentage": 100
      }
    ]
  },
  "webVitals": {
    "firstContentfulPaint": 1306.169752126284,
    "timeToInteractive": 2853.6945916316254,
    "largestContentfulPaint": 1604.8190267497635,
    "cumulativeLayoutShift": 0.01786308708438844,
    "firstInputDelay": 28.22053523437098,
    "timestamp": 1774514137400
  },
  "runtime": {
    "memoryUsage": {
      "rss": 57507840,
      "heapUsed": 12611712,
      "heapTotal": 18022400,
      "external": 2740734
    },
    "startupTime": 175.693292,
    "cpuUsage": 106.501,
    "timestamp": 1774514137400
  },
  "violations": [],
  "recommendations": [
    "Largest file (index.js) is 100.0% of bundle - consider splitting or optimizing"
  ],
  "overallStatus": "pass"
}