{
  "timestamp": 1773848453412,
  "bundleSize": {
    "totalSize": 916,
    "gzippedSize": 423,
    "fileCount": 1,
    "largestFile": {
      "name": "index.js",
      "size": 916,
      "gzippedSize": 423
    },
    "breakdown": [
      {
        "name": "index.js",
        "size": 916,
        "gzippedSize": 423,
        "percentage": 100
      }
    ]
  },
  "webVitals": {
    "firstContentfulPaint": 762.5278987362327,
    "timeToInteractive": 2665.2951786366475,
    "largestContentfulPaint": 2074.9773407239836,
    "cumulativeLayoutShift": 0.013189123936569725,
    "firstInputDelay": 43.62897830025588,
    "timestamp": 1773848453412
  },
  "runtime": {
    "memoryUsage": {
      "rss": 61718528,
      "heapUsed": 12108056,
      "heapTotal": 20119552,
      "external": 1969696
    },
    "startupTime": 418.89025,
    "cpuUsage": 187.943,
    "timestamp": 1773848453412
  },
  "violations": [],
  "recommendations": [
    "Largest file (index.js) is 100.0% of bundle - consider splitting or optimizing"
  ],
  "overallStatus": "pass"
}