{
  "timestamp": 1774551468436,
  "bundleSize": {
    "totalSize": 916,
    "gzippedSize": 423,
    "fileCount": 1,
    "largestFile": {
      "name": "index.js",
      "size": 916,
      "gzippedSize": 423
    },
    "breakdown": [
      {
        "name": "index.js",
        "size": 916,
        "gzippedSize": 423,
        "percentage": 100
      }
    ]
  },
  "webVitals": {
    "firstContentfulPaint": 1307.0494826410281,
    "timeToInteractive": 2196.9991771890127,
    "largestContentfulPaint": 2399.540089954187,
    "cumulativeLayoutShift": 0.09938696627819413,
    "firstInputDelay": 69.27244054483798,
    "timestamp": 1774551468436
  },
  "runtime": {
    "memoryUsage": {
      "rss": 62259200,
      "heapUsed": 12649736,
      "heapTotal": 19857408,
      "external": 1971937
    },
    "startupTime": 405.767708,
    "cpuUsage": 170.589,
    "timestamp": 1774551468436
  },
  "violations": [],
  "recommendations": [
    "Largest file (index.js) is 100.0% of bundle - consider splitting or optimizing"
  ],
  "overallStatus": "pass"
}