{
  "timestamp": 1774618215122,
  "bundleSize": {
    "totalSize": 916,
    "gzippedSize": 423,
    "fileCount": 1,
    "largestFile": {
      "name": "index.js",
      "size": 916,
      "gzippedSize": 423
    },
    "breakdown": [
      {
        "name": "index.js",
        "size": 916,
        "gzippedSize": 423,
        "percentage": 100
      }
    ]
  },
  "webVitals": {
    "firstContentfulPaint": 1432.2826346258262,
    "timeToInteractive": 2689.177265065261,
    "largestContentfulPaint": 2420.6027226466854,
    "cumulativeLayoutShift": 0.09828212596478224,
    "firstInputDelay": 58.46653421030917,
    "timestamp": 1774618215122
  },
  "runtime": {
    "memoryUsage": {
      "rss": 61947904,
      "heapUsed": 12464752,
      "heapTotal": 19857408,
      "external": 1970223
    },
    "startupTime": 407.563667,
    "cpuUsage": 178.371,
    "timestamp": 1774618215122
  },
  "violations": [],
  "recommendations": [
    "Largest file (index.js) is 100.0% of bundle - consider splitting or optimizing"
  ],
  "overallStatus": "pass"
}