{
  "timestamp": 1774542494166,
  "bundleSize": {
    "totalSize": 916,
    "gzippedSize": 423,
    "fileCount": 1,
    "largestFile": {
      "name": "index.js",
      "size": 916,
      "gzippedSize": 423
    },
    "breakdown": [
      {
        "name": "index.js",
        "size": 916,
        "gzippedSize": 423,
        "percentage": 100
      }
    ]
  },
  "webVitals": {
    "firstContentfulPaint": 697.7784940215137,
    "timeToInteractive": 2399.384082685057,
    "largestContentfulPaint": 1592.3411949137642,
    "cumulativeLayoutShift": 0.06809034994567745,
    "firstInputDelay": 42.25154448647008,
    "timestamp": 1774542494165
  },
  "runtime": {
    "memoryUsage": {
      "rss": 56721408,
      "heapUsed": 12215880,
      "heapTotal": 20119552,
      "external": 1965321
    },
    "startupTime": 4806.869375,
    "cpuUsage": 219.302,
    "timestamp": 1774542494166
  },
  "violations": [],
  "recommendations": [
    "Largest file (index.js) is 100.0% of bundle - consider splitting or optimizing"
  ],
  "overallStatus": "pass"
}