{
  "timestamp": 1773970356214,
  "bundleSize": {
    "totalSize": 916,
    "gzippedSize": 423,
    "fileCount": 1,
    "largestFile": {
      "name": "index.js",
      "size": 916,
      "gzippedSize": 423
    },
    "breakdown": [
      {
        "name": "index.js",
        "size": 916,
        "gzippedSize": 423,
        "percentage": 100
      }
    ]
  },
  "webVitals": {
    "firstContentfulPaint": 511.4074333175607,
    "timeToInteractive": 2353.4152181967597,
    "largestContentfulPaint": 2376.9387973738194,
    "cumulativeLayoutShift": 0.09251700796088398,
    "firstInputDelay": 48.14926074311971,
    "timestamp": 1773970356214
  },
  "runtime": {
    "memoryUsage": {
      "rss": 60833792,
      "heapUsed": 13155008,
      "heapTotal": 20545536,
      "external": 1966360
    },
    "startupTime": 921.265875,
    "cpuUsage": 187.323,
    "timestamp": 1773970356214
  },
  "violations": [],
  "recommendations": [
    "Largest file (index.js) is 100.0% of bundle - consider splitting or optimizing"
  ],
  "overallStatus": "pass"
}