{
  "timestamp": 1774658166767,
  "bundleSize": {
    "totalSize": 916,
    "gzippedSize": 423,
    "fileCount": 1,
    "largestFile": {
      "name": "index.js",
      "size": 916,
      "gzippedSize": 423
    },
    "breakdown": [
      {
        "name": "index.js",
        "size": 916,
        "gzippedSize": 423,
        "percentage": 100
      }
    ]
  },
  "webVitals": {
    "firstContentfulPaint": 861.7451192515061,
    "timeToInteractive": 2689.9043165763132,
    "largestContentfulPaint": 1588.2425393257229,
    "cumulativeLayoutShift": 0.0940385311094196,
    "firstInputDelay": 60.654963940746434,
    "timestamp": 1774658166767
  },
  "runtime": {
    "memoryUsage": {
      "rss": 62865408,
      "heapUsed": 13141336,
      "heapTotal": 20250624,
      "external": 1971044
    },
    "startupTime": 263.681791,
    "cpuUsage": 154.178,
    "timestamp": 1774658166767
  },
  "violations": [],
  "recommendations": [
    "Largest file (index.js) is 100.0% of bundle - consider splitting or optimizing"
  ],
  "overallStatus": "pass"
}