{
  "timestamp": 1774280083563,
  "bundleSize": {
    "totalSize": 916,
    "gzippedSize": 423,
    "fileCount": 1,
    "largestFile": {
      "name": "index.js",
      "size": 916,
      "gzippedSize": 423
    },
    "breakdown": [
      {
        "name": "index.js",
        "size": 916,
        "gzippedSize": 423,
        "percentage": 100
      }
    ]
  },
  "webVitals": {
    "firstContentfulPaint": 864.3582864625296,
    "timeToInteractive": 2682.2567748706533,
    "largestContentfulPaint": 1643.5684183712046,
    "cumulativeLayoutShift": 0.05270951937333934,
    "firstInputDelay": 68.27204524620728,
    "timestamp": 1774280083563
  },
  "runtime": {
    "memoryUsage": {
      "rss": 42893312,
      "heapUsed": 10309600,
      "heapTotal": 11730944,
      "external": 1964940
    },
    "startupTime": 32059.248875,
    "cpuUsage": 367.93,
    "timestamp": 1774280083563
  },
  "violations": [],
  "recommendations": [
    "Largest file (index.js) is 100.0% of bundle - consider splitting or optimizing"
  ],
  "overallStatus": "pass"
}