{
  "timestamp": 1774633190492,
  "bundleSize": {
    "totalSize": 916,
    "gzippedSize": 423,
    "fileCount": 1,
    "largestFile": {
      "name": "index.js",
      "size": 916,
      "gzippedSize": 423
    },
    "breakdown": [
      {
        "name": "index.js",
        "size": 916,
        "gzippedSize": 423,
        "percentage": 100
      }
    ]
  },
  "webVitals": {
    "firstContentfulPaint": 1114.0103415655171,
    "timeToInteractive": 2475.924771874649,
    "largestContentfulPaint": 1608.2620296866558,
    "cumulativeLayoutShift": 0.09277190911288434,
    "firstInputDelay": 40.59910609135101,
    "timestamp": 1774633190492
  },
  "runtime": {
    "memoryUsage": {
      "rss": 62160896,
      "heapUsed": 12426328,
      "heapTotal": 20119552,
      "external": 1970223
    },
    "startupTime": 235.264958,
    "cpuUsage": 140.195,
    "timestamp": 1774633190492
  },
  "violations": [],
  "recommendations": [
    "Largest file (index.js) is 100.0% of bundle - consider splitting or optimizing"
  ],
  "overallStatus": "pass"
}