{
  "timestamp": 1773923392484,
  "bundleSize": {
    "totalSize": 916,
    "gzippedSize": 423,
    "fileCount": 1,
    "largestFile": {
      "name": "index.js",
      "size": 916,
      "gzippedSize": 423
    },
    "breakdown": [
      {
        "name": "index.js",
        "size": 916,
        "gzippedSize": 423,
        "percentage": 100
      }
    ]
  },
  "webVitals": {
    "firstContentfulPaint": 527.349035455607,
    "timeToInteractive": 2849.8890583816174,
    "largestContentfulPaint": 1915.0012740660816,
    "cumulativeLayoutShift": 0.006950784812201083,
    "firstInputDelay": 52.691298494888706,
    "timestamp": 1773923392484
  },
  "runtime": {
    "memoryUsage": {
      "rss": 63275008,
      "heapUsed": 12986408,
      "heapTotal": 20774912,
      "external": 1969729
    },
    "startupTime": 272.342125,
    "cpuUsage": 161.266,
    "timestamp": 1773923392484
  },
  "violations": [],
  "recommendations": [
    "Largest file (index.js) is 100.0% of bundle - consider splitting or optimizing"
  ],
  "overallStatus": "pass"
}