{
  "timestamp": 1773851441439,
  "bundleSize": {
    "totalSize": 916,
    "gzippedSize": 423,
    "fileCount": 1,
    "largestFile": {
      "name": "index.js",
      "size": 916,
      "gzippedSize": 423
    },
    "breakdown": [
      {
        "name": "index.js",
        "size": 916,
        "gzippedSize": 423,
        "percentage": 100
      }
    ]
  },
  "webVitals": {
    "firstContentfulPaint": 1004.8605648845752,
    "timeToInteractive": 2533.2429815283244,
    "largestContentfulPaint": 2475.633172661661,
    "cumulativeLayoutShift": 0.08382523558497895,
    "firstInputDelay": 72.55803263214793,
    "timestamp": 1773851441439
  },
  "runtime": {
    "memoryUsage": {
      "rss": 61898752,
      "heapUsed": 12238264,
      "heapTotal": 20119552,
      "external": 1965845
    },
    "startupTime": 875.363375,
    "cpuUsage": 177.528,
    "timestamp": 1773851441439
  },
  "violations": [],
  "recommendations": [
    "Largest file (index.js) is 100.0% of bundle - consider splitting or optimizing"
  ],
  "overallStatus": "pass"
}