{
  "timestamp": 1774544606011,
  "bundleSize": {
    "totalSize": 916,
    "gzippedSize": 423,
    "fileCount": 1,
    "largestFile": {
      "name": "index.js",
      "size": 916,
      "gzippedSize": 423
    },
    "breakdown": [
      {
        "name": "index.js",
        "size": 916,
        "gzippedSize": 423,
        "percentage": 100
      }
    ]
  },
  "webVitals": {
    "firstContentfulPaint": 1048.670817922563,
    "timeToInteractive": 2773.4227804284474,
    "largestContentfulPaint": 2213.9639073504163,
    "cumulativeLayoutShift": 0.03832224263522151,
    "firstInputDelay": 74.18947329326852,
    "timestamp": 1774544606011
  },
  "runtime": {
    "memoryUsage": {
      "rss": 62767104,
      "heapUsed": 12962952,
      "heapTotal": 20512768,
      "external": 1965854
    },
    "startupTime": 204.291375,
    "cpuUsage": 129.783,
    "timestamp": 1774544606011
  },
  "violations": [],
  "recommendations": [
    "Largest file (index.js) is 100.0% of bundle - consider splitting or optimizing"
  ],
  "overallStatus": "pass"
}