{
  "timestamp": 1774225818813,
  "bundleSize": {
    "totalSize": 916,
    "gzippedSize": 423,
    "fileCount": 1,
    "largestFile": {
      "name": "index.js",
      "size": 916,
      "gzippedSize": 423
    },
    "breakdown": [
      {
        "name": "index.js",
        "size": 916,
        "gzippedSize": 423,
        "percentage": 100
      }
    ]
  },
  "webVitals": {
    "firstContentfulPaint": 911.4067987995902,
    "timeToInteractive": 2239.1705631260897,
    "largestContentfulPaint": 1619.6141733451238,
    "cumulativeLayoutShift": 0.03532091800184849,
    "firstInputDelay": 40.607720872285604,
    "timestamp": 1774225818813
  },
  "runtime": {
    "memoryUsage": {
      "rss": 62308352,
      "heapUsed": 12423224,
      "heapTotal": 20381696,
      "external": 1964859
    },
    "startupTime": 512.514625,
    "cpuUsage": 180.923,
    "timestamp": 1774225818813
  },
  "violations": [],
  "recommendations": [
    "Largest file (index.js) is 100.0% of bundle - consider splitting or optimizing"
  ],
  "overallStatus": "pass"
}