{
  "timestamp": 1774035350128,
  "bundleSize": {
    "totalSize": 916,
    "gzippedSize": 423,
    "fileCount": 1,
    "largestFile": {
      "name": "index.js",
      "size": 916,
      "gzippedSize": 423
    },
    "breakdown": [
      {
        "name": "index.js",
        "size": 916,
        "gzippedSize": 423,
        "percentage": 100
      }
    ]
  },
  "webVitals": {
    "firstContentfulPaint": 1274.8035224921944,
    "timeToInteractive": 2616.4609023076596,
    "largestContentfulPaint": 2058.266404251289,
    "cumulativeLayoutShift": 0.02735126642622985,
    "firstInputDelay": 67.22072997995782,
    "timestamp": 1774035350127
  },
  "runtime": {
    "memoryUsage": {
      "rss": 63242240,
      "heapUsed": 13145272,
      "heapTotal": 20905984,
      "external": 1966373
    },
    "startupTime": 688.407709,
    "cpuUsage": 210.298,
    "timestamp": 1774035350128
  },
  "violations": [],
  "recommendations": [
    "Largest file (index.js) is 100.0% of bundle - consider splitting or optimizing"
  ],
  "overallStatus": "pass"
}