{
  "timestamp": 1774267058633,
  "bundleSize": {
    "totalSize": 916,
    "gzippedSize": 423,
    "fileCount": 1,
    "largestFile": {
      "name": "index.js",
      "size": 916,
      "gzippedSize": 423
    },
    "breakdown": [
      {
        "name": "index.js",
        "size": 916,
        "gzippedSize": 423,
        "percentage": 100
      }
    ]
  },
  "webVitals": {
    "firstContentfulPaint": 1339.5004492762225,
    "timeToInteractive": 2022.6265177679527,
    "largestContentfulPaint": 1878.7355073587391,
    "cumulativeLayoutShift": 0.07062282370658093,
    "firstInputDelay": 73.1259592423451,
    "timestamp": 1774267058633
  },
  "runtime": {
    "memoryUsage": {
      "rss": 57393152,
      "heapUsed": 13011352,
      "heapTotal": 20185088,
      "external": 1966361
    },
    "startupTime": 6259.976584,
    "cpuUsage": 212.697,
    "timestamp": 1774267058633
  },
  "violations": [],
  "recommendations": [
    "Largest file (index.js) is 100.0% of bundle - consider splitting or optimizing"
  ],
  "overallStatus": "pass"
}