{
  "timestamp": 1774729548583,
  "bundleSize": {
    "totalSize": 916,
    "gzippedSize": 423,
    "fileCount": 1,
    "largestFile": {
      "name": "index.js",
      "size": 916,
      "gzippedSize": 423
    },
    "breakdown": [
      {
        "name": "index.js",
        "size": 916,
        "gzippedSize": 423,
        "percentage": 100
      }
    ]
  },
  "webVitals": {
    "firstContentfulPaint": 1343.1188557197213,
    "timeToInteractive": 2792.2780616906143,
    "largestContentfulPaint": 1797.6644032389652,
    "cumulativeLayoutShift": 0.04965614482140948,
    "firstInputDelay": 29.471916840013023,
    "timestamp": 1774729548583
  },
  "runtime": {
    "memoryUsage": {
      "rss": 62308352,
      "heapUsed": 12828872,
      "heapTotal": 19595264,
      "external": 1968202
    },
    "startupTime": 431.839042,
    "cpuUsage": 188.244,
    "timestamp": 1774729548583
  },
  "violations": [],
  "recommendations": [
    "Largest file (index.js) is 100.0% of bundle - consider splitting or optimizing"
  ],
  "overallStatus": "pass"
}