{
  "timestamp": 1774548214792,
  "bundleSize": {
    "totalSize": 916,
    "gzippedSize": 423,
    "fileCount": 1,
    "largestFile": {
      "name": "index.js",
      "size": 916,
      "gzippedSize": 423
    },
    "breakdown": [
      {
        "name": "index.js",
        "size": 916,
        "gzippedSize": 423,
        "percentage": 100
      }
    ]
  },
  "webVitals": {
    "firstContentfulPaint": 1061.5056369176361,
    "timeToInteractive": 2942.4884603672194,
    "largestContentfulPaint": 2497.9064503769796,
    "cumulativeLayoutShift": 0.0443944449746923,
    "firstInputDelay": 64.81499236638868,
    "timestamp": 1774548214792
  },
  "runtime": {
    "memoryUsage": {
      "rss": 65126400,
      "heapUsed": 12880904,
      "heapTotal": 20643840,
      "external": 2652704
    },
    "startupTime": 232.304292,
    "cpuUsage": 135.995,
    "timestamp": 1774548214792
  },
  "violations": [],
  "recommendations": [
    "Largest file (index.js) is 100.0% of bundle - consider splitting or optimizing"
  ],
  "overallStatus": "pass"
}