{
  "timestamp": 1774632535264,
  "bundleSize": {
    "totalSize": 916,
    "gzippedSize": 423,
    "fileCount": 1,
    "largestFile": {
      "name": "index.js",
      "size": 916,
      "gzippedSize": 423
    },
    "breakdown": [
      {
        "name": "index.js",
        "size": 916,
        "gzippedSize": 423,
        "percentage": 100
      }
    ]
  },
  "webVitals": {
    "firstContentfulPaint": 1477.0334655475644,
    "timeToInteractive": 2991.841593985518,
    "largestContentfulPaint": 1817.4996178960535,
    "cumulativeLayoutShift": 0.08166130775327346,
    "firstInputDelay": 26.159712805601487,
    "timestamp": 1774632535264
  },
  "runtime": {
    "memoryUsage": {
      "rss": 62029824,
      "heapUsed": 12492344,
      "heapTotal": 20119552,
      "external": 1970223
    },
    "startupTime": 287.851166,
    "cpuUsage": 158.579,
    "timestamp": 1774632535264
  },
  "violations": [],
  "recommendations": [
    "Largest file (index.js) is 100.0% of bundle - consider splitting or optimizing"
  ],
  "overallStatus": "pass"
}