{
  "timestamp": 1773938611973,
  "bundleSize": {
    "totalSize": 916,
    "gzippedSize": 423,
    "fileCount": 1,
    "largestFile": {
      "name": "index.js",
      "size": 916,
      "gzippedSize": 423
    },
    "breakdown": [
      {
        "name": "index.js",
        "size": 916,
        "gzippedSize": 423,
        "percentage": 100
      }
    ]
  },
  "webVitals": {
    "firstContentfulPaint": 746.9808498760995,
    "timeToInteractive": 2806.471769026752,
    "largestContentfulPaint": 2297.119805619244,
    "cumulativeLayoutShift": 0.031138073122665436,
    "firstInputDelay": 64.96242469269323,
    "timestamp": 1773938611972
  },
  "runtime": {
    "memoryUsage": {
      "rss": 60112896,
      "heapUsed": 12971192,
      "heapTotal": 20152320,
      "external": 1967584
    },
    "startupTime": 1027.683708,
    "cpuUsage": 190.318,
    "timestamp": 1773938611973
  },
  "violations": [],
  "recommendations": [
    "Largest file (index.js) is 100.0% of bundle - consider splitting or optimizing"
  ],
  "overallStatus": "pass"
}