{
  "timestamp": 1774561241869,
  "bundleSize": {
    "totalSize": 916,
    "gzippedSize": 423,
    "fileCount": 1,
    "largestFile": {
      "name": "index.js",
      "size": 916,
      "gzippedSize": 423
    },
    "breakdown": [
      {
        "name": "index.js",
        "size": 916,
        "gzippedSize": 423,
        "percentage": 100
      }
    ]
  },
  "webVitals": {
    "firstContentfulPaint": 727.6160661306913,
    "timeToInteractive": 2197.2399390072633,
    "largestContentfulPaint": 2104.368177151497,
    "cumulativeLayoutShift": 0.04340201525833989,
    "firstInputDelay": 26.159172883767745,
    "timestamp": 1774561241869
  },
  "runtime": {
    "memoryUsage": {
      "rss": 61734912,
      "heapUsed": 12337992,
      "heapTotal": 19595264,
      "external": 1970223
    },
    "startupTime": 254.431417,
    "cpuUsage": 144.221,
    "timestamp": 1774561241869
  },
  "violations": [],
  "recommendations": [
    "Largest file (index.js) is 100.0% of bundle - consider splitting or optimizing"
  ],
  "overallStatus": "pass"
}