{
  "timestamp": 1773923065131,
  "bundleSize": {
    "totalSize": 916,
    "gzippedSize": 423,
    "fileCount": 1,
    "largestFile": {
      "name": "index.js",
      "size": 916,
      "gzippedSize": 423
    },
    "breakdown": [
      {
        "name": "index.js",
        "size": 916,
        "gzippedSize": 423,
        "percentage": 100
      }
    ]
  },
  "webVitals": {
    "firstContentfulPaint": 665.8653995861714,
    "timeToInteractive": 2424.9816435303505,
    "largestContentfulPaint": 2279.934627808291,
    "cumulativeLayoutShift": 0.060557680334645064,
    "firstInputDelay": 31.51212627939369,
    "timestamp": 1773923065131
  },
  "runtime": {
    "memoryUsage": {
      "rss": 62537728,
      "heapUsed": 12532808,
      "heapTotal": 20119552,
      "external": 1969228
    },
    "startupTime": 323.525834,
    "cpuUsage": 188.002,
    "timestamp": 1773923065131
  },
  "violations": [],
  "recommendations": [
    "Largest file (index.js) is 100.0% of bundle - consider splitting or optimizing"
  ],
  "overallStatus": "pass"
}