{
  "timestamp": 1774222908977,
  "bundleSize": {
    "totalSize": 916,
    "gzippedSize": 423,
    "fileCount": 1,
    "largestFile": {
      "name": "index.js",
      "size": 916,
      "gzippedSize": 423
    },
    "breakdown": [
      {
        "name": "index.js",
        "size": 916,
        "gzippedSize": 423,
        "percentage": 100
      }
    ]
  },
  "webVitals": {
    "firstContentfulPaint": 945.5837923598884,
    "timeToInteractive": 2732.716206125888,
    "largestContentfulPaint": 1966.5426428967107,
    "cumulativeLayoutShift": 0.03632510259501633,
    "firstInputDelay": 25.63716864264116,
    "timestamp": 1774222908977
  },
  "runtime": {
    "memoryUsage": {
      "rss": 58884096,
      "heapUsed": 13000496,
      "heapTotal": 19595264,
      "external": 1967163
    },
    "startupTime": 4329.456541,
    "cpuUsage": 190.438,
    "timestamp": 1774222908977
  },
  "violations": [],
  "recommendations": [
    "Largest file (index.js) is 100.0% of bundle - consider splitting or optimizing"
  ],
  "overallStatus": "pass"
}