{
  "timestamp": 1773884819845,
  "bundleSize": {
    "totalSize": 916,
    "gzippedSize": 423,
    "fileCount": 1,
    "largestFile": {
      "name": "index.js",
      "size": 916,
      "gzippedSize": 423
    },
    "breakdown": [
      {
        "name": "index.js",
        "size": 916,
        "gzippedSize": 423,
        "percentage": 100
      }
    ]
  },
  "webVitals": {
    "firstContentfulPaint": 1318.0477909855763,
    "timeToInteractive": 2136.3027870911164,
    "largestContentfulPaint": 2114.244862064058,
    "cumulativeLayoutShift": 0.08229701960864491,
    "firstInputDelay": 45.99306669380414,
    "timestamp": 1773884819845
  },
  "runtime": {
    "memoryUsage": {
      "rss": 63635456,
      "heapUsed": 13702864,
      "heapTotal": 20480000,
      "external": 1970211
    },
    "startupTime": 323.572291,
    "cpuUsage": 157.629,
    "timestamp": 1773884819845
  },
  "violations": [],
  "recommendations": [
    "Largest file (index.js) is 100.0% of bundle - consider splitting or optimizing"
  ],
  "overallStatus": "pass"
}