{
  "timestamp": 1773849662054,
  "bundleSize": {
    "totalSize": 916,
    "gzippedSize": 423,
    "fileCount": 1,
    "largestFile": {
      "name": "index.js",
      "size": 916,
      "gzippedSize": 423
    },
    "breakdown": [
      {
        "name": "index.js",
        "size": 916,
        "gzippedSize": 423,
        "percentage": 100
      }
    ]
  },
  "webVitals": {
    "firstContentfulPaint": 1213.5126895600022,
    "timeToInteractive": 2050.7474396768444,
    "largestContentfulPaint": 2284.1280067421258,
    "cumulativeLayoutShift": 0.010338185201752316,
    "firstInputDelay": 32.1482894551685,
    "timestamp": 1773849662054
  },
  "runtime": {
    "memoryUsage": {
      "rss": 62144512,
      "heapUsed": 12130536,
      "heapTotal": 19857408,
      "external": 1969708
    },
    "startupTime": 264.581125,
    "cpuUsage": 162.866,
    "timestamp": 1773849662054
  },
  "violations": [],
  "recommendations": [
    "Largest file (index.js) is 100.0% of bundle - consider splitting or optimizing"
  ],
  "overallStatus": "pass"
}