{
  "timestamp": 1773771383185,
  "bundleSize": {
    "totalSize": 916,
    "gzippedSize": 423,
    "fileCount": 1,
    "largestFile": {
      "name": "index.js",
      "size": 916,
      "gzippedSize": 423
    },
    "breakdown": [
      {
        "name": "index.js",
        "size": 916,
        "gzippedSize": 423,
        "percentage": 100
      }
    ]
  },
  "webVitals": {
    "firstContentfulPaint": 1052.4664421601835,
    "timeToInteractive": 2423.6056593366065,
    "largestContentfulPaint": 2099.935905433077,
    "cumulativeLayoutShift": 0.033922743493553446,
    "firstInputDelay": 60.96174994866704,
    "timestamp": 1773771383185
  },
  "runtime": {
    "memoryUsage": {
      "rss": 62193664,
      "heapUsed": 12120328,
      "heapTotal": 19857408,
      "external": 1965339
    },
    "startupTime": 243.128334,
    "cpuUsage": 147.137,
    "timestamp": 1773771383185
  },
  "violations": [],
  "recommendations": [
    "Largest file (index.js) is 100.0% of bundle - consider splitting or optimizing"
  ],
  "overallStatus": "pass"
}