{
  "timestamp": 1773922393801,
  "bundleSize": {
    "totalSize": 916,
    "gzippedSize": 423,
    "fileCount": 1,
    "largestFile": {
      "name": "index.js",
      "size": 916,
      "gzippedSize": 423
    },
    "breakdown": [
      {
        "name": "index.js",
        "size": 916,
        "gzippedSize": 423,
        "percentage": 100
      }
    ]
  },
  "webVitals": {
    "firstContentfulPaint": 1300.0809820928762,
    "timeToInteractive": 2431.270786171182,
    "largestContentfulPaint": 1825.796682633028,
    "cumulativeLayoutShift": 0.052041374213410464,
    "firstInputDelay": 37.581858556005685,
    "timestamp": 1773922393801
  },
  "runtime": {
    "memoryUsage": {
      "rss": 62144512,
      "heapUsed": 12903968,
      "heapTotal": 19857408,
      "external": 1970211
    },
    "startupTime": 339.331792,
    "cpuUsage": 156.36,
    "timestamp": 1773922393801
  },
  "violations": [],
  "recommendations": [
    "Largest file (index.js) is 100.0% of bundle - consider splitting or optimizing"
  ],
  "overallStatus": "pass"
}