{
  "timestamp": 1773863468652,
  "bundleSize": {
    "totalSize": 916,
    "gzippedSize": 423,
    "fileCount": 1,
    "largestFile": {
      "name": "index.js",
      "size": 916,
      "gzippedSize": 423
    },
    "breakdown": [
      {
        "name": "index.js",
        "size": 916,
        "gzippedSize": 423,
        "percentage": 100
      }
    ]
  },
  "webVitals": {
    "firstContentfulPaint": 1283.2572085923268,
    "timeToInteractive": 2005.3561163055056,
    "largestContentfulPaint": 2108.1532628805044,
    "cumulativeLayoutShift": 0.027400110528980462,
    "firstInputDelay": 38.752595239442286,
    "timestamp": 1773863468652
  },
  "runtime": {
    "memoryUsage": {
      "rss": 60178432,
      "heapUsed": 12266096,
      "heapTotal": 19857408,
      "external": 1970157
    },
    "startupTime": 1567.754042,
    "cpuUsage": 195.659,
    "timestamp": 1773863468652
  },
  "violations": [],
  "recommendations": [
    "Largest file (index.js) is 100.0% of bundle - consider splitting or optimizing"
  ],
  "overallStatus": "pass"
}