{
  "timestamp": 1774660099222,
  "bundleSize": {
    "totalSize": 916,
    "gzippedSize": 423,
    "fileCount": 1,
    "largestFile": {
      "name": "index.js",
      "size": 916,
      "gzippedSize": 423
    },
    "breakdown": [
      {
        "name": "index.js",
        "size": 916,
        "gzippedSize": 423,
        "percentage": 100
      }
    ]
  },
  "webVitals": {
    "firstContentfulPaint": 970.0334170337293,
    "timeToInteractive": 2423.9153990477716,
    "largestContentfulPaint": 2240.025276035658,
    "cumulativeLayoutShift": 0.07074919036511047,
    "firstInputDelay": 50.213310343306915,
    "timestamp": 1774660099222
  },
  "runtime": {
    "memoryUsage": {
      "rss": 62685184,
      "heapUsed": 13115824,
      "heapTotal": 20185088,
      "external": 1970223
    },
    "startupTime": 441.113042,
    "cpuUsage": 164.967,
    "timestamp": 1774660099222
  },
  "violations": [],
  "recommendations": [
    "Largest file (index.js) is 100.0% of bundle - consider splitting or optimizing"
  ],
  "overallStatus": "pass"
}