{
  "timestamp": 1774280460750,
  "bundleSize": {
    "totalSize": 916,
    "gzippedSize": 423,
    "fileCount": 1,
    "largestFile": {
      "name": "index.js",
      "size": 916,
      "gzippedSize": 423
    },
    "breakdown": [
      {
        "name": "index.js",
        "size": 916,
        "gzippedSize": 423,
        "percentage": 100
      }
    ]
  },
  "webVitals": {
    "firstContentfulPaint": 1377.0769944494698,
    "timeToInteractive": 2594.5377535408834,
    "largestContentfulPaint": 1949.4775382362227,
    "cumulativeLayoutShift": 0.02401509296390856,
    "firstInputDelay": 39.06303659122675,
    "timestamp": 1774280460750
  },
  "runtime": {
    "memoryUsage": {
      "rss": 52707328,
      "heapUsed": 12677504,
      "heapTotal": 19857408,
      "external": 1967702
    },
    "startupTime": 4302.925209,
    "cpuUsage": 232.817,
    "timestamp": 1774280460750
  },
  "violations": [],
  "recommendations": [
    "Largest file (index.js) is 100.0% of bundle - consider splitting or optimizing"
  ],
  "overallStatus": "pass"
}