{
  "timestamp": 1774609379037,
  "bundleSize": {
    "totalSize": 916,
    "gzippedSize": 423,
    "fileCount": 1,
    "largestFile": {
      "name": "index.js",
      "size": 916,
      "gzippedSize": 423
    },
    "breakdown": [
      {
        "name": "index.js",
        "size": 916,
        "gzippedSize": 423,
        "percentage": 100
      }
    ]
  },
  "webVitals": {
    "firstContentfulPaint": 707.3344285736487,
    "timeToInteractive": 2551.325365680666,
    "largestContentfulPaint": 1719.2168587874576,
    "cumulativeLayoutShift": 0.02858431598332907,
    "firstInputDelay": 35.651792765759524,
    "timestamp": 1774609379037
  },
  "runtime": {
    "memoryUsage": {
      "rss": 62439424,
      "heapUsed": 12480104,
      "heapTotal": 19857408,
      "external": 1966360
    },
    "startupTime": 877.340333,
    "cpuUsage": 210.141,
    "timestamp": 1774609379037
  },
  "violations": [],
  "recommendations": [
    "Largest file (index.js) is 100.0% of bundle - consider splitting or optimizing"
  ],
  "overallStatus": "pass"
}