{
  "timestamp": 1774281657971,
  "bundleSize": {
    "totalSize": 916,
    "gzippedSize": 423,
    "fileCount": 1,
    "largestFile": {
      "name": "index.js",
      "size": 916,
      "gzippedSize": 423
    },
    "breakdown": [
      {
        "name": "index.js",
        "size": 916,
        "gzippedSize": 423,
        "percentage": 100
      }
    ]
  },
  "webVitals": {
    "firstContentfulPaint": 1158.8402532865878,
    "timeToInteractive": 2582.1232487762186,
    "largestContentfulPaint": 2033.6189766857397,
    "cumulativeLayoutShift": 0.06488783825275742,
    "firstInputDelay": 65.90597629473953,
    "timestamp": 1774281657970
  },
  "runtime": {
    "memoryUsage": {
      "rss": 62177280,
      "heapUsed": 12690304,
      "heapTotal": 20381696,
      "external": 1971431
    },
    "startupTime": 221.846917,
    "cpuUsage": 141.481,
    "timestamp": 1774281657971
  },
  "violations": [],
  "recommendations": [
    "Largest file (index.js) is 100.0% of bundle - consider splitting or optimizing"
  ],
  "overallStatus": "pass"
}