{
  "timestamp": 1774609726357,
  "bundleSize": {
    "totalSize": 916,
    "gzippedSize": 423,
    "fileCount": 1,
    "largestFile": {
      "name": "index.js",
      "size": 916,
      "gzippedSize": 423
    },
    "breakdown": [
      {
        "name": "index.js",
        "size": 916,
        "gzippedSize": 423,
        "percentage": 100
      }
    ]
  },
  "webVitals": {
    "firstContentfulPaint": 1410.4870877754897,
    "timeToInteractive": 2965.7922704825855,
    "largestContentfulPaint": 1880.5104437702976,
    "cumulativeLayoutShift": 0.040446740271923944,
    "firstInputDelay": 46.29645598868088,
    "timestamp": 1774609726357
  },
  "runtime": {
    "memoryUsage": {
      "rss": 62816256,
      "heapUsed": 13244024,
      "heapTotal": 20578304,
      "external": 1971374
    },
    "startupTime": 229.66425,
    "cpuUsage": 145.647,
    "timestamp": 1774609726357
  },
  "violations": [],
  "recommendations": [
    "Largest file (index.js) is 100.0% of bundle - consider splitting or optimizing"
  ],
  "overallStatus": "pass"
}