{
  "timestamp": 1774625792950,
  "bundleSize": {
    "totalSize": 916,
    "gzippedSize": 423,
    "fileCount": 1,
    "largestFile": {
      "name": "index.js",
      "size": 916,
      "gzippedSize": 423
    },
    "breakdown": [
      {
        "name": "index.js",
        "size": 916,
        "gzippedSize": 423,
        "percentage": 100
      }
    ]
  },
  "webVitals": {
    "firstContentfulPaint": 1161.7997914719494,
    "timeToInteractive": 2731.1573038663264,
    "largestContentfulPaint": 1659.5476698808075,
    "cumulativeLayoutShift": 0.013560346885128438,
    "firstInputDelay": 58.313540392399474,
    "timestamp": 1774625792950
  },
  "runtime": {
    "memoryUsage": {
      "rss": 61767680,
      "heapUsed": 12600088,
      "heapTotal": 20119552,
      "external": 1971431
    },
    "startupTime": 215.358084,
    "cpuUsage": 138.713,
    "timestamp": 1774625792950
  },
  "violations": [],
  "recommendations": [
    "Largest file (index.js) is 100.0% of bundle - consider splitting or optimizing"
  ],
  "overallStatus": "pass"
}