{
  "timestamp": 1774224048439,
  "bundleSize": {
    "totalSize": 916,
    "gzippedSize": 423,
    "fileCount": 1,
    "largestFile": {
      "name": "index.js",
      "size": 916,
      "gzippedSize": 423
    },
    "breakdown": [
      {
        "name": "index.js",
        "size": 916,
        "gzippedSize": 423,
        "percentage": 100
      }
    ]
  },
  "webVitals": {
    "firstContentfulPaint": 1250.872048031868,
    "timeToInteractive": 2050.2115856591313,
    "largestContentfulPaint": 1783.8869760612533,
    "cumulativeLayoutShift": 0.009363762718750168,
    "firstInputDelay": 40.47987498539247,
    "timestamp": 1774224048439
  },
  "runtime": {
    "memoryUsage": {
      "rss": 62521344,
      "heapUsed": 12832064,
      "heapTotal": 20742144,
      "external": 1965320
    },
    "startupTime": 506.833708,
    "cpuUsage": 186.503,
    "timestamp": 1774224048439
  },
  "violations": [],
  "recommendations": [
    "Largest file (index.js) is 100.0% of bundle - consider splitting or optimizing"
  ],
  "overallStatus": "pass"
}