{
  "timestamp": 1773766968067,
  "bundleSize": {
    "totalSize": 916,
    "gzippedSize": 423,
    "fileCount": 1,
    "largestFile": {
      "name": "index.js",
      "size": 916,
      "gzippedSize": 423
    },
    "breakdown": [
      {
        "name": "index.js",
        "size": 916,
        "gzippedSize": 423,
        "percentage": 100
      }
    ]
  },
  "webVitals": {
    "firstContentfulPaint": 1421.418079662899,
    "timeToInteractive": 2656.314088684867,
    "largestContentfulPaint": 1717.8365626103532,
    "cumulativeLayoutShift": 0.019251171618539155,
    "firstInputDelay": 72.41874309883195,
    "timestamp": 1773766968067
  },
  "runtime": {
    "memoryUsage": {
      "rss": 61702144,
      "heapUsed": 12082072,
      "heapTotal": 19857408,
      "external": 1969708
    },
    "startupTime": 289.709833,
    "cpuUsage": 166.143,
    "timestamp": 1773766968067
  },
  "violations": [],
  "recommendations": [
    "Largest file (index.js) is 100.0% of bundle - consider splitting or optimizing"
  ],
  "overallStatus": "pass"
}