{
  "timestamp": 1774279716648,
  "bundleSize": {
    "totalSize": 916,
    "gzippedSize": 423,
    "fileCount": 1,
    "largestFile": {
      "name": "index.js",
      "size": 916,
      "gzippedSize": 423
    },
    "breakdown": [
      {
        "name": "index.js",
        "size": 916,
        "gzippedSize": 423,
        "percentage": 100
      }
    ]
  },
  "webVitals": {
    "firstContentfulPaint": 1313.2143392908526,
    "timeToInteractive": 2767.582568485113,
    "largestContentfulPaint": 2342.9190393783742,
    "cumulativeLayoutShift": 0.06806696782762976,
    "firstInputDelay": 43.61584873056555,
    "timestamp": 1774279716596
  },
  "runtime": {
    "memoryUsage": {
      "rss": 43581440,
      "heapUsed": 10217768,
      "heapTotal": 13041664,
      "external": 1964927
    },
    "startupTime": 32095.7505,
    "cpuUsage": 326.651,
    "timestamp": 1774279716648
  },
  "violations": [],
  "recommendations": [
    "Largest file (index.js) is 100.0% of bundle - consider splitting or optimizing"
  ],
  "overallStatus": "pass"
}