{
  "timestamp": 1773940876131,
  "bundleSize": {
    "totalSize": 916,
    "gzippedSize": 423,
    "fileCount": 1,
    "largestFile": {
      "name": "index.js",
      "size": 916,
      "gzippedSize": 423
    },
    "breakdown": [
      {
        "name": "index.js",
        "size": 916,
        "gzippedSize": 423,
        "percentage": 100
      }
    ]
  },
  "webVitals": {
    "firstContentfulPaint": 1207.8726302678097,
    "timeToInteractive": 2534.5426003494053,
    "largestContentfulPaint": 2491.819745270497,
    "cumulativeLayoutShift": 0.011107082939177794,
    "firstInputDelay": 57.67981574996494,
    "timestamp": 1773940876131
  },
  "runtime": {
    "memoryUsage": {
      "rss": 61292544,
      "heapUsed": 12447000,
      "heapTotal": 19857408,
      "external": 1966360
    },
    "startupTime": 972.697666,
    "cpuUsage": 210.623,
    "timestamp": 1773940876131
  },
  "violations": [],
  "recommendations": [
    "Largest file (index.js) is 100.0% of bundle - consider splitting or optimizing"
  ],
  "overallStatus": "pass"
}