{
  "timestamp": 1773888188569,
  "bundleSize": {
    "totalSize": 916,
    "gzippedSize": 423,
    "fileCount": 1,
    "largestFile": {
      "name": "index.js",
      "size": 916,
      "gzippedSize": 423
    },
    "breakdown": [
      {
        "name": "index.js",
        "size": 916,
        "gzippedSize": 423,
        "percentage": 100
      }
    ]
  },
  "webVitals": {
    "firstContentfulPaint": 556.2891556444671,
    "timeToInteractive": 2260.4619136731408,
    "largestContentfulPaint": 1659.6124208925585,
    "cumulativeLayoutShift": 0.026329401644344365,
    "firstInputDelay": 58.48903508867054,
    "timestamp": 1773888188569
  },
  "runtime": {
    "memoryUsage": {
      "rss": 63406080,
      "heapUsed": 13700776,
      "heapTotal": 20480000,
      "external": 1970211
    },
    "startupTime": 337.019416,
    "cpuUsage": 167.913,
    "timestamp": 1773888188569
  },
  "violations": [],
  "recommendations": [
    "Largest file (index.js) is 100.0% of bundle - consider splitting or optimizing"
  ],
  "overallStatus": "pass"
}