{
  "timestamp": 1774559420145,
  "bundleSize": {
    "totalSize": 916,
    "gzippedSize": 423,
    "fileCount": 1,
    "largestFile": {
      "name": "index.js",
      "size": 916,
      "gzippedSize": 423
    },
    "breakdown": [
      {
        "name": "index.js",
        "size": 916,
        "gzippedSize": 423,
        "percentage": 100
      }
    ]
  },
  "webVitals": {
    "firstContentfulPaint": 1151.8177352910009,
    "timeToInteractive": 2269.2208369464415,
    "largestContentfulPaint": 2036.6211001675129,
    "cumulativeLayoutShift": 0.004050000072257998,
    "firstInputDelay": 25.653383145079456,
    "timestamp": 1774559420145
  },
  "runtime": {
    "memoryUsage": {
      "rss": 61603840,
      "heapUsed": 12568168,
      "heapTotal": 19333120,
      "external": 1970672
    },
    "startupTime": 1545.304792,
    "cpuUsage": 160.288,
    "timestamp": 1774559420145
  },
  "violations": [],
  "recommendations": [
    "Largest file (index.js) is 100.0% of bundle - consider splitting or optimizing"
  ],
  "overallStatus": "pass"
}