{
  "timestamp": 1773850395467,
  "bundleSize": {
    "totalSize": 916,
    "gzippedSize": 423,
    "fileCount": 1,
    "largestFile": {
      "name": "index.js",
      "size": 916,
      "gzippedSize": 423
    },
    "breakdown": [
      {
        "name": "index.js",
        "size": 916,
        "gzippedSize": 423,
        "percentage": 100
      }
    ]
  },
  "webVitals": {
    "firstContentfulPaint": 1282.2090057420498,
    "timeToInteractive": 2592.7512044349905,
    "largestContentfulPaint": 2262.608558338893,
    "cumulativeLayoutShift": 0.02609916674937847,
    "firstInputDelay": 39.473139027581674,
    "timestamp": 1773850395467
  },
  "runtime": {
    "memoryUsage": {
      "rss": 61947904,
      "heapUsed": 12228144,
      "heapTotal": 20119552,
      "external": 1969708
    },
    "startupTime": 316.19175,
    "cpuUsage": 183.498,
    "timestamp": 1773850395467
  },
  "violations": [],
  "recommendations": [
    "Largest file (index.js) is 100.0% of bundle - consider splitting or optimizing"
  ],
  "overallStatus": "pass"
}