{
  "timestamp": 1773685771660,
  "bundleSize": {
    "totalSize": 916,
    "gzippedSize": 423,
    "fileCount": 1,
    "largestFile": {
      "name": "index.js",
      "size": 916,
      "gzippedSize": 423
    },
    "breakdown": [
      {
        "name": "index.js",
        "size": 916,
        "gzippedSize": 423,
        "percentage": 100
      }
    ]
  },
  "webVitals": {
    "firstContentfulPaint": 1283.0365020861407,
    "timeToInteractive": 2118.5644641763774,
    "largestContentfulPaint": 1516.9360353857146,
    "cumulativeLayoutShift": 0.022777988818274177,
    "firstInputDelay": 39.18764271640855,
    "timestamp": 1773685771660
  },
  "runtime": {
    "memoryUsage": {
      "rss": 61636608,
      "heapUsed": 12224824,
      "heapTotal": 19595264,
      "external": 1965384
    },
    "startupTime": 369.411208,
    "cpuUsage": 178.62,
    "timestamp": 1773685771660
  },
  "violations": [],
  "recommendations": [
    "Largest file (index.js) is 100.0% of bundle - consider splitting or optimizing"
  ],
  "overallStatus": "pass"
}