{
  "timestamp": 1773917444789,
  "bundleSize": {
    "totalSize": 916,
    "gzippedSize": 423,
    "fileCount": 1,
    "largestFile": {
      "name": "index.js",
      "size": 916,
      "gzippedSize": 423
    },
    "breakdown": [
      {
        "name": "index.js",
        "size": 916,
        "gzippedSize": 423,
        "percentage": 100
      }
    ]
  },
  "webVitals": {
    "firstContentfulPaint": 642.0351902774933,
    "timeToInteractive": 2183.6376438765583,
    "largestContentfulPaint": 1708.5080178181524,
    "cumulativeLayoutShift": 0.05661087865249224,
    "firstInputDelay": 46.37931457203311,
    "timestamp": 1773917444789
  },
  "runtime": {
    "memoryUsage": {
      "rss": 58671104,
      "heapUsed": 12442936,
      "heapTotal": 19857408,
      "external": 1965320
    },
    "startupTime": 5422.72825,
    "cpuUsage": 230.798,
    "timestamp": 1773917444789
  },
  "violations": [],
  "recommendations": [
    "Largest file (index.js) is 100.0% of bundle - consider splitting or optimizing"
  ],
  "overallStatus": "pass"
}