{
  "timestamp": 1773848115609,
  "bundleSize": {
    "totalSize": 916,
    "gzippedSize": 423,
    "fileCount": 1,
    "largestFile": {
      "name": "index.js",
      "size": 916,
      "gzippedSize": 423
    },
    "breakdown": [
      {
        "name": "index.js",
        "size": 916,
        "gzippedSize": 423,
        "percentage": 100
      }
    ]
  },
  "webVitals": {
    "firstContentfulPaint": 1360.9449824735148,
    "timeToInteractive": 2373.1725219450695,
    "largestContentfulPaint": 2187.5043230298606,
    "cumulativeLayoutShift": 0.09477620634217031,
    "firstInputDelay": 71.42153193829031,
    "timestamp": 1773848115609
  },
  "runtime": {
    "memoryUsage": {
      "rss": 62111744,
      "heapUsed": 12251784,
      "heapTotal": 19595264,
      "external": 1970157
    },
    "startupTime": 1791.415583,
    "cpuUsage": 187.842,
    "timestamp": 1773848115609
  },
  "violations": [],
  "recommendations": [
    "Largest file (index.js) is 100.0% of bundle - consider splitting or optimizing"
  ],
  "overallStatus": "pass"
}