{
  "timestamp": 1774523441183,
  "bundleSize": {
    "totalSize": 916,
    "gzippedSize": 423,
    "fileCount": 1,
    "largestFile": {
      "name": "index.js",
      "size": 916,
      "gzippedSize": 423
    },
    "breakdown": [
      {
        "name": "index.js",
        "size": 916,
        "gzippedSize": 423,
        "percentage": 100
      }
    ]
  },
  "webVitals": {
    "firstContentfulPaint": 1166.0346720675793,
    "timeToInteractive": 2391.7374308792478,
    "largestContentfulPaint": 1625.2557899383867,
    "cumulativeLayoutShift": 0.03180408791515201,
    "firstInputDelay": 36.017568620733364,
    "timestamp": 1774523441183
  },
  "runtime": {
    "memoryUsage": {
      "rss": 61882368,
      "heapUsed": 12499000,
      "heapTotal": 19595264,
      "external": 1966360
    },
    "startupTime": 1069.314416,
    "cpuUsage": 180.755,
    "timestamp": 1774523441183
  },
  "violations": [],
  "recommendations": [
    "Largest file (index.js) is 100.0% of bundle - consider splitting or optimizing"
  ],
  "overallStatus": "pass"
}