{
  "timestamp": 1774203366653,
  "bundleSize": {
    "totalSize": 916,
    "gzippedSize": 423,
    "fileCount": 1,
    "largestFile": {
      "name": "index.js",
      "size": 916,
      "gzippedSize": 423
    },
    "breakdown": [
      {
        "name": "index.js",
        "size": 916,
        "gzippedSize": 423,
        "percentage": 100
      }
    ]
  },
  "webVitals": {
    "firstContentfulPaint": 504.3669381255995,
    "timeToInteractive": 2014.4409669178378,
    "largestContentfulPaint": 1555.6287835255698,
    "cumulativeLayoutShift": 0.09731218772831739,
    "firstInputDelay": 58.88803812294544,
    "timestamp": 1774203366653
  },
  "runtime": {
    "memoryUsage": {
      "rss": 61931520,
      "heapUsed": 12506328,
      "heapTotal": 19857408,
      "external": 1970211
    },
    "startupTime": 487.573458,
    "cpuUsage": 180.148,
    "timestamp": 1774203366653
  },
  "violations": [],
  "recommendations": [
    "Largest file (index.js) is 100.0% of bundle - consider splitting or optimizing"
  ],
  "overallStatus": "pass"
}