{
  "timestamp": 1774618597308,
  "bundleSize": {
    "totalSize": 916,
    "gzippedSize": 423,
    "fileCount": 1,
    "largestFile": {
      "name": "index.js",
      "size": 916,
      "gzippedSize": 423
    },
    "breakdown": [
      {
        "name": "index.js",
        "size": 916,
        "gzippedSize": 423,
        "percentage": 100
      }
    ]
  },
  "webVitals": {
    "firstContentfulPaint": 1220.5420955429968,
    "timeToInteractive": 2236.021018429917,
    "largestContentfulPaint": 2398.9123405768864,
    "cumulativeLayoutShift": 0.0788694881742039,
    "firstInputDelay": 25.256831540197112,
    "timestamp": 1774618597308
  },
  "runtime": {
    "memoryUsage": {
      "rss": 61816832,
      "heapUsed": 12130576,
      "heapTotal": 20119552,
      "external": 1964859
    },
    "startupTime": 256.957958,
    "cpuUsage": 153.122,
    "timestamp": 1774618597308
  },
  "violations": [],
  "recommendations": [
    "Largest file (index.js) is 100.0% of bundle - consider splitting or optimizing"
  ],
  "overallStatus": "pass"
}