{
  "timestamp": 1773865289541,
  "bundleSize": {
    "totalSize": 916,
    "gzippedSize": 423,
    "fileCount": 1,
    "largestFile": {
      "name": "index.js",
      "size": 916,
      "gzippedSize": 423
    },
    "breakdown": [
      {
        "name": "index.js",
        "size": 916,
        "gzippedSize": 423,
        "percentage": 100
      }
    ]
  },
  "webVitals": {
    "firstContentfulPaint": 1454.0781969589839,
    "timeToInteractive": 2374.2720586661126,
    "largestContentfulPaint": 1867.776933098174,
    "cumulativeLayoutShift": 0.038037002858131275,
    "firstInputDelay": 36.63960110580522,
    "timestamp": 1773865289541
  },
  "runtime": {
    "memoryUsage": {
      "rss": 61227008,
      "heapUsed": 12087688,
      "heapTotal": 19595264,
      "external": 1969708
    },
    "startupTime": 359.962875,
    "cpuUsage": 186.873,
    "timestamp": 1773865289541
  },
  "violations": [],
  "recommendations": [
    "Largest file (index.js) is 100.0% of bundle - consider splitting or optimizing"
  ],
  "overallStatus": "pass"
}