{
  "timestamp": 1773946946506,
  "bundleSize": {
    "totalSize": 916,
    "gzippedSize": 423,
    "fileCount": 1,
    "largestFile": {
      "name": "index.js",
      "size": 916,
      "gzippedSize": 423
    },
    "breakdown": [
      {
        "name": "index.js",
        "size": 916,
        "gzippedSize": 423,
        "percentage": 100
      }
    ]
  },
  "webVitals": {
    "firstContentfulPaint": 1166.2299789665694,
    "timeToInteractive": 2201.763238427689,
    "largestContentfulPaint": 1502.3753288089538,
    "cumulativeLayoutShift": 0.007030570912918233,
    "firstInputDelay": 59.01163665763204,
    "timestamp": 1773946946506
  },
  "runtime": {
    "memoryUsage": {
      "rss": 61898752,
      "heapUsed": 12297480,
      "heapTotal": 20119552,
      "external": 1970223
    },
    "startupTime": 294.585167,
    "cpuUsage": 180.25,
    "timestamp": 1773946946506
  },
  "violations": [],
  "recommendations": [
    "Largest file (index.js) is 100.0% of bundle - consider splitting or optimizing"
  ],
  "overallStatus": "pass"
}