{
  "timestamp": 1774626515278,
  "bundleSize": {
    "totalSize": 916,
    "gzippedSize": 423,
    "fileCount": 1,
    "largestFile": {
      "name": "index.js",
      "size": 916,
      "gzippedSize": 423
    },
    "breakdown": [
      {
        "name": "index.js",
        "size": 916,
        "gzippedSize": 423,
        "percentage": 100
      }
    ]
  },
  "webVitals": {
    "firstContentfulPaint": 1123.4629939956953,
    "timeToInteractive": 2366.8815499800876,
    "largestContentfulPaint": 2253.174000301261,
    "cumulativeLayoutShift": 0.04364756949240931,
    "firstInputDelay": 31.879207778933004,
    "timestamp": 1774626515278
  },
  "runtime": {
    "memoryUsage": {
      "rss": 61947904,
      "heapUsed": 12728224,
      "heapTotal": 19857408,
      "external": 1965854
    },
    "startupTime": 196.026917,
    "cpuUsage": 129.017,
    "timestamp": 1774626515278
  },
  "violations": [],
  "recommendations": [
    "Largest file (index.js) is 100.0% of bundle - consider splitting or optimizing"
  ],
  "overallStatus": "pass"
}