{
  "timestamp": 1774278680181,
  "bundleSize": {
    "totalSize": 916,
    "gzippedSize": 423,
    "fileCount": 1,
    "largestFile": {
      "name": "index.js",
      "size": 916,
      "gzippedSize": 423
    },
    "breakdown": [
      {
        "name": "index.js",
        "size": 916,
        "gzippedSize": 423,
        "percentage": 100
      }
    ]
  },
  "webVitals": {
    "firstContentfulPaint": 787.5248528537591,
    "timeToInteractive": 2398.7293851199684,
    "largestContentfulPaint": 1804.6995646188657,
    "cumulativeLayoutShift": 0.0804453336156734,
    "firstInputDelay": 74.58388503134552,
    "timestamp": 1774278680181
  },
  "runtime": {
    "memoryUsage": {
      "rss": 59441152,
      "heapUsed": 12661736,
      "heapTotal": 19595264,
      "external": 1968215
    },
    "startupTime": 1436.725833,
    "cpuUsage": 194.457,
    "timestamp": 1774278680181
  },
  "violations": [],
  "recommendations": [
    "Largest file (index.js) is 100.0% of bundle - consider splitting or optimizing"
  ],
  "overallStatus": "pass"
}