{
  "timestamp": 1774629513828,
  "bundleSize": {
    "totalSize": 916,
    "gzippedSize": 423,
    "fileCount": 1,
    "largestFile": {
      "name": "index.js",
      "size": 916,
      "gzippedSize": 423
    },
    "breakdown": [
      {
        "name": "index.js",
        "size": 916,
        "gzippedSize": 423,
        "percentage": 100
      }
    ]
  },
  "webVitals": {
    "firstContentfulPaint": 1360.2407164385268,
    "timeToInteractive": 2553.0287469305536,
    "largestContentfulPaint": 2437.7764961160055,
    "cumulativeLayoutShift": 0.014449674736236751,
    "firstInputDelay": 50.49308143584423,
    "timestamp": 1774629513827
  },
  "runtime": {
    "memoryUsage": {
      "rss": 61915136,
      "heapUsed": 12691384,
      "heapTotal": 19857408,
      "external": 1967701
    },
    "startupTime": 2654.6995,
    "cpuUsage": 537.025,
    "timestamp": 1774629513828
  },
  "violations": [],
  "recommendations": [
    "Largest file (index.js) is 100.0% of bundle - consider splitting or optimizing"
  ],
  "overallStatus": "pass"
}