{
  "timestamp": 1774009465887,
  "bundleSize": {
    "totalSize": 916,
    "gzippedSize": 423,
    "fileCount": 1,
    "largestFile": {
      "name": "index.js",
      "size": 916,
      "gzippedSize": 423
    },
    "breakdown": [
      {
        "name": "index.js",
        "size": 916,
        "gzippedSize": 423,
        "percentage": 100
      }
    ]
  },
  "webVitals": {
    "firstContentfulPaint": 1037.8947786053816,
    "timeToInteractive": 2759.6822531550774,
    "largestContentfulPaint": 2275.881550359175,
    "cumulativeLayoutShift": 0.012632555132566404,
    "firstInputDelay": 34.978162261547936,
    "timestamp": 1774009465886
  },
  "runtime": {
    "memoryUsage": {
      "rss": 62636032,
      "heapUsed": 12663648,
      "heapTotal": 20938752,
      "external": 1964859
    },
    "startupTime": 406.445833,
    "cpuUsage": 193.704,
    "timestamp": 1774009465886
  },
  "violations": [],
  "recommendations": [
    "Largest file (index.js) is 100.0% of bundle - consider splitting or optimizing"
  ],
  "overallStatus": "pass"
}