{
  "timestamp": 1774043027897,
  "bundleSize": {
    "totalSize": 916,
    "gzippedSize": 423,
    "fileCount": 1,
    "largestFile": {
      "name": "index.js",
      "size": 916,
      "gzippedSize": 423
    },
    "breakdown": [
      {
        "name": "index.js",
        "size": 916,
        "gzippedSize": 423,
        "percentage": 100
      }
    ]
  },
  "webVitals": {
    "firstContentfulPaint": 1214.0536646206806,
    "timeToInteractive": 2711.749611793966,
    "largestContentfulPaint": 2150.457655695778,
    "cumulativeLayoutShift": 0.07567957919743012,
    "firstInputDelay": 29.987230866557624,
    "timestamp": 1774043027896
  },
  "runtime": {
    "memoryUsage": {
      "rss": 64749568,
      "heapUsed": 12482488,
      "heapTotal": 20381696,
      "external": 2649414
    },
    "startupTime": 245.055083,
    "cpuUsage": 154.202,
    "timestamp": 1774043027897
  },
  "violations": [],
  "recommendations": [
    "Largest file (index.js) is 100.0% of bundle - consider splitting or optimizing"
  ],
  "overallStatus": "pass"
}