{
  "timestamp": 1774730141684,
  "bundleSize": {
    "totalSize": 916,
    "gzippedSize": 423,
    "fileCount": 1,
    "largestFile": {
      "name": "index.js",
      "size": 916,
      "gzippedSize": 423
    },
    "breakdown": [
      {
        "name": "index.js",
        "size": 916,
        "gzippedSize": 423,
        "percentage": 100
      }
    ]
  },
  "webVitals": {
    "firstContentfulPaint": 1484.1628988444047,
    "timeToInteractive": 2361.5618548099947,
    "largestContentfulPaint": 2405.3068396022722,
    "cumulativeLayoutShift": 0.0639174153164439,
    "firstInputDelay": 31.381949149184997,
    "timestamp": 1774730141683
  },
  "runtime": {
    "memoryUsage": {
      "rss": 61587456,
      "heapUsed": 12829744,
      "heapTotal": 19857408,
      "external": 1970726
    },
    "startupTime": 377.45775,
    "cpuUsage": 193.553,
    "timestamp": 1774730141684
  },
  "violations": [],
  "recommendations": [
    "Largest file (index.js) is 100.0% of bundle - consider splitting or optimizing"
  ],
  "overallStatus": "pass"
}