{
  "timestamp": 1774472281542,
  "bundleSize": {
    "totalSize": 916,
    "gzippedSize": 423,
    "fileCount": 1,
    "largestFile": {
      "name": "index.js",
      "size": 916,
      "gzippedSize": 423
    },
    "breakdown": [
      {
        "name": "index.js",
        "size": 916,
        "gzippedSize": 423,
        "percentage": 100
      }
    ]
  },
  "webVitals": {
    "firstContentfulPaint": 503.82627519487613,
    "timeToInteractive": 2277.8381606804396,
    "largestContentfulPaint": 2062.2399656642024,
    "cumulativeLayoutShift": 0.056785312161129524,
    "firstInputDelay": 26.01123516481977,
    "timestamp": 1774472281542
  },
  "runtime": {
    "memoryUsage": {
      "rss": 62210048,
      "heapUsed": 12266488,
      "heapTotal": 20381696,
      "external": 1966373
    },
    "startupTime": 707.408583,
    "cpuUsage": 171.44,
    "timestamp": 1774472281542
  },
  "violations": [],
  "recommendations": [
    "Largest file (index.js) is 100.0% of bundle - consider splitting or optimizing"
  ],
  "overallStatus": "pass"
}