{
  "timestamp": 1774397720163,
  "bundleSize": {
    "totalSize": 916,
    "gzippedSize": 423,
    "fileCount": 1,
    "largestFile": {
      "name": "index.js",
      "size": 916,
      "gzippedSize": 423
    },
    "breakdown": [
      {
        "name": "index.js",
        "size": 916,
        "gzippedSize": 423,
        "percentage": 100
      }
    ]
  },
  "webVitals": {
    "firstContentfulPaint": 1425.1848333213115,
    "timeToInteractive": 2528.731987797712,
    "largestContentfulPaint": 2331.5413574057966,
    "cumulativeLayoutShift": 0.0050588799410783425,
    "firstInputDelay": 65.29914193015996,
    "timestamp": 1774397720163
  },
  "runtime": {
    "memoryUsage": {
      "rss": 62242816,
      "heapUsed": 12560848,
      "heapTotal": 19857408,
      "external": 1971431
    },
    "startupTime": 205.870584,
    "cpuUsage": 138.425,
    "timestamp": 1774397720163
  },
  "violations": [],
  "recommendations": [
    "Largest file (index.js) is 100.0% of bundle - consider splitting or optimizing"
  ],
  "overallStatus": "pass"
}