{
  "timestamp": 1773867078914,
  "bundleSize": {
    "totalSize": 916,
    "gzippedSize": 423,
    "fileCount": 1,
    "largestFile": {
      "name": "index.js",
      "size": 916,
      "gzippedSize": 423
    },
    "breakdown": [
      {
        "name": "index.js",
        "size": 916,
        "gzippedSize": 423,
        "percentage": 100
      }
    ]
  },
  "webVitals": {
    "firstContentfulPaint": 1429.2901124918776,
    "timeToInteractive": 2022.1580421996946,
    "largestContentfulPaint": 1864.347421779365,
    "cumulativeLayoutShift": 0.05467132126914734,
    "firstInputDelay": 27.880172991697805,
    "timestamp": 1773867078914
  },
  "runtime": {
    "memoryUsage": {
      "rss": 64634880,
      "heapUsed": 12454768,
      "heapTotal": 20905984,
      "external": 2593568
    },
    "startupTime": 306.083083,
    "cpuUsage": 161.02,
    "timestamp": 1773867078914
  },
  "violations": [],
  "recommendations": [
    "Largest file (index.js) is 100.0% of bundle - consider splitting or optimizing"
  ],
  "overallStatus": "pass"
}