{
  "timestamp": 1774515172561,
  "bundleSize": {
    "totalSize": 916,
    "gzippedSize": 423,
    "fileCount": 1,
    "largestFile": {
      "name": "index.js",
      "size": 916,
      "gzippedSize": 423
    },
    "breakdown": [
      {
        "name": "index.js",
        "size": 916,
        "gzippedSize": 423,
        "percentage": 100
      }
    ]
  },
  "webVitals": {
    "firstContentfulPaint": 874.9268232441991,
    "timeToInteractive": 2027.6502847849272,
    "largestContentfulPaint": 1905.0872604181945,
    "cumulativeLayoutShift": 0.004026430028755912,
    "firstInputDelay": 65.98825296688601,
    "timestamp": 1774515172561
  },
  "runtime": {
    "memoryUsage": {
      "rss": 61718528,
      "heapUsed": 12671720,
      "heapTotal": 19857408,
      "external": 1971431
    },
    "startupTime": 241.311959,
    "cpuUsage": 139.782,
    "timestamp": 1774515172561
  },
  "violations": [],
  "recommendations": [
    "Largest file (index.js) is 100.0% of bundle - consider splitting or optimizing"
  ],
  "overallStatus": "pass"
}