{
  "timestamp": 1774611359545,
  "bundleSize": {
    "totalSize": 916,
    "gzippedSize": 423,
    "fileCount": 1,
    "largestFile": {
      "name": "index.js",
      "size": 916,
      "gzippedSize": 423
    },
    "breakdown": [
      {
        "name": "index.js",
        "size": 916,
        "gzippedSize": 423,
        "percentage": 100
      }
    ]
  },
  "webVitals": {
    "firstContentfulPaint": 1074.7404443303926,
    "timeToInteractive": 2795.3589948751796,
    "largestContentfulPaint": 2309.0545208873104,
    "cumulativeLayoutShift": 0.038875160055804096,
    "firstInputDelay": 73.14868183149663,
    "timestamp": 1774611359545
  },
  "runtime": {
    "memoryUsage": {
      "rss": 61865984,
      "heapUsed": 12587144,
      "heapTotal": 19857408,
      "external": 1965320
    },
    "startupTime": 643.453458,
    "cpuUsage": 192.723,
    "timestamp": 1774611359545
  },
  "violations": [],
  "recommendations": [
    "Largest file (index.js) is 100.0% of bundle - consider splitting or optimizing"
  ],
  "overallStatus": "pass"
}