{
  "timestamp": 1774455199341,
  "bundleSize": {
    "totalSize": 916,
    "gzippedSize": 423,
    "fileCount": 1,
    "largestFile": {
      "name": "index.js",
      "size": 916,
      "gzippedSize": 423
    },
    "breakdown": [
      {
        "name": "index.js",
        "size": 916,
        "gzippedSize": 423,
        "percentage": 100
      }
    ]
  },
  "webVitals": {
    "firstContentfulPaint": 1417.3613020511789,
    "timeToInteractive": 2592.799538512549,
    "largestContentfulPaint": 1782.5719013019004,
    "cumulativeLayoutShift": 0.059893019259658224,
    "firstInputDelay": 34.93106299696489,
    "timestamp": 1774455199341
  },
  "runtime": {
    "memoryUsage": {
      "rss": 60309504,
      "heapUsed": 11869496,
      "heapTotal": 20119552,
      "external": 1969831
    },
    "startupTime": 225.906458,
    "cpuUsage": 138.567,
    "timestamp": 1774455199341
  },
  "violations": [],
  "recommendations": [
    "Largest file (index.js) is 100.0% of bundle - consider splitting or optimizing"
  ],
  "overallStatus": "pass"
}