{
  "timestamp": 1774530108342,
  "bundleSize": {
    "totalSize": 916,
    "gzippedSize": 423,
    "fileCount": 1,
    "largestFile": {
      "name": "index.js",
      "size": 916,
      "gzippedSize": 423
    },
    "breakdown": [
      {
        "name": "index.js",
        "size": 916,
        "gzippedSize": 423,
        "percentage": 100
      }
    ]
  },
  "webVitals": {
    "firstContentfulPaint": 1219.1340943314317,
    "timeToInteractive": 2015.6741151114868,
    "largestContentfulPaint": 1921.3846706683216,
    "cumulativeLayoutShift": 0.0003923464972711344,
    "firstInputDelay": 42.93789381711352,
    "timestamp": 1774530108342
  },
  "runtime": {
    "memoryUsage": {
      "rss": 62341120,
      "heapUsed": 12272192,
      "heapTotal": 20119552,
      "external": 1970223
    },
    "startupTime": 236.182959,
    "cpuUsage": 138.74,
    "timestamp": 1774530108342
  },
  "violations": [],
  "recommendations": [
    "Largest file (index.js) is 100.0% of bundle - consider splitting or optimizing"
  ],
  "overallStatus": "pass"
}