{
  "timestamp": 1774226196425,
  "bundleSize": {
    "totalSize": 916,
    "gzippedSize": 423,
    "fileCount": 1,
    "largestFile": {
      "name": "index.js",
      "size": 916,
      "gzippedSize": 423
    },
    "breakdown": [
      {
        "name": "index.js",
        "size": 916,
        "gzippedSize": 423,
        "percentage": 100
      }
    ]
  },
  "webVitals": {
    "firstContentfulPaint": 965.7050327602745,
    "timeToInteractive": 2326.4488148534047,
    "largestContentfulPaint": 1691.1027944248742,
    "cumulativeLayoutShift": 0.057600838426204205,
    "firstInputDelay": 59.54341337253268,
    "timestamp": 1774226196424
  },
  "runtime": {
    "memoryUsage": {
      "rss": 61472768,
      "heapUsed": 13560392,
      "heapTotal": 20447232,
      "external": 1966360
    },
    "startupTime": 3213.314125,
    "cpuUsage": 200.157,
    "timestamp": 1774226196425
  },
  "violations": [],
  "recommendations": [
    "Largest file (index.js) is 100.0% of bundle - consider splitting or optimizing"
  ],
  "overallStatus": "pass"
}