{
  "timestamp": 1774265072022,
  "bundleSize": {
    "totalSize": 916,
    "gzippedSize": 423,
    "fileCount": 1,
    "largestFile": {
      "name": "index.js",
      "size": 916,
      "gzippedSize": 423
    },
    "breakdown": [
      {
        "name": "index.js",
        "size": 916,
        "gzippedSize": 423,
        "percentage": 100
      }
    ]
  },
  "webVitals": {
    "firstContentfulPaint": 1178.3008517684239,
    "timeToInteractive": 2433.509118175208,
    "largestContentfulPaint": 1757.035357451011,
    "cumulativeLayoutShift": 0.040904737917165895,
    "firstInputDelay": 56.51439745278005,
    "timestamp": 1774265072022
  },
  "runtime": {
    "memoryUsage": {
      "rss": 62832640,
      "heapUsed": 13147240,
      "heapTotal": 20512768,
      "external": 1967657
    },
    "startupTime": 5881.257375,
    "cpuUsage": 190.716,
    "timestamp": 1774265072022
  },
  "violations": [],
  "recommendations": [
    "Largest file (index.js) is 100.0% of bundle - consider splitting or optimizing"
  ],
  "overallStatus": "pass"
}