{
  "timestamp": 1774358862495,
  "bundleSize": {
    "totalSize": 916,
    "gzippedSize": 423,
    "fileCount": 1,
    "largestFile": {
      "name": "index.js",
      "size": 916,
      "gzippedSize": 423
    },
    "breakdown": [
      {
        "name": "index.js",
        "size": 916,
        "gzippedSize": 423,
        "percentage": 100
      }
    ]
  },
  "webVitals": {
    "firstContentfulPaint": 1012.8687330497326,
    "timeToInteractive": 2885.7588395582516,
    "largestContentfulPaint": 1804.240077633965,
    "cumulativeLayoutShift": 0.06690504065570316,
    "firstInputDelay": 56.51794243559025,
    "timestamp": 1774358862495
  },
  "runtime": {
    "memoryUsage": {
      "rss": 61964288,
      "heapUsed": 12393944,
      "heapTotal": 20381696,
      "external": 1965854
    },
    "startupTime": 206.134125,
    "cpuUsage": 126.816,
    "timestamp": 1774358862495
  },
  "violations": [],
  "recommendations": [
    "Largest file (index.js) is 100.0% of bundle - consider splitting or optimizing"
  ],
  "overallStatus": "pass"
}