{
  "timestamp": 1774266386783,
  "bundleSize": {
    "totalSize": 916,
    "gzippedSize": 423,
    "fileCount": 1,
    "largestFile": {
      "name": "index.js",
      "size": 916,
      "gzippedSize": 423
    },
    "breakdown": [
      {
        "name": "index.js",
        "size": 916,
        "gzippedSize": 423,
        "percentage": 100
      }
    ]
  },
  "webVitals": {
    "firstContentfulPaint": 1121.6862281359417,
    "timeToInteractive": 2312.581194686354,
    "largestContentfulPaint": 1605.5717077735635,
    "cumulativeLayoutShift": 0.057888801731688866,
    "firstInputDelay": 67.98612072909586,
    "timestamp": 1774266386783
  },
  "runtime": {
    "memoryUsage": {
      "rss": 62095360,
      "heapUsed": 12772160,
      "heapTotal": 20119552,
      "external": 1969741
    },
    "startupTime": 497.652208,
    "cpuUsage": 165.055,
    "timestamp": 1774266386783
  },
  "violations": [],
  "recommendations": [
    "Largest file (index.js) is 100.0% of bundle - consider splitting or optimizing"
  ],
  "overallStatus": "pass"
}