{
  "timestamp": 1774213104451,
  "bundleSize": {
    "totalSize": 916,
    "gzippedSize": 423,
    "fileCount": 1,
    "largestFile": {
      "name": "index.js",
      "size": 916,
      "gzippedSize": 423
    },
    "breakdown": [
      {
        "name": "index.js",
        "size": 916,
        "gzippedSize": 423,
        "percentage": 100
      }
    ]
  },
  "webVitals": {
    "firstContentfulPaint": 1436.0910661084008,
    "timeToInteractive": 2443.5489548751702,
    "largestContentfulPaint": 1601.7294886678883,
    "cumulativeLayoutShift": 0.04069544425637739,
    "firstInputDelay": 28.434076246230244,
    "timestamp": 1774213104451
  },
  "runtime": {
    "memoryUsage": {
      "rss": 65290240,
      "heapUsed": 12663968,
      "heapTotal": 20643840,
      "external": 2589658
    },
    "startupTime": 426.725875,
    "cpuUsage": 166.59,
    "timestamp": 1774213104451
  },
  "violations": [],
  "recommendations": [
    "Largest file (index.js) is 100.0% of bundle - consider splitting or optimizing"
  ],
  "overallStatus": "pass"
}