{
  "timestamp": 1774274695521,
  "bundleSize": {
    "totalSize": 916,
    "gzippedSize": 423,
    "fileCount": 1,
    "largestFile": {
      "name": "index.js",
      "size": 916,
      "gzippedSize": 423
    },
    "breakdown": [
      {
        "name": "index.js",
        "size": 916,
        "gzippedSize": 423,
        "percentage": 100
      }
    ]
  },
  "webVitals": {
    "firstContentfulPaint": 650.551949696294,
    "timeToInteractive": 2362.4797701750667,
    "largestContentfulPaint": 1820.9990685642545,
    "cumulativeLayoutShift": 0.09615016628186278,
    "firstInputDelay": 25.101462857552125,
    "timestamp": 1774274695521
  },
  "runtime": {
    "memoryUsage": {
      "rss": 62078976,
      "heapUsed": 12646392,
      "heapTotal": 19857408,
      "external": 1970672
    },
    "startupTime": 639.629958,
    "cpuUsage": 185.369,
    "timestamp": 1774274695521
  },
  "violations": [],
  "recommendations": [
    "Largest file (index.js) is 100.0% of bundle - consider splitting or optimizing"
  ],
  "overallStatus": "pass"
}