{
  "timestamp": 1773847933212,
  "bundleSize": {
    "totalSize": 916,
    "gzippedSize": 423,
    "fileCount": 1,
    "largestFile": {
      "name": "index.js",
      "size": 916,
      "gzippedSize": 423
    },
    "breakdown": [
      {
        "name": "index.js",
        "size": 916,
        "gzippedSize": 423,
        "percentage": 100
      }
    ]
  },
  "webVitals": {
    "firstContentfulPaint": 1241.2243237078656,
    "timeToInteractive": 2273.0709041461455,
    "largestContentfulPaint": 2118.2209260021646,
    "cumulativeLayoutShift": 0.03964361966587762,
    "firstInputDelay": 26.975160491196636,
    "timestamp": 1773847933212
  },
  "runtime": {
    "memoryUsage": {
      "rss": 61734912,
      "heapUsed": 12235720,
      "heapTotal": 19857408,
      "external": 1965384
    },
    "startupTime": 578.572583,
    "cpuUsage": 187.173,
    "timestamp": 1773847933212
  },
  "violations": [],
  "recommendations": [
    "Largest file (index.js) is 100.0% of bundle - consider splitting or optimizing"
  ],
  "overallStatus": "pass"
}