{
  "timestamp": 1774663618273,
  "bundleSize": {
    "totalSize": 916,
    "gzippedSize": 423,
    "fileCount": 1,
    "largestFile": {
      "name": "index.js",
      "size": 916,
      "gzippedSize": 423
    },
    "breakdown": [
      {
        "name": "index.js",
        "size": 916,
        "gzippedSize": 423,
        "percentage": 100
      }
    ]
  },
  "webVitals": {
    "firstContentfulPaint": 833.1529935397823,
    "timeToInteractive": 2562.0010313850057,
    "largestContentfulPaint": 2133.9286197599686,
    "cumulativeLayoutShift": 0.07004026579295967,
    "firstInputDelay": 65.20671762691735,
    "timestamp": 1774663618272
  },
  "runtime": {
    "memoryUsage": {
      "rss": 61997056,
      "heapUsed": 12855888,
      "heapTotal": 19857408,
      "external": 1970769
    },
    "startupTime": 390.184041,
    "cpuUsage": 161.775,
    "timestamp": 1774663618273
  },
  "violations": [],
  "recommendations": [
    "Largest file (index.js) is 100.0% of bundle - consider splitting or optimizing"
  ],
  "overallStatus": "pass"
}