{
  "timestamp": 1773835461991,
  "bundleSize": {
    "totalSize": 916,
    "gzippedSize": 423,
    "fileCount": 1,
    "largestFile": {
      "name": "index.js",
      "size": 916,
      "gzippedSize": 423
    },
    "breakdown": [
      {
        "name": "index.js",
        "size": 916,
        "gzippedSize": 423,
        "percentage": 100
      }
    ]
  },
  "webVitals": {
    "firstContentfulPaint": 1120.4566923714951,
    "timeToInteractive": 2946.0979861367673,
    "largestContentfulPaint": 1986.378384427966,
    "cumulativeLayoutShift": 0.06983244080903976,
    "firstInputDelay": 49.784551203249876,
    "timestamp": 1773835461991
  },
  "runtime": {
    "memoryUsage": {
      "rss": 59523072,
      "heapUsed": 12243280,
      "heapTotal": 19857408,
      "external": 1970019
    },
    "startupTime": 1077.980958,
    "cpuUsage": 221.377,
    "timestamp": 1773835461991
  },
  "violations": [],
  "recommendations": [
    "Largest file (index.js) is 100.0% of bundle - consider splitting or optimizing"
  ],
  "overallStatus": "pass"
}