{
  "timestamp": 1774524628524,
  "bundleSize": {
    "totalSize": 916,
    "gzippedSize": 423,
    "fileCount": 1,
    "largestFile": {
      "name": "index.js",
      "size": 916,
      "gzippedSize": 423
    },
    "breakdown": [
      {
        "name": "index.js",
        "size": 916,
        "gzippedSize": 423,
        "percentage": 100
      }
    ]
  },
  "webVitals": {
    "firstContentfulPaint": 926.0694621432924,
    "timeToInteractive": 2550.2331442291566,
    "largestContentfulPaint": 2435.5737888204158,
    "cumulativeLayoutShift": 0.030503748728633196,
    "firstInputDelay": 34.54402427405218,
    "timestamp": 1774524628524
  },
  "runtime": {
    "memoryUsage": {
      "rss": 65224704,
      "heapUsed": 12498344,
      "heapTotal": 20905984,
      "external": 2649414
    },
    "startupTime": 454.719459,
    "cpuUsage": 171.081,
    "timestamp": 1774524628524
  },
  "violations": [],
  "recommendations": [
    "Largest file (index.js) is 100.0% of bundle - consider splitting or optimizing"
  ],
  "overallStatus": "pass"
}