{
  "timestamp": 1774543136428,
  "bundleSize": {
    "totalSize": 916,
    "gzippedSize": 423,
    "fileCount": 1,
    "largestFile": {
      "name": "index.js",
      "size": 916,
      "gzippedSize": 423
    },
    "breakdown": [
      {
        "name": "index.js",
        "size": 916,
        "gzippedSize": 423,
        "percentage": 100
      }
    ]
  },
  "webVitals": {
    "firstContentfulPaint": 1051.2830266355131,
    "timeToInteractive": 2886.6529154567747,
    "largestContentfulPaint": 2364.2635499657817,
    "cumulativeLayoutShift": 0.05696944286657957,
    "firstInputDelay": 38.60146424745432,
    "timestamp": 1774543136428
  },
  "runtime": {
    "memoryUsage": {
      "rss": 56377344,
      "heapUsed": 12558160,
      "heapTotal": 19857408,
      "external": 1967701
    },
    "startupTime": 4667.3985,
    "cpuUsage": 198.719,
    "timestamp": 1774543136428
  },
  "violations": [],
  "recommendations": [
    "Largest file (index.js) is 100.0% of bundle - consider splitting or optimizing"
  ],
  "overallStatus": "pass"
}