{
  "timestamp": 1773968599820,
  "bundleSize": {
    "totalSize": 916,
    "gzippedSize": 423,
    "fileCount": 1,
    "largestFile": {
      "name": "index.js",
      "size": 916,
      "gzippedSize": 423
    },
    "breakdown": [
      {
        "name": "index.js",
        "size": 916,
        "gzippedSize": 423,
        "percentage": 100
      }
    ]
  },
  "webVitals": {
    "firstContentfulPaint": 1462.9039844661365,
    "timeToInteractive": 2303.2997950347726,
    "largestContentfulPaint": 2239.5785362587885,
    "cumulativeLayoutShift": 0.08181170574240518,
    "firstInputDelay": 33.07337326557547,
    "timestamp": 1773968599820
  },
  "runtime": {
    "memoryUsage": {
      "rss": 60178432,
      "heapUsed": 13238488,
      "heapTotal": 20578304,
      "external": 1968479
    },
    "startupTime": 862.496584,
    "cpuUsage": 209.869,
    "timestamp": 1773968599820
  },
  "violations": [],
  "recommendations": [
    "Largest file (index.js) is 100.0% of bundle - consider splitting or optimizing"
  ],
  "overallStatus": "pass"
}