{
  "timestamp": 1774540570352,
  "bundleSize": {
    "totalSize": 916,
    "gzippedSize": 423,
    "fileCount": 1,
    "largestFile": {
      "name": "index.js",
      "size": 916,
      "gzippedSize": 423
    },
    "breakdown": [
      {
        "name": "index.js",
        "size": 916,
        "gzippedSize": 423,
        "percentage": 100
      }
    ]
  },
  "webVitals": {
    "firstContentfulPaint": 857.9683397489277,
    "timeToInteractive": 2626.9686160191795,
    "largestContentfulPaint": 1873.411694753916,
    "cumulativeLayoutShift": 0.05267321509318612,
    "firstInputDelay": 26.855390152153756,
    "timestamp": 1774540570352
  },
  "runtime": {
    "memoryUsage": {
      "rss": 61882368,
      "heapUsed": 12867304,
      "heapTotal": 19857408,
      "external": 1970211
    },
    "startupTime": 464.760917,
    "cpuUsage": 186.424,
    "timestamp": 1774540570352
  },
  "violations": [],
  "recommendations": [
    "Largest file (index.js) is 100.0% of bundle - consider splitting or optimizing"
  ],
  "overallStatus": "pass"
}