{
  "timestamp": 1774624600883,
  "bundleSize": {
    "totalSize": 916,
    "gzippedSize": 423,
    "fileCount": 1,
    "largestFile": {
      "name": "index.js",
      "size": 916,
      "gzippedSize": 423
    },
    "breakdown": [
      {
        "name": "index.js",
        "size": 916,
        "gzippedSize": 423,
        "percentage": 100
      }
    ]
  },
  "webVitals": {
    "firstContentfulPaint": 989.2130550755329,
    "timeToInteractive": 2713.8159432374287,
    "largestContentfulPaint": 1687.7659663773427,
    "cumulativeLayoutShift": 0.08143186248928971,
    "firstInputDelay": 48.935780555908934,
    "timestamp": 1774624600883
  },
  "runtime": {
    "memoryUsage": {
      "rss": 62046208,
      "heapUsed": 12907776,
      "heapTotal": 19857408,
      "external": 1965854
    },
    "startupTime": 192.459959,
    "cpuUsage": 130.38,
    "timestamp": 1774624600883
  },
  "violations": [],
  "recommendations": [
    "Largest file (index.js) is 100.0% of bundle - consider splitting or optimizing"
  ],
  "overallStatus": "pass"
}