{
  "timestamp": 1774537341113,
  "bundleSize": {
    "totalSize": 916,
    "gzippedSize": 423,
    "fileCount": 1,
    "largestFile": {
      "name": "index.js",
      "size": 916,
      "gzippedSize": 423
    },
    "breakdown": [
      {
        "name": "index.js",
        "size": 916,
        "gzippedSize": 423,
        "percentage": 100
      }
    ]
  },
  "webVitals": {
    "firstContentfulPaint": 1360.7482289774766,
    "timeToInteractive": 2365.8208205204533,
    "largestContentfulPaint": 1831.3635170317007,
    "cumulativeLayoutShift": 0.003240995960950799,
    "firstInputDelay": 25.60219987183506,
    "timestamp": 1774537341113
  },
  "runtime": {
    "memoryUsage": {
      "rss": 58671104,
      "heapUsed": 12446536,
      "heapTotal": 20119552,
      "external": 1965320
    },
    "startupTime": 1001.651583,
    "cpuUsage": 213.497,
    "timestamp": 1774537341113
  },
  "violations": [],
  "recommendations": [
    "Largest file (index.js) is 100.0% of bundle - consider splitting or optimizing"
  ],
  "overallStatus": "pass"
}