{
  "timestamp": 1774274830895,
  "bundleSize": {
    "totalSize": 916,
    "gzippedSize": 423,
    "fileCount": 1,
    "largestFile": {
      "name": "index.js",
      "size": 916,
      "gzippedSize": 423
    },
    "breakdown": [
      {
        "name": "index.js",
        "size": 916,
        "gzippedSize": 423,
        "percentage": 100
      }
    ]
  },
  "webVitals": {
    "firstContentfulPaint": 1137.5993875827935,
    "timeToInteractive": 2021.1116135714965,
    "largestContentfulPaint": 2421.625291182053,
    "cumulativeLayoutShift": 0.0058694589116418784,
    "firstInputDelay": 59.54082804237881,
    "timestamp": 1774274830895
  },
  "runtime": {
    "memoryUsage": {
      "rss": 62308352,
      "heapUsed": 12705968,
      "heapTotal": 19857408,
      "external": 1970211
    },
    "startupTime": 646.937958,
    "cpuUsage": 202.692,
    "timestamp": 1774274830895
  },
  "violations": [],
  "recommendations": [
    "Largest file (index.js) is 100.0% of bundle - consider splitting or optimizing"
  ],
  "overallStatus": "pass"
}