{
  "timestamp": 1774561023744,
  "bundleSize": {
    "totalSize": 916,
    "gzippedSize": 423,
    "fileCount": 1,
    "largestFile": {
      "name": "index.js",
      "size": 916,
      "gzippedSize": 423
    },
    "breakdown": [
      {
        "name": "index.js",
        "size": 916,
        "gzippedSize": 423,
        "percentage": 100
      }
    ]
  },
  "webVitals": {
    "firstContentfulPaint": 1464.11323980322,
    "timeToInteractive": 2230.3085926667404,
    "largestContentfulPaint": 1738.3590744276269,
    "cumulativeLayoutShift": 0.020025361479948756,
    "firstInputDelay": 26.452851509977183,
    "timestamp": 1774561023744
  },
  "runtime": {
    "memoryUsage": {
      "rss": 63389696,
      "heapUsed": 13465800,
      "heapTotal": 20152320,
      "external": 1971431
    },
    "startupTime": 220.728208,
    "cpuUsage": 139.999,
    "timestamp": 1774561023744
  },
  "violations": [],
  "recommendations": [
    "Largest file (index.js) is 100.0% of bundle - consider splitting or optimizing"
  ],
  "overallStatus": "pass"
}