{
  "timestamp": 1774196284626,
  "bundleSize": {
    "totalSize": 916,
    "gzippedSize": 423,
    "fileCount": 1,
    "largestFile": {
      "name": "index.js",
      "size": 916,
      "gzippedSize": 423
    },
    "breakdown": [
      {
        "name": "index.js",
        "size": 916,
        "gzippedSize": 423,
        "percentage": 100
      }
    ]
  },
  "webVitals": {
    "firstContentfulPaint": 1107.4902839089714,
    "timeToInteractive": 2058.3790997026463,
    "largestContentfulPaint": 2230.958122696058,
    "cumulativeLayoutShift": 0.0032892907131214957,
    "firstInputDelay": 28.680006452176254,
    "timestamp": 1774196284626
  },
  "runtime": {
    "memoryUsage": {
      "rss": 62488576,
      "heapUsed": 12409912,
      "heapTotal": 19857408,
      "external": 1970949
    },
    "startupTime": 240.966042,
    "cpuUsage": 151.241,
    "timestamp": 1774196284626
  },
  "violations": [],
  "recommendations": [
    "Largest file (index.js) is 100.0% of bundle - consider splitting or optimizing"
  ],
  "overallStatus": "pass"
}