{
  "timestamp": 1773862648999,
  "bundleSize": {
    "totalSize": 916,
    "gzippedSize": 423,
    "fileCount": 1,
    "largestFile": {
      "name": "index.js",
      "size": 916,
      "gzippedSize": 423
    },
    "breakdown": [
      {
        "name": "index.js",
        "size": 916,
        "gzippedSize": 423,
        "percentage": 100
      }
    ]
  },
  "webVitals": {
    "firstContentfulPaint": 786.1406773142007,
    "timeToInteractive": 2485.5414689702147,
    "largestContentfulPaint": 2012.8221456812885,
    "cumulativeLayoutShift": 0.03867263637627601,
    "firstInputDelay": 53.503837849057064,
    "timestamp": 1773862648998
  },
  "runtime": {
    "memoryUsage": {
      "rss": 62210048,
      "heapUsed": 12258168,
      "heapTotal": 20119552,
      "external": 1969708
    },
    "startupTime": 511.297083,
    "cpuUsage": 168.957,
    "timestamp": 1773862648999
  },
  "violations": [],
  "recommendations": [
    "Largest file (index.js) is 100.0% of bundle - consider splitting or optimizing"
  ],
  "overallStatus": "pass"
}