{
  "timestamp": 1774542308781,
  "bundleSize": {
    "totalSize": 916,
    "gzippedSize": 423,
    "fileCount": 1,
    "largestFile": {
      "name": "index.js",
      "size": 916,
      "gzippedSize": 423
    },
    "breakdown": [
      {
        "name": "index.js",
        "size": 916,
        "gzippedSize": 423,
        "percentage": 100
      }
    ]
  },
  "webVitals": {
    "firstContentfulPaint": 598.1155903336548,
    "timeToInteractive": 2242.4142990405735,
    "largestContentfulPaint": 1939.9346665140417,
    "cumulativeLayoutShift": 0.04686031455325373,
    "firstInputDelay": 45.56995290846532,
    "timestamp": 1774542308781
  },
  "runtime": {
    "memoryUsage": {
      "rss": 62390272,
      "heapUsed": 12400032,
      "heapTotal": 19857408,
      "external": 1970223
    },
    "startupTime": 437.443083,
    "cpuUsage": 174.926,
    "timestamp": 1774542308781
  },
  "violations": [],
  "recommendations": [
    "Largest file (index.js) is 100.0% of bundle - consider splitting or optimizing"
  ],
  "overallStatus": "pass"
}