{
  "timestamp": 1774273814092,
  "bundleSize": {
    "totalSize": 916,
    "gzippedSize": 423,
    "fileCount": 1,
    "largestFile": {
      "name": "index.js",
      "size": 916,
      "gzippedSize": 423
    },
    "breakdown": [
      {
        "name": "index.js",
        "size": 916,
        "gzippedSize": 423,
        "percentage": 100
      }
    ]
  },
  "webVitals": {
    "firstContentfulPaint": 1231.4126776630214,
    "timeToInteractive": 2027.5585101653605,
    "largestContentfulPaint": 2219.5147278409286,
    "cumulativeLayoutShift": 0.08185157078541228,
    "firstInputDelay": 61.150549740629714,
    "timestamp": 1774273814092
  },
  "runtime": {
    "memoryUsage": {
      "rss": 57016320,
      "heapUsed": 12716920,
      "heapTotal": 19595264,
      "external": 1965834
    },
    "startupTime": 4232.441375,
    "cpuUsage": 179.434,
    "timestamp": 1774273814092
  },
  "violations": [],
  "recommendations": [
    "Largest file (index.js) is 100.0% of bundle - consider splitting or optimizing"
  ],
  "overallStatus": "pass"
}