{
  "timestamp": 1774269406180,
  "bundleSize": {
    "totalSize": 916,
    "gzippedSize": 423,
    "fileCount": 1,
    "largestFile": {
      "name": "index.js",
      "size": 916,
      "gzippedSize": 423
    },
    "breakdown": [
      {
        "name": "index.js",
        "size": 916,
        "gzippedSize": 423,
        "percentage": 100
      }
    ]
  },
  "webVitals": {
    "firstContentfulPaint": 1069.6953926938297,
    "timeToInteractive": 2549.321683872435,
    "largestContentfulPaint": 1536.646827543155,
    "cumulativeLayoutShift": 0.011796001392034405,
    "firstInputDelay": 43.02911337254973,
    "timestamp": 1774269406180
  },
  "runtime": {
    "memoryUsage": {
      "rss": 62029824,
      "heapUsed": 12406360,
      "heapTotal": 19857408,
      "external": 1965854
    },
    "startupTime": 182.518292,
    "cpuUsage": 119.884,
    "timestamp": 1774269406180
  },
  "violations": [],
  "recommendations": [
    "Largest file (index.js) is 100.0% of bundle - consider splitting or optimizing"
  ],
  "overallStatus": "pass"
}