{
  "timestamp": 1774212573253,
  "bundleSize": {
    "totalSize": 916,
    "gzippedSize": 423,
    "fileCount": 1,
    "largestFile": {
      "name": "index.js",
      "size": 916,
      "gzippedSize": 423
    },
    "breakdown": [
      {
        "name": "index.js",
        "size": 916,
        "gzippedSize": 423,
        "percentage": 100
      }
    ]
  },
  "webVitals": {
    "firstContentfulPaint": 1438.0601275805884,
    "timeToInteractive": 2883.5710755481377,
    "largestContentfulPaint": 2488.186417973157,
    "cumulativeLayoutShift": 0.0657393473047059,
    "firstInputDelay": 70.86658325035192,
    "timestamp": 1774212573253
  },
  "runtime": {
    "memoryUsage": {
      "rss": 61603840,
      "heapUsed": 12552560,
      "heapTotal": 19857408,
      "external": 1970672
    },
    "startupTime": 1530.623833,
    "cpuUsage": 168.566,
    "timestamp": 1774212573253
  },
  "violations": [],
  "recommendations": [
    "Largest file (index.js) is 100.0% of bundle - consider splitting or optimizing"
  ],
  "overallStatus": "pass"
}