{
  "timestamp": 1774224527192,
  "bundleSize": {
    "totalSize": 916,
    "gzippedSize": 423,
    "fileCount": 1,
    "largestFile": {
      "name": "index.js",
      "size": 916,
      "gzippedSize": 423
    },
    "breakdown": [
      {
        "name": "index.js",
        "size": 916,
        "gzippedSize": 423,
        "percentage": 100
      }
    ]
  },
  "webVitals": {
    "firstContentfulPaint": 1150.8218869513007,
    "timeToInteractive": 2576.6704206853506,
    "largestContentfulPaint": 2345.4835672127856,
    "cumulativeLayoutShift": 0.07308184107376459,
    "firstInputDelay": 73.32069026321142,
    "timestamp": 1774224527192
  },
  "runtime": {
    "memoryUsage": {
      "rss": 61652992,
      "heapUsed": 12398112,
      "heapTotal": 19595264,
      "external": 1970211
    },
    "startupTime": 344.09075,
    "cpuUsage": 164.696,
    "timestamp": 1774224527192
  },
  "violations": [],
  "recommendations": [
    "Largest file (index.js) is 100.0% of bundle - consider splitting or optimizing"
  ],
  "overallStatus": "pass"
}