{
  "timestamp": 1774212489728,
  "bundleSize": {
    "totalSize": 916,
    "gzippedSize": 423,
    "fileCount": 1,
    "largestFile": {
      "name": "index.js",
      "size": 916,
      "gzippedSize": 423
    },
    "breakdown": [
      {
        "name": "index.js",
        "size": 916,
        "gzippedSize": 423,
        "percentage": 100
      }
    ]
  },
  "webVitals": {
    "firstContentfulPaint": 1191.5999273186621,
    "timeToInteractive": 2414.852690671379,
    "largestContentfulPaint": 1781.5207000906692,
    "cumulativeLayoutShift": 0.035424484668997884,
    "firstInputDelay": 69.32442151724894,
    "timestamp": 1774212489727
  },
  "runtime": {
    "memoryUsage": {
      "rss": 62914560,
      "heapUsed": 13176776,
      "heapTotal": 20021248,
      "external": 1966360
    },
    "startupTime": 1625.032417,
    "cpuUsage": 196.867,
    "timestamp": 1774212489728
  },
  "violations": [],
  "recommendations": [
    "Largest file (index.js) is 100.0% of bundle - consider splitting or optimizing"
  ],
  "overallStatus": "pass"
}