{
  "timestamp": 1775267405456,
  "bundleSize": {
    "totalSize": 952,
    "gzippedSize": 439,
    "fileCount": 1,
    "largestFile": {
      "name": "index.js",
      "size": 952,
      "gzippedSize": 439
    },
    "breakdown": [
      {
        "name": "index.js",
        "size": 952,
        "gzippedSize": 439,
        "percentage": 100
      }
    ]
  },
  "webVitals": {
    "firstContentfulPaint": 775.3424711311196,
    "timeToInteractive": 2497.361631111233,
    "largestContentfulPaint": 2271.1383983191545,
    "cumulativeLayoutShift": 0.018137488732134166,
    "firstInputDelay": 28.464877482727736,
    "timestamp": 1775267405456
  },
  "runtime": {
    "memoryUsage": {
      "rss": 60162048,
      "heapUsed": 11769832,
      "heapTotal": 19972096,
      "external": 1970451
    },
    "startupTime": 378.349375,
    "cpuUsage": 155.758,
    "timestamp": 1775267405456
  },
  "violations": [],
  "recommendations": [
    "Largest file (index.js) is 100.0% of bundle - consider splitting or optimizing"
  ],
  "overallStatus": "pass"
}