{
  "timestamp": 1774512233334,
  "bundleSize": {
    "totalSize": 916,
    "gzippedSize": 423,
    "fileCount": 1,
    "largestFile": {
      "name": "index.js",
      "size": 916,
      "gzippedSize": 423
    },
    "breakdown": [
      {
        "name": "index.js",
        "size": 916,
        "gzippedSize": 423,
        "percentage": 100
      }
    ]
  },
  "webVitals": {
    "firstContentfulPaint": 796.8046061644749,
    "timeToInteractive": 2306.721396132946,
    "largestContentfulPaint": 2180.7968332164096,
    "cumulativeLayoutShift": 0.06760497261344292,
    "firstInputDelay": 63.65033254796009,
    "timestamp": 1774512233326
  },
  "runtime": {
    "memoryUsage": {
      "rss": 57016320,
      "heapUsed": 11879088,
      "heapTotal": 16187392,
      "external": 1964823
    },
    "startupTime": 9070.336834,
    "cpuUsage": 225.094,
    "timestamp": 1774512233334
  },
  "violations": [],
  "recommendations": [
    "Largest file (index.js) is 100.0% of bundle - consider splitting or optimizing"
  ],
  "overallStatus": "pass"
}