{
  "timestamp": 1774198303521,
  "bundleSize": {
    "totalSize": 916,
    "gzippedSize": 423,
    "fileCount": 1,
    "largestFile": {
      "name": "index.js",
      "size": 916,
      "gzippedSize": 423
    },
    "breakdown": [
      {
        "name": "index.js",
        "size": 916,
        "gzippedSize": 423,
        "percentage": 100
      }
    ]
  },
  "webVitals": {
    "firstContentfulPaint": 1344.3017987387695,
    "timeToInteractive": 2410.2454756835696,
    "largestContentfulPaint": 1816.007105756206,
    "cumulativeLayoutShift": 0.0837680541948787,
    "firstInputDelay": 50.274199432241105,
    "timestamp": 1774198303521
  },
  "runtime": {
    "memoryUsage": {
      "rss": 62668800,
      "heapUsed": 13508192,
      "heapTotal": 20611072,
      "external": 1970223
    },
    "startupTime": 275.247333,
    "cpuUsage": 159.189,
    "timestamp": 1774198303521
  },
  "violations": [],
  "recommendations": [
    "Largest file (index.js) is 100.0% of bundle - consider splitting or optimizing"
  ],
  "overallStatus": "pass"
}