{
  "timestamp": 1774049137913,
  "bundleSize": {
    "totalSize": 916,
    "gzippedSize": 423,
    "fileCount": 1,
    "largestFile": {
      "name": "index.js",
      "size": 916,
      "gzippedSize": 423
    },
    "breakdown": [
      {
        "name": "index.js",
        "size": 916,
        "gzippedSize": 423,
        "percentage": 100
      }
    ]
  },
  "webVitals": {
    "firstContentfulPaint": 1015.1343525763006,
    "timeToInteractive": 2493.6379171916537,
    "largestContentfulPaint": 2448.5868579478615,
    "cumulativeLayoutShift": 0.002960286029971249,
    "firstInputDelay": 40.51391915823176,
    "timestamp": 1774049137913
  },
  "runtime": {
    "memoryUsage": {
      "rss": 62554112,
      "heapUsed": 12960832,
      "heapTotal": 20152320,
      "external": 1970166
    },
    "startupTime": 292.840333,
    "cpuUsage": 163.14,
    "timestamp": 1774049137913
  },
  "violations": [],
  "recommendations": [
    "Largest file (index.js) is 100.0% of bundle - consider splitting or optimizing"
  ],
  "overallStatus": "pass"
}