{
  "timestamp": 1774358061127,
  "bundleSize": {
    "totalSize": 916,
    "gzippedSize": 423,
    "fileCount": 1,
    "largestFile": {
      "name": "index.js",
      "size": 916,
      "gzippedSize": 423
    },
    "breakdown": [
      {
        "name": "index.js",
        "size": 916,
        "gzippedSize": 423,
        "percentage": 100
      }
    ]
  },
  "webVitals": {
    "firstContentfulPaint": 1348.3797147022801,
    "timeToInteractive": 2735.8783068345856,
    "largestContentfulPaint": 2088.1608806373506,
    "cumulativeLayoutShift": 0.02686068473339838,
    "firstInputDelay": 59.76752267022532,
    "timestamp": 1774358061127
  },
  "runtime": {
    "memoryUsage": {
      "rss": 57753600,
      "heapUsed": 12869072,
      "heapTotal": 18284544,
      "external": 2754775
    },
    "startupTime": 153.028709,
    "cpuUsage": 102.416,
    "timestamp": 1774358061127
  },
  "violations": [],
  "recommendations": [
    "Largest file (index.js) is 100.0% of bundle - consider splitting or optimizing"
  ],
  "overallStatus": "pass"
}