{
  "timestamp": 1774357553015,
  "bundleSize": {
    "totalSize": 916,
    "gzippedSize": 423,
    "fileCount": 1,
    "largestFile": {
      "name": "index.js",
      "size": 916,
      "gzippedSize": 423
    },
    "breakdown": [
      {
        "name": "index.js",
        "size": 916,
        "gzippedSize": 423,
        "percentage": 100
      }
    ]
  },
  "webVitals": {
    "firstContentfulPaint": 1038.4187161221766,
    "timeToInteractive": 2398.301802391608,
    "largestContentfulPaint": 1631.8559175985008,
    "cumulativeLayoutShift": 0.02812211908255309,
    "firstInputDelay": 48.732949042107755,
    "timestamp": 1774357553015
  },
  "runtime": {
    "memoryUsage": {
      "rss": 61947904,
      "heapUsed": 12659432,
      "heapTotal": 19857408,
      "external": 1965854
    },
    "startupTime": 203.17425,
    "cpuUsage": 133.435,
    "timestamp": 1774357553015
  },
  "violations": [],
  "recommendations": [
    "Largest file (index.js) is 100.0% of bundle - consider splitting or optimizing"
  ],
  "overallStatus": "pass"
}