{
  "timestamp": 1774267474496,
  "bundleSize": {
    "totalSize": 916,
    "gzippedSize": 423,
    "fileCount": 1,
    "largestFile": {
      "name": "index.js",
      "size": 916,
      "gzippedSize": 423
    },
    "breakdown": [
      {
        "name": "index.js",
        "size": 916,
        "gzippedSize": 423,
        "percentage": 100
      }
    ]
  },
  "webVitals": {
    "firstContentfulPaint": 1245.4472664322097,
    "timeToInteractive": 2609.1841427165054,
    "largestContentfulPaint": 2223.172699126267,
    "cumulativeLayoutShift": 0.024817571570825495,
    "firstInputDelay": 39.31780345513252,
    "timestamp": 1774267474496
  },
  "runtime": {
    "memoryUsage": {
      "rss": 61652992,
      "heapUsed": 12521248,
      "heapTotal": 20119552,
      "external": 1970672
    },
    "startupTime": 802.147042,
    "cpuUsage": 179.55,
    "timestamp": 1774267474496
  },
  "violations": [],
  "recommendations": [
    "Largest file (index.js) is 100.0% of bundle - consider splitting or optimizing"
  ],
  "overallStatus": "pass"
}