{
  "timestamp": 1773779394681,
  "bundleSize": {
    "totalSize": 916,
    "gzippedSize": 423,
    "fileCount": 1,
    "largestFile": {
      "name": "index.js",
      "size": 916,
      "gzippedSize": 423
    },
    "breakdown": [
      {
        "name": "index.js",
        "size": 916,
        "gzippedSize": 423,
        "percentage": 100
      }
    ]
  },
  "webVitals": {
    "firstContentfulPaint": 792.2461231659707,
    "timeToInteractive": 2849.5270241555622,
    "largestContentfulPaint": 2406.292415426363,
    "cumulativeLayoutShift": 0.019000443262468726,
    "firstInputDelay": 65.9986021302056,
    "timestamp": 1773779394681
  },
  "runtime": {
    "memoryUsage": {
      "rss": 58769408,
      "heapUsed": 12224384,
      "heapTotal": 20119552,
      "external": 1966647
    },
    "startupTime": 1220.547208,
    "cpuUsage": 196.645,
    "timestamp": 1773779394681
  },
  "violations": [],
  "recommendations": [
    "Largest file (index.js) is 100.0% of bundle - consider splitting or optimizing"
  ],
  "overallStatus": "pass"
}