{
  "timestamp": 1775919355519,
  "bundleSize": {
    "totalSize": 952,
    "gzippedSize": 439,
    "fileCount": 1,
    "largestFile": {
      "name": "index.js",
      "size": 952,
      "gzippedSize": 439
    },
    "breakdown": [
      {
        "name": "index.js",
        "size": 952,
        "gzippedSize": 439,
        "percentage": 100
      }
    ]
  },
  "webVitals": {
    "firstContentfulPaint": 1440.8192736375252,
    "timeToInteractive": 2850.676431366358,
    "largestContentfulPaint": 1551.8863878448603,
    "cumulativeLayoutShift": 0.015360752072678265,
    "firstInputDelay": 30.966753991932006,
    "timestamp": 1775919355519
  },
  "runtime": {
    "memoryUsage": {
      "rss": 57262080,
      "heapUsed": 12801976,
      "heapTotal": 17874944,
      "external": 2740817
    },
    "startupTime": 203.089417,
    "cpuUsage": 112.564,
    "timestamp": 1775919355519
  },
  "violations": [],
  "recommendations": [
    "Largest file (index.js) is 100.0% of bundle - consider splitting or optimizing"
  ],
  "overallStatus": "pass"
}