{
  "timestamp": 1774542546116,
  "bundleSize": {
    "totalSize": 916,
    "gzippedSize": 423,
    "fileCount": 1,
    "largestFile": {
      "name": "index.js",
      "size": 916,
      "gzippedSize": 423
    },
    "breakdown": [
      {
        "name": "index.js",
        "size": 916,
        "gzippedSize": 423,
        "percentage": 100
      }
    ]
  },
  "webVitals": {
    "firstContentfulPaint": 849.4739587601292,
    "timeToInteractive": 2070.786620625339,
    "largestContentfulPaint": 1820.1408393438292,
    "cumulativeLayoutShift": 0.0014084500901730525,
    "firstInputDelay": 30.248488688146956,
    "timestamp": 1774542546115
  },
  "runtime": {
    "memoryUsage": {
      "rss": 53444608,
      "heapUsed": 12935576,
      "heapTotal": 20152320,
      "external": 1966361
    },
    "startupTime": 7573.769875,
    "cpuUsage": 241.864,
    "timestamp": 1774542546116
  },
  "violations": [],
  "recommendations": [
    "Largest file (index.js) is 100.0% of bundle - consider splitting or optimizing"
  ],
  "overallStatus": "pass"
}