{
  "timestamp": 1774227119448,
  "bundleSize": {
    "totalSize": 916,
    "gzippedSize": 423,
    "fileCount": 1,
    "largestFile": {
      "name": "index.js",
      "size": 916,
      "gzippedSize": 423
    },
    "breakdown": [
      {
        "name": "index.js",
        "size": 916,
        "gzippedSize": 423,
        "percentage": 100
      }
    ]
  },
  "webVitals": {
    "firstContentfulPaint": 1128.3306307792711,
    "timeToInteractive": 2125.8745648448385,
    "largestContentfulPaint": 1678.6131400133509,
    "cumulativeLayoutShift": 0.051558086198971134,
    "firstInputDelay": 55.139501115323654,
    "timestamp": 1774227119447
  },
  "runtime": {
    "memoryUsage": {
      "rss": 62439424,
      "heapUsed": 12959744,
      "heapTotal": 20152320,
      "external": 1966360
    },
    "startupTime": 1727.519458,
    "cpuUsage": 178.437,
    "timestamp": 1774227119448
  },
  "violations": [],
  "recommendations": [
    "Largest file (index.js) is 100.0% of bundle - consider splitting or optimizing"
  ],
  "overallStatus": "pass"
}