{
  "timestamp": 1774559503990,
  "bundleSize": {
    "totalSize": 916,
    "gzippedSize": 423,
    "fileCount": 1,
    "largestFile": {
      "name": "index.js",
      "size": 916,
      "gzippedSize": 423
    },
    "breakdown": [
      {
        "name": "index.js",
        "size": 916,
        "gzippedSize": 423,
        "percentage": 100
      }
    ]
  },
  "webVitals": {
    "firstContentfulPaint": 616.4107328129444,
    "timeToInteractive": 2687.9943658102366,
    "largestContentfulPaint": 2231.7541830874748,
    "cumulativeLayoutShift": 0.06711957792704475,
    "firstInputDelay": 26.010942963543883,
    "timestamp": 1774559503990
  },
  "runtime": {
    "memoryUsage": {
      "rss": 63127552,
      "heapUsed": 13305664,
      "heapTotal": 20152320,
      "external": 1971431
    },
    "startupTime": 218.209125,
    "cpuUsage": 137.17,
    "timestamp": 1774559503990
  },
  "violations": [],
  "recommendations": [
    "Largest file (index.js) is 100.0% of bundle - consider splitting or optimizing"
  ],
  "overallStatus": "pass"
}