{
  "timestamp": 1774556967037,
  "bundleSize": {
    "totalSize": 916,
    "gzippedSize": 423,
    "fileCount": 1,
    "largestFile": {
      "name": "index.js",
      "size": 916,
      "gzippedSize": 423
    },
    "breakdown": [
      {
        "name": "index.js",
        "size": 916,
        "gzippedSize": 423,
        "percentage": 100
      }
    ]
  },
  "webVitals": {
    "firstContentfulPaint": 1365.7141327078828,
    "timeToInteractive": 2246.449953628221,
    "largestContentfulPaint": 2422.8453851158465,
    "cumulativeLayoutShift": 0.07808486466856256,
    "firstInputDelay": 63.85682181356393,
    "timestamp": 1774556967037
  },
  "runtime": {
    "memoryUsage": {
      "rss": 61669376,
      "heapUsed": 12714968,
      "heapTotal": 19857408,
      "external": 1971431
    },
    "startupTime": 220.021292,
    "cpuUsage": 136.013,
    "timestamp": 1774556967037
  },
  "violations": [],
  "recommendations": [
    "Largest file (index.js) is 100.0% of bundle - consider splitting or optimizing"
  ],
  "overallStatus": "pass"
}