{
  "timestamp": 1773847467163,
  "bundleSize": {
    "totalSize": 916,
    "gzippedSize": 423,
    "fileCount": 1,
    "largestFile": {
      "name": "index.js",
      "size": 916,
      "gzippedSize": 423
    },
    "breakdown": [
      {
        "name": "index.js",
        "size": 916,
        "gzippedSize": 423,
        "percentage": 100
      }
    ]
  },
  "webVitals": {
    "firstContentfulPaint": 675.8332802147164,
    "timeToInteractive": 2884.3376879476364,
    "largestContentfulPaint": 2350.6814865195324,
    "cumulativeLayoutShift": 0.05333895834552691,
    "firstInputDelay": 63.257256584881425,
    "timestamp": 1773847467163
  },
  "runtime": {
    "memoryUsage": {
      "rss": 59228160,
      "heapUsed": 12250720,
      "heapTotal": 19857408,
      "external": 1965845
    },
    "startupTime": 1575.562458,
    "cpuUsage": 183.431,
    "timestamp": 1773847467163
  },
  "violations": [],
  "recommendations": [
    "Largest file (index.js) is 100.0% of bundle - consider splitting or optimizing"
  ],
  "overallStatus": "pass"
}