{
  "timestamp": 1773770654518,
  "bundleSize": {
    "totalSize": 916,
    "gzippedSize": 423,
    "fileCount": 1,
    "largestFile": {
      "name": "index.js",
      "size": 916,
      "gzippedSize": 423
    },
    "breakdown": [
      {
        "name": "index.js",
        "size": 916,
        "gzippedSize": 423,
        "percentage": 100
      }
    ]
  },
  "webVitals": {
    "firstContentfulPaint": 1394.286685592036,
    "timeToInteractive": 2470.242362226149,
    "largestContentfulPaint": 1744.8197484262919,
    "cumulativeLayoutShift": 0.06004783637555804,
    "firstInputDelay": 56.114996791727776,
    "timestamp": 1773770654518
  },
  "runtime": {
    "memoryUsage": {
      "rss": 62144512,
      "heapUsed": 12146888,
      "heapTotal": 20381696,
      "external": 1969696
    },
    "startupTime": 321.652042,
    "cpuUsage": 164.662,
    "timestamp": 1773770654518
  },
  "violations": [],
  "recommendations": [
    "Largest file (index.js) is 100.0% of bundle - consider splitting or optimizing"
  ],
  "overallStatus": "pass"
}