{
  "timestamp": 1774264773340,
  "bundleSize": {
    "totalSize": 916,
    "gzippedSize": 423,
    "fileCount": 1,
    "largestFile": {
      "name": "index.js",
      "size": 916,
      "gzippedSize": 423
    },
    "breakdown": [
      {
        "name": "index.js",
        "size": 916,
        "gzippedSize": 423,
        "percentage": 100
      }
    ]
  },
  "webVitals": {
    "firstContentfulPaint": 536.7017242894483,
    "timeToInteractive": 2813.7130687028475,
    "largestContentfulPaint": 2217.525582260394,
    "cumulativeLayoutShift": 0.03904690428131999,
    "firstInputDelay": 61.534300058366476,
    "timestamp": 1774264773340
  },
  "runtime": {
    "memoryUsage": {
      "rss": 55672832,
      "heapUsed": 13083432,
      "heapTotal": 20480000,
      "external": 1968504
    },
    "startupTime": 7512.259375,
    "cpuUsage": 228.911,
    "timestamp": 1774264773340
  },
  "violations": [],
  "recommendations": [
    "Largest file (index.js) is 100.0% of bundle - consider splitting or optimizing"
  ],
  "overallStatus": "pass"
}