{
  "timestamp": 1774315293334,
  "bundleSize": {
    "totalSize": 916,
    "gzippedSize": 423,
    "fileCount": 1,
    "largestFile": {
      "name": "index.js",
      "size": 916,
      "gzippedSize": 423
    },
    "breakdown": [
      {
        "name": "index.js",
        "size": 916,
        "gzippedSize": 423,
        "percentage": 100
      }
    ]
  },
  "webVitals": {
    "firstContentfulPaint": 1301.9961840237484,
    "timeToInteractive": 2439.8571910184655,
    "largestContentfulPaint": 1514.3865303472087,
    "cumulativeLayoutShift": 0.02880846794507721,
    "firstInputDelay": 67.5973448909798,
    "timestamp": 1774315293333
  },
  "runtime": {
    "memoryUsage": {
      "rss": 62685184,
      "heapUsed": 12963320,
      "heapTotal": 20512768,
      "external": 1965372
    },
    "startupTime": 757.521125,
    "cpuUsage": 196.991,
    "timestamp": 1774315293334
  },
  "violations": [],
  "recommendations": [
    "Largest file (index.js) is 100.0% of bundle - consider splitting or optimizing"
  ],
  "overallStatus": "pass"
}