{
  "timestamp": 1774225268134,
  "bundleSize": {
    "totalSize": 916,
    "gzippedSize": 423,
    "fileCount": 1,
    "largestFile": {
      "name": "index.js",
      "size": 916,
      "gzippedSize": 423
    },
    "breakdown": [
      {
        "name": "index.js",
        "size": 916,
        "gzippedSize": 423,
        "percentage": 100
      }
    ]
  },
  "webVitals": {
    "firstContentfulPaint": 647.0873199349705,
    "timeToInteractive": 2298.6435905973763,
    "largestContentfulPaint": 2073.799558673168,
    "cumulativeLayoutShift": 0.030809735972865293,
    "firstInputDelay": 36.75511405055797,
    "timestamp": 1774225268134
  },
  "runtime": {
    "memoryUsage": {
      "rss": 55885824,
      "heapUsed": 12298904,
      "heapTotal": 20119552,
      "external": 1966662
    },
    "startupTime": 8788.589125,
    "cpuUsage": 225.142,
    "timestamp": 1774225268134
  },
  "violations": [],
  "recommendations": [
    "Largest file (index.js) is 100.0% of bundle - consider splitting or optimizing"
  ],
  "overallStatus": "pass"
}