{
  "timestamp": 1774522408159,
  "bundleSize": {
    "totalSize": 916,
    "gzippedSize": 423,
    "fileCount": 1,
    "largestFile": {
      "name": "index.js",
      "size": 916,
      "gzippedSize": 423
    },
    "breakdown": [
      {
        "name": "index.js",
        "size": 916,
        "gzippedSize": 423,
        "percentage": 100
      }
    ]
  },
  "webVitals": {
    "firstContentfulPaint": 1130.0326354244219,
    "timeToInteractive": 2085.4489702300166,
    "largestContentfulPaint": 2142.7034210324773,
    "cumulativeLayoutShift": 0.07942117923938251,
    "firstInputDelay": 25.639530565175694,
    "timestamp": 1774522408159
  },
  "runtime": {
    "memoryUsage": {
      "rss": 60063744,
      "heapUsed": 13025336,
      "heapTotal": 20185088,
      "external": 1966360
    },
    "startupTime": 1274.637583,
    "cpuUsage": 223.092,
    "timestamp": 1774522408159
  },
  "violations": [],
  "recommendations": [
    "Largest file (index.js) is 100.0% of bundle - consider splitting or optimizing"
  ],
  "overallStatus": "pass"
}