{
  "timestamp": 1773843021010,
  "bundleSize": {
    "totalSize": 916,
    "gzippedSize": 423,
    "fileCount": 1,
    "largestFile": {
      "name": "index.js",
      "size": 916,
      "gzippedSize": 423
    },
    "breakdown": [
      {
        "name": "index.js",
        "size": 916,
        "gzippedSize": 423,
        "percentage": 100
      }
    ]
  },
  "webVitals": {
    "firstContentfulPaint": 858.4823975575644,
    "timeToInteractive": 2580.351852585804,
    "largestContentfulPaint": 2138.9149064245676,
    "cumulativeLayoutShift": 0.030779250294310723,
    "firstInputDelay": 70.64241778466871,
    "timestamp": 1773843021010
  },
  "runtime": {
    "memoryUsage": {
      "rss": 62291968,
      "heapUsed": 12064360,
      "heapTotal": 20119552,
      "external": 1971011
    },
    "startupTime": 205.374208,
    "cpuUsage": 136.806,
    "timestamp": 1773843021010
  },
  "violations": [],
  "recommendations": [
    "Largest file (index.js) is 100.0% of bundle - consider splitting or optimizing"
  ],
  "overallStatus": "pass"
}