{
  "timestamp": 1773939948216,
  "bundleSize": {
    "totalSize": 916,
    "gzippedSize": 423,
    "fileCount": 1,
    "largestFile": {
      "name": "index.js",
      "size": 916,
      "gzippedSize": 423
    },
    "breakdown": [
      {
        "name": "index.js",
        "size": 916,
        "gzippedSize": 423,
        "percentage": 100
      }
    ]
  },
  "webVitals": {
    "firstContentfulPaint": 1087.3087915444457,
    "timeToInteractive": 2160.9409073834904,
    "largestContentfulPaint": 1923.7741151525602,
    "cumulativeLayoutShift": 0.01833681268995604,
    "firstInputDelay": 42.13265826015091,
    "timestamp": 1773939948216
  },
  "runtime": {
    "memoryUsage": {
      "rss": 62291968,
      "heapUsed": 12727952,
      "heapTotal": 20381696,
      "external": 1971431
    },
    "startupTime": 222.260834,
    "cpuUsage": 140.114,
    "timestamp": 1773939948216
  },
  "violations": [],
  "recommendations": [
    "Largest file (index.js) is 100.0% of bundle - consider splitting or optimizing"
  ],
  "overallStatus": "pass"
}