{
  "timestamp": 1773688365577,
  "bundleSize": {
    "totalSize": 916,
    "gzippedSize": 423,
    "fileCount": 1,
    "largestFile": {
      "name": "index.js",
      "size": 916,
      "gzippedSize": 423
    },
    "breakdown": [
      {
        "name": "index.js",
        "size": 916,
        "gzippedSize": 423,
        "percentage": 100
      }
    ]
  },
  "webVitals": {
    "firstContentfulPaint": 698.7094232999311,
    "timeToInteractive": 2187.996562671613,
    "largestContentfulPaint": 1588.338164764725,
    "cumulativeLayoutShift": 0.017406274471879615,
    "firstInputDelay": 35.464018944304286,
    "timestamp": 1773688365576
  },
  "runtime": {
    "memoryUsage": {
      "rss": 61833216,
      "heapUsed": 12239672,
      "heapTotal": 19857408,
      "external": 1971210
    },
    "startupTime": 809.896875,
    "cpuUsage": 181.287,
    "timestamp": 1773688365577
  },
  "violations": [],
  "recommendations": [
    "Largest file (index.js) is 100.0% of bundle - consider splitting or optimizing"
  ],
  "overallStatus": "pass"
}