{
  "timestamp": 1774457978741,
  "bundleSize": {
    "totalSize": 916,
    "gzippedSize": 423,
    "fileCount": 1,
    "largestFile": {
      "name": "index.js",
      "size": 916,
      "gzippedSize": 423
    },
    "breakdown": [
      {
        "name": "index.js",
        "size": 916,
        "gzippedSize": 423,
        "percentage": 100
      }
    ]
  },
  "webVitals": {
    "firstContentfulPaint": 878.9812564148134,
    "timeToInteractive": 2601.0777709380573,
    "largestContentfulPaint": 2358.7824060483103,
    "cumulativeLayoutShift": 0.055304659658038484,
    "firstInputDelay": 39.166677714635824,
    "timestamp": 1774457978741
  },
  "runtime": {
    "memoryUsage": {
      "rss": 63700992,
      "heapUsed": 13714984,
      "heapTotal": 20512768,
      "external": 1970211
    },
    "startupTime": 500.240208,
    "cpuUsage": 208.845,
    "timestamp": 1774457978741
  },
  "violations": [],
  "recommendations": [
    "Largest file (index.js) is 100.0% of bundle - consider splitting or optimizing"
  ],
  "overallStatus": "pass"
}