{
  "timestamp": 1774435834578,
  "bundleSize": {
    "totalSize": 916,
    "gzippedSize": 423,
    "fileCount": 1,
    "largestFile": {
      "name": "index.js",
      "size": 916,
      "gzippedSize": 423
    },
    "breakdown": [
      {
        "name": "index.js",
        "size": 916,
        "gzippedSize": 423,
        "percentage": 100
      }
    ]
  },
  "webVitals": {
    "firstContentfulPaint": 506.4695996374779,
    "timeToInteractive": 2216.4501665706925,
    "largestContentfulPaint": 2422.7838470412494,
    "cumulativeLayoutShift": 0.02501788993921457,
    "firstInputDelay": 35.00234854929249,
    "timestamp": 1774435834577
  },
  "runtime": {
    "memoryUsage": {
      "rss": 62455808,
      "heapUsed": 12685120,
      "heapTotal": 20119552,
      "external": 1971431
    },
    "startupTime": 216.379125,
    "cpuUsage": 141.019,
    "timestamp": 1774435834578
  },
  "violations": [],
  "recommendations": [
    "Largest file (index.js) is 100.0% of bundle - consider splitting or optimizing"
  ],
  "overallStatus": "pass"
}