{
  "timestamp": 1774397785274,
  "bundleSize": {
    "totalSize": 916,
    "gzippedSize": 423,
    "fileCount": 1,
    "largestFile": {
      "name": "index.js",
      "size": 916,
      "gzippedSize": 423
    },
    "breakdown": [
      {
        "name": "index.js",
        "size": 916,
        "gzippedSize": 423,
        "percentage": 100
      }
    ]
  },
  "webVitals": {
    "firstContentfulPaint": 1443.4328231506443,
    "timeToInteractive": 2239.872712716522,
    "largestContentfulPaint": 1719.2317057325706,
    "cumulativeLayoutShift": 0.03348397552393452,
    "firstInputDelay": 58.87332411456045,
    "timestamp": 1774397785274
  },
  "runtime": {
    "memoryUsage": {
      "rss": 62390272,
      "heapUsed": 12575880,
      "heapTotal": 19857408,
      "external": 1971431
    },
    "startupTime": 258.295083,
    "cpuUsage": 157.893,
    "timestamp": 1774397785274
  },
  "violations": [],
  "recommendations": [
    "Largest file (index.js) is 100.0% of bundle - consider splitting or optimizing"
  ],
  "overallStatus": "pass"
}