{
  "timestamp": 1773947852247,
  "bundleSize": {
    "totalSize": 916,
    "gzippedSize": 423,
    "fileCount": 1,
    "largestFile": {
      "name": "index.js",
      "size": 916,
      "gzippedSize": 423
    },
    "breakdown": [
      {
        "name": "index.js",
        "size": 916,
        "gzippedSize": 423,
        "percentage": 100
      }
    ]
  },
  "webVitals": {
    "firstContentfulPaint": 876.0580342910187,
    "timeToInteractive": 2977.9428136699908,
    "largestContentfulPaint": 2278.7540975042416,
    "cumulativeLayoutShift": 0.01146138492738309,
    "firstInputDelay": 46.99082771808373,
    "timestamp": 1773947852246
  },
  "runtime": {
    "memoryUsage": {
      "rss": 61587456,
      "heapUsed": 12475856,
      "heapTotal": 19857408,
      "external": 1965372
    },
    "startupTime": 375.183666,
    "cpuUsage": 183.408,
    "timestamp": 1773947852247
  },
  "violations": [],
  "recommendations": [
    "Largest file (index.js) is 100.0% of bundle - consider splitting or optimizing"
  ],
  "overallStatus": "pass"
}