{
  "timestamp": 1773842224795,
  "bundleSize": {
    "totalSize": 916,
    "gzippedSize": 423,
    "fileCount": 1,
    "largestFile": {
      "name": "index.js",
      "size": 916,
      "gzippedSize": 423
    },
    "breakdown": [
      {
        "name": "index.js",
        "size": 916,
        "gzippedSize": 423,
        "percentage": 100
      }
    ]
  },
  "webVitals": {
    "firstContentfulPaint": 698.139415368031,
    "timeToInteractive": 2428.3496348259177,
    "largestContentfulPaint": 1728.1344225819785,
    "cumulativeLayoutShift": 0.010826552986032679,
    "firstInputDelay": 50.983683132749015,
    "timestamp": 1773842224795
  },
  "runtime": {
    "memoryUsage": {
      "rss": 61997056,
      "heapUsed": 12100304,
      "heapTotal": 20381696,
      "external": 1965339
    },
    "startupTime": 189.180542,
    "cpuUsage": 128.936,
    "timestamp": 1773842224795
  },
  "violations": [],
  "recommendations": [
    "Largest file (index.js) is 100.0% of bundle - consider splitting or optimizing"
  ],
  "overallStatus": "pass"
}