{
  "timestamp": 1773971368909,
  "bundleSize": {
    "totalSize": 916,
    "gzippedSize": 423,
    "fileCount": 1,
    "largestFile": {
      "name": "index.js",
      "size": 916,
      "gzippedSize": 423
    },
    "breakdown": [
      {
        "name": "index.js",
        "size": 916,
        "gzippedSize": 423,
        "percentage": 100
      }
    ]
  },
  "webVitals": {
    "firstContentfulPaint": 1428.8009496743043,
    "timeToInteractive": 2411.348510584507,
    "largestContentfulPaint": 1535.7380883155706,
    "cumulativeLayoutShift": 0.03942958533038785,
    "firstInputDelay": 62.873200612345926,
    "timestamp": 1773971368909
  },
  "runtime": {
    "memoryUsage": {
      "rss": 61702144,
      "heapUsed": 12736960,
      "heapTotal": 19857408,
      "external": 1966360
    },
    "startupTime": 881.395541,
    "cpuUsage": 168.63,
    "timestamp": 1773971368909
  },
  "violations": [],
  "recommendations": [
    "Largest file (index.js) is 100.0% of bundle - consider splitting or optimizing"
  ],
  "overallStatus": "pass"
}