{
  "timestamp": 1774559840570,
  "bundleSize": {
    "totalSize": 916,
    "gzippedSize": 423,
    "fileCount": 1,
    "largestFile": {
      "name": "index.js",
      "size": 916,
      "gzippedSize": 423
    },
    "breakdown": [
      {
        "name": "index.js",
        "size": 916,
        "gzippedSize": 423,
        "percentage": 100
      }
    ]
  },
  "webVitals": {
    "firstContentfulPaint": 1440.2194935002467,
    "timeToInteractive": 2793.6104806880007,
    "largestContentfulPaint": 2333.6692155793107,
    "cumulativeLayoutShift": 0.09675737951418845,
    "firstInputDelay": 32.594227889084706,
    "timestamp": 1774559840570
  },
  "runtime": {
    "memoryUsage": {
      "rss": 62570496,
      "heapUsed": 12575808,
      "heapTotal": 19857408,
      "external": 1971431
    },
    "startupTime": 222.241875,
    "cpuUsage": 137.98,
    "timestamp": 1774559840570
  },
  "violations": [],
  "recommendations": [
    "Largest file (index.js) is 100.0% of bundle - consider splitting or optimizing"
  ],
  "overallStatus": "pass"
}