{
  "timestamp": 1774513347692,
  "bundleSize": {
    "totalSize": 916,
    "gzippedSize": 423,
    "fileCount": 1,
    "largestFile": {
      "name": "index.js",
      "size": 916,
      "gzippedSize": 423
    },
    "breakdown": [
      {
        "name": "index.js",
        "size": 916,
        "gzippedSize": 423,
        "percentage": 100
      }
    ]
  },
  "webVitals": {
    "firstContentfulPaint": 1241.2305404139615,
    "timeToInteractive": 2027.4714867886407,
    "largestContentfulPaint": 1809.976451622146,
    "cumulativeLayoutShift": 0.04656943361790864,
    "firstInputDelay": 35.12909439608324,
    "timestamp": 1774513347692
  },
  "runtime": {
    "memoryUsage": {
      "rss": 61898752,
      "heapUsed": 12394064,
      "heapTotal": 20119552,
      "external": 1971431
    },
    "startupTime": 218.504125,
    "cpuUsage": 139.281,
    "timestamp": 1774513347692
  },
  "violations": [],
  "recommendations": [
    "Largest file (index.js) is 100.0% of bundle - consider splitting or optimizing"
  ],
  "overallStatus": "pass"
}