{
  "timestamp": 1774280725383,
  "bundleSize": {
    "totalSize": 916,
    "gzippedSize": 423,
    "fileCount": 1,
    "largestFile": {
      "name": "index.js",
      "size": 916,
      "gzippedSize": 423
    },
    "breakdown": [
      {
        "name": "index.js",
        "size": 916,
        "gzippedSize": 423,
        "percentage": 100
      }
    ]
  },
  "webVitals": {
    "firstContentfulPaint": 925.5896099337906,
    "timeToInteractive": 2473.060600495379,
    "largestContentfulPaint": 1626.7470643144432,
    "cumulativeLayoutShift": 0.09621367355318333,
    "firstInputDelay": 66.48622756659609,
    "timestamp": 1774280725383
  },
  "runtime": {
    "memoryUsage": {
      "rss": 58572800,
      "heapUsed": 13824672,
      "heapTotal": 20512768,
      "external": 1966361
    },
    "startupTime": 4584.727292,
    "cpuUsage": 213.118,
    "timestamp": 1774280725383
  },
  "violations": [],
  "recommendations": [
    "Largest file (index.js) is 100.0% of bundle - consider splitting or optimizing"
  ],
  "overallStatus": "pass"
}