{
  "timestamp": 1774352791763,
  "bundleSize": {
    "totalSize": 916,
    "gzippedSize": 423,
    "fileCount": 1,
    "largestFile": {
      "name": "index.js",
      "size": 916,
      "gzippedSize": 423
    },
    "breakdown": [
      {
        "name": "index.js",
        "size": 916,
        "gzippedSize": 423,
        "percentage": 100
      }
    ]
  },
  "webVitals": {
    "firstContentfulPaint": 1426.445820493141,
    "timeToInteractive": 2447.8221145096363,
    "largestContentfulPaint": 2270.328529785925,
    "cumulativeLayoutShift": 0.022348734983908616,
    "firstInputDelay": 59.812738333088056,
    "timestamp": 1774352791763
  },
  "runtime": {
    "memoryUsage": {
      "rss": 62144512,
      "heapUsed": 12334864,
      "heapTotal": 20119552,
      "external": 1965854
    },
    "startupTime": 221.101417,
    "cpuUsage": 145.06,
    "timestamp": 1774352791763
  },
  "violations": [],
  "recommendations": [
    "Largest file (index.js) is 100.0% of bundle - consider splitting or optimizing"
  ],
  "overallStatus": "pass"
}