{
  "timestamp": 1773694153299,
  "bundleSize": {
    "totalSize": 916,
    "gzippedSize": 423,
    "fileCount": 1,
    "largestFile": {
      "name": "index.js",
      "size": 916,
      "gzippedSize": 423
    },
    "breakdown": [
      {
        "name": "index.js",
        "size": 916,
        "gzippedSize": 423,
        "percentage": 100
      }
    ]
  },
  "webVitals": {
    "firstContentfulPaint": 749.9607822437051,
    "timeToInteractive": 2565.7574526588337,
    "largestContentfulPaint": 1597.1217673705983,
    "cumulativeLayoutShift": 0.05381666242376773,
    "firstInputDelay": 58.48757164614457,
    "timestamp": 1773694153299
  },
  "runtime": {
    "memoryUsage": {
      "rss": 61849600,
      "heapUsed": 12114480,
      "heapTotal": 19857408,
      "external": 1965339
    },
    "startupTime": 254.593125,
    "cpuUsage": 147.352,
    "timestamp": 1773694153299
  },
  "violations": [],
  "recommendations": [
    "Largest file (index.js) is 100.0% of bundle - consider splitting or optimizing"
  ],
  "overallStatus": "pass"
}