{
  "timestamp": 1774314789991,
  "bundleSize": {
    "totalSize": 916,
    "gzippedSize": 423,
    "fileCount": 1,
    "largestFile": {
      "name": "index.js",
      "size": 916,
      "gzippedSize": 423
    },
    "breakdown": [
      {
        "name": "index.js",
        "size": 916,
        "gzippedSize": 423,
        "percentage": 100
      }
    ]
  },
  "webVitals": {
    "firstContentfulPaint": 1358.633855943523,
    "timeToInteractive": 2678.3129399877766,
    "largestContentfulPaint": 2464.981135950201,
    "cumulativeLayoutShift": 0.00001923599470374793,
    "firstInputDelay": 57.45420048913223,
    "timestamp": 1774314789991
  },
  "runtime": {
    "memoryUsage": {
      "rss": 62193664,
      "heapUsed": 12679880,
      "heapTotal": 20119552,
      "external": 1971431
    },
    "startupTime": 219.737208,
    "cpuUsage": 135.401,
    "timestamp": 1774314789991
  },
  "violations": [],
  "recommendations": [
    "Largest file (index.js) is 100.0% of bundle - consider splitting or optimizing"
  ],
  "overallStatus": "pass"
}