{
  "timestamp": 1774535003893,
  "bundleSize": {
    "totalSize": 916,
    "gzippedSize": 423,
    "fileCount": 1,
    "largestFile": {
      "name": "index.js",
      "size": 916,
      "gzippedSize": 423
    },
    "breakdown": [
      {
        "name": "index.js",
        "size": 916,
        "gzippedSize": 423,
        "percentage": 100
      }
    ]
  },
  "webVitals": {
    "firstContentfulPaint": 931.2473060475195,
    "timeToInteractive": 2951.855395692277,
    "largestContentfulPaint": 2011.9974113223695,
    "cumulativeLayoutShift": 0.016204557742373994,
    "firstInputDelay": 46.972703070221655,
    "timestamp": 1774535003893
  },
  "runtime": {
    "memoryUsage": {
      "rss": 59867136,
      "heapUsed": 12738728,
      "heapTotal": 19595264,
      "external": 1965833
    },
    "startupTime": 2169.821459,
    "cpuUsage": 193.267,
    "timestamp": 1774535003893
  },
  "violations": [],
  "recommendations": [
    "Largest file (index.js) is 100.0% of bundle - consider splitting or optimizing"
  ],
  "overallStatus": "pass"
}