{
  "timestamp": 1774534930358,
  "bundleSize": {
    "totalSize": 916,
    "gzippedSize": 423,
    "fileCount": 1,
    "largestFile": {
      "name": "index.js",
      "size": 916,
      "gzippedSize": 423
    },
    "breakdown": [
      {
        "name": "index.js",
        "size": 916,
        "gzippedSize": 423,
        "percentage": 100
      }
    ]
  },
  "webVitals": {
    "firstContentfulPaint": 893.8681626489413,
    "timeToInteractive": 2473.6483042883683,
    "largestContentfulPaint": 1532.2107450534784,
    "cumulativeLayoutShift": 0.05227657190072568,
    "firstInputDelay": 36.22529331082606,
    "timestamp": 1774534930358
  },
  "runtime": {
    "memoryUsage": {
      "rss": 57409536,
      "heapUsed": 12759584,
      "heapTotal": 19857408,
      "external": 1966360
    },
    "startupTime": 3598.834167,
    "cpuUsage": 211.997,
    "timestamp": 1774534930358
  },
  "violations": [],
  "recommendations": [
    "Largest file (index.js) is 100.0% of bundle - consider splitting or optimizing"
  ],
  "overallStatus": "pass"
}