{
  "timestamp": 1774054191144,
  "bundleSize": {
    "totalSize": 916,
    "gzippedSize": 423,
    "fileCount": 1,
    "largestFile": {
      "name": "index.js",
      "size": 916,
      "gzippedSize": 423
    },
    "breakdown": [
      {
        "name": "index.js",
        "size": 916,
        "gzippedSize": 423,
        "percentage": 100
      }
    ]
  },
  "webVitals": {
    "firstContentfulPaint": 555.9813995804988,
    "timeToInteractive": 2330.9820971369963,
    "largestContentfulPaint": 1534.3773573508008,
    "cumulativeLayoutShift": 0.053251870477537946,
    "firstInputDelay": 41.39845267439695,
    "timestamp": 1774054191144
  },
  "runtime": {
    "memoryUsage": {
      "rss": 57671680,
      "heapUsed": 12746592,
      "heapTotal": 18284544,
      "external": 2746021
    },
    "startupTime": 159.749708,
    "cpuUsage": 108.432,
    "timestamp": 1774054191144
  },
  "violations": [],
  "recommendations": [
    "Largest file (index.js) is 100.0% of bundle - consider splitting or optimizing"
  ],
  "overallStatus": "pass"
}