{
  "timestamp": 1773863383763,
  "bundleSize": {
    "totalSize": 916,
    "gzippedSize": 423,
    "fileCount": 1,
    "largestFile": {
      "name": "index.js",
      "size": 916,
      "gzippedSize": 423
    },
    "breakdown": [
      {
        "name": "index.js",
        "size": 916,
        "gzippedSize": 423,
        "percentage": 100
      }
    ]
  },
  "webVitals": {
    "firstContentfulPaint": 960.5267002799338,
    "timeToInteractive": 2767.2562773298105,
    "largestContentfulPaint": 1675.7746018410862,
    "cumulativeLayoutShift": 0.04963504308144689,
    "firstInputDelay": 59.498702811586746,
    "timestamp": 1773863383763
  },
  "runtime": {
    "memoryUsage": {
      "rss": 58458112,
      "heapUsed": 12242536,
      "heapTotal": 20119552,
      "external": 1965845
    },
    "startupTime": 1649.6035,
    "cpuUsage": 175.995,
    "timestamp": 1773863383763
  },
  "violations": [],
  "recommendations": [
    "Largest file (index.js) is 100.0% of bundle - consider splitting or optimizing"
  ],
  "overallStatus": "pass"
}