{
  "timestamp": 1774227151468,
  "bundleSize": {
    "totalSize": 916,
    "gzippedSize": 423,
    "fileCount": 1,
    "largestFile": {
      "name": "index.js",
      "size": 916,
      "gzippedSize": 423
    },
    "breakdown": [
      {
        "name": "index.js",
        "size": 916,
        "gzippedSize": 423,
        "percentage": 100
      }
    ]
  },
  "webVitals": {
    "firstContentfulPaint": 1470.7167452940541,
    "timeToInteractive": 2238.1675627316913,
    "largestContentfulPaint": 2058.9790837358455,
    "cumulativeLayoutShift": 0.013384767768475171,
    "firstInputDelay": 42.967772265953016,
    "timestamp": 1774227151468
  },
  "runtime": {
    "memoryUsage": {
      "rss": 63373312,
      "heapUsed": 13460224,
      "heapTotal": 20414464,
      "external": 1970211
    },
    "startupTime": 358.445458,
    "cpuUsage": 156.539,
    "timestamp": 1774227151468
  },
  "violations": [],
  "recommendations": [
    "Largest file (index.js) is 100.0% of bundle - consider splitting or optimizing"
  ],
  "overallStatus": "pass"
}