{
  "timestamp": 1774315090607,
  "bundleSize": {
    "totalSize": 916,
    "gzippedSize": 423,
    "fileCount": 1,
    "largestFile": {
      "name": "index.js",
      "size": 916,
      "gzippedSize": 423
    },
    "breakdown": [
      {
        "name": "index.js",
        "size": 916,
        "gzippedSize": 423,
        "percentage": 100
      }
    ]
  },
  "webVitals": {
    "firstContentfulPaint": 1077.171052275051,
    "timeToInteractive": 2378.3539755672045,
    "largestContentfulPaint": 2257.4823360311125,
    "cumulativeLayoutShift": 0.04132769816992987,
    "firstInputDelay": 29.701964189414056,
    "timestamp": 1774315090607
  },
  "runtime": {
    "memoryUsage": {
      "rss": 62341120,
      "heapUsed": 12928752,
      "heapTotal": 19857408,
      "external": 1971431
    },
    "startupTime": 256.445542,
    "cpuUsage": 158.239,
    "timestamp": 1774315090607
  },
  "violations": [],
  "recommendations": [
    "Largest file (index.js) is 100.0% of bundle - consider splitting or optimizing"
  ],
  "overallStatus": "pass"
}