{
  "timestamp": 1773770129181,
  "bundleSize": {
    "totalSize": 916,
    "gzippedSize": 423,
    "fileCount": 1,
    "largestFile": {
      "name": "index.js",
      "size": 916,
      "gzippedSize": 423
    },
    "breakdown": [
      {
        "name": "index.js",
        "size": 916,
        "gzippedSize": 423,
        "percentage": 100
      }
    ]
  },
  "webVitals": {
    "firstContentfulPaint": 662.1997307424749,
    "timeToInteractive": 2909.7963196050437,
    "largestContentfulPaint": 1694.8434617674156,
    "cumulativeLayoutShift": 0.04407959232582133,
    "firstInputDelay": 64.20309863762381,
    "timestamp": 1773770129181
  },
  "runtime": {
    "memoryUsage": {
      "rss": 62308352,
      "heapUsed": 12099864,
      "heapTotal": 19857408,
      "external": 1970434
    },
    "startupTime": 417.048625,
    "cpuUsage": 153.506,
    "timestamp": 1773770129181
  },
  "violations": [],
  "recommendations": [
    "Largest file (index.js) is 100.0% of bundle - consider splitting or optimizing"
  ],
  "overallStatus": "pass"
}