{
  "timestamp": 1773885032910,
  "bundleSize": {
    "totalSize": 916,
    "gzippedSize": 423,
    "fileCount": 1,
    "largestFile": {
      "name": "index.js",
      "size": 916,
      "gzippedSize": 423
    },
    "breakdown": [
      {
        "name": "index.js",
        "size": 916,
        "gzippedSize": 423,
        "percentage": 100
      }
    ]
  },
  "webVitals": {
    "firstContentfulPaint": 1076.1271374943003,
    "timeToInteractive": 2227.6572513885703,
    "largestContentfulPaint": 1718.090739818324,
    "cumulativeLayoutShift": 0.05287565801619831,
    "firstInputDelay": 44.778495044382495,
    "timestamp": 1773885032910
  },
  "runtime": {
    "memoryUsage": {
      "rss": 63143936,
      "heapUsed": 13682232,
      "heapTotal": 20742144,
      "external": 1970211
    },
    "startupTime": 310.224667,
    "cpuUsage": 168.266,
    "timestamp": 1773885032910
  },
  "violations": [],
  "recommendations": [
    "Largest file (index.js) is 100.0% of bundle - consider splitting or optimizing"
  ],
  "overallStatus": "pass"
}