{
  "timestamp": 1774225395507,
  "bundleSize": {
    "totalSize": 916,
    "gzippedSize": 423,
    "fileCount": 1,
    "largestFile": {
      "name": "index.js",
      "size": 916,
      "gzippedSize": 423
    },
    "breakdown": [
      {
        "name": "index.js",
        "size": 916,
        "gzippedSize": 423,
        "percentage": 100
      }
    ]
  },
  "webVitals": {
    "firstContentfulPaint": 1301.2435476178737,
    "timeToInteractive": 2079.4277478056015,
    "largestContentfulPaint": 2220.4073068424127,
    "cumulativeLayoutShift": 0.08087732183297987,
    "firstInputDelay": 34.11009520674966,
    "timestamp": 1774225395507
  },
  "runtime": {
    "memoryUsage": {
      "rss": 62160896,
      "heapUsed": 12933528,
      "heapTotal": 19595264,
      "external": 1970435
    },
    "startupTime": 2681.017417,
    "cpuUsage": 186.629,
    "timestamp": 1774225395507
  },
  "violations": [],
  "recommendations": [
    "Largest file (index.js) is 100.0% of bundle - consider splitting or optimizing"
  ],
  "overallStatus": "pass"
}