{
  "timestamp": 1773939263253,
  "bundleSize": {
    "totalSize": 916,
    "gzippedSize": 423,
    "fileCount": 1,
    "largestFile": {
      "name": "index.js",
      "size": 916,
      "gzippedSize": 423
    },
    "breakdown": [
      {
        "name": "index.js",
        "size": 916,
        "gzippedSize": 423,
        "percentage": 100
      }
    ]
  },
  "webVitals": {
    "firstContentfulPaint": 1458.4840741413338,
    "timeToInteractive": 2270.1970509861753,
    "largestContentfulPaint": 2237.4357483387985,
    "cumulativeLayoutShift": 0.049839745545603754,
    "firstInputDelay": 29.699384312117537,
    "timestamp": 1773939263253
  },
  "runtime": {
    "memoryUsage": {
      "rss": 62783488,
      "heapUsed": 13331624,
      "heapTotal": 20348928,
      "external": 1970166
    },
    "startupTime": 259.165917,
    "cpuUsage": 164.402,
    "timestamp": 1773939263253
  },
  "violations": [],
  "recommendations": [
    "Largest file (index.js) is 100.0% of bundle - consider splitting or optimizing"
  ],
  "overallStatus": "pass"
}