{
  "timestamp": 1774539923509,
  "bundleSize": {
    "totalSize": 916,
    "gzippedSize": 423,
    "fileCount": 1,
    "largestFile": {
      "name": "index.js",
      "size": 916,
      "gzippedSize": 423
    },
    "breakdown": [
      {
        "name": "index.js",
        "size": 916,
        "gzippedSize": 423,
        "percentage": 100
      }
    ]
  },
  "webVitals": {
    "firstContentfulPaint": 1081.9504925996857,
    "timeToInteractive": 2991.9211282729493,
    "largestContentfulPaint": 2348.1229781520187,
    "cumulativeLayoutShift": 0.034131216282864155,
    "firstInputDelay": 63.692231671690614,
    "timestamp": 1774539923509
  },
  "runtime": {
    "memoryUsage": {
      "rss": 62013440,
      "heapUsed": 12304112,
      "heapTotal": 20381696,
      "external": 1969228
    },
    "startupTime": 257.218125,
    "cpuUsage": 139.66,
    "timestamp": 1774539923509
  },
  "violations": [],
  "recommendations": [
    "Largest file (index.js) is 100.0% of bundle - consider splitting or optimizing"
  ],
  "overallStatus": "pass"
}