{
  "timestamp": 1773844953053,
  "bundleSize": {
    "totalSize": 916,
    "gzippedSize": 423,
    "fileCount": 1,
    "largestFile": {
      "name": "index.js",
      "size": 916,
      "gzippedSize": 423
    },
    "breakdown": [
      {
        "name": "index.js",
        "size": 916,
        "gzippedSize": 423,
        "percentage": 100
      }
    ]
  },
  "webVitals": {
    "firstContentfulPaint": 1267.1993762781728,
    "timeToInteractive": 2161.9153526127957,
    "largestContentfulPaint": 1961.0042156905288,
    "cumulativeLayoutShift": 0.05240770450693877,
    "firstInputDelay": 70.33463176783687,
    "timestamp": 1773844953053
  },
  "runtime": {
    "memoryUsage": {
      "rss": 61554688,
      "heapUsed": 12125112,
      "heapTotal": 19595264,
      "external": 1969708
    },
    "startupTime": 334.581792,
    "cpuUsage": 170.783,
    "timestamp": 1773844953053
  },
  "violations": [],
  "recommendations": [
    "Largest file (index.js) is 100.0% of bundle - consider splitting or optimizing"
  ],
  "overallStatus": "pass"
}