{
  "timestamp": 1774006963820,
  "bundleSize": {
    "totalSize": 916,
    "gzippedSize": 423,
    "fileCount": 1,
    "largestFile": {
      "name": "index.js",
      "size": 916,
      "gzippedSize": 423
    },
    "breakdown": [
      {
        "name": "index.js",
        "size": 916,
        "gzippedSize": 423,
        "percentage": 100
      }
    ]
  },
  "webVitals": {
    "firstContentfulPaint": 777.5561429776592,
    "timeToInteractive": 2459.855265303075,
    "largestContentfulPaint": 2038.8052408788997,
    "cumulativeLayoutShift": 0.08217421031700034,
    "firstInputDelay": 61.123674439179965,
    "timestamp": 1774006963820
  },
  "runtime": {
    "memoryUsage": {
      "rss": 61816832,
      "heapUsed": 12554928,
      "heapTotal": 20119552,
      "external": 1970211
    },
    "startupTime": 320.089542,
    "cpuUsage": 181.905,
    "timestamp": 1774006963820
  },
  "violations": [],
  "recommendations": [
    "Largest file (index.js) is 100.0% of bundle - consider splitting or optimizing"
  ],
  "overallStatus": "pass"
}