{
  "timestamp": 1774466324457,
  "bundleSize": {
    "totalSize": 916,
    "gzippedSize": 423,
    "fileCount": 1,
    "largestFile": {
      "name": "index.js",
      "size": 916,
      "gzippedSize": 423
    },
    "breakdown": [
      {
        "name": "index.js",
        "size": 916,
        "gzippedSize": 423,
        "percentage": 100
      }
    ]
  },
  "webVitals": {
    "firstContentfulPaint": 876.1416802337623,
    "timeToInteractive": 2078.9661147031225,
    "largestContentfulPaint": 1557.6463213956238,
    "cumulativeLayoutShift": 0.07965256940578835,
    "firstInputDelay": 64.90893386052288,
    "timestamp": 1774466324457
  },
  "runtime": {
    "memoryUsage": {
      "rss": 59490304,
      "heapUsed": 12328960,
      "heapTotal": 20119552,
      "external": 1965320
    },
    "startupTime": 1465.569417,
    "cpuUsage": 202.138,
    "timestamp": 1774466324457
  },
  "violations": [],
  "recommendations": [
    "Largest file (index.js) is 100.0% of bundle - consider splitting or optimizing"
  ],
  "overallStatus": "pass"
}