{
  "timestamp": 1774266178197,
  "bundleSize": {
    "totalSize": 916,
    "gzippedSize": 423,
    "fileCount": 1,
    "largestFile": {
      "name": "index.js",
      "size": 916,
      "gzippedSize": 423
    },
    "breakdown": [
      {
        "name": "index.js",
        "size": 916,
        "gzippedSize": 423,
        "percentage": 100
      }
    ]
  },
  "webVitals": {
    "firstContentfulPaint": 1282.9866134905112,
    "timeToInteractive": 2127.436902831321,
    "largestContentfulPaint": 1818.503920787412,
    "cumulativeLayoutShift": 0.04461694005852601,
    "firstInputDelay": 45.86983494043655,
    "timestamp": 1774266178197
  },
  "runtime": {
    "memoryUsage": {
      "rss": 60014592,
      "heapUsed": 13251976,
      "heapTotal": 20250624,
      "external": 1966360
    },
    "startupTime": 2234.057416,
    "cpuUsage": 188.638,
    "timestamp": 1774266178197
  },
  "violations": [],
  "recommendations": [
    "Largest file (index.js) is 100.0% of bundle - consider splitting or optimizing"
  ],
  "overallStatus": "pass"
}