{
  "timestamp": 1774538036298,
  "bundleSize": {
    "totalSize": 916,
    "gzippedSize": 423,
    "fileCount": 1,
    "largestFile": {
      "name": "index.js",
      "size": 916,
      "gzippedSize": 423
    },
    "breakdown": [
      {
        "name": "index.js",
        "size": 916,
        "gzippedSize": 423,
        "percentage": 100
      }
    ]
  },
  "webVitals": {
    "firstContentfulPaint": 1415.220796204239,
    "timeToInteractive": 2904.2573031645456,
    "largestContentfulPaint": 1724.3545803255338,
    "cumulativeLayoutShift": 0.044302847782737124,
    "firstInputDelay": 40.330624731274554,
    "timestamp": 1774538036298
  },
  "runtime": {
    "memoryUsage": {
      "rss": 62046208,
      "heapUsed": 12498400,
      "heapTotal": 19857408,
      "external": 1970211
    },
    "startupTime": 335.708458,
    "cpuUsage": 179.354,
    "timestamp": 1774538036298
  },
  "violations": [],
  "recommendations": [
    "Largest file (index.js) is 100.0% of bundle - consider splitting or optimizing"
  ],
  "overallStatus": "pass"
}