{
  "timestamp": 1774629577096,
  "bundleSize": {
    "totalSize": 916,
    "gzippedSize": 423,
    "fileCount": 1,
    "largestFile": {
      "name": "index.js",
      "size": 916,
      "gzippedSize": 423
    },
    "breakdown": [
      {
        "name": "index.js",
        "size": 916,
        "gzippedSize": 423,
        "percentage": 100
      }
    ]
  },
  "webVitals": {
    "firstContentfulPaint": 554.7585129665596,
    "timeToInteractive": 2802.984921037611,
    "largestContentfulPaint": 2215.2039855049925,
    "cumulativeLayoutShift": 0.09642725172549726,
    "firstInputDelay": 39.324259958284536,
    "timestamp": 1774629577096
  },
  "runtime": {
    "memoryUsage": {
      "rss": 61227008,
      "heapUsed": 12928304,
      "heapTotal": 20119552,
      "external": 1967656
    },
    "startupTime": 2872.142208,
    "cpuUsage": 522.918,
    "timestamp": 1774629577096
  },
  "violations": [],
  "recommendations": [
    "Largest file (index.js) is 100.0% of bundle - consider splitting or optimizing"
  ],
  "overallStatus": "pass"
}