{
  "timestamp": 1774623004259,
  "bundleSize": {
    "totalSize": 916,
    "gzippedSize": 423,
    "fileCount": 1,
    "largestFile": {
      "name": "index.js",
      "size": 916,
      "gzippedSize": 423
    },
    "breakdown": [
      {
        "name": "index.js",
        "size": 916,
        "gzippedSize": 423,
        "percentage": 100
      }
    ]
  },
  "webVitals": {
    "firstContentfulPaint": 1395.9278325281082,
    "timeToInteractive": 2257.9348819563456,
    "largestContentfulPaint": 1999.4257369648597,
    "cumulativeLayoutShift": 0.009412601905719999,
    "firstInputDelay": 28.524181009014505,
    "timestamp": 1774623004259
  },
  "runtime": {
    "memoryUsage": {
      "rss": 62652416,
      "heapUsed": 12993712,
      "heapTotal": 20185088,
      "external": 1971431
    },
    "startupTime": 246.217959,
    "cpuUsage": 144.124,
    "timestamp": 1774623004259
  },
  "violations": [],
  "recommendations": [
    "Largest file (index.js) is 100.0% of bundle - consider splitting or optimizing"
  ],
  "overallStatus": "pass"
}