{
  "timestamp": 1774658245721,
  "bundleSize": {
    "totalSize": 916,
    "gzippedSize": 423,
    "fileCount": 1,
    "largestFile": {
      "name": "index.js",
      "size": 916,
      "gzippedSize": 423
    },
    "breakdown": [
      {
        "name": "index.js",
        "size": 916,
        "gzippedSize": 423,
        "percentage": 100
      }
    ]
  },
  "webVitals": {
    "firstContentfulPaint": 1089.1901996724555,
    "timeToInteractive": 2042.0797399030062,
    "largestContentfulPaint": 2472.977211063524,
    "cumulativeLayoutShift": 0.058715229212285495,
    "firstInputDelay": 38.06949364232601,
    "timestamp": 1774658245721
  },
  "runtime": {
    "memoryUsage": {
      "rss": 62013440,
      "heapUsed": 12606424,
      "heapTotal": 19857408,
      "external": 1967413
    },
    "startupTime": 395.28125,
    "cpuUsage": 169.353,
    "timestamp": 1774658245721
  },
  "violations": [],
  "recommendations": [
    "Largest file (index.js) is 100.0% of bundle - consider splitting or optimizing"
  ],
  "overallStatus": "pass"
}