{
  "timestamp": 1774266079828,
  "bundleSize": {
    "totalSize": 916,
    "gzippedSize": 423,
    "fileCount": 1,
    "largestFile": {
      "name": "index.js",
      "size": 916,
      "gzippedSize": 423
    },
    "breakdown": [
      {
        "name": "index.js",
        "size": 916,
        "gzippedSize": 423,
        "percentage": 100
      }
    ]
  },
  "webVitals": {
    "firstContentfulPaint": 1391.1298228640617,
    "timeToInteractive": 2718.354781419269,
    "largestContentfulPaint": 1568.217120433328,
    "cumulativeLayoutShift": 0.005561688762358741,
    "firstInputDelay": 32.51155748146388,
    "timestamp": 1774266079827
  },
  "runtime": {
    "memoryUsage": {
      "rss": 60669952,
      "heapUsed": 13513376,
      "heapTotal": 20185088,
      "external": 1966360
    },
    "startupTime": 2388.166167,
    "cpuUsage": 190.832,
    "timestamp": 1774266079828
  },
  "violations": [],
  "recommendations": [
    "Largest file (index.js) is 100.0% of bundle - consider splitting or optimizing"
  ],
  "overallStatus": "pass"
}