{
  "timestamp": 1774203524005,
  "bundleSize": {
    "totalSize": 916,
    "gzippedSize": 423,
    "fileCount": 1,
    "largestFile": {
      "name": "index.js",
      "size": 916,
      "gzippedSize": 423
    },
    "breakdown": [
      {
        "name": "index.js",
        "size": 916,
        "gzippedSize": 423,
        "percentage": 100
      }
    ]
  },
  "webVitals": {
    "firstContentfulPaint": 655.0374364575857,
    "timeToInteractive": 2289.307371744982,
    "largestContentfulPaint": 1829.2209315102164,
    "cumulativeLayoutShift": 0.018932333645456878,
    "firstInputDelay": 31.059220321679526,
    "timestamp": 1774203524005
  },
  "runtime": {
    "memoryUsage": {
      "rss": 63094784,
      "heapUsed": 12913640,
      "heapTotal": 20742144,
      "external": 1971431
    },
    "startupTime": 210.290542,
    "cpuUsage": 138.086,
    "timestamp": 1774203524005
  },
  "violations": [],
  "recommendations": [
    "Largest file (index.js) is 100.0% of bundle - consider splitting or optimizing"
  ],
  "overallStatus": "pass"
}