{
  "timestamp": 1774293601553,
  "bundleSize": {
    "totalSize": 916,
    "gzippedSize": 423,
    "fileCount": 1,
    "largestFile": {
      "name": "index.js",
      "size": 916,
      "gzippedSize": 423
    },
    "breakdown": [
      {
        "name": "index.js",
        "size": 916,
        "gzippedSize": 423,
        "percentage": 100
      }
    ]
  },
  "webVitals": {
    "firstContentfulPaint": 739.3231103637323,
    "timeToInteractive": 2807.2101947046976,
    "largestContentfulPaint": 2317.3214845250554,
    "cumulativeLayoutShift": 0.020558518300858666,
    "firstInputDelay": 25.50653161136761,
    "timestamp": 1774293601553
  },
  "runtime": {
    "memoryUsage": {
      "rss": 62144512,
      "heapUsed": 12595864,
      "heapTotal": 20119552,
      "external": 1965854
    },
    "startupTime": 269.741375,
    "cpuUsage": 171.827,
    "timestamp": 1774293601553
  },
  "violations": [],
  "recommendations": [
    "Largest file (index.js) is 100.0% of bundle - consider splitting or optimizing"
  ],
  "overallStatus": "pass"
}