{
  "timestamp": 1774266115029,
  "bundleSize": {
    "totalSize": 916,
    "gzippedSize": 423,
    "fileCount": 1,
    "largestFile": {
      "name": "index.js",
      "size": 916,
      "gzippedSize": 423
    },
    "breakdown": [
      {
        "name": "index.js",
        "size": 916,
        "gzippedSize": 423,
        "percentage": 100
      }
    ]
  },
  "webVitals": {
    "firstContentfulPaint": 657.8588004733804,
    "timeToInteractive": 2230.713751330392,
    "largestContentfulPaint": 1578.6481060844915,
    "cumulativeLayoutShift": 0.07344660412922846,
    "firstInputDelay": 71.84645701176947,
    "timestamp": 1774266115029
  },
  "runtime": {
    "memoryUsage": {
      "rss": 63897600,
      "heapUsed": 13840096,
      "heapTotal": 20578304,
      "external": 1966360
    },
    "startupTime": 1930.197416,
    "cpuUsage": 193.888,
    "timestamp": 1774266115029
  },
  "violations": [],
  "recommendations": [
    "Largest file (index.js) is 100.0% of bundle - consider splitting or optimizing"
  ],
  "overallStatus": "pass"
}