{
  "timestamp": 1774531029980,
  "bundleSize": {
    "totalSize": 916,
    "gzippedSize": 423,
    "fileCount": 1,
    "largestFile": {
      "name": "index.js",
      "size": 916,
      "gzippedSize": 423
    },
    "breakdown": [
      {
        "name": "index.js",
        "size": 916,
        "gzippedSize": 423,
        "percentage": 100
      }
    ]
  },
  "webVitals": {
    "firstContentfulPaint": 1279.8526032186896,
    "timeToInteractive": 2323.6980817552208,
    "largestContentfulPaint": 2212.5183756824504,
    "cumulativeLayoutShift": 0.03839204298596904,
    "firstInputDelay": 25.228219223599137,
    "timestamp": 1774531029980
  },
  "runtime": {
    "memoryUsage": {
      "rss": 62242816,
      "heapUsed": 12158048,
      "heapTotal": 20381696,
      "external": 1964859
    },
    "startupTime": 656.161959,
    "cpuUsage": 178.653,
    "timestamp": 1774531029980
  },
  "violations": [],
  "recommendations": [
    "Largest file (index.js) is 100.0% of bundle - consider splitting or optimizing"
  ],
  "overallStatus": "pass"
}