{
  "timestamp": 1773917539269,
  "bundleSize": {
    "totalSize": 916,
    "gzippedSize": 423,
    "fileCount": 1,
    "largestFile": {
      "name": "index.js",
      "size": 916,
      "gzippedSize": 423
    },
    "breakdown": [
      {
        "name": "index.js",
        "size": 916,
        "gzippedSize": 423,
        "percentage": 100
      }
    ]
  },
  "webVitals": {
    "firstContentfulPaint": 890.5524518878765,
    "timeToInteractive": 2943.286770140191,
    "largestContentfulPaint": 2245.7229670273964,
    "cumulativeLayoutShift": 0.07236377592673496,
    "firstInputDelay": 42.62521484873607,
    "timestamp": 1773917539268
  },
  "runtime": {
    "memoryUsage": {
      "rss": 58245120,
      "heapUsed": 12717368,
      "heapTotal": 19857408,
      "external": 1970435
    },
    "startupTime": 1060.496625,
    "cpuUsage": 205.335,
    "timestamp": 1773917539269
  },
  "violations": [],
  "recommendations": [
    "Largest file (index.js) is 100.0% of bundle - consider splitting or optimizing"
  ],
  "overallStatus": "pass"
}