{
  "timestamp": 1774534773082,
  "bundleSize": {
    "totalSize": 916,
    "gzippedSize": 423,
    "fileCount": 1,
    "largestFile": {
      "name": "index.js",
      "size": 916,
      "gzippedSize": 423
    },
    "breakdown": [
      {
        "name": "index.js",
        "size": 916,
        "gzippedSize": 423,
        "percentage": 100
      }
    ]
  },
  "webVitals": {
    "firstContentfulPaint": 502.41160173313347,
    "timeToInteractive": 2349.036443491764,
    "largestContentfulPaint": 1947.7062666260617,
    "cumulativeLayoutShift": 0.004106954703910715,
    "firstInputDelay": 74.34985946643346,
    "timestamp": 1774534773082
  },
  "runtime": {
    "memoryUsage": {
      "rss": 61816832,
      "heapUsed": 12527168,
      "heapTotal": 19857408,
      "external": 1965899
    },
    "startupTime": 386.413583,
    "cpuUsage": 181.261,
    "timestamp": 1774534773082
  },
  "violations": [],
  "recommendations": [
    "Largest file (index.js) is 100.0% of bundle - consider splitting or optimizing"
  ],
  "overallStatus": "pass"
}