{
  "timestamp": 1774513584354,
  "bundleSize": {
    "totalSize": 916,
    "gzippedSize": 423,
    "fileCount": 1,
    "largestFile": {
      "name": "index.js",
      "size": 916,
      "gzippedSize": 423
    },
    "breakdown": [
      {
        "name": "index.js",
        "size": 916,
        "gzippedSize": 423,
        "percentage": 100
      }
    ]
  },
  "webVitals": {
    "firstContentfulPaint": 1398.410264792884,
    "timeToInteractive": 2569.8990599615345,
    "largestContentfulPaint": 2387.780583597339,
    "cumulativeLayoutShift": 0.023446996123227495,
    "firstInputDelay": 38.665047909744445,
    "timestamp": 1774513584354
  },
  "runtime": {
    "memoryUsage": {
      "rss": 61931520,
      "heapUsed": 12672776,
      "heapTotal": 19857408,
      "external": 1971431
    },
    "startupTime": 213.708916,
    "cpuUsage": 143.165,
    "timestamp": 1774513584354
  },
  "violations": [],
  "recommendations": [
    "Largest file (index.js) is 100.0% of bundle - consider splitting or optimizing"
  ],
  "overallStatus": "pass"
}