{
  "timestamp": 1774201246114,
  "bundleSize": {
    "totalSize": 916,
    "gzippedSize": 423,
    "fileCount": 1,
    "largestFile": {
      "name": "index.js",
      "size": 916,
      "gzippedSize": 423
    },
    "breakdown": [
      {
        "name": "index.js",
        "size": 916,
        "gzippedSize": 423,
        "percentage": 100
      }
    ]
  },
  "webVitals": {
    "firstContentfulPaint": 1219.8987637410614,
    "timeToInteractive": 2295.2306613377687,
    "largestContentfulPaint": 1700.4804233214857,
    "cumulativeLayoutShift": 0.021795584323136597,
    "firstInputDelay": 38.83764898055867,
    "timestamp": 1774201246114
  },
  "runtime": {
    "memoryUsage": {
      "rss": 62373888,
      "heapUsed": 12308160,
      "heapTotal": 20381696,
      "external": 1964859
    },
    "startupTime": 197.111375,
    "cpuUsage": 133.137,
    "timestamp": 1774201246114
  },
  "violations": [],
  "recommendations": [
    "Largest file (index.js) is 100.0% of bundle - consider splitting or optimizing"
  ],
  "overallStatus": "pass"
}