{
  "timestamp": 1774017491700,
  "bundleSize": {
    "totalSize": 916,
    "gzippedSize": 423,
    "fileCount": 1,
    "largestFile": {
      "name": "index.js",
      "size": 916,
      "gzippedSize": 423
    },
    "breakdown": [
      {
        "name": "index.js",
        "size": 916,
        "gzippedSize": 423,
        "percentage": 100
      }
    ]
  },
  "webVitals": {
    "firstContentfulPaint": 1489.0263919072888,
    "timeToInteractive": 2708.8122530793667,
    "largestContentfulPaint": 2327.849680745533,
    "cumulativeLayoutShift": 0.07478770269721212,
    "firstInputDelay": 32.535274560881945,
    "timestamp": 1774017491700
  },
  "runtime": {
    "memoryUsage": {
      "rss": 61882368,
      "heapUsed": 12690976,
      "heapTotal": 20119552,
      "external": 1970223
    },
    "startupTime": 427.551333,
    "cpuUsage": 175.871,
    "timestamp": 1774017491700
  },
  "violations": [],
  "recommendations": [
    "Largest file (index.js) is 100.0% of bundle - consider splitting or optimizing"
  ],
  "overallStatus": "pass"
}