{
  "timestamp": 1774625255420,
  "bundleSize": {
    "totalSize": 916,
    "gzippedSize": 423,
    "fileCount": 1,
    "largestFile": {
      "name": "index.js",
      "size": 916,
      "gzippedSize": 423
    },
    "breakdown": [
      {
        "name": "index.js",
        "size": 916,
        "gzippedSize": 423,
        "percentage": 100
      }
    ]
  },
  "webVitals": {
    "firstContentfulPaint": 918.2501763847342,
    "timeToInteractive": 2115.50042850915,
    "largestContentfulPaint": 1777.4660749472625,
    "cumulativeLayoutShift": 0.0038521081260255666,
    "firstInputDelay": 71.50764243659498,
    "timestamp": 1774625255420
  },
  "runtime": {
    "memoryUsage": {
      "rss": 61947904,
      "heapUsed": 12393912,
      "heapTotal": 20119552,
      "external": 1965854
    },
    "startupTime": 211.626083,
    "cpuUsage": 134.484,
    "timestamp": 1774625255420
  },
  "violations": [],
  "recommendations": [
    "Largest file (index.js) is 100.0% of bundle - consider splitting or optimizing"
  ],
  "overallStatus": "pass"
}