{
  "timestamp": 1774511868364,
  "bundleSize": {
    "totalSize": 916,
    "gzippedSize": 423,
    "fileCount": 1,
    "largestFile": {
      "name": "index.js",
      "size": 916,
      "gzippedSize": 423
    },
    "breakdown": [
      {
        "name": "index.js",
        "size": 916,
        "gzippedSize": 423,
        "percentage": 100
      }
    ]
  },
  "webVitals": {
    "firstContentfulPaint": 1281.3469774942023,
    "timeToInteractive": 2425.2447213113655,
    "largestContentfulPaint": 1801.8694758340962,
    "cumulativeLayoutShift": 0.09360022045235648,
    "firstInputDelay": 31.62528581899057,
    "timestamp": 1774511868363
  },
  "runtime": {
    "memoryUsage": {
      "rss": 29736960,
      "heapUsed": 11656736,
      "heapTotal": 13828096,
      "external": 1965174
    },
    "startupTime": 30298.462834,
    "cpuUsage": 401.664,
    "timestamp": 1774511868364
  },
  "violations": [],
  "recommendations": [
    "Largest file (index.js) is 100.0% of bundle - consider splitting or optimizing"
  ],
  "overallStatus": "pass"
}