{
  "timestamp": 1773941859205,
  "bundleSize": {
    "totalSize": 916,
    "gzippedSize": 423,
    "fileCount": 1,
    "largestFile": {
      "name": "index.js",
      "size": 916,
      "gzippedSize": 423
    },
    "breakdown": [
      {
        "name": "index.js",
        "size": 916,
        "gzippedSize": 423,
        "percentage": 100
      }
    ]
  },
  "webVitals": {
    "firstContentfulPaint": 617.6651996705696,
    "timeToInteractive": 2280.8297686997544,
    "largestContentfulPaint": 2142.1744346314526,
    "cumulativeLayoutShift": 0.04589825807635457,
    "firstInputDelay": 49.884502181032204,
    "timestamp": 1773941859205
  },
  "runtime": {
    "memoryUsage": {
      "rss": 61587456,
      "heapUsed": 12387936,
      "heapTotal": 19595264,
      "external": 1971431
    },
    "startupTime": 263.090209,
    "cpuUsage": 164.834,
    "timestamp": 1773941859205
  },
  "violations": [],
  "recommendations": [
    "Largest file (index.js) is 100.0% of bundle - consider splitting or optimizing"
  ],
  "overallStatus": "pass"
}