{
  "timestamp": 1774383582383,
  "bundleSize": {
    "totalSize": 916,
    "gzippedSize": 423,
    "fileCount": 1,
    "largestFile": {
      "name": "index.js",
      "size": 916,
      "gzippedSize": 423
    },
    "breakdown": [
      {
        "name": "index.js",
        "size": 916,
        "gzippedSize": 423,
        "percentage": 100
      }
    ]
  },
  "webVitals": {
    "firstContentfulPaint": 1101.2927822997108,
    "timeToInteractive": 2364.600568726095,
    "largestContentfulPaint": 1520.2926036233114,
    "cumulativeLayoutShift": 0.04769096754244742,
    "firstInputDelay": 30.841483986258755,
    "timestamp": 1774383582383
  },
  "runtime": {
    "memoryUsage": {
      "rss": 62062592,
      "heapUsed": 12507504,
      "heapTotal": 20119552,
      "external": 1970223
    },
    "startupTime": 727.796416,
    "cpuUsage": 192.903,
    "timestamp": 1774383582383
  },
  "violations": [],
  "recommendations": [
    "Largest file (index.js) is 100.0% of bundle - consider splitting or optimizing"
  ],
  "overallStatus": "pass"
}