{
  "timestamp": 1774279250225,
  "bundleSize": {
    "totalSize": 916,
    "gzippedSize": 423,
    "fileCount": 1,
    "largestFile": {
      "name": "index.js",
      "size": 916,
      "gzippedSize": 423
    },
    "breakdown": [
      {
        "name": "index.js",
        "size": 916,
        "gzippedSize": 423,
        "percentage": 100
      }
    ]
  },
  "webVitals": {
    "firstContentfulPaint": 870.0569184830782,
    "timeToInteractive": 2760.0226213291244,
    "largestContentfulPaint": 1504.8299128119465,
    "cumulativeLayoutShift": 0.011918050002406777,
    "firstInputDelay": 54.99410941701879,
    "timestamp": 1774279250225
  },
  "runtime": {
    "memoryUsage": {
      "rss": 52215808,
      "heapUsed": 13470200,
      "heapTotal": 20676608,
      "external": 1967702
    },
    "startupTime": 6241.880459,
    "cpuUsage": 203.378,
    "timestamp": 1774279250225
  },
  "violations": [],
  "recommendations": [
    "Largest file (index.js) is 100.0% of bundle - consider splitting or optimizing"
  ],
  "overallStatus": "pass"
}