{
  "timestamp": 1773847950011,
  "bundleSize": {
    "totalSize": 916,
    "gzippedSize": 423,
    "fileCount": 1,
    "largestFile": {
      "name": "index.js",
      "size": 916,
      "gzippedSize": 423
    },
    "breakdown": [
      {
        "name": "index.js",
        "size": 916,
        "gzippedSize": 423,
        "percentage": 100
      }
    ]
  },
  "webVitals": {
    "firstContentfulPaint": 1404.449773096639,
    "timeToInteractive": 2907.9411221685605,
    "largestContentfulPaint": 1915.0299995712967,
    "cumulativeLayoutShift": 0.031143633355219705,
    "firstInputDelay": 64.06259493716118,
    "timestamp": 1773847950011
  },
  "runtime": {
    "memoryUsage": {
      "rss": 58474496,
      "heapUsed": 12230552,
      "heapTotal": 19595264,
      "external": 1965845
    },
    "startupTime": 1718.437709,
    "cpuUsage": 184.569,
    "timestamp": 1773847950011
  },
  "violations": [],
  "recommendations": [
    "Largest file (index.js) is 100.0% of bundle - consider splitting or optimizing"
  ],
  "overallStatus": "pass"
}