{
  "timestamp": 1773768030977,
  "bundleSize": {
    "totalSize": 916,
    "gzippedSize": 423,
    "fileCount": 1,
    "largestFile": {
      "name": "index.js",
      "size": 916,
      "gzippedSize": 423
    },
    "breakdown": [
      {
        "name": "index.js",
        "size": 916,
        "gzippedSize": 423,
        "percentage": 100
      }
    ]
  },
  "webVitals": {
    "firstContentfulPaint": 822.6645997318407,
    "timeToInteractive": 2768.152489462272,
    "largestContentfulPaint": 1747.4992347796658,
    "cumulativeLayoutShift": 0.021983747430502555,
    "firstInputDelay": 70.45169434688125,
    "timestamp": 1773768030977
  },
  "runtime": {
    "memoryUsage": {
      "rss": 61931520,
      "heapUsed": 12122304,
      "heapTotal": 20119552,
      "external": 1969708
    },
    "startupTime": 334.106042,
    "cpuUsage": 179.723,
    "timestamp": 1773768030977
  },
  "violations": [],
  "recommendations": [
    "Largest file (index.js) is 100.0% of bundle - consider splitting or optimizing"
  ],
  "overallStatus": "pass"
}