{
  "timestamp": 1774617218800,
  "bundleSize": {
    "totalSize": 916,
    "gzippedSize": 423,
    "fileCount": 1,
    "largestFile": {
      "name": "index.js",
      "size": 916,
      "gzippedSize": 423
    },
    "breakdown": [
      {
        "name": "index.js",
        "size": 916,
        "gzippedSize": 423,
        "percentage": 100
      }
    ]
  },
  "webVitals": {
    "firstContentfulPaint": 1049.9474647000027,
    "timeToInteractive": 2838.296381159299,
    "largestContentfulPaint": 1508.6105939411623,
    "cumulativeLayoutShift": 0.007724636548545206,
    "firstInputDelay": 42.81970436700651,
    "timestamp": 1774617218800
  },
  "runtime": {
    "memoryUsage": {
      "rss": 62685184,
      "heapUsed": 13419816,
      "heapTotal": 20381696,
      "external": 1971526
    },
    "startupTime": 214.657667,
    "cpuUsage": 137.411,
    "timestamp": 1774617218800
  },
  "violations": [],
  "recommendations": [
    "Largest file (index.js) is 100.0% of bundle - consider splitting or optimizing"
  ],
  "overallStatus": "pass"
}