{
  "timestamp": 1773943391925,
  "bundleSize": {
    "totalSize": 916,
    "gzippedSize": 423,
    "fileCount": 1,
    "largestFile": {
      "name": "index.js",
      "size": 916,
      "gzippedSize": 423
    },
    "breakdown": [
      {
        "name": "index.js",
        "size": 916,
        "gzippedSize": 423,
        "percentage": 100
      }
    ]
  },
  "webVitals": {
    "firstContentfulPaint": 1359.8498488143046,
    "timeToInteractive": 2527.1112906949734,
    "largestContentfulPaint": 1682.3184126030496,
    "cumulativeLayoutShift": 0.06917875841259172,
    "firstInputDelay": 48.66416395214475,
    "timestamp": 1773943391924
  },
  "runtime": {
    "memoryUsage": {
      "rss": 61390848,
      "heapUsed": 12403544,
      "heapTotal": 19595264,
      "external": 1970211
    },
    "startupTime": 326.175417,
    "cpuUsage": 167.659,
    "timestamp": 1773943391925
  },
  "violations": [],
  "recommendations": [
    "Largest file (index.js) is 100.0% of bundle - consider splitting or optimizing"
  ],
  "overallStatus": "pass"
}