{
  "timestamp": 1773862399416,
  "bundleSize": {
    "totalSize": 916,
    "gzippedSize": 423,
    "fileCount": 1,
    "largestFile": {
      "name": "index.js",
      "size": 916,
      "gzippedSize": 423
    },
    "breakdown": [
      {
        "name": "index.js",
        "size": 916,
        "gzippedSize": 423,
        "percentage": 100
      }
    ]
  },
  "webVitals": {
    "firstContentfulPaint": 1222.5952037730235,
    "timeToInteractive": 2510.0085820218583,
    "largestContentfulPaint": 2316.408176317661,
    "cumulativeLayoutShift": 0.01330070133756265,
    "firstInputDelay": 27.656114068445437,
    "timestamp": 1773862399416
  },
  "runtime": {
    "memoryUsage": {
      "rss": 62029824,
      "heapUsed": 12132776,
      "heapTotal": 19857408,
      "external": 1969708
    },
    "startupTime": 264.419166,
    "cpuUsage": 164.621,
    "timestamp": 1773862399416
  },
  "violations": [],
  "recommendations": [
    "Largest file (index.js) is 100.0% of bundle - consider splitting or optimizing"
  ],
  "overallStatus": "pass"
}