{
  "timestamp": 1774279108293,
  "bundleSize": {
    "totalSize": 916,
    "gzippedSize": 423,
    "fileCount": 1,
    "largestFile": {
      "name": "index.js",
      "size": 916,
      "gzippedSize": 423
    },
    "breakdown": [
      {
        "name": "index.js",
        "size": 916,
        "gzippedSize": 423,
        "percentage": 100
      }
    ]
  },
  "webVitals": {
    "firstContentfulPaint": 973.8251403434746,
    "timeToInteractive": 2222.9361460303644,
    "largestContentfulPaint": 2195.4755595928364,
    "cumulativeLayoutShift": 0.011183711240761562,
    "firstInputDelay": 67.7032795748948,
    "timestamp": 1774279108287
  },
  "runtime": {
    "memoryUsage": {
      "rss": 62177280,
      "heapUsed": 12416016,
      "heapTotal": 19857408,
      "external": 1967439
    },
    "startupTime": 467.336833,
    "cpuUsage": 176.845,
    "timestamp": 1774279108287
  },
  "violations": [],
  "recommendations": [
    "Largest file (index.js) is 100.0% of bundle - consider splitting or optimizing"
  ],
  "overallStatus": "pass"
}