{
  "timestamp": 1774213075868,
  "bundleSize": {
    "totalSize": 916,
    "gzippedSize": 423,
    "fileCount": 1,
    "largestFile": {
      "name": "index.js",
      "size": 916,
      "gzippedSize": 423
    },
    "breakdown": [
      {
        "name": "index.js",
        "size": 916,
        "gzippedSize": 423,
        "percentage": 100
      }
    ]
  },
  "webVitals": {
    "firstContentfulPaint": 708.2150173421819,
    "timeToInteractive": 2995.0799616853888,
    "largestContentfulPaint": 1560.4749049093587,
    "cumulativeLayoutShift": 0.0030076440232063685,
    "firstInputDelay": 61.837313797444935,
    "timestamp": 1774213075868
  },
  "runtime": {
    "memoryUsage": {
      "rss": 61964288,
      "heapUsed": 12988432,
      "heapTotal": 20447232,
      "external": 1965899
    },
    "startupTime": 393.131375,
    "cpuUsage": 181.758,
    "timestamp": 1774213075868
  },
  "violations": [],
  "recommendations": [
    "Largest file (index.js) is 100.0% of bundle - consider splitting or optimizing"
  ],
  "overallStatus": "pass"
}