{
  "timestamp": 1774545681837,
  "bundleSize": {
    "totalSize": 916,
    "gzippedSize": 423,
    "fileCount": 1,
    "largestFile": {
      "name": "index.js",
      "size": 916,
      "gzippedSize": 423
    },
    "breakdown": [
      {
        "name": "index.js",
        "size": 916,
        "gzippedSize": 423,
        "percentage": 100
      }
    ]
  },
  "webVitals": {
    "firstContentfulPaint": 638.7270891445042,
    "timeToInteractive": 2159.176020870658,
    "largestContentfulPaint": 1590.6649981219996,
    "cumulativeLayoutShift": 0.03404667769844307,
    "firstInputDelay": 43.882609174849094,
    "timestamp": 1774545681837
  },
  "runtime": {
    "memoryUsage": {
      "rss": 60669952,
      "heapUsed": 12482400,
      "heapTotal": 20119552,
      "external": 1969831
    },
    "startupTime": 313.870417,
    "cpuUsage": 158.878,
    "timestamp": 1774545681837
  },
  "violations": [],
  "recommendations": [
    "Largest file (index.js) is 100.0% of bundle - consider splitting or optimizing"
  ],
  "overallStatus": "pass"
}