{
  "timestamp": 1774436819461,
  "bundleSize": {
    "totalSize": 916,
    "gzippedSize": 423,
    "fileCount": 1,
    "largestFile": {
      "name": "index.js",
      "size": 916,
      "gzippedSize": 423
    },
    "breakdown": [
      {
        "name": "index.js",
        "size": 916,
        "gzippedSize": 423,
        "percentage": 100
      }
    ]
  },
  "webVitals": {
    "firstContentfulPaint": 730.0341790468199,
    "timeToInteractive": 2032.9543455593694,
    "largestContentfulPaint": 2180.080481247403,
    "cumulativeLayoutShift": 0.06962530725066444,
    "firstInputDelay": 54.356763009316545,
    "timestamp": 1774436819460
  },
  "runtime": {
    "memoryUsage": {
      "rss": 62357504,
      "heapUsed": 12322288,
      "heapTotal": 19857408,
      "external": 1965854
    },
    "startupTime": 213.919667,
    "cpuUsage": 149.797,
    "timestamp": 1774436819461
  },
  "violations": [],
  "recommendations": [
    "Largest file (index.js) is 100.0% of bundle - consider splitting or optimizing"
  ],
  "overallStatus": "pass"
}