{
  "timestamp": 1773931060326,
  "bundleSize": {
    "totalSize": 916,
    "gzippedSize": 423,
    "fileCount": 1,
    "largestFile": {
      "name": "index.js",
      "size": 916,
      "gzippedSize": 423
    },
    "breakdown": [
      {
        "name": "index.js",
        "size": 916,
        "gzippedSize": 423,
        "percentage": 100
      }
    ]
  },
  "webVitals": {
    "firstContentfulPaint": 521.6847913825877,
    "timeToInteractive": 2140.381431381617,
    "largestContentfulPaint": 1531.6842926719874,
    "cumulativeLayoutShift": 0.009441852653922923,
    "firstInputDelay": 50.20115713560038,
    "timestamp": 1773931060326
  },
  "runtime": {
    "memoryUsage": {
      "rss": 61521920,
      "heapUsed": 12737952,
      "heapTotal": 19857408,
      "external": 1970455
    },
    "startupTime": 323.543042,
    "cpuUsage": 191.999,
    "timestamp": 1773931060326
  },
  "violations": [],
  "recommendations": [
    "Largest file (index.js) is 100.0% of bundle - consider splitting or optimizing"
  ],
  "overallStatus": "pass"
}