{
  "timestamp": 1773880904712,
  "bundleSize": {
    "totalSize": 916,
    "gzippedSize": 423,
    "fileCount": 1,
    "largestFile": {
      "name": "index.js",
      "size": 916,
      "gzippedSize": 423
    },
    "breakdown": [
      {
        "name": "index.js",
        "size": 916,
        "gzippedSize": 423,
        "percentage": 100
      }
    ]
  },
  "webVitals": {
    "firstContentfulPaint": 1185.133397774934,
    "timeToInteractive": 2413.6984861410015,
    "largestContentfulPaint": 1590.9363687226494,
    "cumulativeLayoutShift": 0.09367059229269699,
    "firstInputDelay": 27.221578076187956,
    "timestamp": 1773880904712
  },
  "runtime": {
    "memoryUsage": {
      "rss": 63750144,
      "heapUsed": 13506856,
      "heapTotal": 21037056,
      "external": 1971431
    },
    "startupTime": 274.848542,
    "cpuUsage": 167.009,
    "timestamp": 1773880904712
  },
  "violations": [],
  "recommendations": [
    "Largest file (index.js) is 100.0% of bundle - consider splitting or optimizing"
  ],
  "overallStatus": "pass"
}