{
  "timestamp": 1773865317794,
  "bundleSize": {
    "totalSize": 916,
    "gzippedSize": 423,
    "fileCount": 1,
    "largestFile": {
      "name": "index.js",
      "size": 916,
      "gzippedSize": 423
    },
    "breakdown": [
      {
        "name": "index.js",
        "size": 916,
        "gzippedSize": 423,
        "percentage": 100
      }
    ]
  },
  "webVitals": {
    "firstContentfulPaint": 1169.7909478295107,
    "timeToInteractive": 2250.339794173112,
    "largestContentfulPaint": 1912.4420745824968,
    "cumulativeLayoutShift": 0.012551825202397726,
    "firstInputDelay": 37.437382109960694,
    "timestamp": 1773865317794
  },
  "runtime": {
    "memoryUsage": {
      "rss": 62341120,
      "heapUsed": 12150656,
      "heapTotal": 19857408,
      "external": 1969708
    },
    "startupTime": 266.26475,
    "cpuUsage": 154.098,
    "timestamp": 1773865317794
  },
  "violations": [],
  "recommendations": [
    "Largest file (index.js) is 100.0% of bundle - consider splitting or optimizing"
  ],
  "overallStatus": "pass"
}