{
  "timestamp": 1774730193745,
  "bundleSize": {
    "totalSize": 916,
    "gzippedSize": 423,
    "fileCount": 1,
    "largestFile": {
      "name": "index.js",
      "size": 916,
      "gzippedSize": 423
    },
    "breakdown": [
      {
        "name": "index.js",
        "size": 916,
        "gzippedSize": 423,
        "percentage": 100
      }
    ]
  },
  "webVitals": {
    "firstContentfulPaint": 1243.9999446762004,
    "timeToInteractive": 2435.0398405045926,
    "largestContentfulPaint": 1929.2087425592274,
    "cumulativeLayoutShift": 0.046393658804910844,
    "firstInputDelay": 33.51262325174548,
    "timestamp": 1774730193745
  },
  "runtime": {
    "memoryUsage": {
      "rss": 61980672,
      "heapUsed": 12839824,
      "heapTotal": 19857408,
      "external": 1971395
    },
    "startupTime": 397.592041,
    "cpuUsage": 178.227,
    "timestamp": 1774730193745
  },
  "violations": [],
  "recommendations": [
    "Largest file (index.js) is 100.0% of bundle - consider splitting or optimizing"
  ],
  "overallStatus": "pass"
}