{
  "timestamp": 1774542733123,
  "bundleSize": {
    "totalSize": 916,
    "gzippedSize": 423,
    "fileCount": 1,
    "largestFile": {
      "name": "index.js",
      "size": 916,
      "gzippedSize": 423
    },
    "breakdown": [
      {
        "name": "index.js",
        "size": 916,
        "gzippedSize": 423,
        "percentage": 100
      }
    ]
  },
  "webVitals": {
    "firstContentfulPaint": 902.0056542471116,
    "timeToInteractive": 2896.3933764873714,
    "largestContentfulPaint": 2236.6344522466366,
    "cumulativeLayoutShift": 0.002416012064744666,
    "firstInputDelay": 70.83261199465383,
    "timestamp": 1774542733123
  },
  "runtime": {
    "memoryUsage": {
      "rss": 46792704,
      "heapUsed": 11410992,
      "heapTotal": 19857408,
      "external": 1968857
    },
    "startupTime": 13832.615625,
    "cpuUsage": 262.635,
    "timestamp": 1774542733123
  },
  "violations": [],
  "recommendations": [
    "Largest file (index.js) is 100.0% of bundle - consider splitting or optimizing"
  ],
  "overallStatus": "pass"
}