{
  "timestamp": 1774660266998,
  "bundleSize": {
    "totalSize": 916,
    "gzippedSize": 423,
    "fileCount": 1,
    "largestFile": {
      "name": "index.js",
      "size": 916,
      "gzippedSize": 423
    },
    "breakdown": [
      {
        "name": "index.js",
        "size": 916,
        "gzippedSize": 423,
        "percentage": 100
      }
    ]
  },
  "webVitals": {
    "firstContentfulPaint": 975.1153621345045,
    "timeToInteractive": 2051.9438126140144,
    "largestContentfulPaint": 1711.4681346097905,
    "cumulativeLayoutShift": 0.05245740072837035,
    "firstInputDelay": 44.20062792835334,
    "timestamp": 1774660266998
  },
  "runtime": {
    "memoryUsage": {
      "rss": 65191936,
      "heapUsed": 12824592,
      "heapTotal": 20905984,
      "external": 2507569
    },
    "startupTime": 389.131333,
    "cpuUsage": 161.615,
    "timestamp": 1774660266998
  },
  "violations": [],
  "recommendations": [
    "Largest file (index.js) is 100.0% of bundle - consider splitting or optimizing"
  ],
  "overallStatus": "pass"
}