{
  "timestamp": 1773673321438,
  "bundleSize": {
    "totalSize": 916,
    "gzippedSize": 423,
    "fileCount": 1,
    "largestFile": {
      "name": "index.js",
      "size": 916,
      "gzippedSize": 423
    },
    "breakdown": [
      {
        "name": "index.js",
        "size": 916,
        "gzippedSize": 423,
        "percentage": 100
      }
    ]
  },
  "webVitals": {
    "firstContentfulPaint": 527.6207518529596,
    "timeToInteractive": 2425.6198143606407,
    "largestContentfulPaint": 1773.0265206439153,
    "cumulativeLayoutShift": 0.0012569479950542918,
    "firstInputDelay": 58.627765881683544,
    "timestamp": 1773673321437
  },
  "runtime": {
    "memoryUsage": {
      "rss": 61620224,
      "heapUsed": 12076872,
      "heapTotal": 19857408,
      "external": 1969708
    },
    "startupTime": 305.581375,
    "cpuUsage": 173.735,
    "timestamp": 1773673321438
  },
  "violations": [],
  "recommendations": [
    "Largest file (index.js) is 100.0% of bundle - consider splitting or optimizing"
  ],
  "overallStatus": "pass"
}