{
  "timestamp": 1774448859211,
  "bundleSize": {
    "totalSize": 916,
    "gzippedSize": 423,
    "fileCount": 1,
    "largestFile": {
      "name": "index.js",
      "size": 916,
      "gzippedSize": 423
    },
    "breakdown": [
      {
        "name": "index.js",
        "size": 916,
        "gzippedSize": 423,
        "percentage": 100
      }
    ]
  },
  "webVitals": {
    "firstContentfulPaint": 1030.6149600424017,
    "timeToInteractive": 2572.2735895849396,
    "largestContentfulPaint": 2236.2886010290363,
    "cumulativeLayoutShift": 0.007795380371970362,
    "firstInputDelay": 42.83209416945262,
    "timestamp": 1774448859211
  },
  "runtime": {
    "memoryUsage": {
      "rss": 62963712,
      "heapUsed": 13571704,
      "heapTotal": 20480000,
      "external": 1970211
    },
    "startupTime": 276.191708,
    "cpuUsage": 151.189,
    "timestamp": 1774448859211
  },
  "violations": [],
  "recommendations": [
    "Largest file (index.js) is 100.0% of bundle - consider splitting or optimizing"
  ],
  "overallStatus": "pass"
}