{
  "timestamp": 1774624012457,
  "bundleSize": {
    "totalSize": 916,
    "gzippedSize": 423,
    "fileCount": 1,
    "largestFile": {
      "name": "index.js",
      "size": 916,
      "gzippedSize": 423
    },
    "breakdown": [
      {
        "name": "index.js",
        "size": 916,
        "gzippedSize": 423,
        "percentage": 100
      }
    ]
  },
  "webVitals": {
    "firstContentfulPaint": 1218.6909925692244,
    "timeToInteractive": 2653.909264406969,
    "largestContentfulPaint": 1802.2882534094088,
    "cumulativeLayoutShift": 0.009618234928149394,
    "firstInputDelay": 44.28268203698301,
    "timestamp": 1774624012457
  },
  "runtime": {
    "memoryUsage": {
      "rss": 61685760,
      "heapUsed": 12893688,
      "heapTotal": 19595264,
      "external": 1965854
    },
    "startupTime": 211.344916,
    "cpuUsage": 138.305,
    "timestamp": 1774624012457
  },
  "violations": [],
  "recommendations": [
    "Largest file (index.js) is 100.0% of bundle - consider splitting or optimizing"
  ],
  "overallStatus": "pass"
}