{
  "timestamp": 1774225990442,
  "bundleSize": {
    "totalSize": 916,
    "gzippedSize": 423,
    "fileCount": 1,
    "largestFile": {
      "name": "index.js",
      "size": 916,
      "gzippedSize": 423
    },
    "breakdown": [
      {
        "name": "index.js",
        "size": 916,
        "gzippedSize": 423,
        "percentage": 100
      }
    ]
  },
  "webVitals": {
    "firstContentfulPaint": 540.8531714338474,
    "timeToInteractive": 2977.639534576536,
    "largestContentfulPaint": 1708.3260128328106,
    "cumulativeLayoutShift": 0.04090821895773056,
    "firstInputDelay": 47.111345381620296,
    "timestamp": 1774225990442
  },
  "runtime": {
    "memoryUsage": {
      "rss": 62062592,
      "heapUsed": 12902400,
      "heapTotal": 19595264,
      "external": 1970223
    },
    "startupTime": 259.733666,
    "cpuUsage": 154.951,
    "timestamp": 1774225990442
  },
  "violations": [],
  "recommendations": [
    "Largest file (index.js) is 100.0% of bundle - consider splitting or optimizing"
  ],
  "overallStatus": "pass"
}