{
  "timestamp": 1774457899130,
  "bundleSize": {
    "totalSize": 916,
    "gzippedSize": 423,
    "fileCount": 1,
    "largestFile": {
      "name": "index.js",
      "size": 916,
      "gzippedSize": 423
    },
    "breakdown": [
      {
        "name": "index.js",
        "size": 916,
        "gzippedSize": 423,
        "percentage": 100
      }
    ]
  },
  "webVitals": {
    "firstContentfulPaint": 1444.52313039103,
    "timeToInteractive": 2477.5097260680727,
    "largestContentfulPaint": 2459.3674211249763,
    "cumulativeLayoutShift": 0.09244481493639517,
    "firstInputDelay": 35.907084842036866,
    "timestamp": 1774457899130
  },
  "runtime": {
    "memoryUsage": {
      "rss": 61931520,
      "heapUsed": 12683632,
      "heapTotal": 20119552,
      "external": 1970223
    },
    "startupTime": 467.506208,
    "cpuUsage": 196.831,
    "timestamp": 1774457899130
  },
  "violations": [],
  "recommendations": [
    "Largest file (index.js) is 100.0% of bundle - consider splitting or optimizing"
  ],
  "overallStatus": "pass"
}