{
  "timestamp": 1773844784700,
  "bundleSize": {
    "totalSize": 916,
    "gzippedSize": 423,
    "fileCount": 1,
    "largestFile": {
      "name": "index.js",
      "size": 916,
      "gzippedSize": 423
    },
    "breakdown": [
      {
        "name": "index.js",
        "size": 916,
        "gzippedSize": 423,
        "percentage": 100
      }
    ]
  },
  "webVitals": {
    "firstContentfulPaint": 978.0511502921312,
    "timeToInteractive": 2947.8489546281407,
    "largestContentfulPaint": 2192.3648948072755,
    "cumulativeLayoutShift": 0.0974892043507085,
    "firstInputDelay": 32.228919437275636,
    "timestamp": 1773844784700
  },
  "runtime": {
    "memoryUsage": {
      "rss": 61751296,
      "heapUsed": 12080624,
      "heapTotal": 19595264,
      "external": 1965339
    },
    "startupTime": 247.744459,
    "cpuUsage": 161.439,
    "timestamp": 1773844784700
  },
  "violations": [],
  "recommendations": [
    "Largest file (index.js) is 100.0% of bundle - consider splitting or optimizing"
  ],
  "overallStatus": "pass"
}