{
  "timestamp": 1773946938448,
  "bundleSize": {
    "totalSize": 916,
    "gzippedSize": 423,
    "fileCount": 1,
    "largestFile": {
      "name": "index.js",
      "size": 916,
      "gzippedSize": 423
    },
    "breakdown": [
      {
        "name": "index.js",
        "size": 916,
        "gzippedSize": 423,
        "percentage": 100
      }
    ]
  },
  "webVitals": {
    "firstContentfulPaint": 1015.7711229085145,
    "timeToInteractive": 2783.869405715733,
    "largestContentfulPaint": 1869.9572975341703,
    "cumulativeLayoutShift": 0.09222346353196585,
    "firstInputDelay": 52.48183752616589,
    "timestamp": 1773946938447
  },
  "runtime": {
    "memoryUsage": {
      "rss": 63700992,
      "heapUsed": 14113192,
      "heapTotal": 19595264,
      "external": 2647519
    },
    "startupTime": 301.144833,
    "cpuUsage": 162.319,
    "timestamp": 1773946938447
  },
  "violations": [],
  "recommendations": [
    "Largest file (index.js) is 100.0% of bundle - consider splitting or optimizing"
  ],
  "overallStatus": "pass"
}