{
  "timestamp": 1774541346871,
  "bundleSize": {
    "totalSize": 916,
    "gzippedSize": 423,
    "fileCount": 1,
    "largestFile": {
      "name": "index.js",
      "size": 916,
      "gzippedSize": 423
    },
    "breakdown": [
      {
        "name": "index.js",
        "size": 916,
        "gzippedSize": 423,
        "percentage": 100
      }
    ]
  },
  "webVitals": {
    "firstContentfulPaint": 1175.0551529824043,
    "timeToInteractive": 2607.9661773298003,
    "largestContentfulPaint": 2477.377069744174,
    "cumulativeLayoutShift": 0.09076770989803058,
    "firstInputDelay": 58.57962205824057,
    "timestamp": 1774541346870
  },
  "runtime": {
    "memoryUsage": {
      "rss": 57507840,
      "heapUsed": 13103408,
      "heapTotal": 20283392,
      "external": 1967702
    },
    "startupTime": 7132.002417,
    "cpuUsage": 226.157,
    "timestamp": 1774541346871
  },
  "violations": [],
  "recommendations": [
    "Largest file (index.js) is 100.0% of bundle - consider splitting or optimizing"
  ],
  "overallStatus": "pass"
}