{
  "timestamp": 1773920706517,
  "bundleSize": {
    "totalSize": 916,
    "gzippedSize": 423,
    "fileCount": 1,
    "largestFile": {
      "name": "index.js",
      "size": 916,
      "gzippedSize": 423
    },
    "breakdown": [
      {
        "name": "index.js",
        "size": 916,
        "gzippedSize": 423,
        "percentage": 100
      }
    ]
  },
  "webVitals": {
    "firstContentfulPaint": 1238.4786051098495,
    "timeToInteractive": 2334.6472288532136,
    "largestContentfulPaint": 1554.6837570852692,
    "cumulativeLayoutShift": 0.025700728915637683,
    "firstInputDelay": 61.96464266309578,
    "timestamp": 1773920706517
  },
  "runtime": {
    "memoryUsage": {
      "rss": 62226432,
      "heapUsed": 12896280,
      "heapTotal": 19857408,
      "external": 1970211
    },
    "startupTime": 304.380292,
    "cpuUsage": 161.869,
    "timestamp": 1773920706517
  },
  "violations": [],
  "recommendations": [
    "Largest file (index.js) is 100.0% of bundle - consider splitting or optimizing"
  ],
  "overallStatus": "pass"
}