{
  "timestamp": 1774483952243,
  "bundleSize": {
    "totalSize": 916,
    "gzippedSize": 423,
    "fileCount": 1,
    "largestFile": {
      "name": "index.js",
      "size": 916,
      "gzippedSize": 423
    },
    "breakdown": [
      {
        "name": "index.js",
        "size": 916,
        "gzippedSize": 423,
        "percentage": 100
      }
    ]
  },
  "webVitals": {
    "firstContentfulPaint": 1067.7099423301017,
    "timeToInteractive": 2684.990481100268,
    "largestContentfulPaint": 2098.1607883473366,
    "cumulativeLayoutShift": 0.08501080382486444,
    "firstInputDelay": 25.45063651188797,
    "timestamp": 1774483952242
  },
  "runtime": {
    "memoryUsage": {
      "rss": 62324736,
      "heapUsed": 13050528,
      "heapTotal": 19955712,
      "external": 1970223
    },
    "startupTime": 334.490459,
    "cpuUsage": 176.688,
    "timestamp": 1774483952243
  },
  "violations": [],
  "recommendations": [
    "Largest file (index.js) is 100.0% of bundle - consider splitting or optimizing"
  ],
  "overallStatus": "pass"
}