{
  "timestamp": 1773968031622,
  "bundleSize": {
    "totalSize": 916,
    "gzippedSize": 423,
    "fileCount": 1,
    "largestFile": {
      "name": "index.js",
      "size": 916,
      "gzippedSize": 423
    },
    "breakdown": [
      {
        "name": "index.js",
        "size": 916,
        "gzippedSize": 423,
        "percentage": 100
      }
    ]
  },
  "webVitals": {
    "firstContentfulPaint": 922.3492975675667,
    "timeToInteractive": 2808.0100709576727,
    "largestContentfulPaint": 1985.9470683528114,
    "cumulativeLayoutShift": 0.0833912587929485,
    "firstInputDelay": 57.44501387255732,
    "timestamp": 1773968031622
  },
  "runtime": {
    "memoryUsage": {
      "rss": 59457536,
      "heapUsed": 12581944,
      "heapTotal": 20119552,
      "external": 1967162
    },
    "startupTime": 1480.035792,
    "cpuUsage": 207.562,
    "timestamp": 1773968031622
  },
  "violations": [],
  "recommendations": [
    "Largest file (index.js) is 100.0% of bundle - consider splitting or optimizing"
  ],
  "overallStatus": "pass"
}