{
  "timestamp": 1774280873573,
  "bundleSize": {
    "totalSize": 916,
    "gzippedSize": 423,
    "fileCount": 1,
    "largestFile": {
      "name": "index.js",
      "size": 916,
      "gzippedSize": 423
    },
    "breakdown": [
      {
        "name": "index.js",
        "size": 916,
        "gzippedSize": 423,
        "percentage": 100
      }
    ]
  },
  "webVitals": {
    "firstContentfulPaint": 1456.4274103749817,
    "timeToInteractive": 2145.7963516449145,
    "largestContentfulPaint": 1546.634903878227,
    "cumulativeLayoutShift": 0.011450779625983665,
    "firstInputDelay": 53.771945972390796,
    "timestamp": 1774280873573
  },
  "runtime": {
    "memoryUsage": {
      "rss": 57049088,
      "heapUsed": 13016336,
      "heapTotal": 20447232,
      "external": 1966361
    },
    "startupTime": 4130.748625,
    "cpuUsage": 231,
    "timestamp": 1774280873573
  },
  "violations": [],
  "recommendations": [
    "Largest file (index.js) is 100.0% of bundle - consider splitting or optimizing"
  ],
  "overallStatus": "pass"
}