{
  "timestamp": 1773931493820,
  "bundleSize": {
    "totalSize": 916,
    "gzippedSize": 423,
    "fileCount": 1,
    "largestFile": {
      "name": "index.js",
      "size": 916,
      "gzippedSize": 423
    },
    "breakdown": [
      {
        "name": "index.js",
        "size": 916,
        "gzippedSize": 423,
        "percentage": 100
      }
    ]
  },
  "webVitals": {
    "firstContentfulPaint": 903.8435170119608,
    "timeToInteractive": 2404.7791800182445,
    "largestContentfulPaint": 2033.7704252606543,
    "cumulativeLayoutShift": 0.039038537098342554,
    "firstInputDelay": 33.76102912137149,
    "timestamp": 1773931493819
  },
  "runtime": {
    "memoryUsage": {
      "rss": 61521920,
      "heapUsed": 12331968,
      "heapTotal": 19595264,
      "external": 1970223
    },
    "startupTime": 250.787708,
    "cpuUsage": 158.071,
    "timestamp": 1773931493820
  },
  "violations": [],
  "recommendations": [
    "Largest file (index.js) is 100.0% of bundle - consider splitting or optimizing"
  ],
  "overallStatus": "pass"
}