{
  "timestamp": 1774513404792,
  "bundleSize": {
    "totalSize": 916,
    "gzippedSize": 423,
    "fileCount": 1,
    "largestFile": {
      "name": "index.js",
      "size": 916,
      "gzippedSize": 423
    },
    "breakdown": [
      {
        "name": "index.js",
        "size": 916,
        "gzippedSize": 423,
        "percentage": 100
      }
    ]
  },
  "webVitals": {
    "firstContentfulPaint": 1172.1496236664773,
    "timeToInteractive": 2928.3260438892003,
    "largestContentfulPaint": 1725.1330480805832,
    "cumulativeLayoutShift": 0.04341533334622443,
    "firstInputDelay": 66.49278707261453,
    "timestamp": 1774513404792
  },
  "runtime": {
    "memoryUsage": {
      "rss": 62275584,
      "heapUsed": 12774304,
      "heapTotal": 20381696,
      "external": 1970436
    },
    "startupTime": 224.709292,
    "cpuUsage": 145.16,
    "timestamp": 1774513404792
  },
  "violations": [],
  "recommendations": [
    "Largest file (index.js) is 100.0% of bundle - consider splitting or optimizing"
  ],
  "overallStatus": "pass"
}