{
  "timestamp": 1774298360291,
  "bundleSize": {
    "totalSize": 916,
    "gzippedSize": 423,
    "fileCount": 1,
    "largestFile": {
      "name": "index.js",
      "size": 916,
      "gzippedSize": 423
    },
    "breakdown": [
      {
        "name": "index.js",
        "size": 916,
        "gzippedSize": 423,
        "percentage": 100
      }
    ]
  },
  "webVitals": {
    "firstContentfulPaint": 1122.4530722937297,
    "timeToInteractive": 2004.7852875593962,
    "largestContentfulPaint": 1658.1607720448715,
    "cumulativeLayoutShift": 0.007902374717200567,
    "firstInputDelay": 69.59932353629216,
    "timestamp": 1774298360291
  },
  "runtime": {
    "memoryUsage": {
      "rss": 62291968,
      "heapUsed": 12771360,
      "heapTotal": 20414464,
      "external": 1971431
    },
    "startupTime": 234.787666,
    "cpuUsage": 143.455,
    "timestamp": 1774298360291
  },
  "violations": [],
  "recommendations": [
    "Largest file (index.js) is 100.0% of bundle - consider splitting or optimizing"
  ],
  "overallStatus": "pass"
}