{
  "timestamp": 1773674209222,
  "bundleSize": {
    "totalSize": 916,
    "gzippedSize": 423,
    "fileCount": 1,
    "largestFile": {
      "name": "index.js",
      "size": 916,
      "gzippedSize": 423
    },
    "breakdown": [
      {
        "name": "index.js",
        "size": 916,
        "gzippedSize": 423,
        "percentage": 100
      }
    ]
  },
  "webVitals": {
    "firstContentfulPaint": 596.831219044009,
    "timeToInteractive": 2426.5577449395964,
    "largestContentfulPaint": 1626.0091131892607,
    "cumulativeLayoutShift": 0.011214411744392439,
    "firstInputDelay": 31.382549469251686,
    "timestamp": 1773674209222
  },
  "runtime": {
    "memoryUsage": {
      "rss": 63766528,
      "heapUsed": 13763160,
      "heapTotal": 19595264,
      "external": 2646009
    },
    "startupTime": 400.400917,
    "cpuUsage": 167.96,
    "timestamp": 1773674209222
  },
  "violations": [],
  "recommendations": [
    "Largest file (index.js) is 100.0% of bundle - consider splitting or optimizing"
  ],
  "overallStatus": "pass"
}