{
  "timestamp": 1773939681608,
  "bundleSize": {
    "totalSize": 916,
    "gzippedSize": 423,
    "fileCount": 1,
    "largestFile": {
      "name": "index.js",
      "size": 916,
      "gzippedSize": 423
    },
    "breakdown": [
      {
        "name": "index.js",
        "size": 916,
        "gzippedSize": 423,
        "percentage": 100
      }
    ]
  },
  "webVitals": {
    "firstContentfulPaint": 1127.5452173785325,
    "timeToInteractive": 2648.5420116818036,
    "largestContentfulPaint": 2175.5780425582316,
    "cumulativeLayoutShift": 0.09423742363265841,
    "firstInputDelay": 50.1697412942618,
    "timestamp": 1773939681608
  },
  "runtime": {
    "memoryUsage": {
      "rss": 62308352,
      "heapUsed": 12465056,
      "heapTotal": 19857408,
      "external": 1970223
    },
    "startupTime": 286.840459,
    "cpuUsage": 163.849,
    "timestamp": 1773939681608
  },
  "violations": [],
  "recommendations": [
    "Largest file (index.js) is 100.0% of bundle - consider splitting or optimizing"
  ],
  "overallStatus": "pass"
}