{
  "timestamp": 1774228927111,
  "bundleSize": {
    "totalSize": 916,
    "gzippedSize": 423,
    "fileCount": 1,
    "largestFile": {
      "name": "index.js",
      "size": 916,
      "gzippedSize": 423
    },
    "breakdown": [
      {
        "name": "index.js",
        "size": 916,
        "gzippedSize": 423,
        "percentage": 100
      }
    ]
  },
  "webVitals": {
    "firstContentfulPaint": 883.8542357204302,
    "timeToInteractive": 2219.365571986349,
    "largestContentfulPaint": 2239.2968847759535,
    "cumulativeLayoutShift": 0.005335470148989119,
    "firstInputDelay": 46.836673448678944,
    "timestamp": 1774228927110
  },
  "runtime": {
    "memoryUsage": {
      "rss": 60424192,
      "heapUsed": 13763872,
      "heapTotal": 20578304,
      "external": 1966360
    },
    "startupTime": 2315.184375,
    "cpuUsage": 204.509,
    "timestamp": 1774228927111
  },
  "violations": [],
  "recommendations": [
    "Largest file (index.js) is 100.0% of bundle - consider splitting or optimizing"
  ],
  "overallStatus": "pass"
}