{
  "timestamp": 1774273991774,
  "bundleSize": {
    "totalSize": 916,
    "gzippedSize": 423,
    "fileCount": 1,
    "largestFile": {
      "name": "index.js",
      "size": 916,
      "gzippedSize": 423
    },
    "breakdown": [
      {
        "name": "index.js",
        "size": 916,
        "gzippedSize": 423,
        "percentage": 100
      }
    ]
  },
  "webVitals": {
    "firstContentfulPaint": 1317.4299114851988,
    "timeToInteractive": 2176.4043199133616,
    "largestContentfulPaint": 1910.378656745793,
    "cumulativeLayoutShift": 0.0016284761808455395,
    "firstInputDelay": 44.426745509792596,
    "timestamp": 1774273991773
  },
  "runtime": {
    "memoryUsage": {
      "rss": 63029248,
      "heapUsed": 13223704,
      "heapTotal": 20545536,
      "external": 1970672
    },
    "startupTime": 1522.559959,
    "cpuUsage": 183.273,
    "timestamp": 1774273991774
  },
  "violations": [],
  "recommendations": [
    "Largest file (index.js) is 100.0% of bundle - consider splitting or optimizing"
  ],
  "overallStatus": "pass"
}