{
  "timestamp": 1774360363923,
  "bundleSize": {
    "totalSize": 916,
    "gzippedSize": 423,
    "fileCount": 1,
    "largestFile": {
      "name": "index.js",
      "size": 916,
      "gzippedSize": 423
    },
    "breakdown": [
      {
        "name": "index.js",
        "size": 916,
        "gzippedSize": 423,
        "percentage": 100
      }
    ]
  },
  "webVitals": {
    "firstContentfulPaint": 1223.0799732922555,
    "timeToInteractive": 2348.5538152430313,
    "largestContentfulPaint": 1870.0700752561866,
    "cumulativeLayoutShift": 0.08560373378076816,
    "firstInputDelay": 42.93059032243729,
    "timestamp": 1774360363923
  },
  "runtime": {
    "memoryUsage": {
      "rss": 62046208,
      "heapUsed": 12383592,
      "heapTotal": 20119552,
      "external": 1965854
    },
    "startupTime": 204.932542,
    "cpuUsage": 126.353,
    "timestamp": 1774360363923
  },
  "violations": [],
  "recommendations": [
    "Largest file (index.js) is 100.0% of bundle - consider splitting or optimizing"
  ],
  "overallStatus": "pass"
}