{
  "timestamp": 1774545303328,
  "bundleSize": {
    "totalSize": 916,
    "gzippedSize": 423,
    "fileCount": 1,
    "largestFile": {
      "name": "index.js",
      "size": 916,
      "gzippedSize": 423
    },
    "breakdown": [
      {
        "name": "index.js",
        "size": 916,
        "gzippedSize": 423,
        "percentage": 100
      }
    ]
  },
  "webVitals": {
    "firstContentfulPaint": 1273.1060758558465,
    "timeToInteractive": 2495.872946498052,
    "largestContentfulPaint": 1712.4521494583485,
    "cumulativeLayoutShift": 0.026632169504259375,
    "firstInputDelay": 31.822957485581526,
    "timestamp": 1774545303328
  },
  "runtime": {
    "memoryUsage": {
      "rss": 61947904,
      "heapUsed": 12510104,
      "heapTotal": 19857408,
      "external": 1970223
    },
    "startupTime": 242.379625,
    "cpuUsage": 143.372,
    "timestamp": 1774545303328
  },
  "violations": [],
  "recommendations": [
    "Largest file (index.js) is 100.0% of bundle - consider splitting or optimizing"
  ],
  "overallStatus": "pass"
}