{
  "timestamp": 1773922931656,
  "bundleSize": {
    "totalSize": 916,
    "gzippedSize": 423,
    "fileCount": 1,
    "largestFile": {
      "name": "index.js",
      "size": 916,
      "gzippedSize": 423
    },
    "breakdown": [
      {
        "name": "index.js",
        "size": 916,
        "gzippedSize": 423,
        "percentage": 100
      }
    ]
  },
  "webVitals": {
    "firstContentfulPaint": 606.2275686406762,
    "timeToInteractive": 2687.0655294709604,
    "largestContentfulPaint": 1924.6468695163765,
    "cumulativeLayoutShift": 0.00970922874393867,
    "firstInputDelay": 60.51158760084536,
    "timestamp": 1773922931656
  },
  "runtime": {
    "memoryUsage": {
      "rss": 62324736,
      "heapUsed": 12878640,
      "heapTotal": 20119552,
      "external": 1971725
    },
    "startupTime": 645.083583,
    "cpuUsage": 180.624,
    "timestamp": 1773922931656
  },
  "violations": [],
  "recommendations": [
    "Largest file (index.js) is 100.0% of bundle - consider splitting or optimizing"
  ],
  "overallStatus": "pass"
}