{
  "timestamp": 1773870108307,
  "bundleSize": {
    "totalSize": 916,
    "gzippedSize": 423,
    "fileCount": 1,
    "largestFile": {
      "name": "index.js",
      "size": 916,
      "gzippedSize": 423
    },
    "breakdown": [
      {
        "name": "index.js",
        "size": 916,
        "gzippedSize": 423,
        "percentage": 100
      }
    ]
  },
  "webVitals": {
    "firstContentfulPaint": 1138.6855576527046,
    "timeToInteractive": 2370.570508896427,
    "largestContentfulPaint": 1657.0692830060239,
    "cumulativeLayoutShift": 0.07745188181828966,
    "firstInputDelay": 40.32749310218495,
    "timestamp": 1773870108307
  },
  "runtime": {
    "memoryUsage": {
      "rss": 63078400,
      "heapUsed": 13695824,
      "heapTotal": 20217856,
      "external": 1970211
    },
    "startupTime": 355.944125,
    "cpuUsage": 180.466,
    "timestamp": 1773870108307
  },
  "violations": [],
  "recommendations": [
    "Largest file (index.js) is 100.0% of bundle - consider splitting or optimizing"
  ],
  "overallStatus": "pass"
}