{
  "timestamp": 1774307699477,
  "bundleSize": {
    "totalSize": 916,
    "gzippedSize": 423,
    "fileCount": 1,
    "largestFile": {
      "name": "index.js",
      "size": 916,
      "gzippedSize": 423
    },
    "breakdown": [
      {
        "name": "index.js",
        "size": 916,
        "gzippedSize": 423,
        "percentage": 100
      }
    ]
  },
  "webVitals": {
    "firstContentfulPaint": 1308.078085440689,
    "timeToInteractive": 2533.7674189402524,
    "largestContentfulPaint": 2231.0853235619843,
    "cumulativeLayoutShift": 0.05912650116502967,
    "firstInputDelay": 73.50921528783552,
    "timestamp": 1774307699477
  },
  "runtime": {
    "memoryUsage": {
      "rss": 62210048,
      "heapUsed": 12909656,
      "heapTotal": 20119552,
      "external": 1965854
    },
    "startupTime": 230.198708,
    "cpuUsage": 148.699,
    "timestamp": 1774307699477
  },
  "violations": [],
  "recommendations": [
    "Largest file (index.js) is 100.0% of bundle - consider splitting or optimizing"
  ],
  "overallStatus": "pass"
}