{
  "timestamp": 1774266170165,
  "bundleSize": {
    "totalSize": 916,
    "gzippedSize": 423,
    "fileCount": 1,
    "largestFile": {
      "name": "index.js",
      "size": 916,
      "gzippedSize": 423
    },
    "breakdown": [
      {
        "name": "index.js",
        "size": 916,
        "gzippedSize": 423,
        "percentage": 100
      }
    ]
  },
  "webVitals": {
    "firstContentfulPaint": 1270.591054322338,
    "timeToInteractive": 2999.1946735886045,
    "largestContentfulPaint": 1599.189834560469,
    "cumulativeLayoutShift": 0.02623243507234614,
    "firstInputDelay": 54.884193913569746,
    "timestamp": 1774266170165
  },
  "runtime": {
    "memoryUsage": {
      "rss": 62406656,
      "heapUsed": 12988544,
      "heapTotal": 20185088,
      "external": 1966360
    },
    "startupTime": 1085.686208,
    "cpuUsage": 188.515,
    "timestamp": 1774266170165
  },
  "violations": [],
  "recommendations": [
    "Largest file (index.js) is 100.0% of bundle - consider splitting or optimizing"
  ],
  "overallStatus": "pass"
}