{
  "timestamp": 1774464507562,
  "bundleSize": {
    "totalSize": 916,
    "gzippedSize": 423,
    "fileCount": 1,
    "largestFile": {
      "name": "index.js",
      "size": 916,
      "gzippedSize": 423
    },
    "breakdown": [
      {
        "name": "index.js",
        "size": 916,
        "gzippedSize": 423,
        "percentage": 100
      }
    ]
  },
  "webVitals": {
    "firstContentfulPaint": 1018.2289955308901,
    "timeToInteractive": 2139.346179198918,
    "largestContentfulPaint": 2212.9336763139754,
    "cumulativeLayoutShift": 0.007369788993904659,
    "firstInputDelay": 62.763228384424174,
    "timestamp": 1774464507562
  },
  "runtime": {
    "memoryUsage": {
      "rss": 62668800,
      "heapUsed": 13211960,
      "heapTotal": 20283392,
      "external": 1970455
    },
    "startupTime": 238.160042,
    "cpuUsage": 136.35,
    "timestamp": 1774464507562
  },
  "violations": [],
  "recommendations": [
    "Largest file (index.js) is 100.0% of bundle - consider splitting or optimizing"
  ],
  "overallStatus": "pass"
}