{
  "timestamp": 1774516242444,
  "bundleSize": {
    "totalSize": 916,
    "gzippedSize": 423,
    "fileCount": 1,
    "largestFile": {
      "name": "index.js",
      "size": 916,
      "gzippedSize": 423
    },
    "breakdown": [
      {
        "name": "index.js",
        "size": 916,
        "gzippedSize": 423,
        "percentage": 100
      }
    ]
  },
  "webVitals": {
    "firstContentfulPaint": 1112.866195026476,
    "timeToInteractive": 2992.3641512760964,
    "largestContentfulPaint": 2469.365252082117,
    "cumulativeLayoutShift": 0.048765837959028384,
    "firstInputDelay": 27.83118212845419,
    "timestamp": 1774516242444
  },
  "runtime": {
    "memoryUsage": {
      "rss": 62701568,
      "heapUsed": 12930216,
      "heapTotal": 20447232,
      "external": 1971431
    },
    "startupTime": 242.519417,
    "cpuUsage": 144.165,
    "timestamp": 1774516242444
  },
  "violations": [],
  "recommendations": [
    "Largest file (index.js) is 100.0% of bundle - consider splitting or optimizing"
  ],
  "overallStatus": "pass"
}