{
  "timestamp": 1773853269561,
  "bundleSize": {
    "totalSize": 916,
    "gzippedSize": 423,
    "fileCount": 1,
    "largestFile": {
      "name": "index.js",
      "size": 916,
      "gzippedSize": 423
    },
    "breakdown": [
      {
        "name": "index.js",
        "size": 916,
        "gzippedSize": 423,
        "percentage": 100
      }
    ]
  },
  "webVitals": {
    "firstContentfulPaint": 1220.3707238219708,
    "timeToInteractive": 2256.5392099074884,
    "largestContentfulPaint": 2245.4183280633656,
    "cumulativeLayoutShift": 0.05324037178909973,
    "firstInputDelay": 52.53497200052112,
    "timestamp": 1773853269561
  },
  "runtime": {
    "memoryUsage": {
      "rss": 61489152,
      "heapUsed": 12228320,
      "heapTotal": 20119552,
      "external": 1965668
    },
    "startupTime": 515.121167,
    "cpuUsage": 186.539,
    "timestamp": 1773853269561
  },
  "violations": [],
  "recommendations": [
    "Largest file (index.js) is 100.0% of bundle - consider splitting or optimizing"
  ],
  "overallStatus": "pass"
}