{
  "timestamp": 1774315144614,
  "bundleSize": {
    "totalSize": 916,
    "gzippedSize": 423,
    "fileCount": 1,
    "largestFile": {
      "name": "index.js",
      "size": 916,
      "gzippedSize": 423
    },
    "breakdown": [
      {
        "name": "index.js",
        "size": 916,
        "gzippedSize": 423,
        "percentage": 100
      }
    ]
  },
  "webVitals": {
    "firstContentfulPaint": 986.5779993116868,
    "timeToInteractive": 2547.2936627251775,
    "largestContentfulPaint": 2253.9989927824518,
    "cumulativeLayoutShift": 0.019871994379474824,
    "firstInputDelay": 72.66741413255014,
    "timestamp": 1774315144614
  },
  "runtime": {
    "memoryUsage": {
      "rss": 63045632,
      "heapUsed": 13049272,
      "heapTotal": 20545536,
      "external": 1971431
    },
    "startupTime": 227.817542,
    "cpuUsage": 138.276,
    "timestamp": 1774315144614
  },
  "violations": [],
  "recommendations": [
    "Largest file (index.js) is 100.0% of bundle - consider splitting or optimizing"
  ],
  "overallStatus": "pass"
}