{
  "timestamp": 1773850824248,
  "bundleSize": {
    "totalSize": 916,
    "gzippedSize": 423,
    "fileCount": 1,
    "largestFile": {
      "name": "index.js",
      "size": 916,
      "gzippedSize": 423
    },
    "breakdown": [
      {
        "name": "index.js",
        "size": 916,
        "gzippedSize": 423,
        "percentage": 100
      }
    ]
  },
  "webVitals": {
    "firstContentfulPaint": 807.9551145545461,
    "timeToInteractive": 2533.6708778882703,
    "largestContentfulPaint": 2181.6358142075146,
    "cumulativeLayoutShift": 0.016614779863471218,
    "firstInputDelay": 36.887369867534325,
    "timestamp": 1773850824247
  },
  "runtime": {
    "memoryUsage": {
      "rss": 60440576,
      "heapUsed": 12253256,
      "heapTotal": 20119552,
      "external": 1969708
    },
    "startupTime": 631.956417,
    "cpuUsage": 170.55,
    "timestamp": 1773850824248
  },
  "violations": [],
  "recommendations": [
    "Largest file (index.js) is 100.0% of bundle - consider splitting or optimizing"
  ],
  "overallStatus": "pass"
}