{
  "timestamp": 1774467831906,
  "bundleSize": {
    "totalSize": 916,
    "gzippedSize": 423,
    "fileCount": 1,
    "largestFile": {
      "name": "index.js",
      "size": 916,
      "gzippedSize": 423
    },
    "breakdown": [
      {
        "name": "index.js",
        "size": 916,
        "gzippedSize": 423,
        "percentage": 100
      }
    ]
  },
  "webVitals": {
    "firstContentfulPaint": 1162.3469772594917,
    "timeToInteractive": 2955.704396720162,
    "largestContentfulPaint": 1573.3024781085142,
    "cumulativeLayoutShift": 0.03813779397000752,
    "firstInputDelay": 49.01062272374551,
    "timestamp": 1774467831906
  },
  "runtime": {
    "memoryUsage": {
      "rss": 62128128,
      "heapUsed": 12989056,
      "heapTotal": 19857408,
      "external": 1970223
    },
    "startupTime": 239.710625,
    "cpuUsage": 146.541,
    "timestamp": 1774467831906
  },
  "violations": [],
  "recommendations": [
    "Largest file (index.js) is 100.0% of bundle - consider splitting or optimizing"
  ],
  "overallStatus": "pass"
}