{
  "timestamp": 1773830844719,
  "bundleSize": {
    "totalSize": 916,
    "gzippedSize": 423,
    "fileCount": 1,
    "largestFile": {
      "name": "index.js",
      "size": 916,
      "gzippedSize": 423
    },
    "breakdown": [
      {
        "name": "index.js",
        "size": 916,
        "gzippedSize": 423,
        "percentage": 100
      }
    ]
  },
  "webVitals": {
    "firstContentfulPaint": 1287.3347707869323,
    "timeToInteractive": 2820.9343230784525,
    "largestContentfulPaint": 1946.4952735424267,
    "cumulativeLayoutShift": 0.02807221843477703,
    "firstInputDelay": 54.57944057149451,
    "timestamp": 1773830844719
  },
  "runtime": {
    "memoryUsage": {
      "rss": 61882368,
      "heapUsed": 12222176,
      "heapTotal": 19857408,
      "external": 1965384
    },
    "startupTime": 399.877958,
    "cpuUsage": 169.856,
    "timestamp": 1773830844719
  },
  "violations": [],
  "recommendations": [
    "Largest file (index.js) is 100.0% of bundle - consider splitting or optimizing"
  ],
  "overallStatus": "pass"
}