{
  "timestamp": 1774537183640,
  "bundleSize": {
    "totalSize": 916,
    "gzippedSize": 423,
    "fileCount": 1,
    "largestFile": {
      "name": "index.js",
      "size": 916,
      "gzippedSize": 423
    },
    "breakdown": [
      {
        "name": "index.js",
        "size": 916,
        "gzippedSize": 423,
        "percentage": 100
      }
    ]
  },
  "webVitals": {
    "firstContentfulPaint": 1132.1452732417501,
    "timeToInteractive": 2189.9532332827284,
    "largestContentfulPaint": 2016.693143993466,
    "cumulativeLayoutShift": 0.0787854115316604,
    "firstInputDelay": 41.85232584698261,
    "timestamp": 1774537183635
  },
  "runtime": {
    "memoryUsage": {
      "rss": 51937280,
      "heapUsed": 13327104,
      "heapTotal": 20086784,
      "external": 1967702
    },
    "startupTime": 7394.426209,
    "cpuUsage": 238.833,
    "timestamp": 1774537183640
  },
  "violations": [],
  "recommendations": [
    "Largest file (index.js) is 100.0% of bundle - consider splitting or optimizing"
  ],
  "overallStatus": "pass"
}