{
  "timestamp": 1774624129732,
  "bundleSize": {
    "totalSize": 916,
    "gzippedSize": 423,
    "fileCount": 1,
    "largestFile": {
      "name": "index.js",
      "size": 916,
      "gzippedSize": 423
    },
    "breakdown": [
      {
        "name": "index.js",
        "size": 916,
        "gzippedSize": 423,
        "percentage": 100
      }
    ]
  },
  "webVitals": {
    "firstContentfulPaint": 859.6927865763912,
    "timeToInteractive": 2851.6349923895714,
    "largestContentfulPaint": 1530.5139081782033,
    "cumulativeLayoutShift": 0.0903481668572596,
    "firstInputDelay": 42.088214866179065,
    "timestamp": 1774624129732
  },
  "runtime": {
    "memoryUsage": {
      "rss": 62242816,
      "heapUsed": 12436568,
      "heapTotal": 19857408,
      "external": 1965854
    },
    "startupTime": 201.955166,
    "cpuUsage": 131.258,
    "timestamp": 1774624129732
  },
  "violations": [],
  "recommendations": [
    "Largest file (index.js) is 100.0% of bundle - consider splitting or optimizing"
  ],
  "overallStatus": "pass"
}