{
  "timestamp": 1773849773223,
  "bundleSize": {
    "totalSize": 916,
    "gzippedSize": 423,
    "fileCount": 1,
    "largestFile": {
      "name": "index.js",
      "size": 916,
      "gzippedSize": 423
    },
    "breakdown": [
      {
        "name": "index.js",
        "size": 916,
        "gzippedSize": 423,
        "percentage": 100
      }
    ]
  },
  "webVitals": {
    "firstContentfulPaint": 724.2999176582687,
    "timeToInteractive": 2781.898979033632,
    "largestContentfulPaint": 2300.9839730577514,
    "cumulativeLayoutShift": 0.001223989307344753,
    "firstInputDelay": 63.01989584521602,
    "timestamp": 1773849773223
  },
  "runtime": {
    "memoryUsage": {
      "rss": 62423040,
      "heapUsed": 12255448,
      "heapTotal": 20119552,
      "external": 1969708
    },
    "startupTime": 360.083084,
    "cpuUsage": 163.921,
    "timestamp": 1773849773223
  },
  "violations": [],
  "recommendations": [
    "Largest file (index.js) is 100.0% of bundle - consider splitting or optimizing"
  ],
  "overallStatus": "pass"
}