{
  "timestamp": 1774266084652,
  "bundleSize": {
    "totalSize": 916,
    "gzippedSize": 423,
    "fileCount": 1,
    "largestFile": {
      "name": "index.js",
      "size": 916,
      "gzippedSize": 423
    },
    "breakdown": [
      {
        "name": "index.js",
        "size": 916,
        "gzippedSize": 423,
        "percentage": 100
      }
    ]
  },
  "webVitals": {
    "firstContentfulPaint": 629.1703409498623,
    "timeToInteractive": 2314.039222700103,
    "largestContentfulPaint": 2157.3169982999084,
    "cumulativeLayoutShift": 0.08653178652507024,
    "firstInputDelay": 70.42158016250471,
    "timestamp": 1774266084652
  },
  "runtime": {
    "memoryUsage": {
      "rss": 58736640,
      "heapUsed": 13438344,
      "heapTotal": 20742144,
      "external": 1965834
    },
    "startupTime": 4807.432208,
    "cpuUsage": 221.728,
    "timestamp": 1774266084652
  },
  "violations": [],
  "recommendations": [
    "Largest file (index.js) is 100.0% of bundle - consider splitting or optimizing"
  ],
  "overallStatus": "pass"
}