{
  "timestamp": 1774456488810,
  "bundleSize": {
    "totalSize": 916,
    "gzippedSize": 423,
    "fileCount": 1,
    "largestFile": {
      "name": "index.js",
      "size": 916,
      "gzippedSize": 423
    },
    "breakdown": [
      {
        "name": "index.js",
        "size": 916,
        "gzippedSize": 423,
        "percentage": 100
      }
    ]
  },
  "webVitals": {
    "firstContentfulPaint": 1158.2847194326032,
    "timeToInteractive": 2617.871087198481,
    "largestContentfulPaint": 1961.4674531366509,
    "cumulativeLayoutShift": 0.029718464106652978,
    "firstInputDelay": 47.53086737885195,
    "timestamp": 1774456488810
  },
  "runtime": {
    "memoryUsage": {
      "rss": 57475072,
      "heapUsed": 12538832,
      "heapTotal": 18022400,
      "external": 2754775
    },
    "startupTime": 173.009583,
    "cpuUsage": 101.85,
    "timestamp": 1774456488810
  },
  "violations": [],
  "recommendations": [
    "Largest file (index.js) is 100.0% of bundle - consider splitting or optimizing"
  ],
  "overallStatus": "pass"
}