{
  "timestamp": 1774278726720,
  "bundleSize": {
    "totalSize": 916,
    "gzippedSize": 423,
    "fileCount": 1,
    "largestFile": {
      "name": "index.js",
      "size": 916,
      "gzippedSize": 423
    },
    "breakdown": [
      {
        "name": "index.js",
        "size": 916,
        "gzippedSize": 423,
        "percentage": 100
      }
    ]
  },
  "webVitals": {
    "firstContentfulPaint": 1086.4183190588044,
    "timeToInteractive": 2701.2092068716865,
    "largestContentfulPaint": 1958.1793223440045,
    "cumulativeLayoutShift": 0.08750165461297542,
    "firstInputDelay": 59.170325000908974,
    "timestamp": 1774278726719
  },
  "runtime": {
    "memoryUsage": {
      "rss": 62439424,
      "heapUsed": 13063560,
      "heapTotal": 20217856,
      "external": 1970672
    },
    "startupTime": 761.1865,
    "cpuUsage": 170.348,
    "timestamp": 1774278726720
  },
  "violations": [],
  "recommendations": [
    "Largest file (index.js) is 100.0% of bundle - consider splitting or optimizing"
  ],
  "overallStatus": "pass"
}