{
  "timestamp": 1774309699299,
  "bundleSize": {
    "totalSize": 916,
    "gzippedSize": 423,
    "fileCount": 1,
    "largestFile": {
      "name": "index.js",
      "size": 916,
      "gzippedSize": 423
    },
    "breakdown": [
      {
        "name": "index.js",
        "size": 916,
        "gzippedSize": 423,
        "percentage": 100
      }
    ]
  },
  "webVitals": {
    "firstContentfulPaint": 726.4646052012331,
    "timeToInteractive": 2528.3627543649627,
    "largestContentfulPaint": 2005.7823635329391,
    "cumulativeLayoutShift": 0.04275585038986938,
    "firstInputDelay": 68.72324468150268,
    "timestamp": 1774309699298
  },
  "runtime": {
    "memoryUsage": {
      "rss": 60948480,
      "heapUsed": 12722968,
      "heapTotal": 20414464,
      "external": 1965320
    },
    "startupTime": 828.454667,
    "cpuUsage": 206.604,
    "timestamp": 1774309699298
  },
  "violations": [],
  "recommendations": [
    "Largest file (index.js) is 100.0% of bundle - consider splitting or optimizing"
  ],
  "overallStatus": "pass"
}