{
  "timestamp": 1774561034130,
  "bundleSize": {
    "totalSize": 916,
    "gzippedSize": 423,
    "fileCount": 1,
    "largestFile": {
      "name": "index.js",
      "size": 916,
      "gzippedSize": 423
    },
    "breakdown": [
      {
        "name": "index.js",
        "size": 916,
        "gzippedSize": 423,
        "percentage": 100
      }
    ]
  },
  "webVitals": {
    "firstContentfulPaint": 1423.429316844975,
    "timeToInteractive": 2885.8775377566635,
    "largestContentfulPaint": 1587.4623709279656,
    "cumulativeLayoutShift": 0.055638705632158385,
    "firstInputDelay": 31.673310560844058,
    "timestamp": 1774561034130
  },
  "runtime": {
    "memoryUsage": {
      "rss": 60801024,
      "heapUsed": 13378424,
      "heapTotal": 20447232,
      "external": 1967921
    },
    "startupTime": 735.023125,
    "cpuUsage": 190.728,
    "timestamp": 1774561034130
  },
  "violations": [],
  "recommendations": [
    "Largest file (index.js) is 100.0% of bundle - consider splitting or optimizing"
  ],
  "overallStatus": "pass"
}