{
  "timestamp": 1773852784957,
  "bundleSize": {
    "totalSize": 916,
    "gzippedSize": 423,
    "fileCount": 1,
    "largestFile": {
      "name": "index.js",
      "size": 916,
      "gzippedSize": 423
    },
    "breakdown": [
      {
        "name": "index.js",
        "size": 916,
        "gzippedSize": 423,
        "percentage": 100
      }
    ]
  },
  "webVitals": {
    "firstContentfulPaint": 680.9594554873397,
    "timeToInteractive": 2307.9821068464366,
    "largestContentfulPaint": 2477.512472787421,
    "cumulativeLayoutShift": 0.035557991560667766,
    "firstInputDelay": 46.88401709304691,
    "timestamp": 1773852784957
  },
  "runtime": {
    "memoryUsage": {
      "rss": 60096512,
      "heapUsed": 12088440,
      "heapTotal": 20119552,
      "external": 1965395
    },
    "startupTime": 1525.789542,
    "cpuUsage": 226.359,
    "timestamp": 1773852784957
  },
  "violations": [],
  "recommendations": [
    "Largest file (index.js) is 100.0% of bundle - consider splitting or optimizing"
  ],
  "overallStatus": "pass"
}