{
  "timestamp": 1774357544162,
  "bundleSize": {
    "totalSize": 916,
    "gzippedSize": 423,
    "fileCount": 1,
    "largestFile": {
      "name": "index.js",
      "size": 916,
      "gzippedSize": 423
    },
    "breakdown": [
      {
        "name": "index.js",
        "size": 916,
        "gzippedSize": 423,
        "percentage": 100
      }
    ]
  },
  "webVitals": {
    "firstContentfulPaint": 1163.6917454926443,
    "timeToInteractive": 2704.193135208939,
    "largestContentfulPaint": 1632.7278400980967,
    "cumulativeLayoutShift": 0.03844596267203737,
    "firstInputDelay": 42.625839116150544,
    "timestamp": 1774357544161
  },
  "runtime": {
    "memoryUsage": {
      "rss": 61751296,
      "heapUsed": 12503936,
      "heapTotal": 19857408,
      "external": 1970223
    },
    "startupTime": 277.927042,
    "cpuUsage": 169.967,
    "timestamp": 1774357544162
  },
  "violations": [],
  "recommendations": [
    "Largest file (index.js) is 100.0% of bundle - consider splitting or optimizing"
  ],
  "overallStatus": "pass"
}