{
  "timestamp": 1774054306382,
  "bundleSize": {
    "totalSize": 916,
    "gzippedSize": 423,
    "fileCount": 1,
    "largestFile": {
      "name": "index.js",
      "size": 916,
      "gzippedSize": 423
    },
    "breakdown": [
      {
        "name": "index.js",
        "size": 916,
        "gzippedSize": 423,
        "percentage": 100
      }
    ]
  },
  "webVitals": {
    "firstContentfulPaint": 825.0295546393467,
    "timeToInteractive": 2493.2251671130034,
    "largestContentfulPaint": 2419.0785323147466,
    "cumulativeLayoutShift": 0.012703597030437996,
    "firstInputDelay": 66.82495544459826,
    "timestamp": 1774054306382
  },
  "runtime": {
    "memoryUsage": {
      "rss": 61931520,
      "heapUsed": 12405200,
      "heapTotal": 19857408,
      "external": 1965854
    },
    "startupTime": 204.239125,
    "cpuUsage": 132.684,
    "timestamp": 1774054306382
  },
  "violations": [],
  "recommendations": [
    "Largest file (index.js) is 100.0% of bundle - consider splitting or optimizing"
  ],
  "overallStatus": "pass"
}