{
  "timestamp": 1774199106500,
  "bundleSize": {
    "totalSize": 916,
    "gzippedSize": 423,
    "fileCount": 1,
    "largestFile": {
      "name": "index.js",
      "size": 916,
      "gzippedSize": 423
    },
    "breakdown": [
      {
        "name": "index.js",
        "size": 916,
        "gzippedSize": 423,
        "percentage": 100
      }
    ]
  },
  "webVitals": {
    "firstContentfulPaint": 1208.4928708400894,
    "timeToInteractive": 2092.5058650734854,
    "largestContentfulPaint": 2143.3413150856063,
    "cumulativeLayoutShift": 0.03364758460196467,
    "firstInputDelay": 68.13731897398468,
    "timestamp": 1774199106500
  },
  "runtime": {
    "memoryUsage": {
      "rss": 57556992,
      "heapUsed": 12865856,
      "heapTotal": 18022400,
      "external": 2741828
    },
    "startupTime": 136.065042,
    "cpuUsage": 90.176,
    "timestamp": 1774199106500
  },
  "violations": [],
  "recommendations": [
    "Largest file (index.js) is 100.0% of bundle - consider splitting or optimizing"
  ],
  "overallStatus": "pass"
}