{
  "timestamp": 1774435213296,
  "bundleSize": {
    "totalSize": 916,
    "gzippedSize": 423,
    "fileCount": 1,
    "largestFile": {
      "name": "index.js",
      "size": 916,
      "gzippedSize": 423
    },
    "breakdown": [
      {
        "name": "index.js",
        "size": 916,
        "gzippedSize": 423,
        "percentage": 100
      }
    ]
  },
  "webVitals": {
    "firstContentfulPaint": 887.4880047895865,
    "timeToInteractive": 2890.1446503618154,
    "largestContentfulPaint": 2048.509552451358,
    "cumulativeLayoutShift": 0.0016871568649681425,
    "firstInputDelay": 43.88925974603133,
    "timestamp": 1774435213296
  },
  "runtime": {
    "memoryUsage": {
      "rss": 62406656,
      "heapUsed": 12532424,
      "heapTotal": 20119552,
      "external": 1971431
    },
    "startupTime": 223.417542,
    "cpuUsage": 142.21,
    "timestamp": 1774435213296
  },
  "violations": [],
  "recommendations": [
    "Largest file (index.js) is 100.0% of bundle - consider splitting or optimizing"
  ],
  "overallStatus": "pass"
}