{
  "timestamp": 1774441278128,
  "bundleSize": {
    "totalSize": 916,
    "gzippedSize": 423,
    "fileCount": 1,
    "largestFile": {
      "name": "index.js",
      "size": 916,
      "gzippedSize": 423
    },
    "breakdown": [
      {
        "name": "index.js",
        "size": 916,
        "gzippedSize": 423,
        "percentage": 100
      }
    ]
  },
  "webVitals": {
    "firstContentfulPaint": 873.2086295834931,
    "timeToInteractive": 2594.3725180032507,
    "largestContentfulPaint": 1771.0882830305982,
    "cumulativeLayoutShift": 0.07823879426450414,
    "firstInputDelay": 53.36544579112956,
    "timestamp": 1774441278127
  },
  "runtime": {
    "memoryUsage": {
      "rss": 61505536,
      "heapUsed": 12408024,
      "heapTotal": 19857408,
      "external": 1970223
    },
    "startupTime": 241.874917,
    "cpuUsage": 136.769,
    "timestamp": 1774441278128
  },
  "violations": [],
  "recommendations": [
    "Largest file (index.js) is 100.0% of bundle - consider splitting or optimizing"
  ],
  "overallStatus": "pass"
}