{
  "timestamp": 1774225131350,
  "bundleSize": {
    "totalSize": 916,
    "gzippedSize": 423,
    "fileCount": 1,
    "largestFile": {
      "name": "index.js",
      "size": 916,
      "gzippedSize": 423
    },
    "breakdown": [
      {
        "name": "index.js",
        "size": 916,
        "gzippedSize": 423,
        "percentage": 100
      }
    ]
  },
  "webVitals": {
    "firstContentfulPaint": 1447.7751759478797,
    "timeToInteractive": 2844.767300340733,
    "largestContentfulPaint": 1942.53443916672,
    "cumulativeLayoutShift": 0.05444955332436328,
    "firstInputDelay": 30.336975341092653,
    "timestamp": 1774225131349
  },
  "runtime": {
    "memoryUsage": {
      "rss": 60751872,
      "heapUsed": 12992264,
      "heapTotal": 20250624,
      "external": 1965833
    },
    "startupTime": 4219.682708,
    "cpuUsage": 194.141,
    "timestamp": 1774225131350
  },
  "violations": [],
  "recommendations": [
    "Largest file (index.js) is 100.0% of bundle - consider splitting or optimizing"
  ],
  "overallStatus": "pass"
}