{
  "timestamp": 1773843455979,
  "bundleSize": {
    "totalSize": 916,
    "gzippedSize": 423,
    "fileCount": 1,
    "largestFile": {
      "name": "index.js",
      "size": 916,
      "gzippedSize": 423
    },
    "breakdown": [
      {
        "name": "index.js",
        "size": 916,
        "gzippedSize": 423,
        "percentage": 100
      }
    ]
  },
  "webVitals": {
    "firstContentfulPaint": 1021.803432088433,
    "timeToInteractive": 2448.474298171027,
    "largestContentfulPaint": 2278.1298736820863,
    "cumulativeLayoutShift": 0.046026856242731576,
    "firstInputDelay": 70.55202340398176,
    "timestamp": 1773843455979
  },
  "runtime": {
    "memoryUsage": {
      "rss": 61669376,
      "heapUsed": 12106096,
      "heapTotal": 20381696,
      "external": 1969696
    },
    "startupTime": 370.064666,
    "cpuUsage": 177.099,
    "timestamp": 1773843455979
  },
  "violations": [],
  "recommendations": [
    "Largest file (index.js) is 100.0% of bundle - consider splitting or optimizing"
  ],
  "overallStatus": "pass"
}