{
  "timestamp": 1774296600525,
  "bundleSize": {
    "totalSize": 916,
    "gzippedSize": 423,
    "fileCount": 1,
    "largestFile": {
      "name": "index.js",
      "size": 916,
      "gzippedSize": 423
    },
    "breakdown": [
      {
        "name": "index.js",
        "size": 916,
        "gzippedSize": 423,
        "percentage": 100
      }
    ]
  },
  "webVitals": {
    "firstContentfulPaint": 1471.1134597782548,
    "timeToInteractive": 2329.0315414654383,
    "largestContentfulPaint": 2159.214315131048,
    "cumulativeLayoutShift": 0.0917501259709624,
    "firstInputDelay": 62.46166820483017,
    "timestamp": 1774296600525
  },
  "runtime": {
    "memoryUsage": {
      "rss": 61194240,
      "heapUsed": 12544408,
      "heapTotal": 19857408,
      "external": 1966315
    },
    "startupTime": 3103.677625,
    "cpuUsage": 548.986,
    "timestamp": 1774296600525
  },
  "violations": [],
  "recommendations": [
    "Largest file (index.js) is 100.0% of bundle - consider splitting or optimizing"
  ],
  "overallStatus": "pass"
}