{
  "timestamp": 1774633804348,
  "bundleSize": {
    "totalSize": 916,
    "gzippedSize": 423,
    "fileCount": 1,
    "largestFile": {
      "name": "index.js",
      "size": 916,
      "gzippedSize": 423
    },
    "breakdown": [
      {
        "name": "index.js",
        "size": 916,
        "gzippedSize": 423,
        "percentage": 100
      }
    ]
  },
  "webVitals": {
    "firstContentfulPaint": 946.5218232678374,
    "timeToInteractive": 2220.9397113941477,
    "largestContentfulPaint": 1827.1585990589529,
    "cumulativeLayoutShift": 0.039661898187409395,
    "firstInputDelay": 26.562876959370886,
    "timestamp": 1774633804348
  },
  "runtime": {
    "memoryUsage": {
      "rss": 61931520,
      "heapUsed": 12433896,
      "heapTotal": 19857408,
      "external": 1970223
    },
    "startupTime": 244.135125,
    "cpuUsage": 140.841,
    "timestamp": 1774633804348
  },
  "violations": [],
  "recommendations": [
    "Largest file (index.js) is 100.0% of bundle - consider splitting or optimizing"
  ],
  "overallStatus": "pass"
}