{
  "timestamp": 1773693537781,
  "bundleSize": {
    "totalSize": 916,
    "gzippedSize": 423,
    "fileCount": 1,
    "largestFile": {
      "name": "index.js",
      "size": 916,
      "gzippedSize": 423
    },
    "breakdown": [
      {
        "name": "index.js",
        "size": 916,
        "gzippedSize": 423,
        "percentage": 100
      }
    ]
  },
  "webVitals": {
    "firstContentfulPaint": 842.4973477351672,
    "timeToInteractive": 2522.241784402816,
    "largestContentfulPaint": 2389.9944977084797,
    "cumulativeLayoutShift": 0.009050008195697234,
    "firstInputDelay": 61.70193141043696,
    "timestamp": 1773693537781
  },
  "runtime": {
    "memoryUsage": {
      "rss": 62128128,
      "heapUsed": 12105928,
      "heapTotal": 20119552,
      "external": 1970916
    },
    "startupTime": 259.874167,
    "cpuUsage": 162.316,
    "timestamp": 1773693537781
  },
  "violations": [],
  "recommendations": [
    "Largest file (index.js) is 100.0% of bundle - consider splitting or optimizing"
  ],
  "overallStatus": "pass"
}