{
  "timestamp": 1774298405275,
  "bundleSize": {
    "totalSize": 916,
    "gzippedSize": 423,
    "fileCount": 1,
    "largestFile": {
      "name": "index.js",
      "size": 916,
      "gzippedSize": 423
    },
    "breakdown": [
      {
        "name": "index.js",
        "size": 916,
        "gzippedSize": 423,
        "percentage": 100
      }
    ]
  },
  "webVitals": {
    "firstContentfulPaint": 1313.4910610096406,
    "timeToInteractive": 2593.4804477323623,
    "largestContentfulPaint": 2115.7313613639853,
    "cumulativeLayoutShift": 0.054918186122265934,
    "firstInputDelay": 48.35523009857027,
    "timestamp": 1774298405275
  },
  "runtime": {
    "memoryUsage": {
      "rss": 62226432,
      "heapUsed": 13263472,
      "heapTotal": 20316160,
      "external": 1970223
    },
    "startupTime": 273.9745,
    "cpuUsage": 159.781,
    "timestamp": 1774298405275
  },
  "violations": [],
  "recommendations": [
    "Largest file (index.js) is 100.0% of bundle - consider splitting or optimizing"
  ],
  "overallStatus": "pass"
}