{
  "timestamp": 1773849958172,
  "bundleSize": {
    "totalSize": 916,
    "gzippedSize": 423,
    "fileCount": 1,
    "largestFile": {
      "name": "index.js",
      "size": 916,
      "gzippedSize": 423
    },
    "breakdown": [
      {
        "name": "index.js",
        "size": 916,
        "gzippedSize": 423,
        "percentage": 100
      }
    ]
  },
  "webVitals": {
    "firstContentfulPaint": 1114.3413741237393,
    "timeToInteractive": 2974.930941778493,
    "largestContentfulPaint": 1979.9112804848241,
    "cumulativeLayoutShift": 0.04956465330675262,
    "firstInputDelay": 25.607371496686604,
    "timestamp": 1773849958172
  },
  "runtime": {
    "memoryUsage": {
      "rss": 60719104,
      "heapUsed": 12094040,
      "heapTotal": 19595264,
      "external": 1969708
    },
    "startupTime": 575.821625,
    "cpuUsage": 182.15,
    "timestamp": 1773849958172
  },
  "violations": [],
  "recommendations": [
    "Largest file (index.js) is 100.0% of bundle - consider splitting or optimizing"
  ],
  "overallStatus": "pass"
}