{
  "timestamp": 1774538058872,
  "bundleSize": {
    "totalSize": 916,
    "gzippedSize": 423,
    "fileCount": 1,
    "largestFile": {
      "name": "index.js",
      "size": 916,
      "gzippedSize": 423
    },
    "breakdown": [
      {
        "name": "index.js",
        "size": 916,
        "gzippedSize": 423,
        "percentage": 100
      }
    ]
  },
  "webVitals": {
    "firstContentfulPaint": 612.4042055269716,
    "timeToInteractive": 2677.275648573802,
    "largestContentfulPaint": 1708.8642712014318,
    "cumulativeLayoutShift": 0.0029002236501285863,
    "firstInputDelay": 71.82555714786946,
    "timestamp": 1774538058872
  },
  "runtime": {
    "memoryUsage": {
      "rss": 61849600,
      "heapUsed": 12520864,
      "heapTotal": 20119552,
      "external": 1970211
    },
    "startupTime": 392.533416,
    "cpuUsage": 182.98,
    "timestamp": 1774538058872
  },
  "violations": [],
  "recommendations": [
    "Largest file (index.js) is 100.0% of bundle - consider splitting or optimizing"
  ],
  "overallStatus": "pass"
}