{
  "timestamp": 1773921954828,
  "bundleSize": {
    "totalSize": 916,
    "gzippedSize": 423,
    "fileCount": 1,
    "largestFile": {
      "name": "index.js",
      "size": 916,
      "gzippedSize": 423
    },
    "breakdown": [
      {
        "name": "index.js",
        "size": 916,
        "gzippedSize": 423,
        "percentage": 100
      }
    ]
  },
  "webVitals": {
    "firstContentfulPaint": 1124.6375358911328,
    "timeToInteractive": 2280.209970830075,
    "largestContentfulPaint": 2143.2826633602485,
    "cumulativeLayoutShift": 0.05300476554597269,
    "firstInputDelay": 67.34647741098684,
    "timestamp": 1773921954828
  },
  "runtime": {
    "memoryUsage": {
      "rss": 62767104,
      "heapUsed": 13399992,
      "heapTotal": 20119552,
      "external": 1970223
    },
    "startupTime": 546.501625,
    "cpuUsage": 183.564,
    "timestamp": 1773921954828
  },
  "violations": [],
  "recommendations": [
    "Largest file (index.js) is 100.0% of bundle - consider splitting or optimizing"
  ],
  "overallStatus": "pass"
}