{
  "timestamp": 1774196349316,
  "bundleSize": {
    "totalSize": 916,
    "gzippedSize": 423,
    "fileCount": 1,
    "largestFile": {
      "name": "index.js",
      "size": 916,
      "gzippedSize": 423
    },
    "breakdown": [
      {
        "name": "index.js",
        "size": 916,
        "gzippedSize": 423,
        "percentage": 100
      }
    ]
  },
  "webVitals": {
    "firstContentfulPaint": 876.865155427774,
    "timeToInteractive": 2160.8846175415433,
    "largestContentfulPaint": 2011.8362865949314,
    "cumulativeLayoutShift": 0.024023505023830195,
    "firstInputDelay": 48.008244002515134,
    "timestamp": 1774196349316
  },
  "runtime": {
    "memoryUsage": {
      "rss": 62013440,
      "heapUsed": 12509920,
      "heapTotal": 20381696,
      "external": 1970436
    },
    "startupTime": 237.525417,
    "cpuUsage": 148.637,
    "timestamp": 1774196349316
  },
  "violations": [],
  "recommendations": [
    "Largest file (index.js) is 100.0% of bundle - consider splitting or optimizing"
  ],
  "overallStatus": "pass"
}