{
  "timestamp": 1774629037085,
  "bundleSize": {
    "totalSize": 916,
    "gzippedSize": 423,
    "fileCount": 1,
    "largestFile": {
      "name": "index.js",
      "size": 916,
      "gzippedSize": 423
    },
    "breakdown": [
      {
        "name": "index.js",
        "size": 916,
        "gzippedSize": 423,
        "percentage": 100
      }
    ]
  },
  "webVitals": {
    "firstContentfulPaint": 778.9735788638133,
    "timeToInteractive": 2173.6176709788488,
    "largestContentfulPaint": 2231.3042778500576,
    "cumulativeLayoutShift": 0.038894245709200304,
    "firstInputDelay": 25.36729484040652,
    "timestamp": 1774629037085
  },
  "runtime": {
    "memoryUsage": {
      "rss": 61636608,
      "heapUsed": 12218056,
      "heapTotal": 19595264,
      "external": 1965854
    },
    "startupTime": 201.336958,
    "cpuUsage": 128.438,
    "timestamp": 1774629037085
  },
  "violations": [],
  "recommendations": [
    "Largest file (index.js) is 100.0% of bundle - consider splitting or optimizing"
  ],
  "overallStatus": "pass"
}