{
  "timestamp": 1774618361056,
  "bundleSize": {
    "totalSize": 916,
    "gzippedSize": 423,
    "fileCount": 1,
    "largestFile": {
      "name": "index.js",
      "size": 916,
      "gzippedSize": 423
    },
    "breakdown": [
      {
        "name": "index.js",
        "size": 916,
        "gzippedSize": 423,
        "percentage": 100
      }
    ]
  },
  "webVitals": {
    "firstContentfulPaint": 1062.6225893326123,
    "timeToInteractive": 2204.2118702721395,
    "largestContentfulPaint": 2167.3513804496074,
    "cumulativeLayoutShift": 0.0017459118994311185,
    "firstInputDelay": 33.19573717542406,
    "timestamp": 1774618361056
  },
  "runtime": {
    "memoryUsage": {
      "rss": 61964288,
      "heapUsed": 12999344,
      "heapTotal": 19857408,
      "external": 1971431
    },
    "startupTime": 233.335584,
    "cpuUsage": 141.298,
    "timestamp": 1774618361056
  },
  "violations": [],
  "recommendations": [
    "Largest file (index.js) is 100.0% of bundle - consider splitting or optimizing"
  ],
  "overallStatus": "pass"
}