{
  "timestamp": 1773847740116,
  "bundleSize": {
    "totalSize": 916,
    "gzippedSize": 423,
    "fileCount": 1,
    "largestFile": {
      "name": "index.js",
      "size": 916,
      "gzippedSize": 423
    },
    "breakdown": [
      {
        "name": "index.js",
        "size": 916,
        "gzippedSize": 423,
        "percentage": 100
      }
    ]
  },
  "webVitals": {
    "firstContentfulPaint": 1134.416466795102,
    "timeToInteractive": 2491.1434931299345,
    "largestContentfulPaint": 1982.7444437573386,
    "cumulativeLayoutShift": 0.027294135121285937,
    "firstInputDelay": 56.23674173010603,
    "timestamp": 1773847740114
  },
  "runtime": {
    "memoryUsage": {
      "rss": 58933248,
      "heapUsed": 12254504,
      "heapTotal": 20119552,
      "external": 1965845
    },
    "startupTime": 2978.4725,
    "cpuUsage": 210.578,
    "timestamp": 1773847740116
  },
  "violations": [],
  "recommendations": [
    "Largest file (index.js) is 100.0% of bundle - consider splitting or optimizing"
  ],
  "overallStatus": "pass"
}