{
  "timestamp": 1774293528423,
  "bundleSize": {
    "totalSize": 916,
    "gzippedSize": 423,
    "fileCount": 1,
    "largestFile": {
      "name": "index.js",
      "size": 916,
      "gzippedSize": 423
    },
    "breakdown": [
      {
        "name": "index.js",
        "size": 916,
        "gzippedSize": 423,
        "percentage": 100
      }
    ]
  },
  "webVitals": {
    "firstContentfulPaint": 685.4172567927048,
    "timeToInteractive": 2101.4100796990983,
    "largestContentfulPaint": 1995.3468280211641,
    "cumulativeLayoutShift": 0.03716283054513703,
    "firstInputDelay": 46.08694487496925,
    "timestamp": 1774293528423
  },
  "runtime": {
    "memoryUsage": {
      "rss": 59342848,
      "heapUsed": 13044208,
      "heapTotal": 19955712,
      "external": 1969981
    },
    "startupTime": 662.343208,
    "cpuUsage": 193.501,
    "timestamp": 1774293528423
  },
  "violations": [],
  "recommendations": [
    "Largest file (index.js) is 100.0% of bundle - consider splitting or optimizing"
  ],
  "overallStatus": "pass"
}