{
  "timestamp": 1773971459117,
  "bundleSize": {
    "totalSize": 916,
    "gzippedSize": 423,
    "fileCount": 1,
    "largestFile": {
      "name": "index.js",
      "size": 916,
      "gzippedSize": 423
    },
    "breakdown": [
      {
        "name": "index.js",
        "size": 916,
        "gzippedSize": 423,
        "percentage": 100
      }
    ]
  },
  "webVitals": {
    "firstContentfulPaint": 710.477058898153,
    "timeToInteractive": 2909.678810128392,
    "largestContentfulPaint": 1903.7364901940882,
    "cumulativeLayoutShift": 0.007025098931794949,
    "firstInputDelay": 68.29376022883277,
    "timestamp": 1773971459117
  },
  "runtime": {
    "memoryUsage": {
      "rss": 60407808,
      "heapUsed": 13352896,
      "heapTotal": 20643840,
      "external": 1966148
    },
    "startupTime": 1054.793291,
    "cpuUsage": 195.043,
    "timestamp": 1773971459117
  },
  "violations": [],
  "recommendations": [
    "Largest file (index.js) is 100.0% of bundle - consider splitting or optimizing"
  ],
  "overallStatus": "pass"
}