{
  "timestamp": 1774005763078,
  "bundleSize": {
    "totalSize": 916,
    "gzippedSize": 423,
    "fileCount": 1,
    "largestFile": {
      "name": "index.js",
      "size": 916,
      "gzippedSize": 423
    },
    "breakdown": [
      {
        "name": "index.js",
        "size": 916,
        "gzippedSize": 423,
        "percentage": 100
      }
    ]
  },
  "webVitals": {
    "firstContentfulPaint": 1392.2828379717218,
    "timeToInteractive": 2786.6792327162602,
    "largestContentfulPaint": 2218.1222695141846,
    "cumulativeLayoutShift": 0.03304308093798858,
    "firstInputDelay": 42.19739277152983,
    "timestamp": 1774005763078
  },
  "runtime": {
    "memoryUsage": {
      "rss": 64880640,
      "heapUsed": 12689736,
      "heapTotal": 20643840,
      "external": 2639774
    },
    "startupTime": 538.042458,
    "cpuUsage": 194.97,
    "timestamp": 1774005763078
  },
  "violations": [],
  "recommendations": [
    "Largest file (index.js) is 100.0% of bundle - consider splitting or optimizing"
  ],
  "overallStatus": "pass"
}