{
  "timestamp": 1774274682651,
  "bundleSize": {
    "totalSize": 916,
    "gzippedSize": 423,
    "fileCount": 1,
    "largestFile": {
      "name": "index.js",
      "size": 916,
      "gzippedSize": 423
    },
    "breakdown": [
      {
        "name": "index.js",
        "size": 916,
        "gzippedSize": 423,
        "percentage": 100
      }
    ]
  },
  "webVitals": {
    "firstContentfulPaint": 1215.1792193469123,
    "timeToInteractive": 2339.9344998988404,
    "largestContentfulPaint": 2469.825553157022,
    "cumulativeLayoutShift": 0.08617018532760475,
    "firstInputDelay": 61.55956163868612,
    "timestamp": 1774274682651
  },
  "runtime": {
    "memoryUsage": {
      "rss": 61931520,
      "heapUsed": 12479240,
      "heapTotal": 19857408,
      "external": 1970672
    },
    "startupTime": 1266.017459,
    "cpuUsage": 182.271,
    "timestamp": 1774274682651
  },
  "violations": [],
  "recommendations": [
    "Largest file (index.js) is 100.0% of bundle - consider splitting or optimizing"
  ],
  "overallStatus": "pass"
}