{
  "timestamp": 1774279422857,
  "bundleSize": {
    "totalSize": 916,
    "gzippedSize": 423,
    "fileCount": 1,
    "largestFile": {
      "name": "index.js",
      "size": 916,
      "gzippedSize": 423
    },
    "breakdown": [
      {
        "name": "index.js",
        "size": 916,
        "gzippedSize": 423,
        "percentage": 100
      }
    ]
  },
  "webVitals": {
    "firstContentfulPaint": 885.5345488568003,
    "timeToInteractive": 2663.1388443701244,
    "largestContentfulPaint": 1839.1665669630177,
    "cumulativeLayoutShift": 0.08795387610359161,
    "firstInputDelay": 44.94869005516882,
    "timestamp": 1774279422857
  },
  "runtime": {
    "memoryUsage": {
      "rss": 62177280,
      "heapUsed": 12767696,
      "heapTotal": 20119552,
      "external": 1966360
    },
    "startupTime": 1867.447875,
    "cpuUsage": 171.58,
    "timestamp": 1774279422857
  },
  "violations": [],
  "recommendations": [
    "Largest file (index.js) is 100.0% of bundle - consider splitting or optimizing"
  ],
  "overallStatus": "pass"
}