{
  "timestamp": 1774297439010,
  "bundleSize": {
    "totalSize": 916,
    "gzippedSize": 423,
    "fileCount": 1,
    "largestFile": {
      "name": "index.js",
      "size": 916,
      "gzippedSize": 423
    },
    "breakdown": [
      {
        "name": "index.js",
        "size": 916,
        "gzippedSize": 423,
        "percentage": 100
      }
    ]
  },
  "webVitals": {
    "firstContentfulPaint": 1450.0007037562327,
    "timeToInteractive": 2223.60080865052,
    "largestContentfulPaint": 2459.4122293377823,
    "cumulativeLayoutShift": 0.08880106258841854,
    "firstInputDelay": 61.730168265636166,
    "timestamp": 1774297439010
  },
  "runtime": {
    "memoryUsage": {
      "rss": 62193664,
      "heapUsed": 12843960,
      "heapTotal": 20185088,
      "external": 1970223
    },
    "startupTime": 272.554041,
    "cpuUsage": 164.356,
    "timestamp": 1774297439010
  },
  "violations": [],
  "recommendations": [
    "Largest file (index.js) is 100.0% of bundle - consider splitting or optimizing"
  ],
  "overallStatus": "pass"
}