{
  "timestamp": 1773884536648,
  "bundleSize": {
    "totalSize": 916,
    "gzippedSize": 423,
    "fileCount": 1,
    "largestFile": {
      "name": "index.js",
      "size": 916,
      "gzippedSize": 423
    },
    "breakdown": [
      {
        "name": "index.js",
        "size": 916,
        "gzippedSize": 423,
        "percentage": 100
      }
    ]
  },
  "webVitals": {
    "firstContentfulPaint": 1176.3564322626557,
    "timeToInteractive": 2332.2046277455966,
    "largestContentfulPaint": 2163.362167052171,
    "cumulativeLayoutShift": 0.010897917705365879,
    "firstInputDelay": 30.694524549801784,
    "timestamp": 1773884536648
  },
  "runtime": {
    "memoryUsage": {
      "rss": 63258624,
      "heapUsed": 13515352,
      "heapTotal": 20217856,
      "external": 1970223
    },
    "startupTime": 280.176916,
    "cpuUsage": 162.996,
    "timestamp": 1773884536648
  },
  "violations": [],
  "recommendations": [
    "Largest file (index.js) is 100.0% of bundle - consider splitting or optimizing"
  ],
  "overallStatus": "pass"
}