{
  "timestamp": 1774622312222,
  "bundleSize": {
    "totalSize": 916,
    "gzippedSize": 423,
    "fileCount": 1,
    "largestFile": {
      "name": "index.js",
      "size": 916,
      "gzippedSize": 423
    },
    "breakdown": [
      {
        "name": "index.js",
        "size": 916,
        "gzippedSize": 423,
        "percentage": 100
      }
    ]
  },
  "webVitals": {
    "firstContentfulPaint": 1480.9632975896761,
    "timeToInteractive": 2170.3771078687896,
    "largestContentfulPaint": 2330.589440795783,
    "cumulativeLayoutShift": 0.049278113212846565,
    "firstInputDelay": 69.18020417695656,
    "timestamp": 1774622312222
  },
  "runtime": {
    "memoryUsage": {
      "rss": 62078976,
      "heapUsed": 12668880,
      "heapTotal": 19857408,
      "external": 1970211
    },
    "startupTime": 311.56425,
    "cpuUsage": 159.545,
    "timestamp": 1774622312222
  },
  "violations": [],
  "recommendations": [
    "Largest file (index.js) is 100.0% of bundle - consider splitting or optimizing"
  ],
  "overallStatus": "pass"
}