{
  "timestamp": 1774009034901,
  "bundleSize": {
    "totalSize": 916,
    "gzippedSize": 423,
    "fileCount": 1,
    "largestFile": {
      "name": "index.js",
      "size": 916,
      "gzippedSize": 423
    },
    "breakdown": [
      {
        "name": "index.js",
        "size": 916,
        "gzippedSize": 423,
        "percentage": 100
      }
    ]
  },
  "webVitals": {
    "firstContentfulPaint": 1071.1210901265447,
    "timeToInteractive": 2867.3553311672927,
    "largestContentfulPaint": 1630.2356554204139,
    "cumulativeLayoutShift": 0.033331931895768774,
    "firstInputDelay": 44.55788769133936,
    "timestamp": 1774009034901
  },
  "runtime": {
    "memoryUsage": {
      "rss": 62750720,
      "heapUsed": 13094672,
      "heapTotal": 20578304,
      "external": 1970223
    },
    "startupTime": 325.167541,
    "cpuUsage": 178.564,
    "timestamp": 1774009034901
  },
  "violations": [],
  "recommendations": [
    "Largest file (index.js) is 100.0% of bundle - consider splitting or optimizing"
  ],
  "overallStatus": "pass"
}