{
  "timestamp": 1773841001699,
  "bundleSize": {
    "totalSize": 916,
    "gzippedSize": 423,
    "fileCount": 1,
    "largestFile": {
      "name": "index.js",
      "size": 916,
      "gzippedSize": 423
    },
    "breakdown": [
      {
        "name": "index.js",
        "size": 916,
        "gzippedSize": 423,
        "percentage": 100
      }
    ]
  },
  "webVitals": {
    "firstContentfulPaint": 1402.5301445741884,
    "timeToInteractive": 2943.6504587094696,
    "largestContentfulPaint": 1630.1821165660356,
    "cumulativeLayoutShift": 0.02683328525950961,
    "firstInputDelay": 32.05965910527948,
    "timestamp": 1773841001699
  },
  "runtime": {
    "memoryUsage": {
      "rss": 62128128,
      "heapUsed": 12206784,
      "heapTotal": 19595264,
      "external": 1965339
    },
    "startupTime": 211.609834,
    "cpuUsage": 134.686,
    "timestamp": 1773841001699
  },
  "violations": [],
  "recommendations": [
    "Largest file (index.js) is 100.0% of bundle - consider splitting or optimizing"
  ],
  "overallStatus": "pass"
}