{
  "timestamp": 1774300080572,
  "bundleSize": {
    "totalSize": 916,
    "gzippedSize": 423,
    "fileCount": 1,
    "largestFile": {
      "name": "index.js",
      "size": 916,
      "gzippedSize": 423
    },
    "breakdown": [
      {
        "name": "index.js",
        "size": 916,
        "gzippedSize": 423,
        "percentage": 100
      }
    ]
  },
  "webVitals": {
    "firstContentfulPaint": 1099.0315978106496,
    "timeToInteractive": 2109.970298546229,
    "largestContentfulPaint": 2239.8089366869754,
    "cumulativeLayoutShift": 0.03404203524443097,
    "firstInputDelay": 56.95402794184837,
    "timestamp": 1774300080572
  },
  "runtime": {
    "memoryUsage": {
      "rss": 61898752,
      "heapUsed": 12626192,
      "heapTotal": 20119552,
      "external": 1970211
    },
    "startupTime": 315.426333,
    "cpuUsage": 166.527,
    "timestamp": 1774300080572
  },
  "violations": [],
  "recommendations": [
    "Largest file (index.js) is 100.0% of bundle - consider splitting or optimizing"
  ],
  "overallStatus": "pass"
}