{
  "timestamp": 1774035652848,
  "bundleSize": {
    "totalSize": 916,
    "gzippedSize": 423,
    "fileCount": 1,
    "largestFile": {
      "name": "index.js",
      "size": 916,
      "gzippedSize": 423
    },
    "breakdown": [
      {
        "name": "index.js",
        "size": 916,
        "gzippedSize": 423,
        "percentage": 100
      }
    ]
  },
  "webVitals": {
    "firstContentfulPaint": 987.2154910195709,
    "timeToInteractive": 2498.3079274952142,
    "largestContentfulPaint": 1974.8506820712603,
    "cumulativeLayoutShift": 0.013717310379928694,
    "firstInputDelay": 74.84254626648574,
    "timestamp": 1774035652848
  },
  "runtime": {
    "memoryUsage": {
      "rss": 61931520,
      "heapUsed": 12456328,
      "heapTotal": 19857408,
      "external": 1969914
    },
    "startupTime": 475.026541,
    "cpuUsage": 198.939,
    "timestamp": 1774035652848
  },
  "violations": [],
  "recommendations": [
    "Largest file (index.js) is 100.0% of bundle - consider splitting or optimizing"
  ],
  "overallStatus": "pass"
}