{
  "timestamp": 1774550812557,
  "bundleSize": {
    "totalSize": 916,
    "gzippedSize": 423,
    "fileCount": 1,
    "largestFile": {
      "name": "index.js",
      "size": 916,
      "gzippedSize": 423
    },
    "breakdown": [
      {
        "name": "index.js",
        "size": 916,
        "gzippedSize": 423,
        "percentage": 100
      }
    ]
  },
  "webVitals": {
    "firstContentfulPaint": 681.3258496213259,
    "timeToInteractive": 2191.907052519728,
    "largestContentfulPaint": 1977.8238891913566,
    "cumulativeLayoutShift": 0.039993953920295325,
    "firstInputDelay": 29.643231908738166,
    "timestamp": 1774550812557
  },
  "runtime": {
    "memoryUsage": {
      "rss": 62668800,
      "heapUsed": 12736280,
      "heapTotal": 19857408,
      "external": 1970211
    },
    "startupTime": 283.82725,
    "cpuUsage": 159.182,
    "timestamp": 1774550812557
  },
  "violations": [],
  "recommendations": [
    "Largest file (index.js) is 100.0% of bundle - consider splitting or optimizing"
  ],
  "overallStatus": "pass"
}