{
  "timestamp": 1774531344574,
  "bundleSize": {
    "totalSize": 916,
    "gzippedSize": 423,
    "fileCount": 1,
    "largestFile": {
      "name": "index.js",
      "size": 916,
      "gzippedSize": 423
    },
    "breakdown": [
      {
        "name": "index.js",
        "size": 916,
        "gzippedSize": 423,
        "percentage": 100
      }
    ]
  },
  "webVitals": {
    "firstContentfulPaint": 1360.6803899951424,
    "timeToInteractive": 2423.8356329047638,
    "largestContentfulPaint": 1930.1424641309254,
    "cumulativeLayoutShift": 0.06679952085768841,
    "firstInputDelay": 30.895053483509106,
    "timestamp": 1774531344574
  },
  "runtime": {
    "memoryUsage": {
      "rss": 62816256,
      "heapUsed": 13002224,
      "heapTotal": 19922944,
      "external": 1971105
    },
    "startupTime": 261.500125,
    "cpuUsage": 145.426,
    "timestamp": 1774531344574
  },
  "violations": [],
  "recommendations": [
    "Largest file (index.js) is 100.0% of bundle - consider splitting or optimizing"
  ],
  "overallStatus": "pass"
}