{
  "timestamp": 1773969528067,
  "bundleSize": {
    "totalSize": 916,
    "gzippedSize": 423,
    "fileCount": 1,
    "largestFile": {
      "name": "index.js",
      "size": 916,
      "gzippedSize": 423
    },
    "breakdown": [
      {
        "name": "index.js",
        "size": 916,
        "gzippedSize": 423,
        "percentage": 100
      }
    ]
  },
  "webVitals": {
    "firstContentfulPaint": 1402.631541411195,
    "timeToInteractive": 2929.550727166209,
    "largestContentfulPaint": 2347.1355779128126,
    "cumulativeLayoutShift": 0.058706667666447325,
    "firstInputDelay": 69.30801673557909,
    "timestamp": 1773969528067
  },
  "runtime": {
    "memoryUsage": {
      "rss": 61636608,
      "heapUsed": 12445496,
      "heapTotal": 19857408,
      "external": 1970223
    },
    "startupTime": 246.973125,
    "cpuUsage": 140.454,
    "timestamp": 1773969528067
  },
  "violations": [],
  "recommendations": [
    "Largest file (index.js) is 100.0% of bundle - consider splitting or optimizing"
  ],
  "overallStatus": "pass"
}