{
  "timestamp": 1774003794344,
  "bundleSize": {
    "totalSize": 916,
    "gzippedSize": 423,
    "fileCount": 1,
    "largestFile": {
      "name": "index.js",
      "size": 916,
      "gzippedSize": 423
    },
    "breakdown": [
      {
        "name": "index.js",
        "size": 916,
        "gzippedSize": 423,
        "percentage": 100
      }
    ]
  },
  "webVitals": {
    "firstContentfulPaint": 576.8814742835617,
    "timeToInteractive": 2360.4583705518953,
    "largestContentfulPaint": 1718.800547326624,
    "cumulativeLayoutShift": 0.023133053495324907,
    "firstInputDelay": 37.70883833445326,
    "timestamp": 1774003794344
  },
  "runtime": {
    "memoryUsage": {
      "rss": 61014016,
      "heapUsed": 12412400,
      "heapTotal": 19857408,
      "external": 1970211
    },
    "startupTime": 304.891958,
    "cpuUsage": 160.797,
    "timestamp": 1774003794344
  },
  "violations": [],
  "recommendations": [
    "Largest file (index.js) is 100.0% of bundle - consider splitting or optimizing"
  ],
  "overallStatus": "pass"
}