{
  "timestamp": 1773938643195,
  "bundleSize": {
    "totalSize": 916,
    "gzippedSize": 423,
    "fileCount": 1,
    "largestFile": {
      "name": "index.js",
      "size": 916,
      "gzippedSize": 423
    },
    "breakdown": [
      {
        "name": "index.js",
        "size": 916,
        "gzippedSize": 423,
        "percentage": 100
      }
    ]
  },
  "webVitals": {
    "firstContentfulPaint": 1376.0139732799762,
    "timeToInteractive": 2748.2112789897183,
    "largestContentfulPaint": 1666.4679744770456,
    "cumulativeLayoutShift": 0.01693277796765369,
    "firstInputDelay": 41.852422606869695,
    "timestamp": 1773938643195
  },
  "runtime": {
    "memoryUsage": {
      "rss": 60538880,
      "heapUsed": 13248232,
      "heapTotal": 20578304,
      "external": 1966360
    },
    "startupTime": 975.435333,
    "cpuUsage": 192.437,
    "timestamp": 1773938643195
  },
  "violations": [],
  "recommendations": [
    "Largest file (index.js) is 100.0% of bundle - consider splitting or optimizing"
  ],
  "overallStatus": "pass"
}