{
  "timestamp": 1774540518533,
  "bundleSize": {
    "totalSize": 916,
    "gzippedSize": 423,
    "fileCount": 1,
    "largestFile": {
      "name": "index.js",
      "size": 916,
      "gzippedSize": 423
    },
    "breakdown": [
      {
        "name": "index.js",
        "size": 916,
        "gzippedSize": 423,
        "percentage": 100
      }
    ]
  },
  "webVitals": {
    "firstContentfulPaint": 783.5162425273305,
    "timeToInteractive": 2538.2212715873998,
    "largestContentfulPaint": 1599.079976407001,
    "cumulativeLayoutShift": 0.03688358086311161,
    "firstInputDelay": 39.266324374535955,
    "timestamp": 1774540518533
  },
  "runtime": {
    "memoryUsage": {
      "rss": 60653568,
      "heapUsed": 12671176,
      "heapTotal": 19857408,
      "external": 1968518
    },
    "startupTime": 1827.333666,
    "cpuUsage": 217.09,
    "timestamp": 1774540518533
  },
  "violations": [],
  "recommendations": [
    "Largest file (index.js) is 100.0% of bundle - consider splitting or optimizing"
  ],
  "overallStatus": "pass"
}