{
  "timestamp": 1774204500883,
  "bundleSize": {
    "totalSize": 916,
    "gzippedSize": 423,
    "fileCount": 1,
    "largestFile": {
      "name": "index.js",
      "size": 916,
      "gzippedSize": 423
    },
    "breakdown": [
      {
        "name": "index.js",
        "size": 916,
        "gzippedSize": 423,
        "percentage": 100
      }
    ]
  },
  "webVitals": {
    "firstContentfulPaint": 872.9421148616954,
    "timeToInteractive": 2635.0333940089567,
    "largestContentfulPaint": 2411.6202478436617,
    "cumulativeLayoutShift": 0.06532142307522118,
    "firstInputDelay": 26.604618279264393,
    "timestamp": 1774204500883
  },
  "runtime": {
    "memoryUsage": {
      "rss": 62128128,
      "heapUsed": 12460616,
      "heapTotal": 19857408,
      "external": 1965854
    },
    "startupTime": 219.716833,
    "cpuUsage": 135.31,
    "timestamp": 1774204500883
  },
  "violations": [],
  "recommendations": [
    "Largest file (index.js) is 100.0% of bundle - consider splitting or optimizing"
  ],
  "overallStatus": "pass"
}