{
  "timestamp": 1774268342523,
  "bundleSize": {
    "totalSize": 916,
    "gzippedSize": 423,
    "fileCount": 1,
    "largestFile": {
      "name": "index.js",
      "size": 916,
      "gzippedSize": 423
    },
    "breakdown": [
      {
        "name": "index.js",
        "size": 916,
        "gzippedSize": 423,
        "percentage": 100
      }
    ]
  },
  "webVitals": {
    "firstContentfulPaint": 608.3421424066344,
    "timeToInteractive": 2168.0329183205777,
    "largestContentfulPaint": 1803.5909251892713,
    "cumulativeLayoutShift": 0.06172442167183141,
    "firstInputDelay": 49.36553648400152,
    "timestamp": 1774268342522
  },
  "runtime": {
    "memoryUsage": {
      "rss": 62586880,
      "heapUsed": 13299888,
      "heapTotal": 20316160,
      "external": 1966360
    },
    "startupTime": 2016.524708,
    "cpuUsage": 203.961,
    "timestamp": 1774268342523
  },
  "violations": [],
  "recommendations": [
    "Largest file (index.js) is 100.0% of bundle - consider splitting or optimizing"
  ],
  "overallStatus": "pass"
}