{
  "timestamp": 1773868142622,
  "bundleSize": {
    "totalSize": 916,
    "gzippedSize": 423,
    "fileCount": 1,
    "largestFile": {
      "name": "index.js",
      "size": 916,
      "gzippedSize": 423
    },
    "breakdown": [
      {
        "name": "index.js",
        "size": 916,
        "gzippedSize": 423,
        "percentage": 100
      }
    ]
  },
  "webVitals": {
    "firstContentfulPaint": 1221.7022886978841,
    "timeToInteractive": 2493.001274925924,
    "largestContentfulPaint": 2101.0477682681776,
    "cumulativeLayoutShift": 0.04218214513834977,
    "firstInputDelay": 62.575681187577025,
    "timestamp": 1773868142621
  },
  "runtime": {
    "memoryUsage": {
      "rss": 62849024,
      "heapUsed": 13166696,
      "heapTotal": 20512768,
      "external": 1970223
    },
    "startupTime": 412.720667,
    "cpuUsage": 184.887,
    "timestamp": 1773868142622
  },
  "violations": [],
  "recommendations": [
    "Largest file (index.js) is 100.0% of bundle - consider splitting or optimizing"
  ],
  "overallStatus": "pass"
}