{
  "timestamp": 1775921947489,
  "bundleSize": {
    "totalSize": 952,
    "gzippedSize": 439,
    "fileCount": 1,
    "largestFile": {
      "name": "index.js",
      "size": 952,
      "gzippedSize": 439
    },
    "breakdown": [
      {
        "name": "index.js",
        "size": 952,
        "gzippedSize": 439,
        "percentage": 100
      }
    ]
  },
  "webVitals": {
    "firstContentfulPaint": 1132.937469141671,
    "timeToInteractive": 2631.3285632911015,
    "largestContentfulPaint": 2459.9059855016776,
    "cumulativeLayoutShift": 0.02047182997248489,
    "firstInputDelay": 66.03460954034401,
    "timestamp": 1775921947488
  },
  "runtime": {
    "memoryUsage": {
      "rss": 59260928,
      "heapUsed": 11710032,
      "heapTotal": 19709952,
      "external": 1968957
    },
    "startupTime": 535.601208,
    "cpuUsage": 157.488,
    "timestamp": 1775921947489
  },
  "violations": [],
  "recommendations": [
    "Largest file (index.js) is 100.0% of bundle - consider splitting or optimizing"
  ],
  "overallStatus": "pass"
}