{
  "timestamp": 1773888459637,
  "bundleSize": {
    "totalSize": 916,
    "gzippedSize": 423,
    "fileCount": 1,
    "largestFile": {
      "name": "index.js",
      "size": 916,
      "gzippedSize": 423
    },
    "breakdown": [
      {
        "name": "index.js",
        "size": 916,
        "gzippedSize": 423,
        "percentage": 100
      }
    ]
  },
  "webVitals": {
    "firstContentfulPaint": 710.3727162210831,
    "timeToInteractive": 2804.0271585386063,
    "largestContentfulPaint": 2069.196791632579,
    "cumulativeLayoutShift": 0.011512576515843498,
    "firstInputDelay": 25.37563175738994,
    "timestamp": 1773888459637
  },
  "runtime": {
    "memoryUsage": {
      "rss": 63635456,
      "heapUsed": 13629768,
      "heapTotal": 20480000,
      "external": 1971725
    },
    "startupTime": 391.463666,
    "cpuUsage": 179.432,
    "timestamp": 1773888459637
  },
  "violations": [],
  "recommendations": [
    "Largest file (index.js) is 100.0% of bundle - consider splitting or optimizing"
  ],
  "overallStatus": "pass"
}