{
  "timestamp": 1773851436803,
  "bundleSize": {
    "totalSize": 916,
    "gzippedSize": 423,
    "fileCount": 1,
    "largestFile": {
      "name": "index.js",
      "size": 916,
      "gzippedSize": 423
    },
    "breakdown": [
      {
        "name": "index.js",
        "size": 916,
        "gzippedSize": 423,
        "percentage": 100
      }
    ]
  },
  "webVitals": {
    "firstContentfulPaint": 590.4688317995672,
    "timeToInteractive": 2960.823813911112,
    "largestContentfulPaint": 1917.4164566489476,
    "cumulativeLayoutShift": 0.018234172395467964,
    "firstInputDelay": 70.1256134428224,
    "timestamp": 1773851436803
  },
  "runtime": {
    "memoryUsage": {
      "rss": 59473920,
      "heapUsed": 12328808,
      "heapTotal": 20119552,
      "external": 1965845
    },
    "startupTime": 1586.994167,
    "cpuUsage": 192.728,
    "timestamp": 1773851436803
  },
  "violations": [],
  "recommendations": [
    "Largest file (index.js) is 100.0% of bundle - consider splitting or optimizing"
  ],
  "overallStatus": "pass"
}