{
  "timestamp": 1773842117491,
  "bundleSize": {
    "totalSize": 916,
    "gzippedSize": 423,
    "fileCount": 1,
    "largestFile": {
      "name": "index.js",
      "size": 916,
      "gzippedSize": 423
    },
    "breakdown": [
      {
        "name": "index.js",
        "size": 916,
        "gzippedSize": 423,
        "percentage": 100
      }
    ]
  },
  "webVitals": {
    "firstContentfulPaint": 1257.4490741700213,
    "timeToInteractive": 2276.3050151085063,
    "largestContentfulPaint": 1663.7776844890768,
    "cumulativeLayoutShift": 0.01823380161605639,
    "firstInputDelay": 58.52901742143969,
    "timestamp": 1773842117491
  },
  "runtime": {
    "memoryUsage": {
      "rss": 61816832,
      "heapUsed": 12050240,
      "heapTotal": 20381696,
      "external": 1964344
    },
    "startupTime": 368.198542,
    "cpuUsage": 167.649,
    "timestamp": 1773842117491
  },
  "violations": [],
  "recommendations": [
    "Largest file (index.js) is 100.0% of bundle - consider splitting or optimizing"
  ],
  "overallStatus": "pass"
}