{
  "timestamp": 1773947797883,
  "bundleSize": {
    "totalSize": 916,
    "gzippedSize": 423,
    "fileCount": 1,
    "largestFile": {
      "name": "index.js",
      "size": 916,
      "gzippedSize": 423
    },
    "breakdown": [
      {
        "name": "index.js",
        "size": 916,
        "gzippedSize": 423,
        "percentage": 100
      }
    ]
  },
  "webVitals": {
    "firstContentfulPaint": 1186.7173027453787,
    "timeToInteractive": 2449.801508086111,
    "largestContentfulPaint": 2198.9857129217216,
    "cumulativeLayoutShift": 0.08601197410956302,
    "firstInputDelay": 27.672012975199834,
    "timestamp": 1773947797883
  },
  "runtime": {
    "memoryUsage": {
      "rss": 62996480,
      "heapUsed": 13248256,
      "heapTotal": 20054016,
      "external": 1970223
    },
    "startupTime": 296.390542,
    "cpuUsage": 171.813,
    "timestamp": 1773947797883
  },
  "violations": [],
  "recommendations": [
    "Largest file (index.js) is 100.0% of bundle - consider splitting or optimizing"
  ],
  "overallStatus": "pass"
}