{
  "timestamp": 1774278618250,
  "bundleSize": {
    "totalSize": 916,
    "gzippedSize": 423,
    "fileCount": 1,
    "largestFile": {
      "name": "index.js",
      "size": 916,
      "gzippedSize": 423
    },
    "breakdown": [
      {
        "name": "index.js",
        "size": 916,
        "gzippedSize": 423,
        "percentage": 100
      }
    ]
  },
  "webVitals": {
    "firstContentfulPaint": 747.7501003510112,
    "timeToInteractive": 2372.940330854297,
    "largestContentfulPaint": 2347.9239688050284,
    "cumulativeLayoutShift": 0.06740078153792728,
    "firstInputDelay": 44.967669706097226,
    "timestamp": 1774278618249
  },
  "runtime": {
    "memoryUsage": {
      "rss": 62373888,
      "heapUsed": 12899016,
      "heapTotal": 19595264,
      "external": 1970211
    },
    "startupTime": 483.238625,
    "cpuUsage": 180.186,
    "timestamp": 1774278618250
  },
  "violations": [],
  "recommendations": [
    "Largest file (index.js) is 100.0% of bundle - consider splitting or optimizing"
  ],
  "overallStatus": "pass"
}