{
  "timestamp": 1773968197098,
  "bundleSize": {
    "totalSize": 916,
    "gzippedSize": 423,
    "fileCount": 1,
    "largestFile": {
      "name": "index.js",
      "size": 916,
      "gzippedSize": 423
    },
    "breakdown": [
      {
        "name": "index.js",
        "size": 916,
        "gzippedSize": 423,
        "percentage": 100
      }
    ]
  },
  "webVitals": {
    "firstContentfulPaint": 1193.7975116560697,
    "timeToInteractive": 2733.8192133117454,
    "largestContentfulPaint": 1782.2403480275739,
    "cumulativeLayoutShift": 0.05294527495990669,
    "firstInputDelay": 63.968199684933936,
    "timestamp": 1773968197098
  },
  "runtime": {
    "memoryUsage": {
      "rss": 62242816,
      "heapUsed": 12922640,
      "heapTotal": 20119552,
      "external": 1970672
    },
    "startupTime": 1037.740917,
    "cpuUsage": 191.135,
    "timestamp": 1773968197098
  },
  "violations": [],
  "recommendations": [
    "Largest file (index.js) is 100.0% of bundle - consider splitting or optimizing"
  ],
  "overallStatus": "pass"
}