{
  "timestamp": 1774048741299,
  "bundleSize": {
    "totalSize": 916,
    "gzippedSize": 423,
    "fileCount": 1,
    "largestFile": {
      "name": "index.js",
      "size": 916,
      "gzippedSize": 423
    },
    "breakdown": [
      {
        "name": "index.js",
        "size": 916,
        "gzippedSize": 423,
        "percentage": 100
      }
    ]
  },
  "webVitals": {
    "firstContentfulPaint": 1104.361312470989,
    "timeToInteractive": 2622.7513371236796,
    "largestContentfulPaint": 2419.7095923359516,
    "cumulativeLayoutShift": 0.008011695010395382,
    "firstInputDelay": 71.80620469927943,
    "timestamp": 1774048741299
  },
  "runtime": {
    "memoryUsage": {
      "rss": 62472192,
      "heapUsed": 12554120,
      "heapTotal": 19857408,
      "external": 1970223
    },
    "startupTime": 239.216166,
    "cpuUsage": 144.286,
    "timestamp": 1774048741299
  },
  "violations": [],
  "recommendations": [
    "Largest file (index.js) is 100.0% of bundle - consider splitting or optimizing"
  ],
  "overallStatus": "pass"
}