{
  "timestamp": 1774660209246,
  "bundleSize": {
    "totalSize": 916,
    "gzippedSize": 423,
    "fileCount": 1,
    "largestFile": {
      "name": "index.js",
      "size": 916,
      "gzippedSize": 423
    },
    "breakdown": [
      {
        "name": "index.js",
        "size": 916,
        "gzippedSize": 423,
        "percentage": 100
      }
    ]
  },
  "webVitals": {
    "firstContentfulPaint": 722.9255661043647,
    "timeToInteractive": 2906.805402269486,
    "largestContentfulPaint": 1740.7757568303819,
    "cumulativeLayoutShift": 0.0003091607933936702,
    "firstInputDelay": 36.712747965234904,
    "timestamp": 1774660209246
  },
  "runtime": {
    "memoryUsage": {
      "rss": 59899904,
      "heapUsed": 13673464,
      "heapTotal": 20086784,
      "external": 1970223
    },
    "startupTime": 533.568959,
    "cpuUsage": 177.672,
    "timestamp": 1774660209246
  },
  "violations": [],
  "recommendations": [
    "Largest file (index.js) is 100.0% of bundle - consider splitting or optimizing"
  ],
  "overallStatus": "pass"
}