{
  "timestamp": 1774512255466,
  "bundleSize": {
    "totalSize": 916,
    "gzippedSize": 423,
    "fileCount": 1,
    "largestFile": {
      "name": "index.js",
      "size": 916,
      "gzippedSize": 423
    },
    "breakdown": [
      {
        "name": "index.js",
        "size": 916,
        "gzippedSize": 423,
        "percentage": 100
      }
    ]
  },
  "webVitals": {
    "firstContentfulPaint": 938.4117379547556,
    "timeToInteractive": 2960.2658818696686,
    "largestContentfulPaint": 2455.1202892163146,
    "cumulativeLayoutShift": 0.03273899910412355,
    "firstInputDelay": 27.84598865246689,
    "timestamp": 1774512255466
  },
  "runtime": {
    "memoryUsage": {
      "rss": 45400064,
      "heapUsed": 10723120,
      "heapTotal": 13041664,
      "external": 1962064
    },
    "startupTime": 19252.678792,
    "cpuUsage": 272.113,
    "timestamp": 1774512255466
  },
  "violations": [],
  "recommendations": [
    "Largest file (index.js) is 100.0% of bundle - consider splitting or optimizing"
  ],
  "overallStatus": "pass"
}