{
  "timestamp": 1774275068439,
  "bundleSize": {
    "totalSize": 916,
    "gzippedSize": 423,
    "fileCount": 1,
    "largestFile": {
      "name": "index.js",
      "size": 916,
      "gzippedSize": 423
    },
    "breakdown": [
      {
        "name": "index.js",
        "size": 916,
        "gzippedSize": 423,
        "percentage": 100
      }
    ]
  },
  "webVitals": {
    "firstContentfulPaint": 860.7163205332865,
    "timeToInteractive": 2502.475708816164,
    "largestContentfulPaint": 2288.206557628782,
    "cumulativeLayoutShift": 0.062253392803699174,
    "firstInputDelay": 27.47103782016621,
    "timestamp": 1774275068438
  },
  "runtime": {
    "memoryUsage": {
      "rss": 59949056,
      "heapUsed": 12860784,
      "heapTotal": 20217856,
      "external": 1965833
    },
    "startupTime": 2188.380459,
    "cpuUsage": 196.847,
    "timestamp": 1774275068439
  },
  "violations": [],
  "recommendations": [
    "Largest file (index.js) is 100.0% of bundle - consider splitting or optimizing"
  ],
  "overallStatus": "pass"
}