{
  "timestamp": 1773969506046,
  "bundleSize": {
    "totalSize": 916,
    "gzippedSize": 423,
    "fileCount": 1,
    "largestFile": {
      "name": "index.js",
      "size": 916,
      "gzippedSize": 423
    },
    "breakdown": [
      {
        "name": "index.js",
        "size": 916,
        "gzippedSize": 423,
        "percentage": 100
      }
    ]
  },
  "webVitals": {
    "firstContentfulPaint": 1375.2815598008633,
    "timeToInteractive": 2217.0094639397985,
    "largestContentfulPaint": 2485.5660235534137,
    "cumulativeLayoutShift": 0.08281570912996639,
    "firstInputDelay": 27.11637696720367,
    "timestamp": 1773969506045
  },
  "runtime": {
    "memoryUsage": {
      "rss": 62406656,
      "heapUsed": 12269688,
      "heapTotal": 20119552,
      "external": 1965372
    },
    "startupTime": 239.162875,
    "cpuUsage": 153.429,
    "timestamp": 1773969506046
  },
  "violations": [],
  "recommendations": [
    "Largest file (index.js) is 100.0% of bundle - consider splitting or optimizing"
  ],
  "overallStatus": "pass"
}