{
  "timestamp": 1774612590446,
  "bundleSize": {
    "totalSize": 916,
    "gzippedSize": 423,
    "fileCount": 1,
    "largestFile": {
      "name": "index.js",
      "size": 916,
      "gzippedSize": 423
    },
    "breakdown": [
      {
        "name": "index.js",
        "size": 916,
        "gzippedSize": 423,
        "percentage": 100
      }
    ]
  },
  "webVitals": {
    "firstContentfulPaint": 988.6212280370728,
    "timeToInteractive": 2454.404999136766,
    "largestContentfulPaint": 1570.0577901750114,
    "cumulativeLayoutShift": 0.014055693533214387,
    "firstInputDelay": 45.21768292392105,
    "timestamp": 1774612590446
  },
  "runtime": {
    "memoryUsage": {
      "rss": 62095360,
      "heapUsed": 12721096,
      "heapTotal": 19595264,
      "external": 1970223
    },
    "startupTime": 250.986583,
    "cpuUsage": 144.065,
    "timestamp": 1774612590446
  },
  "violations": [],
  "recommendations": [
    "Largest file (index.js) is 100.0% of bundle - consider splitting or optimizing"
  ],
  "overallStatus": "pass"
}