{
  "timestamp": 1774548017592,
  "bundleSize": {
    "totalSize": 916,
    "gzippedSize": 423,
    "fileCount": 1,
    "largestFile": {
      "name": "index.js",
      "size": 916,
      "gzippedSize": 423
    },
    "breakdown": [
      {
        "name": "index.js",
        "size": 916,
        "gzippedSize": 423,
        "percentage": 100
      }
    ]
  },
  "webVitals": {
    "firstContentfulPaint": 553.3992011306126,
    "timeToInteractive": 2513.0854434926077,
    "largestContentfulPaint": 2348.7716416391777,
    "cumulativeLayoutShift": 0.06469347763197227,
    "firstInputDelay": 36.028219867357194,
    "timestamp": 1774548017591
  },
  "runtime": {
    "memoryUsage": {
      "rss": 59408384,
      "heapUsed": 13018088,
      "heapTotal": 19595264,
      "external": 1970672
    },
    "startupTime": 2054.402166,
    "cpuUsage": 181.162,
    "timestamp": 1774548017592
  },
  "violations": [],
  "recommendations": [
    "Largest file (index.js) is 100.0% of bundle - consider splitting or optimizing"
  ],
  "overallStatus": "pass"
}