{
  "timestamp": 1773688964007,
  "bundleSize": {
    "totalSize": 916,
    "gzippedSize": 423,
    "fileCount": 1,
    "largestFile": {
      "name": "index.js",
      "size": 916,
      "gzippedSize": 423
    },
    "breakdown": [
      {
        "name": "index.js",
        "size": 916,
        "gzippedSize": 423,
        "percentage": 100
      }
    ]
  },
  "webVitals": {
    "firstContentfulPaint": 1092.7730983666477,
    "timeToInteractive": 2733.2938290465336,
    "largestContentfulPaint": 1798.479977082267,
    "cumulativeLayoutShift": 0.04663714649244315,
    "firstInputDelay": 28.773833261162462,
    "timestamp": 1773688964007
  },
  "runtime": {
    "memoryUsage": {
      "rss": 62652416,
      "heapUsed": 11997144,
      "heapTotal": 20119552,
      "external": 1965903
    },
    "startupTime": 900.554625,
    "cpuUsage": 191.34,
    "timestamp": 1773688964007
  },
  "violations": [],
  "recommendations": [
    "Largest file (index.js) is 100.0% of bundle - consider splitting or optimizing"
  ],
  "overallStatus": "pass"
}