{
  "timestamp": 1774621364391,
  "bundleSize": {
    "totalSize": 916,
    "gzippedSize": 423,
    "fileCount": 1,
    "largestFile": {
      "name": "index.js",
      "size": 916,
      "gzippedSize": 423
    },
    "breakdown": [
      {
        "name": "index.js",
        "size": 916,
        "gzippedSize": 423,
        "percentage": 100
      }
    ]
  },
  "webVitals": {
    "firstContentfulPaint": 1186.2450135937847,
    "timeToInteractive": 2225.6867305389474,
    "largestContentfulPaint": 2412.933391971508,
    "cumulativeLayoutShift": 0.05319308626815864,
    "firstInputDelay": 42.546392797955974,
    "timestamp": 1774621364391
  },
  "runtime": {
    "memoryUsage": {
      "rss": 61964288,
      "heapUsed": 12705104,
      "heapTotal": 19857408,
      "external": 1965854
    },
    "startupTime": 234.122083,
    "cpuUsage": 156.685,
    "timestamp": 1774621364391
  },
  "violations": [],
  "recommendations": [
    "Largest file (index.js) is 100.0% of bundle - consider splitting or optimizing"
  ],
  "overallStatus": "pass"
}