{
  "timestamp": 1774268968492,
  "bundleSize": {
    "totalSize": 916,
    "gzippedSize": 423,
    "fileCount": 1,
    "largestFile": {
      "name": "index.js",
      "size": 916,
      "gzippedSize": 423
    },
    "breakdown": [
      {
        "name": "index.js",
        "size": 916,
        "gzippedSize": 423,
        "percentage": 100
      }
    ]
  },
  "webVitals": {
    "firstContentfulPaint": 1215.8198010948802,
    "timeToInteractive": 2264.8313611048065,
    "largestContentfulPaint": 1566.504541719407,
    "cumulativeLayoutShift": 0.01767189641812139,
    "firstInputDelay": 54.39237752636588,
    "timestamp": 1774268968492
  },
  "runtime": {
    "memoryUsage": {
      "rss": 62554112,
      "heapUsed": 13203552,
      "heapTotal": 20054016,
      "external": 1965854
    },
    "startupTime": 195.271292,
    "cpuUsage": 129.958,
    "timestamp": 1774268968492
  },
  "violations": [],
  "recommendations": [
    "Largest file (index.js) is 100.0% of bundle - consider splitting or optimizing"
  ],
  "overallStatus": "pass"
}