{
  "timestamp": 1774516472712,
  "bundleSize": {
    "totalSize": 916,
    "gzippedSize": 423,
    "fileCount": 1,
    "largestFile": {
      "name": "index.js",
      "size": 916,
      "gzippedSize": 423
    },
    "breakdown": [
      {
        "name": "index.js",
        "size": 916,
        "gzippedSize": 423,
        "percentage": 100
      }
    ]
  },
  "webVitals": {
    "firstContentfulPaint": 586.5505466049515,
    "timeToInteractive": 2871.1060984037504,
    "largestContentfulPaint": 1530.6358926458654,
    "cumulativeLayoutShift": 0.06762760605051794,
    "firstInputDelay": 54.995311503130125,
    "timestamp": 1774516472712
  },
  "runtime": {
    "memoryUsage": {
      "rss": 62406656,
      "heapUsed": 12470016,
      "heapTotal": 19857408,
      "external": 1971431
    },
    "startupTime": 234.536417,
    "cpuUsage": 136.649,
    "timestamp": 1774516472712
  },
  "violations": [],
  "recommendations": [
    "Largest file (index.js) is 100.0% of bundle - consider splitting or optimizing"
  ],
  "overallStatus": "pass"
}