{
  "timestamp": 1774049112324,
  "bundleSize": {
    "totalSize": 916,
    "gzippedSize": 423,
    "fileCount": 1,
    "largestFile": {
      "name": "index.js",
      "size": 916,
      "gzippedSize": 423
    },
    "breakdown": [
      {
        "name": "index.js",
        "size": 916,
        "gzippedSize": 423,
        "percentage": 100
      }
    ]
  },
  "webVitals": {
    "firstContentfulPaint": 1419.9459911791082,
    "timeToInteractive": 2082.733746610774,
    "largestContentfulPaint": 2478.165877750064,
    "cumulativeLayoutShift": 0.007450293187315005,
    "firstInputDelay": 48.51149658452499,
    "timestamp": 1774049112324
  },
  "runtime": {
    "memoryUsage": {
      "rss": 61767680,
      "heapUsed": 12726720,
      "heapTotal": 19857408,
      "external": 1970223
    },
    "startupTime": 247.535625,
    "cpuUsage": 149.286,
    "timestamp": 1774049112324
  },
  "violations": [],
  "recommendations": [
    "Largest file (index.js) is 100.0% of bundle - consider splitting or optimizing"
  ],
  "overallStatus": "pass"
}