{
  "timestamp": 1774375642892,
  "bundleSize": {
    "totalSize": 916,
    "gzippedSize": 423,
    "fileCount": 1,
    "largestFile": {
      "name": "index.js",
      "size": 916,
      "gzippedSize": 423
    },
    "breakdown": [
      {
        "name": "index.js",
        "size": 916,
        "gzippedSize": 423,
        "percentage": 100
      }
    ]
  },
  "webVitals": {
    "firstContentfulPaint": 1168.3493130875922,
    "timeToInteractive": 2548.9565262455017,
    "largestContentfulPaint": 2406.1893274205595,
    "cumulativeLayoutShift": 0.055059339725235426,
    "firstInputDelay": 55.27394376833074,
    "timestamp": 1774375642892
  },
  "runtime": {
    "memoryUsage": {
      "rss": 63275008,
      "heapUsed": 13224536,
      "heapTotal": 20971520,
      "external": 1964859
    },
    "startupTime": 756.213833,
    "cpuUsage": 190.414,
    "timestamp": 1774375642892
  },
  "violations": [],
  "recommendations": [
    "Largest file (index.js) is 100.0% of bundle - consider splitting or optimizing"
  ],
  "overallStatus": "pass"
}