{
  "timestamp": 1773686184923,
  "bundleSize": {
    "totalSize": 916,
    "gzippedSize": 423,
    "fileCount": 1,
    "largestFile": {
      "name": "index.js",
      "size": 916,
      "gzippedSize": 423
    },
    "breakdown": [
      {
        "name": "index.js",
        "size": 916,
        "gzippedSize": 423,
        "percentage": 100
      }
    ]
  },
  "webVitals": {
    "firstContentfulPaint": 1067.7641169987558,
    "timeToInteractive": 2809.7266525771493,
    "largestContentfulPaint": 1911.4658383919768,
    "cumulativeLayoutShift": 0.08979473017081215,
    "firstInputDelay": 69.58697682159718,
    "timestamp": 1773686184923
  },
  "runtime": {
    "memoryUsage": {
      "rss": 62242816,
      "heapUsed": 12059328,
      "heapTotal": 20119552,
      "external": 1970916
    },
    "startupTime": 288.531625,
    "cpuUsage": 172.287,
    "timestamp": 1773686184923
  },
  "violations": [],
  "recommendations": [
    "Largest file (index.js) is 100.0% of bundle - consider splitting or optimizing"
  ],
  "overallStatus": "pass"
}