{
  "timestamp": 1774225734886,
  "bundleSize": {
    "totalSize": 916,
    "gzippedSize": 423,
    "fileCount": 1,
    "largestFile": {
      "name": "index.js",
      "size": 916,
      "gzippedSize": 423
    },
    "breakdown": [
      {
        "name": "index.js",
        "size": 916,
        "gzippedSize": 423,
        "percentage": 100
      }
    ]
  },
  "webVitals": {
    "firstContentfulPaint": 933.9346642606479,
    "timeToInteractive": 2214.493607521844,
    "largestContentfulPaint": 2031.3805325029546,
    "cumulativeLayoutShift": 0.08751434625394572,
    "firstInputDelay": 31.655289467280912,
    "timestamp": 1774225734886
  },
  "runtime": {
    "memoryUsage": {
      "rss": 58966016,
      "heapUsed": 12636968,
      "heapTotal": 20119552,
      "external": 1965320
    },
    "startupTime": 2542.958042,
    "cpuUsage": 199.819,
    "timestamp": 1774225734886
  },
  "violations": [],
  "recommendations": [
    "Largest file (index.js) is 100.0% of bundle - consider splitting or optimizing"
  ],
  "overallStatus": "pass"
}