{
  "timestamp": 1774626596262,
  "bundleSize": {
    "totalSize": 916,
    "gzippedSize": 423,
    "fileCount": 1,
    "largestFile": {
      "name": "index.js",
      "size": 916,
      "gzippedSize": 423
    },
    "breakdown": [
      {
        "name": "index.js",
        "size": 916,
        "gzippedSize": 423,
        "percentage": 100
      }
    ]
  },
  "webVitals": {
    "firstContentfulPaint": 1148.9659643369378,
    "timeToInteractive": 2930.595979565922,
    "largestContentfulPaint": 1950.6890337785665,
    "cumulativeLayoutShift": 0.05135263833434076,
    "firstInputDelay": 42.21743736865491,
    "timestamp": 1774626596262
  },
  "runtime": {
    "memoryUsage": {
      "rss": 63193088,
      "heapUsed": 13219200,
      "heapTotal": 20905984,
      "external": 1965854
    },
    "startupTime": 199.161125,
    "cpuUsage": 132.012,
    "timestamp": 1774626596262
  },
  "violations": [],
  "recommendations": [
    "Largest file (index.js) is 100.0% of bundle - consider splitting or optimizing"
  ],
  "overallStatus": "pass"
}