{
  "timestamp": 1774468611755,
  "bundleSize": {
    "totalSize": 916,
    "gzippedSize": 423,
    "fileCount": 1,
    "largestFile": {
      "name": "index.js",
      "size": 916,
      "gzippedSize": 423
    },
    "breakdown": [
      {
        "name": "index.js",
        "size": 916,
        "gzippedSize": 423,
        "percentage": 100
      }
    ]
  },
  "webVitals": {
    "firstContentfulPaint": 599.0778951254749,
    "timeToInteractive": 2036.4151826287089,
    "largestContentfulPaint": 2236.9063651740375,
    "cumulativeLayoutShift": 0.0028335898790804673,
    "firstInputDelay": 60.32682096658271,
    "timestamp": 1774468611755
  },
  "runtime": {
    "memoryUsage": {
      "rss": 61505536,
      "heapUsed": 12908120,
      "heapTotal": 19857408,
      "external": 1971431
    },
    "startupTime": 247.91275,
    "cpuUsage": 152.053,
    "timestamp": 1774468611755
  },
  "violations": [],
  "recommendations": [
    "Largest file (index.js) is 100.0% of bundle - consider splitting or optimizing"
  ],
  "overallStatus": "pass"
}