{
  "timestamp": 1774198781952,
  "bundleSize": {
    "totalSize": 916,
    "gzippedSize": 423,
    "fileCount": 1,
    "largestFile": {
      "name": "index.js",
      "size": 916,
      "gzippedSize": 423
    },
    "breakdown": [
      {
        "name": "index.js",
        "size": 916,
        "gzippedSize": 423,
        "percentage": 100
      }
    ]
  },
  "webVitals": {
    "firstContentfulPaint": 1066.30158293292,
    "timeToInteractive": 2875.9838701968756,
    "largestContentfulPaint": 2007.4717258990233,
    "cumulativeLayoutShift": 0.049899525124016235,
    "firstInputDelay": 50.10376271965884,
    "timestamp": 1774198781952
  },
  "runtime": {
    "memoryUsage": {
      "rss": 62898176,
      "heapUsed": 13154424,
      "heapTotal": 20021248,
      "external": 1970435
    },
    "startupTime": 788.543417,
    "cpuUsage": 176.822,
    "timestamp": 1774198781952
  },
  "violations": [],
  "recommendations": [
    "Largest file (index.js) is 100.0% of bundle - consider splitting or optimizing"
  ],
  "overallStatus": "pass"
}