{
  "timestamp": 1774113319707,
  "bundleSize": {
    "totalSize": 916,
    "gzippedSize": 423,
    "fileCount": 1,
    "largestFile": {
      "name": "index.js",
      "size": 916,
      "gzippedSize": 423
    },
    "breakdown": [
      {
        "name": "index.js",
        "size": 916,
        "gzippedSize": 423,
        "percentage": 100
      }
    ]
  },
  "webVitals": {
    "firstContentfulPaint": 1169.2606317574878,
    "timeToInteractive": 2725.4355053240374,
    "largestContentfulPaint": 2076.794074919271,
    "cumulativeLayoutShift": 0.0355555245867609,
    "firstInputDelay": 28.679876645969692,
    "timestamp": 1774113319707
  },
  "runtime": {
    "memoryUsage": {
      "rss": 62750720,
      "heapUsed": 12759336,
      "heapTotal": 20709376,
      "external": 1966373
    },
    "startupTime": 456.089208,
    "cpuUsage": 174.927,
    "timestamp": 1774113319707
  },
  "violations": [],
  "recommendations": [
    "Largest file (index.js) is 100.0% of bundle - consider splitting or optimizing"
  ],
  "overallStatus": "pass"
}