{
  "timestamp": 1773779470273,
  "bundleSize": {
    "totalSize": 916,
    "gzippedSize": 423,
    "fileCount": 1,
    "largestFile": {
      "name": "index.js",
      "size": 916,
      "gzippedSize": 423
    },
    "breakdown": [
      {
        "name": "index.js",
        "size": 916,
        "gzippedSize": 423,
        "percentage": 100
      }
    ]
  },
  "webVitals": {
    "firstContentfulPaint": 1003.4704591296179,
    "timeToInteractive": 2768.228686669747,
    "largestContentfulPaint": 2212.338487118359,
    "cumulativeLayoutShift": 0.056359079679821816,
    "firstInputDelay": 58.01221465457973,
    "timestamp": 1773779470273
  },
  "runtime": {
    "memoryUsage": {
      "rss": 60686336,
      "heapUsed": 12074872,
      "heapTotal": 20119552,
      "external": 1968517
    },
    "startupTime": 985.827833,
    "cpuUsage": 207.092,
    "timestamp": 1773779470273
  },
  "violations": [],
  "recommendations": [
    "Largest file (index.js) is 100.0% of bundle - consider splitting or optimizing"
  ],
  "overallStatus": "pass"
}