{
  "timestamp": 1774356743006,
  "bundleSize": {
    "totalSize": 916,
    "gzippedSize": 423,
    "fileCount": 1,
    "largestFile": {
      "name": "index.js",
      "size": 916,
      "gzippedSize": 423
    },
    "breakdown": [
      {
        "name": "index.js",
        "size": 916,
        "gzippedSize": 423,
        "percentage": 100
      }
    ]
  },
  "webVitals": {
    "firstContentfulPaint": 934.8484501597175,
    "timeToInteractive": 2764.5540008559346,
    "largestContentfulPaint": 2005.397267609495,
    "cumulativeLayoutShift": 0.06673794139137515,
    "firstInputDelay": 40.366640060312406,
    "timestamp": 1774356743006
  },
  "runtime": {
    "memoryUsage": {
      "rss": 61816832,
      "heapUsed": 12637448,
      "heapTotal": 20119552,
      "external": 1971526
    },
    "startupTime": 216.522584,
    "cpuUsage": 141.775,
    "timestamp": 1774356743006
  },
  "violations": [],
  "recommendations": [
    "Largest file (index.js) is 100.0% of bundle - consider splitting or optimizing"
  ],
  "overallStatus": "pass"
}