{
  "timestamp": 1774211628377,
  "bundleSize": {
    "totalSize": 916,
    "gzippedSize": 423,
    "fileCount": 1,
    "largestFile": {
      "name": "index.js",
      "size": 916,
      "gzippedSize": 423
    },
    "breakdown": [
      {
        "name": "index.js",
        "size": 916,
        "gzippedSize": 423,
        "percentage": 100
      }
    ]
  },
  "webVitals": {
    "firstContentfulPaint": 1457.9872766970857,
    "timeToInteractive": 2118.283264627737,
    "largestContentfulPaint": 1763.5454802849251,
    "cumulativeLayoutShift": 0.0106964390358272,
    "firstInputDelay": 54.720936721268856,
    "timestamp": 1774211628376
  },
  "runtime": {
    "memoryUsage": {
      "rss": 62291968,
      "heapUsed": 12560592,
      "heapTotal": 20381696,
      "external": 1965854
    },
    "startupTime": 218.888417,
    "cpuUsage": 139.742,
    "timestamp": 1774211628377
  },
  "violations": [],
  "recommendations": [
    "Largest file (index.js) is 100.0% of bundle - consider splitting or optimizing"
  ],
  "overallStatus": "pass"
}