{
  "timestamp": 1774533388289,
  "bundleSize": {
    "totalSize": 916,
    "gzippedSize": 423,
    "fileCount": 1,
    "largestFile": {
      "name": "index.js",
      "size": 916,
      "gzippedSize": 423
    },
    "breakdown": [
      {
        "name": "index.js",
        "size": 916,
        "gzippedSize": 423,
        "percentage": 100
      }
    ]
  },
  "webVitals": {
    "firstContentfulPaint": 1067.6189065520484,
    "timeToInteractive": 2785.200755451032,
    "largestContentfulPaint": 2034.0722191440527,
    "cumulativeLayoutShift": 0.004591308905402758,
    "firstInputDelay": 69.54058649612173,
    "timestamp": 1774533388288
  },
  "runtime": {
    "memoryUsage": {
      "rss": 62881792,
      "heapUsed": 13086848,
      "heapTotal": 20299776,
      "external": 1970211
    },
    "startupTime": 271.832542,
    "cpuUsage": 146.051,
    "timestamp": 1774533388289
  },
  "violations": [],
  "recommendations": [
    "Largest file (index.js) is 100.0% of bundle - consider splitting or optimizing"
  ],
  "overallStatus": "pass"
}