{
  "timestamp": 1773680684840,
  "bundleSize": {
    "totalSize": 916,
    "gzippedSize": 423,
    "fileCount": 1,
    "largestFile": {
      "name": "index.js",
      "size": 916,
      "gzippedSize": 423
    },
    "breakdown": [
      {
        "name": "index.js",
        "size": 916,
        "gzippedSize": 423,
        "percentage": 100
      }
    ]
  },
  "webVitals": {
    "firstContentfulPaint": 1418.0544197401223,
    "timeToInteractive": 2237.2476723182717,
    "largestContentfulPaint": 1684.1058556352232,
    "cumulativeLayoutShift": 0.022742164660298173,
    "firstInputDelay": 63.33998333040558,
    "timestamp": 1773680684840
  },
  "runtime": {
    "memoryUsage": {
      "rss": 61882368,
      "heapUsed": 12196696,
      "heapTotal": 19595264,
      "external": 1969708
    },
    "startupTime": 387.590125,
    "cpuUsage": 181.333,
    "timestamp": 1773680684840
  },
  "violations": [],
  "recommendations": [
    "Largest file (index.js) is 100.0% of bundle - consider splitting or optimizing"
  ],
  "overallStatus": "pass"
}