{
  "timestamp": 1773879118228,
  "bundleSize": {
    "totalSize": 916,
    "gzippedSize": 423,
    "fileCount": 1,
    "largestFile": {
      "name": "index.js",
      "size": 916,
      "gzippedSize": 423
    },
    "breakdown": [
      {
        "name": "index.js",
        "size": 916,
        "gzippedSize": 423,
        "percentage": 100
      }
    ]
  },
  "webVitals": {
    "firstContentfulPaint": 909.2951405713857,
    "timeToInteractive": 2349.0827391179905,
    "largestContentfulPaint": 2379.448610027849,
    "cumulativeLayoutShift": 0.06536531945903556,
    "firstInputDelay": 63.189235467972615,
    "timestamp": 1773879118228
  },
  "runtime": {
    "memoryUsage": {
      "rss": 63504384,
      "heapUsed": 13514864,
      "heapTotal": 20758528,
      "external": 1969216
    },
    "startupTime": 556.223625,
    "cpuUsage": 182.834,
    "timestamp": 1773879118228
  },
  "violations": [],
  "recommendations": [
    "Largest file (index.js) is 100.0% of bundle - consider splitting or optimizing"
  ],
  "overallStatus": "pass"
}