{
  "timestamp": 1773923301502,
  "bundleSize": {
    "totalSize": 916,
    "gzippedSize": 423,
    "fileCount": 1,
    "largestFile": {
      "name": "index.js",
      "size": 916,
      "gzippedSize": 423
    },
    "breakdown": [
      {
        "name": "index.js",
        "size": 916,
        "gzippedSize": 423,
        "percentage": 100
      }
    ]
  },
  "webVitals": {
    "firstContentfulPaint": 707.2844122520012,
    "timeToInteractive": 2696.2120952441164,
    "largestContentfulPaint": 2227.8991743701417,
    "cumulativeLayoutShift": 0.09227285457261757,
    "firstInputDelay": 39.147335990804955,
    "timestamp": 1773923301501
  },
  "runtime": {
    "memoryUsage": {
      "rss": 62308352,
      "heapUsed": 12541872,
      "heapTotal": 20119552,
      "external": 1971431
    },
    "startupTime": 250.21125,
    "cpuUsage": 154.411,
    "timestamp": 1773923301502
  },
  "violations": [],
  "recommendations": [
    "Largest file (index.js) is 100.0% of bundle - consider splitting or optimizing"
  ],
  "overallStatus": "pass"
}