{
  "timestamp": 1773852823470,
  "bundleSize": {
    "totalSize": 916,
    "gzippedSize": 423,
    "fileCount": 1,
    "largestFile": {
      "name": "index.js",
      "size": 916,
      "gzippedSize": 423
    },
    "breakdown": [
      {
        "name": "index.js",
        "size": 916,
        "gzippedSize": 423,
        "percentage": 100
      }
    ]
  },
  "webVitals": {
    "firstContentfulPaint": 1212.2931391268862,
    "timeToInteractive": 2707.490745014639,
    "largestContentfulPaint": 2327.650814883351,
    "cumulativeLayoutShift": 0.06945842768761852,
    "firstInputDelay": 41.969103850819536,
    "timestamp": 1773852823469
  },
  "runtime": {
    "memoryUsage": {
      "rss": 61816832,
      "heapUsed": 12225032,
      "heapTotal": 19595264,
      "external": 1966572
    },
    "startupTime": 556.539542,
    "cpuUsage": 185.253,
    "timestamp": 1773852823470
  },
  "violations": [],
  "recommendations": [
    "Largest file (index.js) is 100.0% of bundle - consider splitting or optimizing"
  ],
  "overallStatus": "pass"
}