{
  "timestamp": 1773880757244,
  "bundleSize": {
    "totalSize": 916,
    "gzippedSize": 423,
    "fileCount": 1,
    "largestFile": {
      "name": "index.js",
      "size": 916,
      "gzippedSize": 423
    },
    "breakdown": [
      {
        "name": "index.js",
        "size": 916,
        "gzippedSize": 423,
        "percentage": 100
      }
    ]
  },
  "webVitals": {
    "firstContentfulPaint": 1023.8723796926139,
    "timeToInteractive": 2632.7914708400176,
    "largestContentfulPaint": 1776.1941628251477,
    "cumulativeLayoutShift": 0.027377048897005207,
    "firstInputDelay": 56.0329533708657,
    "timestamp": 1773880757244
  },
  "runtime": {
    "memoryUsage": {
      "rss": 60637184,
      "heapUsed": 13687928,
      "heapTotal": 20480000,
      "external": 1969481
    },
    "startupTime": 1078.941708,
    "cpuUsage": 198.643,
    "timestamp": 1773880757244
  },
  "violations": [],
  "recommendations": [
    "Largest file (index.js) is 100.0% of bundle - consider splitting or optimizing"
  ],
  "overallStatus": "pass"
}