{
  "timestamp": 1773931992633,
  "bundleSize": {
    "totalSize": 916,
    "gzippedSize": 423,
    "fileCount": 1,
    "largestFile": {
      "name": "index.js",
      "size": 916,
      "gzippedSize": 423
    },
    "breakdown": [
      {
        "name": "index.js",
        "size": 916,
        "gzippedSize": 423,
        "percentage": 100
      }
    ]
  },
  "webVitals": {
    "firstContentfulPaint": 673.1772431705463,
    "timeToInteractive": 2994.3578859401664,
    "largestContentfulPaint": 1904.5169598466846,
    "cumulativeLayoutShift": 0.010996878376969188,
    "firstInputDelay": 50.852674244847506,
    "timestamp": 1773931992633
  },
  "runtime": {
    "memoryUsage": {
      "rss": 62423040,
      "heapUsed": 12278448,
      "heapTotal": 20381696,
      "external": 1970436
    },
    "startupTime": 263.444875,
    "cpuUsage": 159.21,
    "timestamp": 1773931992633
  },
  "violations": [],
  "recommendations": [
    "Largest file (index.js) is 100.0% of bundle - consider splitting or optimizing"
  ],
  "overallStatus": "pass"
}