{
  "timestamp": 1774352074219,
  "bundleSize": {
    "totalSize": 916,
    "gzippedSize": 423,
    "fileCount": 1,
    "largestFile": {
      "name": "index.js",
      "size": 916,
      "gzippedSize": 423
    },
    "breakdown": [
      {
        "name": "index.js",
        "size": 916,
        "gzippedSize": 423,
        "percentage": 100
      }
    ]
  },
  "webVitals": {
    "firstContentfulPaint": 1051.6604237340853,
    "timeToInteractive": 2145.1705177749686,
    "largestContentfulPaint": 2266.0354802933816,
    "cumulativeLayoutShift": 0.003523682036615772,
    "firstInputDelay": 39.41989850242909,
    "timestamp": 1774352074219
  },
  "runtime": {
    "memoryUsage": {
      "rss": 62423040,
      "heapUsed": 12575480,
      "heapTotal": 19857408,
      "external": 1971431
    },
    "startupTime": 262.483458,
    "cpuUsage": 159.265,
    "timestamp": 1774352074219
  },
  "violations": [],
  "recommendations": [
    "Largest file (index.js) is 100.0% of bundle - consider splitting or optimizing"
  ],
  "overallStatus": "pass"
}