{
  "timestamp": 1774543679208,
  "bundleSize": {
    "totalSize": 916,
    "gzippedSize": 423,
    "fileCount": 1,
    "largestFile": {
      "name": "index.js",
      "size": 916,
      "gzippedSize": 423
    },
    "breakdown": [
      {
        "name": "index.js",
        "size": 916,
        "gzippedSize": 423,
        "percentage": 100
      }
    ]
  },
  "webVitals": {
    "firstContentfulPaint": 1415.2948841700722,
    "timeToInteractive": 2226.4335568030065,
    "largestContentfulPaint": 1854.1936483362751,
    "cumulativeLayoutShift": 0.043300606708901346,
    "firstInputDelay": 50.57948656635824,
    "timestamp": 1774543679208
  },
  "runtime": {
    "memoryUsage": {
      "rss": 52609024,
      "heapUsed": 12919200,
      "heapTotal": 20119552,
      "external": 1966361
    },
    "startupTime": 6486.079208,
    "cpuUsage": 207.806,
    "timestamp": 1774543679208
  },
  "violations": [],
  "recommendations": [
    "Largest file (index.js) is 100.0% of bundle - consider splitting or optimizing"
  ],
  "overallStatus": "pass"
}