{
  "timestamp": 1774293927087,
  "bundleSize": {
    "totalSize": 916,
    "gzippedSize": 423,
    "fileCount": 1,
    "largestFile": {
      "name": "index.js",
      "size": 916,
      "gzippedSize": 423
    },
    "breakdown": [
      {
        "name": "index.js",
        "size": 916,
        "gzippedSize": 423,
        "percentage": 100
      }
    ]
  },
  "webVitals": {
    "firstContentfulPaint": 1158.1073919314572,
    "timeToInteractive": 2471.685323672197,
    "largestContentfulPaint": 2450.8698468378634,
    "cumulativeLayoutShift": 0.04889360303761046,
    "firstInputDelay": 26.379677870752083,
    "timestamp": 1774293927086
  },
  "runtime": {
    "memoryUsage": {
      "rss": 62603264,
      "heapUsed": 12253528,
      "heapTotal": 19857408,
      "external": 1971431
    },
    "startupTime": 256.130584,
    "cpuUsage": 149.357,
    "timestamp": 1774293927087
  },
  "violations": [],
  "recommendations": [
    "Largest file (index.js) is 100.0% of bundle - consider splitting or optimizing"
  ],
  "overallStatus": "pass"
}