{
  "timestamp": 1774468966023,
  "bundleSize": {
    "totalSize": 916,
    "gzippedSize": 423,
    "fileCount": 1,
    "largestFile": {
      "name": "index.js",
      "size": 916,
      "gzippedSize": 423
    },
    "breakdown": [
      {
        "name": "index.js",
        "size": 916,
        "gzippedSize": 423,
        "percentage": 100
      }
    ]
  },
  "webVitals": {
    "firstContentfulPaint": 944.2389266551652,
    "timeToInteractive": 2008.6182726809475,
    "largestContentfulPaint": 2406.6907878715842,
    "cumulativeLayoutShift": 0.007940721387233807,
    "firstInputDelay": 29.915284490751446,
    "timestamp": 1774468966023
  },
  "runtime": {
    "memoryUsage": {
      "rss": 64978944,
      "heapUsed": 12479688,
      "heapTotal": 20905984,
      "external": 2638742
    },
    "startupTime": 236.346667,
    "cpuUsage": 149.906,
    "timestamp": 1774468966023
  },
  "violations": [],
  "recommendations": [
    "Largest file (index.js) is 100.0% of bundle - consider splitting or optimizing"
  ],
  "overallStatus": "pass"
}