{
  "timestamp": 1774436672023,
  "bundleSize": {
    "totalSize": 916,
    "gzippedSize": 423,
    "fileCount": 1,
    "largestFile": {
      "name": "index.js",
      "size": 916,
      "gzippedSize": 423
    },
    "breakdown": [
      {
        "name": "index.js",
        "size": 916,
        "gzippedSize": 423,
        "percentage": 100
      }
    ]
  },
  "webVitals": {
    "firstContentfulPaint": 944.8126730260278,
    "timeToInteractive": 2184.775633139666,
    "largestContentfulPaint": 2220.6170400675983,
    "cumulativeLayoutShift": 0.009353205197295234,
    "firstInputDelay": 34.39932837103193,
    "timestamp": 1774436672023
  },
  "runtime": {
    "memoryUsage": {
      "rss": 63586304,
      "heapUsed": 13473496,
      "heapTotal": 20414464,
      "external": 1971431
    },
    "startupTime": 239.285625,
    "cpuUsage": 151.736,
    "timestamp": 1774436672023
  },
  "violations": [],
  "recommendations": [
    "Largest file (index.js) is 100.0% of bundle - consider splitting or optimizing"
  ],
  "overallStatus": "pass"
}