{
  "timestamp": 1774200809938,
  "bundleSize": {
    "totalSize": 916,
    "gzippedSize": 423,
    "fileCount": 1,
    "largestFile": {
      "name": "index.js",
      "size": 916,
      "gzippedSize": 423
    },
    "breakdown": [
      {
        "name": "index.js",
        "size": 916,
        "gzippedSize": 423,
        "percentage": 100
      }
    ]
  },
  "webVitals": {
    "firstContentfulPaint": 950.716636466719,
    "timeToInteractive": 2938.2893080268377,
    "largestContentfulPaint": 1896.0416829669248,
    "cumulativeLayoutShift": 0.08384355063764903,
    "firstInputDelay": 29.574266929787218,
    "timestamp": 1774200809938
  },
  "runtime": {
    "memoryUsage": {
      "rss": 62144512,
      "heapUsed": 12978984,
      "heapTotal": 20447232,
      "external": 1971431
    },
    "startupTime": 219.090584,
    "cpuUsage": 134.794,
    "timestamp": 1774200809938
  },
  "violations": [],
  "recommendations": [
    "Largest file (index.js) is 100.0% of bundle - consider splitting or optimizing"
  ],
  "overallStatus": "pass"
}