{
  "timestamp": 1774279578908,
  "bundleSize": {
    "totalSize": 916,
    "gzippedSize": 423,
    "fileCount": 1,
    "largestFile": {
      "name": "index.js",
      "size": 916,
      "gzippedSize": 423
    },
    "breakdown": [
      {
        "name": "index.js",
        "size": 916,
        "gzippedSize": 423,
        "percentage": 100
      }
    ]
  },
  "webVitals": {
    "firstContentfulPaint": 997.7422234215087,
    "timeToInteractive": 2193.282563104456,
    "largestContentfulPaint": 1833.5056540997873,
    "cumulativeLayoutShift": 0.08690478297141205,
    "firstInputDelay": 31.09053122388652,
    "timestamp": 1774279578908
  },
  "runtime": {
    "memoryUsage": {
      "rss": 59572224,
      "heapUsed": 13138000,
      "heapTotal": 20250624,
      "external": 1967746
    },
    "startupTime": 3084.531709,
    "cpuUsage": 186.041,
    "timestamp": 1774279578908
  },
  "violations": [],
  "recommendations": [
    "Largest file (index.js) is 100.0% of bundle - consider splitting or optimizing"
  ],
  "overallStatus": "pass"
}