{
  "timestamp": 1774512465643,
  "bundleSize": {
    "totalSize": 916,
    "gzippedSize": 423,
    "fileCount": 1,
    "largestFile": {
      "name": "index.js",
      "size": 916,
      "gzippedSize": 423
    },
    "breakdown": [
      {
        "name": "index.js",
        "size": 916,
        "gzippedSize": 423,
        "percentage": 100
      }
    ]
  },
  "webVitals": {
    "firstContentfulPaint": 1235.7449200541269,
    "timeToInteractive": 2682.7772415137542,
    "largestContentfulPaint": 2249.4755186511165,
    "cumulativeLayoutShift": 0.05121899152400904,
    "firstInputDelay": 74.58146664068498,
    "timestamp": 1774512465643
  },
  "runtime": {
    "memoryUsage": {
      "rss": 62160896,
      "heapUsed": 12597560,
      "heapTotal": 19857408,
      "external": 1966148
    },
    "startupTime": 1083.953292,
    "cpuUsage": 187.957,
    "timestamp": 1774512465643
  },
  "violations": [],
  "recommendations": [
    "Largest file (index.js) is 100.0% of bundle - consider splitting or optimizing"
  ],
  "overallStatus": "pass"
}