{
  "timestamp": 1774351605460,
  "bundleSize": {
    "totalSize": 916,
    "gzippedSize": 423,
    "fileCount": 1,
    "largestFile": {
      "name": "index.js",
      "size": 916,
      "gzippedSize": 423
    },
    "breakdown": [
      {
        "name": "index.js",
        "size": 916,
        "gzippedSize": 423,
        "percentage": 100
      }
    ]
  },
  "webVitals": {
    "firstContentfulPaint": 885.6895710845342,
    "timeToInteractive": 2821.987068495818,
    "largestContentfulPaint": 1610.9540573910087,
    "cumulativeLayoutShift": 0.0005916888276922272,
    "firstInputDelay": 53.59875297947495,
    "timestamp": 1774351605460
  },
  "runtime": {
    "memoryUsage": {
      "rss": 65060864,
      "heapUsed": 12609800,
      "heapTotal": 20381696,
      "external": 2640625
    },
    "startupTime": 365.767833,
    "cpuUsage": 175.659,
    "timestamp": 1774351605460
  },
  "violations": [],
  "recommendations": [
    "Largest file (index.js) is 100.0% of bundle - consider splitting or optimizing"
  ],
  "overallStatus": "pass"
}