{
  "timestamp": 1773860175256,
  "bundleSize": {
    "totalSize": 916,
    "gzippedSize": 423,
    "fileCount": 1,
    "largestFile": {
      "name": "index.js",
      "size": 916,
      "gzippedSize": 423
    },
    "breakdown": [
      {
        "name": "index.js",
        "size": 916,
        "gzippedSize": 423,
        "percentage": 100
      }
    ]
  },
  "webVitals": {
    "firstContentfulPaint": 1333.9137653639439,
    "timeToInteractive": 2586.0852330788466,
    "largestContentfulPaint": 2245.943084610015,
    "cumulativeLayoutShift": 0.04349768881950871,
    "firstInputDelay": 58.55071829677928,
    "timestamp": 1773860175255
  },
  "runtime": {
    "memoryUsage": {
      "rss": 62193664,
      "heapUsed": 12076208,
      "heapTotal": 19595264,
      "external": 1970916
    },
    "startupTime": 258.992042,
    "cpuUsage": 144.495,
    "timestamp": 1773860175256
  },
  "violations": [],
  "recommendations": [
    "Largest file (index.js) is 100.0% of bundle - consider splitting or optimizing"
  ],
  "overallStatus": "pass"
}