{
  "timestamp": 1774009063166,
  "bundleSize": {
    "totalSize": 916,
    "gzippedSize": 423,
    "fileCount": 1,
    "largestFile": {
      "name": "index.js",
      "size": 916,
      "gzippedSize": 423
    },
    "breakdown": [
      {
        "name": "index.js",
        "size": 916,
        "gzippedSize": 423,
        "percentage": 100
      }
    ]
  },
  "webVitals": {
    "firstContentfulPaint": 1172.398389183634,
    "timeToInteractive": 2329.2086058453347,
    "largestContentfulPaint": 1614.3316753538725,
    "cumulativeLayoutShift": 0.0033716469899282456,
    "firstInputDelay": 43.263681428645086,
    "timestamp": 1774009063166
  },
  "runtime": {
    "memoryUsage": {
      "rss": 61964288,
      "heapUsed": 13133960,
      "heapTotal": 20643840,
      "external": 1966373
    },
    "startupTime": 399.914792,
    "cpuUsage": 174.439,
    "timestamp": 1774009063166
  },
  "violations": [],
  "recommendations": [
    "Largest file (index.js) is 100.0% of bundle - consider splitting or optimizing"
  ],
  "overallStatus": "pass"
}