{
  "timestamp": 1773940632690,
  "bundleSize": {
    "totalSize": 916,
    "gzippedSize": 423,
    "fileCount": 1,
    "largestFile": {
      "name": "index.js",
      "size": 916,
      "gzippedSize": 423
    },
    "breakdown": [
      {
        "name": "index.js",
        "size": 916,
        "gzippedSize": 423,
        "percentage": 100
      }
    ]
  },
  "webVitals": {
    "firstContentfulPaint": 902.6606493271512,
    "timeToInteractive": 2817.4396905531935,
    "largestContentfulPaint": 2315.956338933787,
    "cumulativeLayoutShift": 0.0028661459257548483,
    "firstInputDelay": 50.27254425963636,
    "timestamp": 1773940632690
  },
  "runtime": {
    "memoryUsage": {
      "rss": 61669376,
      "heapUsed": 12863184,
      "heapTotal": 19595264,
      "external": 1970211
    },
    "startupTime": 429.986542,
    "cpuUsage": 191.024,
    "timestamp": 1773940632690
  },
  "violations": [],
  "recommendations": [
    "Largest file (index.js) is 100.0% of bundle - consider splitting or optimizing"
  ],
  "overallStatus": "pass"
}