{
  "timestamp": 1774352191903,
  "bundleSize": {
    "totalSize": 916,
    "gzippedSize": 423,
    "fileCount": 1,
    "largestFile": {
      "name": "index.js",
      "size": 916,
      "gzippedSize": 423
    },
    "breakdown": [
      {
        "name": "index.js",
        "size": 916,
        "gzippedSize": 423,
        "percentage": 100
      }
    ]
  },
  "webVitals": {
    "firstContentfulPaint": 594.3546979382213,
    "timeToInteractive": 2627.9912206563395,
    "largestContentfulPaint": 1846.7383461654172,
    "cumulativeLayoutShift": 0.0009408002154091433,
    "firstInputDelay": 49.581904137504,
    "timestamp": 1774352191903
  },
  "runtime": {
    "memoryUsage": {
      "rss": 59850752,
      "heapUsed": 11563184,
      "heapTotal": 20381696,
      "external": 1969831
    },
    "startupTime": 259.461084,
    "cpuUsage": 148.899,
    "timestamp": 1774352191903
  },
  "violations": [],
  "recommendations": [
    "Largest file (index.js) is 100.0% of bundle - consider splitting or optimizing"
  ],
  "overallStatus": "pass"
}