{
  "timestamp": 1774307546714,
  "bundleSize": {
    "totalSize": 916,
    "gzippedSize": 423,
    "fileCount": 1,
    "largestFile": {
      "name": "index.js",
      "size": 916,
      "gzippedSize": 423
    },
    "breakdown": [
      {
        "name": "index.js",
        "size": 916,
        "gzippedSize": 423,
        "percentage": 100
      }
    ]
  },
  "webVitals": {
    "firstContentfulPaint": 833.0085744803304,
    "timeToInteractive": 2565.4139944865883,
    "largestContentfulPaint": 1577.123529570827,
    "cumulativeLayoutShift": 0.08205695794637693,
    "firstInputDelay": 41.742662063014805,
    "timestamp": 1774307546714
  },
  "runtime": {
    "memoryUsage": {
      "rss": 61980672,
      "heapUsed": 12702568,
      "heapTotal": 19857408,
      "external": 1970455
    },
    "startupTime": 240.858334,
    "cpuUsage": 144.173,
    "timestamp": 1774307546714
  },
  "violations": [],
  "recommendations": [
    "Largest file (index.js) is 100.0% of bundle - consider splitting or optimizing"
  ],
  "overallStatus": "pass"
}