{
  "timestamp": 1774440066991,
  "bundleSize": {
    "totalSize": 916,
    "gzippedSize": 423,
    "fileCount": 1,
    "largestFile": {
      "name": "index.js",
      "size": 916,
      "gzippedSize": 423
    },
    "breakdown": [
      {
        "name": "index.js",
        "size": 916,
        "gzippedSize": 423,
        "percentage": 100
      }
    ]
  },
  "webVitals": {
    "firstContentfulPaint": 1492.3242783419705,
    "timeToInteractive": 2574.2660379451636,
    "largestContentfulPaint": 1704.153718329129,
    "cumulativeLayoutShift": 0.04721229100247604,
    "firstInputDelay": 40.015149128058646,
    "timestamp": 1774440066990
  },
  "runtime": {
    "memoryUsage": {
      "rss": 62128128,
      "heapUsed": 12680024,
      "heapTotal": 19857408,
      "external": 1966360
    },
    "startupTime": 530.533708,
    "cpuUsage": 176.671,
    "timestamp": 1774440066991
  },
  "violations": [],
  "recommendations": [
    "Largest file (index.js) is 100.0% of bundle - consider splitting or optimizing"
  ],
  "overallStatus": "pass"
}