{
  "timestamp": 1773884683546,
  "bundleSize": {
    "totalSize": 916,
    "gzippedSize": 423,
    "fileCount": 1,
    "largestFile": {
      "name": "index.js",
      "size": 916,
      "gzippedSize": 423
    },
    "breakdown": [
      {
        "name": "index.js",
        "size": 916,
        "gzippedSize": 423,
        "percentage": 100
      }
    ]
  },
  "webVitals": {
    "firstContentfulPaint": 1329.3600594028899,
    "timeToInteractive": 2398.4166252294613,
    "largestContentfulPaint": 1544.2825471869435,
    "cumulativeLayoutShift": 0.08749716162409849,
    "firstInputDelay": 27.809493867439183,
    "timestamp": 1773884683546
  },
  "runtime": {
    "memoryUsage": {
      "rss": 63668224,
      "heapUsed": 13679832,
      "heapTotal": 20217856,
      "external": 1965899
    },
    "startupTime": 354.338458,
    "cpuUsage": 168.123,
    "timestamp": 1773884683546
  },
  "violations": [],
  "recommendations": [
    "Largest file (index.js) is 100.0% of bundle - consider splitting or optimizing"
  ],
  "overallStatus": "pass"
}