{
  "timestamp": 1774540659301,
  "bundleSize": {
    "totalSize": 916,
    "gzippedSize": 423,
    "fileCount": 1,
    "largestFile": {
      "name": "index.js",
      "size": 916,
      "gzippedSize": 423
    },
    "breakdown": [
      {
        "name": "index.js",
        "size": 916,
        "gzippedSize": 423,
        "percentage": 100
      }
    ]
  },
  "webVitals": {
    "firstContentfulPaint": 568.0315180153561,
    "timeToInteractive": 2690.9286418839274,
    "largestContentfulPaint": 1819.0617676390725,
    "cumulativeLayoutShift": 0.021963527141691322,
    "firstInputDelay": 27.935966258156363,
    "timestamp": 1774540659300
  },
  "runtime": {
    "memoryUsage": {
      "rss": 59588608,
      "heapUsed": 12600672,
      "heapTotal": 20119552,
      "external": 1966148
    },
    "startupTime": 869.22075,
    "cpuUsage": 213.95,
    "timestamp": 1774540659301
  },
  "violations": [],
  "recommendations": [
    "Largest file (index.js) is 100.0% of bundle - consider splitting or optimizing"
  ],
  "overallStatus": "pass"
}