{
  "timestamp": 1773929715465,
  "bundleSize": {
    "totalSize": 916,
    "gzippedSize": 423,
    "fileCount": 1,
    "largestFile": {
      "name": "index.js",
      "size": 916,
      "gzippedSize": 423
    },
    "breakdown": [
      {
        "name": "index.js",
        "size": 916,
        "gzippedSize": 423,
        "percentage": 100
      }
    ]
  },
  "webVitals": {
    "firstContentfulPaint": 1210.476627803008,
    "timeToInteractive": 2619.956031657585,
    "largestContentfulPaint": 2072.9533918604116,
    "cumulativeLayoutShift": 0.010795077976477519,
    "firstInputDelay": 59.30055469667208,
    "timestamp": 1773929715465
  },
  "runtime": {
    "memoryUsage": {
      "rss": 58458112,
      "heapUsed": 12793072,
      "heapTotal": 19906560,
      "external": 1970223
    },
    "startupTime": 549.940583,
    "cpuUsage": 175.068,
    "timestamp": 1773929715465
  },
  "violations": [],
  "recommendations": [
    "Largest file (index.js) is 100.0% of bundle - consider splitting or optimizing"
  ],
  "overallStatus": "pass"
}