{
  "timestamp": 1774469422438,
  "bundleSize": {
    "totalSize": 916,
    "gzippedSize": 423,
    "fileCount": 1,
    "largestFile": {
      "name": "index.js",
      "size": 916,
      "gzippedSize": 423
    },
    "breakdown": [
      {
        "name": "index.js",
        "size": 916,
        "gzippedSize": 423,
        "percentage": 100
      }
    ]
  },
  "webVitals": {
    "firstContentfulPaint": 716.6904655117954,
    "timeToInteractive": 2556.4714170148036,
    "largestContentfulPaint": 1992.3595256551323,
    "cumulativeLayoutShift": 0.07892986476624053,
    "firstInputDelay": 47.4858389967971,
    "timestamp": 1774469422438
  },
  "runtime": {
    "memoryUsage": {
      "rss": 60063744,
      "heapUsed": 13513288,
      "heapTotal": 20447232,
      "external": 1970672
    },
    "startupTime": 1144.416875,
    "cpuUsage": 204.185,
    "timestamp": 1774469422438
  },
  "violations": [],
  "recommendations": [
    "Largest file (index.js) is 100.0% of bundle - consider splitting or optimizing"
  ],
  "overallStatus": "pass"
}