{
  "timestamp": 1774461907096,
  "bundleSize": {
    "totalSize": 916,
    "gzippedSize": 423,
    "fileCount": 1,
    "largestFile": {
      "name": "index.js",
      "size": 916,
      "gzippedSize": 423
    },
    "breakdown": [
      {
        "name": "index.js",
        "size": 916,
        "gzippedSize": 423,
        "percentage": 100
      }
    ]
  },
  "webVitals": {
    "firstContentfulPaint": 1223.9701987054113,
    "timeToInteractive": 2184.7828698678213,
    "largestContentfulPaint": 1860.0089488776912,
    "cumulativeLayoutShift": 0.046253672144592355,
    "firstInputDelay": 58.89473277600873,
    "timestamp": 1774461907095
  },
  "runtime": {
    "memoryUsage": {
      "rss": 62406656,
      "heapUsed": 12574232,
      "heapTotal": 20119552,
      "external": 1969228
    },
    "startupTime": 390.982708,
    "cpuUsage": 170.348,
    "timestamp": 1774461907096
  },
  "violations": [],
  "recommendations": [
    "Largest file (index.js) is 100.0% of bundle - consider splitting or optimizing"
  ],
  "overallStatus": "pass"
}