{
  "timestamp": 1774269663247,
  "bundleSize": {
    "totalSize": 916,
    "gzippedSize": 423,
    "fileCount": 1,
    "largestFile": {
      "name": "index.js",
      "size": 916,
      "gzippedSize": 423
    },
    "breakdown": [
      {
        "name": "index.js",
        "size": 916,
        "gzippedSize": 423,
        "percentage": 100
      }
    ]
  },
  "webVitals": {
    "firstContentfulPaint": 801.8890803264176,
    "timeToInteractive": 2161.1973413693295,
    "largestContentfulPaint": 1791.3228364169088,
    "cumulativeLayoutShift": 0.04285857917309102,
    "firstInputDelay": 50.337133710319826,
    "timestamp": 1774269663247
  },
  "runtime": {
    "memoryUsage": {
      "rss": 61571072,
      "heapUsed": 12472688,
      "heapTotal": 19857408,
      "external": 1965854
    },
    "startupTime": 179.188334,
    "cpuUsage": 120.531,
    "timestamp": 1774269663247
  },
  "violations": [],
  "recommendations": [
    "Largest file (index.js) is 100.0% of bundle - consider splitting or optimizing"
  ],
  "overallStatus": "pass"
}