{
  "timestamp": 1774226185449,
  "bundleSize": {
    "totalSize": 916,
    "gzippedSize": 423,
    "fileCount": 1,
    "largestFile": {
      "name": "index.js",
      "size": 916,
      "gzippedSize": 423
    },
    "breakdown": [
      {
        "name": "index.js",
        "size": 916,
        "gzippedSize": 423,
        "percentage": 100
      }
    ]
  },
  "webVitals": {
    "firstContentfulPaint": 1240.3199935531097,
    "timeToInteractive": 2426.273873304955,
    "largestContentfulPaint": 2441.1695580447586,
    "cumulativeLayoutShift": 0.06633974833899947,
    "firstInputDelay": 60.87762076838078,
    "timestamp": 1774226185449
  },
  "runtime": {
    "memoryUsage": {
      "rss": 62849024,
      "heapUsed": 13428408,
      "heapTotal": 20381696,
      "external": 1966360
    },
    "startupTime": 2637.164333,
    "cpuUsage": 204.739,
    "timestamp": 1774226185449
  },
  "violations": [],
  "recommendations": [
    "Largest file (index.js) is 100.0% of bundle - consider splitting or optimizing"
  ],
  "overallStatus": "pass"
}