{
  "timestamp": 1774279714607,
  "bundleSize": {
    "totalSize": 916,
    "gzippedSize": 423,
    "fileCount": 1,
    "largestFile": {
      "name": "index.js",
      "size": 916,
      "gzippedSize": 423
    },
    "breakdown": [
      {
        "name": "index.js",
        "size": 916,
        "gzippedSize": 423,
        "percentage": 100
      }
    ]
  },
  "webVitals": {
    "firstContentfulPaint": 1064.2735677851674,
    "timeToInteractive": 2710.2265956847596,
    "largestContentfulPaint": 1889.9818255034904,
    "cumulativeLayoutShift": 0.005116500898355425,
    "firstInputDelay": 62.51668741107004,
    "timestamp": 1774279714607
  },
  "runtime": {
    "memoryUsage": {
      "rss": 43155456,
      "heapUsed": 10150616,
      "heapTotal": 11993088,
      "external": 1961521
    },
    "startupTime": 31555.329583,
    "cpuUsage": 337.335,
    "timestamp": 1774279714607
  },
  "violations": [],
  "recommendations": [
    "Largest file (index.js) is 100.0% of bundle - consider splitting or optimizing"
  ],
  "overallStatus": "pass"
}