{
  "timestamp": 1774225581394,
  "bundleSize": {
    "totalSize": 916,
    "gzippedSize": 423,
    "fileCount": 1,
    "largestFile": {
      "name": "index.js",
      "size": 916,
      "gzippedSize": 423
    },
    "breakdown": [
      {
        "name": "index.js",
        "size": 916,
        "gzippedSize": 423,
        "percentage": 100
      }
    ]
  },
  "webVitals": {
    "firstContentfulPaint": 1081.6642875973666,
    "timeToInteractive": 2991.3551062175006,
    "largestContentfulPaint": 1560.7432003887632,
    "cumulativeLayoutShift": 0.06965177967915795,
    "firstInputDelay": 56.2440939766236,
    "timestamp": 1774225581394
  },
  "runtime": {
    "memoryUsage": {
      "rss": 62177280,
      "heapUsed": 12557792,
      "heapTotal": 20119552,
      "external": 1965320
    },
    "startupTime": 1788.145042,
    "cpuUsage": 199.866,
    "timestamp": 1774225581394
  },
  "violations": [],
  "recommendations": [
    "Largest file (index.js) is 100.0% of bundle - consider splitting or optimizing"
  ],
  "overallStatus": "pass"
}