{
  "timestamp": 1774267189449,
  "bundleSize": {
    "totalSize": 916,
    "gzippedSize": 423,
    "fileCount": 1,
    "largestFile": {
      "name": "index.js",
      "size": 916,
      "gzippedSize": 423
    },
    "breakdown": [
      {
        "name": "index.js",
        "size": 916,
        "gzippedSize": 423,
        "percentage": 100
      }
    ]
  },
  "webVitals": {
    "firstContentfulPaint": 1035.0843918992468,
    "timeToInteractive": 2656.635879993158,
    "largestContentfulPaint": 1971.4759161090974,
    "cumulativeLayoutShift": 0.03445321864225342,
    "firstInputDelay": 40.57832619320335,
    "timestamp": 1774267189449
  },
  "runtime": {
    "memoryUsage": {
      "rss": 63406080,
      "heapUsed": 13778120,
      "heapTotal": 20545536,
      "external": 1966360
    },
    "startupTime": 1541.457375,
    "cpuUsage": 206.556,
    "timestamp": 1774267189449
  },
  "violations": [],
  "recommendations": [
    "Largest file (index.js) is 100.0% of bundle - consider splitting or optimizing"
  ],
  "overallStatus": "pass"
}