{
  "timestamp": 1774543974344,
  "bundleSize": {
    "totalSize": 916,
    "gzippedSize": 423,
    "fileCount": 1,
    "largestFile": {
      "name": "index.js",
      "size": 916,
      "gzippedSize": 423
    },
    "breakdown": [
      {
        "name": "index.js",
        "size": 916,
        "gzippedSize": 423,
        "percentage": 100
      }
    ]
  },
  "webVitals": {
    "firstContentfulPaint": 1471.0908759163983,
    "timeToInteractive": 2920.905429638157,
    "largestContentfulPaint": 1773.9319556157152,
    "cumulativeLayoutShift": 0.08722081093751732,
    "firstInputDelay": 70.78175216576105,
    "timestamp": 1774543974344
  },
  "runtime": {
    "memoryUsage": {
      "rss": 58687488,
      "heapUsed": 12519992,
      "heapTotal": 20119552,
      "external": 1966361
    },
    "startupTime": 4217.520917,
    "cpuUsage": 212.541,
    "timestamp": 1774543974344
  },
  "violations": [],
  "recommendations": [
    "Largest file (index.js) is 100.0% of bundle - consider splitting or optimizing"
  ],
  "overallStatus": "pass"
}