{
  "timestamp": 1774028424951,
  "bundleSize": {
    "totalSize": 916,
    "gzippedSize": 423,
    "fileCount": 1,
    "largestFile": {
      "name": "index.js",
      "size": 916,
      "gzippedSize": 423
    },
    "breakdown": [
      {
        "name": "index.js",
        "size": 916,
        "gzippedSize": 423,
        "percentage": 100
      }
    ]
  },
  "webVitals": {
    "firstContentfulPaint": 1250.3072849546788,
    "timeToInteractive": 2260.098587154829,
    "largestContentfulPaint": 1536.0107312031132,
    "cumulativeLayoutShift": 0.04460630837351281,
    "firstInputDelay": 68.10044440593958,
    "timestamp": 1774028424950
  },
  "runtime": {
    "memoryUsage": {
      "rss": 59621376,
      "heapUsed": 12908568,
      "heapTotal": 19857408,
      "external": 1970460
    },
    "startupTime": 723.315958,
    "cpuUsage": 200.976,
    "timestamp": 1774028424950
  },
  "violations": [],
  "recommendations": [
    "Largest file (index.js) is 100.0% of bundle - consider splitting or optimizing"
  ],
  "overallStatus": "pass"
}