{
  "timestamp": 1774468663295,
  "bundleSize": {
    "totalSize": 916,
    "gzippedSize": 423,
    "fileCount": 1,
    "largestFile": {
      "name": "index.js",
      "size": 916,
      "gzippedSize": 423
    },
    "breakdown": [
      {
        "name": "index.js",
        "size": 916,
        "gzippedSize": 423,
        "percentage": 100
      }
    ]
  },
  "webVitals": {
    "firstContentfulPaint": 1165.2716342084095,
    "timeToInteractive": 2258.9297484260214,
    "largestContentfulPaint": 2412.060902496184,
    "cumulativeLayoutShift": 0.03426795750309832,
    "firstInputDelay": 39.003974047056104,
    "timestamp": 1774468663295
  },
  "runtime": {
    "memoryUsage": {
      "rss": 62177280,
      "heapUsed": 12482768,
      "heapTotal": 19857408,
      "external": 1965854
    },
    "startupTime": 211.37925,
    "cpuUsage": 140.356,
    "timestamp": 1774468663295
  },
  "violations": [],
  "recommendations": [
    "Largest file (index.js) is 100.0% of bundle - consider splitting or optimizing"
  ],
  "overallStatus": "pass"
}