{
  "timestamp": 1773922293764,
  "bundleSize": {
    "totalSize": 916,
    "gzippedSize": 423,
    "fileCount": 1,
    "largestFile": {
      "name": "index.js",
      "size": 916,
      "gzippedSize": 423
    },
    "breakdown": [
      {
        "name": "index.js",
        "size": 916,
        "gzippedSize": 423,
        "percentage": 100
      }
    ]
  },
  "webVitals": {
    "firstContentfulPaint": 853.3924385858576,
    "timeToInteractive": 2937.7878110572638,
    "largestContentfulPaint": 2040.2615853527618,
    "cumulativeLayoutShift": 0.05601741658175639,
    "firstInputDelay": 63.528750846797735,
    "timestamp": 1773922293763
  },
  "runtime": {
    "memoryUsage": {
      "rss": 61964288,
      "heapUsed": 12609104,
      "heapTotal": 19857408,
      "external": 1970223
    },
    "startupTime": 307.612375,
    "cpuUsage": 176.433,
    "timestamp": 1773922293764
  },
  "violations": [],
  "recommendations": [
    "Largest file (index.js) is 100.0% of bundle - consider splitting or optimizing"
  ],
  "overallStatus": "pass"
}