{
  "timestamp": 1774213924319,
  "bundleSize": {
    "totalSize": 916,
    "gzippedSize": 423,
    "fileCount": 1,
    "largestFile": {
      "name": "index.js",
      "size": 916,
      "gzippedSize": 423
    },
    "breakdown": [
      {
        "name": "index.js",
        "size": 916,
        "gzippedSize": 423,
        "percentage": 100
      }
    ]
  },
  "webVitals": {
    "firstContentfulPaint": 1404.037677647627,
    "timeToInteractive": 2966.6893836894506,
    "largestContentfulPaint": 2058.2534159666857,
    "cumulativeLayoutShift": 0.04354774477810808,
    "firstInputDelay": 34.887062456764674,
    "timestamp": 1774213924319
  },
  "runtime": {
    "memoryUsage": {
      "rss": 61603840,
      "heapUsed": 12396392,
      "heapTotal": 19857408,
      "external": 1971431
    },
    "startupTime": 262.79825,
    "cpuUsage": 162.703,
    "timestamp": 1774213924319
  },
  "violations": [],
  "recommendations": [
    "Largest file (index.js) is 100.0% of bundle - consider splitting or optimizing"
  ],
  "overallStatus": "pass"
}