{
  "timestamp": 1774399772816,
  "bundleSize": {
    "totalSize": 916,
    "gzippedSize": 423,
    "fileCount": 1,
    "largestFile": {
      "name": "index.js",
      "size": 916,
      "gzippedSize": 423
    },
    "breakdown": [
      {
        "name": "index.js",
        "size": 916,
        "gzippedSize": 423,
        "percentage": 100
      }
    ]
  },
  "webVitals": {
    "firstContentfulPaint": 1009.9663095057991,
    "timeToInteractive": 2211.7715426317336,
    "largestContentfulPaint": 2126.853612221141,
    "cumulativeLayoutShift": 0.08637861489612911,
    "firstInputDelay": 37.13653244738375,
    "timestamp": 1774399772815
  },
  "runtime": {
    "memoryUsage": {
      "rss": 62226432,
      "heapUsed": 12963464,
      "heapTotal": 19857408,
      "external": 1970223
    },
    "startupTime": 252.264375,
    "cpuUsage": 147.112,
    "timestamp": 1774399772816
  },
  "violations": [],
  "recommendations": [
    "Largest file (index.js) is 100.0% of bundle - consider splitting or optimizing"
  ],
  "overallStatus": "pass"
}