{
  "timestamp": 1774279954957,
  "bundleSize": {
    "totalSize": 916,
    "gzippedSize": 423,
    "fileCount": 1,
    "largestFile": {
      "name": "index.js",
      "size": 916,
      "gzippedSize": 423
    },
    "breakdown": [
      {
        "name": "index.js",
        "size": 916,
        "gzippedSize": 423,
        "percentage": 100
      }
    ]
  },
  "webVitals": {
    "firstContentfulPaint": 1005.2358791199581,
    "timeToInteractive": 2206.335585341047,
    "largestContentfulPaint": 2184.1820721034883,
    "cumulativeLayoutShift": 0.029237115364086665,
    "firstInputDelay": 54.956284086656204,
    "timestamp": 1774279954957
  },
  "runtime": {
    "memoryUsage": {
      "rss": 58228736,
      "heapUsed": 13082944,
      "heapTotal": 19955712,
      "external": 1966360
    },
    "startupTime": 1780.2535,
    "cpuUsage": 180.655,
    "timestamp": 1774279954957
  },
  "violations": [],
  "recommendations": [
    "Largest file (index.js) is 100.0% of bundle - consider splitting or optimizing"
  ],
  "overallStatus": "pass"
}