{
  "timestamp": 1774515183168,
  "bundleSize": {
    "totalSize": 916,
    "gzippedSize": 423,
    "fileCount": 1,
    "largestFile": {
      "name": "index.js",
      "size": 916,
      "gzippedSize": 423
    },
    "breakdown": [
      {
        "name": "index.js",
        "size": 916,
        "gzippedSize": 423,
        "percentage": 100
      }
    ]
  },
  "webVitals": {
    "firstContentfulPaint": 1194.9249353828113,
    "timeToInteractive": 2784.875738919543,
    "largestContentfulPaint": 1999.9334413653205,
    "cumulativeLayoutShift": 0.005558420238893014,
    "firstInputDelay": 31.41582797034247,
    "timestamp": 1774515183168
  },
  "runtime": {
    "memoryUsage": {
      "rss": 62308352,
      "heapUsed": 12710264,
      "heapTotal": 20119552,
      "external": 1970223
    },
    "startupTime": 261.158417,
    "cpuUsage": 153.077,
    "timestamp": 1774515183168
  },
  "violations": [],
  "recommendations": [
    "Largest file (index.js) is 100.0% of bundle - consider splitting or optimizing"
  ],
  "overallStatus": "pass"
}