{
  "timestamp": 1774509799869,
  "bundleSize": {
    "totalSize": 916,
    "gzippedSize": 423,
    "fileCount": 1,
    "largestFile": {
      "name": "index.js",
      "size": 916,
      "gzippedSize": 423
    },
    "breakdown": [
      {
        "name": "index.js",
        "size": 916,
        "gzippedSize": 423,
        "percentage": 100
      }
    ]
  },
  "webVitals": {
    "firstContentfulPaint": 1322.782607820621,
    "timeToInteractive": 2912.8720347597964,
    "largestContentfulPaint": 1986.1255707436862,
    "cumulativeLayoutShift": 0.007002331003477314,
    "firstInputDelay": 63.45370806498355,
    "timestamp": 1774509799869
  },
  "runtime": {
    "memoryUsage": {
      "rss": 62439424,
      "heapUsed": 13004264,
      "heapTotal": 20512768,
      "external": 1970223
    },
    "startupTime": 288.317667,
    "cpuUsage": 179.615,
    "timestamp": 1774509799869
  },
  "violations": [],
  "recommendations": [
    "Largest file (index.js) is 100.0% of bundle - consider splitting or optimizing"
  ],
  "overallStatus": "pass"
}