{
  "timestamp": 1773929691412,
  "bundleSize": {
    "totalSize": 916,
    "gzippedSize": 423,
    "fileCount": 1,
    "largestFile": {
      "name": "index.js",
      "size": 916,
      "gzippedSize": 423
    },
    "breakdown": [
      {
        "name": "index.js",
        "size": 916,
        "gzippedSize": 423,
        "percentage": 100
      }
    ]
  },
  "webVitals": {
    "firstContentfulPaint": 982.1143004133966,
    "timeToInteractive": 2743.204253926675,
    "largestContentfulPaint": 2295.4441234045153,
    "cumulativeLayoutShift": 0.049992131231185045,
    "firstInputDelay": 59.30898254608083,
    "timestamp": 1773929691411
  },
  "runtime": {
    "memoryUsage": {
      "rss": 62373888,
      "heapUsed": 12750640,
      "heapTotal": 19595264,
      "external": 1970223
    },
    "startupTime": 264.852833,
    "cpuUsage": 153.374,
    "timestamp": 1773929691412
  },
  "violations": [],
  "recommendations": [
    "Largest file (index.js) is 100.0% of bundle - consider splitting or optimizing"
  ],
  "overallStatus": "pass"
}