{
  "timestamp": 1774196040128,
  "bundleSize": {
    "totalSize": 916,
    "gzippedSize": 423,
    "fileCount": 1,
    "largestFile": {
      "name": "index.js",
      "size": 916,
      "gzippedSize": 423
    },
    "breakdown": [
      {
        "name": "index.js",
        "size": 916,
        "gzippedSize": 423,
        "percentage": 100
      }
    ]
  },
  "webVitals": {
    "firstContentfulPaint": 1467.0636378930103,
    "timeToInteractive": 2001.2200343457941,
    "largestContentfulPaint": 2179.1044894765755,
    "cumulativeLayoutShift": 0.07239561177181468,
    "firstInputDelay": 53.0676281829293,
    "timestamp": 1774196040128
  },
  "runtime": {
    "memoryUsage": {
      "rss": 63733760,
      "heapUsed": 13727880,
      "heapTotal": 20578304,
      "external": 1971526
    },
    "startupTime": 202.075167,
    "cpuUsage": 132.295,
    "timestamp": 1774196040128
  },
  "violations": [],
  "recommendations": [
    "Largest file (index.js) is 100.0% of bundle - consider splitting or optimizing"
  ],
  "overallStatus": "pass"
}