{
  "timestamp": 1773690361349,
  "bundleSize": {
    "totalSize": 916,
    "gzippedSize": 423,
    "fileCount": 1,
    "largestFile": {
      "name": "index.js",
      "size": 916,
      "gzippedSize": 423
    },
    "breakdown": [
      {
        "name": "index.js",
        "size": 916,
        "gzippedSize": 423,
        "percentage": 100
      }
    ]
  },
  "webVitals": {
    "firstContentfulPaint": 1214.6016734713721,
    "timeToInteractive": 2561.791954360824,
    "largestContentfulPaint": 1740.0099990952488,
    "cumulativeLayoutShift": 0.023172429287650776,
    "firstInputDelay": 71.92757107331144,
    "timestamp": 1773690361348
  },
  "runtime": {
    "memoryUsage": {
      "rss": 58523648,
      "heapUsed": 12013720,
      "heapTotal": 20119552,
      "external": 1964805
    },
    "startupTime": 1630.269791,
    "cpuUsage": 196.118,
    "timestamp": 1773690361349
  },
  "violations": [],
  "recommendations": [
    "Largest file (index.js) is 100.0% of bundle - consider splitting or optimizing"
  ],
  "overallStatus": "pass"
}