{
  "timestamp": 1774463712323,
  "bundleSize": {
    "totalSize": 916,
    "gzippedSize": 423,
    "fileCount": 1,
    "largestFile": {
      "name": "index.js",
      "size": 916,
      "gzippedSize": 423
    },
    "breakdown": [
      {
        "name": "index.js",
        "size": 916,
        "gzippedSize": 423,
        "percentage": 100
      }
    ]
  },
  "webVitals": {
    "firstContentfulPaint": 1136.8683004785644,
    "timeToInteractive": 2450.2331043096656,
    "largestContentfulPaint": 2305.4434454992925,
    "cumulativeLayoutShift": 0.028249105799768272,
    "firstInputDelay": 43.08597359279007,
    "timestamp": 1774463712323
  },
  "runtime": {
    "memoryUsage": {
      "rss": 57786368,
      "heapUsed": 12866472,
      "heapTotal": 18022400,
      "external": 2813579
    },
    "startupTime": 150.507959,
    "cpuUsage": 98.169,
    "timestamp": 1774463712323
  },
  "violations": [],
  "recommendations": [
    "Largest file (index.js) is 100.0% of bundle - consider splitting or optimizing"
  ],
  "overallStatus": "pass"
}