{
  "timestamp": 1774512253013,
  "bundleSize": {
    "totalSize": 916,
    "gzippedSize": 423,
    "fileCount": 1,
    "largestFile": {
      "name": "index.js",
      "size": 916,
      "gzippedSize": 423
    },
    "breakdown": [
      {
        "name": "index.js",
        "size": 916,
        "gzippedSize": 423,
        "percentage": 100
      }
    ]
  },
  "webVitals": {
    "firstContentfulPaint": 784.4062412080317,
    "timeToInteractive": 2825.681824208235,
    "largestContentfulPaint": 2328.7266442900186,
    "cumulativeLayoutShift": 0.06651632896408022,
    "firstInputDelay": 29.376574792604526,
    "timestamp": 1774512252998
  },
  "runtime": {
    "memoryUsage": {
      "rss": 46448640,
      "heapUsed": 10554392,
      "heapTotal": 12779520,
      "external": 1962720
    },
    "startupTime": 17207.129041,
    "cpuUsage": 264.493,
    "timestamp": 1774512253009
  },
  "violations": [],
  "recommendations": [
    "Largest file (index.js) is 100.0% of bundle - consider splitting or optimizing"
  ],
  "overallStatus": "pass"
}