{
  "timestamp": 1773939839970,
  "bundleSize": {
    "totalSize": 916,
    "gzippedSize": 423,
    "fileCount": 1,
    "largestFile": {
      "name": "index.js",
      "size": 916,
      "gzippedSize": 423
    },
    "breakdown": [
      {
        "name": "index.js",
        "size": 916,
        "gzippedSize": 423,
        "percentage": 100
      }
    ]
  },
  "webVitals": {
    "firstContentfulPaint": 631.8057890093835,
    "timeToInteractive": 2759.0819938410978,
    "largestContentfulPaint": 2416.590531447713,
    "cumulativeLayoutShift": 0.003926116298217775,
    "firstInputDelay": 65.61498156170498,
    "timestamp": 1773939839970
  },
  "runtime": {
    "memoryUsage": {
      "rss": 62226432,
      "heapUsed": 12881408,
      "heapTotal": 19857408,
      "external": 1970223
    },
    "startupTime": 339.117083,
    "cpuUsage": 171.363,
    "timestamp": 1773939839970
  },
  "violations": [],
  "recommendations": [
    "Largest file (index.js) is 100.0% of bundle - consider splitting or optimizing"
  ],
  "overallStatus": "pass"
}