{
  "timestamp": 1774013740883,
  "bundleSize": {
    "totalSize": 916,
    "gzippedSize": 423,
    "fileCount": 1,
    "largestFile": {
      "name": "index.js",
      "size": 916,
      "gzippedSize": 423
    },
    "breakdown": [
      {
        "name": "index.js",
        "size": 916,
        "gzippedSize": 423,
        "percentage": 100
      }
    ]
  },
  "webVitals": {
    "firstContentfulPaint": 1276.589343984643,
    "timeToInteractive": 2075.9632058783004,
    "largestContentfulPaint": 2075.8085679843934,
    "cumulativeLayoutShift": 0.05931077064101116,
    "firstInputDelay": 34.139526879018874,
    "timestamp": 1774013740882
  },
  "runtime": {
    "memoryUsage": {
      "rss": 65273856,
      "heapUsed": 12694992,
      "heapTotal": 20119552,
      "external": 2634564
    },
    "startupTime": 351.109875,
    "cpuUsage": 158.869,
    "timestamp": 1774013740883
  },
  "violations": [],
  "recommendations": [
    "Largest file (index.js) is 100.0% of bundle - consider splitting or optimizing"
  ],
  "overallStatus": "pass"
}