{
  "timestamp": 1773771770929,
  "bundleSize": {
    "totalSize": 916,
    "gzippedSize": 423,
    "fileCount": 1,
    "largestFile": {
      "name": "index.js",
      "size": 916,
      "gzippedSize": 423
    },
    "breakdown": [
      {
        "name": "index.js",
        "size": 916,
        "gzippedSize": 423,
        "percentage": 100
      }
    ]
  },
  "webVitals": {
    "firstContentfulPaint": 649.9321402417524,
    "timeToInteractive": 2227.390081757918,
    "largestContentfulPaint": 1500.4304924055305,
    "cumulativeLayoutShift": 0.045012252695616733,
    "firstInputDelay": 72.21565550659794,
    "timestamp": 1773771770929
  },
  "runtime": {
    "memoryUsage": {
      "rss": 62177280,
      "heapUsed": 12245072,
      "heapTotal": 19857408,
      "external": 1969708
    },
    "startupTime": 303.502166,
    "cpuUsage": 145.844,
    "timestamp": 1773771770929
  },
  "violations": [],
  "recommendations": [
    "Largest file (index.js) is 100.0% of bundle - consider splitting or optimizing"
  ],
  "overallStatus": "pass"
}