{
  "timestamp": 1773968170533,
  "bundleSize": {
    "totalSize": 916,
    "gzippedSize": 423,
    "fileCount": 1,
    "largestFile": {
      "name": "index.js",
      "size": 916,
      "gzippedSize": 423
    },
    "breakdown": [
      {
        "name": "index.js",
        "size": 916,
        "gzippedSize": 423,
        "percentage": 100
      }
    ]
  },
  "webVitals": {
    "firstContentfulPaint": 797.0527526094531,
    "timeToInteractive": 2305.979934611108,
    "largestContentfulPaint": 2069.9118351412258,
    "cumulativeLayoutShift": 0.014132685348568087,
    "firstInputDelay": 29.520127990374856,
    "timestamp": 1773968170533
  },
  "runtime": {
    "memoryUsage": {
      "rss": 61980672,
      "heapUsed": 12693760,
      "heapTotal": 20119552,
      "external": 1965833
    },
    "startupTime": 777.595708,
    "cpuUsage": 181.541,
    "timestamp": 1773968170533
  },
  "violations": [],
  "recommendations": [
    "Largest file (index.js) is 100.0% of bundle - consider splitting or optimizing"
  ],
  "overallStatus": "pass"
}