{
  "timestamp": 1774029699656,
  "bundleSize": {
    "totalSize": 916,
    "gzippedSize": 423,
    "fileCount": 1,
    "largestFile": {
      "name": "index.js",
      "size": 916,
      "gzippedSize": 423
    },
    "breakdown": [
      {
        "name": "index.js",
        "size": 916,
        "gzippedSize": 423,
        "percentage": 100
      }
    ]
  },
  "webVitals": {
    "firstContentfulPaint": 1069.2600658101546,
    "timeToInteractive": 2122.7437873547697,
    "largestContentfulPaint": 2076.8917862487197,
    "cumulativeLayoutShift": 0.020326586443169162,
    "firstInputDelay": 38.47139411077454,
    "timestamp": 1774029699656
  },
  "runtime": {
    "memoryUsage": {
      "rss": 62799872,
      "heapUsed": 13418624,
      "heapTotal": 20480000,
      "external": 1970223
    },
    "startupTime": 264.212958,
    "cpuUsage": 154.219,
    "timestamp": 1774029699656
  },
  "violations": [],
  "recommendations": [
    "Largest file (index.js) is 100.0% of bundle - consider splitting or optimizing"
  ],
  "overallStatus": "pass"
}