{
  "timestamp": 1774275117172,
  "bundleSize": {
    "totalSize": 916,
    "gzippedSize": 423,
    "fileCount": 1,
    "largestFile": {
      "name": "index.js",
      "size": 916,
      "gzippedSize": 423
    },
    "breakdown": [
      {
        "name": "index.js",
        "size": 916,
        "gzippedSize": 423,
        "percentage": 100
      }
    ]
  },
  "webVitals": {
    "firstContentfulPaint": 1200.8534114530262,
    "timeToInteractive": 2857.4237031371954,
    "largestContentfulPaint": 2185.5744650430315,
    "cumulativeLayoutShift": 0.027182001240066492,
    "firstInputDelay": 55.37001754663111,
    "timestamp": 1774275117171
  },
  "runtime": {
    "memoryUsage": {
      "rss": 61865984,
      "heapUsed": 12710128,
      "heapTotal": 20119552,
      "external": 1965899
    },
    "startupTime": 371.556542,
    "cpuUsage": 169.634,
    "timestamp": 1774275117171
  },
  "violations": [],
  "recommendations": [
    "Largest file (index.js) is 100.0% of bundle - consider splitting or optimizing"
  ],
  "overallStatus": "pass"
}