{
  "timestamp": 1774545124306,
  "bundleSize": {
    "totalSize": 916,
    "gzippedSize": 423,
    "fileCount": 1,
    "largestFile": {
      "name": "index.js",
      "size": 916,
      "gzippedSize": 423
    },
    "breakdown": [
      {
        "name": "index.js",
        "size": 916,
        "gzippedSize": 423,
        "percentage": 100
      }
    ]
  },
  "webVitals": {
    "firstContentfulPaint": 1348.6164348102327,
    "timeToInteractive": 2275.3061211030035,
    "largestContentfulPaint": 1673.6521527488771,
    "cumulativeLayoutShift": 0.08460309318546744,
    "firstInputDelay": 64.92492092175516,
    "timestamp": 1774545124306
  },
  "runtime": {
    "memoryUsage": {
      "rss": 61472768,
      "heapUsed": 12489760,
      "heapTotal": 19857408,
      "external": 1965854
    },
    "startupTime": 201.825542,
    "cpuUsage": 131.272,
    "timestamp": 1774545124306
  },
  "violations": [],
  "recommendations": [
    "Largest file (index.js) is 100.0% of bundle - consider splitting or optimizing"
  ],
  "overallStatus": "pass"
}