{
  "timestamp": 1774264811728,
  "bundleSize": {
    "totalSize": 916,
    "gzippedSize": 423,
    "fileCount": 1,
    "largestFile": {
      "name": "index.js",
      "size": 916,
      "gzippedSize": 423
    },
    "breakdown": [
      {
        "name": "index.js",
        "size": 916,
        "gzippedSize": 423,
        "percentage": 100
      }
    ]
  },
  "webVitals": {
    "firstContentfulPaint": 1072.306406675128,
    "timeToInteractive": 2090.3674529326363,
    "largestContentfulPaint": 1928.2332606152895,
    "cumulativeLayoutShift": 0.04611136988863216,
    "firstInputDelay": 35.495276332169944,
    "timestamp": 1774264811728
  },
  "runtime": {
    "memoryUsage": {
      "rss": 57344000,
      "heapUsed": 12788616,
      "heapTotal": 19857408,
      "external": 1966361
    },
    "startupTime": 4760.2145,
    "cpuUsage": 200.787,
    "timestamp": 1774264811728
  },
  "violations": [],
  "recommendations": [
    "Largest file (index.js) is 100.0% of bundle - consider splitting or optimizing"
  ],
  "overallStatus": "pass"
}