{
  "timestamp": 1774200285068,
  "bundleSize": {
    "totalSize": 916,
    "gzippedSize": 423,
    "fileCount": 1,
    "largestFile": {
      "name": "index.js",
      "size": 916,
      "gzippedSize": 423
    },
    "breakdown": [
      {
        "name": "index.js",
        "size": 916,
        "gzippedSize": 423,
        "percentage": 100
      }
    ]
  },
  "webVitals": {
    "firstContentfulPaint": 993.1663607902881,
    "timeToInteractive": 2076.3003534368568,
    "largestContentfulPaint": 1723.8569626544522,
    "cumulativeLayoutShift": 0.05193763619741139,
    "firstInputDelay": 56.28820130451871,
    "timestamp": 1774200285068
  },
  "runtime": {
    "memoryUsage": {
      "rss": 61833216,
      "heapUsed": 12660984,
      "heapTotal": 19857408,
      "external": 1965854
    },
    "startupTime": 186.600792,
    "cpuUsage": 123.198,
    "timestamp": 1774200285068
  },
  "violations": [],
  "recommendations": [
    "Largest file (index.js) is 100.0% of bundle - consider splitting or optimizing"
  ],
  "overallStatus": "pass"
}