{
  "timestamp": 1773685307971,
  "bundleSize": {
    "totalSize": 916,
    "gzippedSize": 423,
    "fileCount": 1,
    "largestFile": {
      "name": "index.js",
      "size": 916,
      "gzippedSize": 423
    },
    "breakdown": [
      {
        "name": "index.js",
        "size": 916,
        "gzippedSize": 423,
        "percentage": 100
      }
    ]
  },
  "webVitals": {
    "firstContentfulPaint": 1285.4895223959988,
    "timeToInteractive": 2519.4597908917267,
    "largestContentfulPaint": 2278.6817905717585,
    "cumulativeLayoutShift": 0.06029687074304955,
    "firstInputDelay": 39.40108466635911,
    "timestamp": 1773685307971
  },
  "runtime": {
    "memoryUsage": {
      "rss": 61751296,
      "heapUsed": 12084496,
      "heapTotal": 20381696,
      "external": 1969708
    },
    "startupTime": 298.97875,
    "cpuUsage": 150.588,
    "timestamp": 1773685307971
  },
  "violations": [],
  "recommendations": [
    "Largest file (index.js) is 100.0% of bundle - consider splitting or optimizing"
  ],
  "overallStatus": "pass"
}