{
  "timestamp": 1774466775699,
  "bundleSize": {
    "totalSize": 916,
    "gzippedSize": 423,
    "fileCount": 1,
    "largestFile": {
      "name": "index.js",
      "size": 916,
      "gzippedSize": 423
    },
    "breakdown": [
      {
        "name": "index.js",
        "size": 916,
        "gzippedSize": 423,
        "percentage": 100
      }
    ]
  },
  "webVitals": {
    "firstContentfulPaint": 1472.6740161688444,
    "timeToInteractive": 2124.640022180412,
    "largestContentfulPaint": 2050.5381198699256,
    "cumulativeLayoutShift": 0.061324991284635026,
    "firstInputDelay": 49.17377484461206,
    "timestamp": 1774466775699
  },
  "runtime": {
    "memoryUsage": {
      "rss": 57491456,
      "heapUsed": 12800048,
      "heapTotal": 18022400,
      "external": 2756309
    },
    "startupTime": 171.482792,
    "cpuUsage": 110.705,
    "timestamp": 1774466775699
  },
  "violations": [],
  "recommendations": [
    "Largest file (index.js) is 100.0% of bundle - consider splitting or optimizing"
  ],
  "overallStatus": "pass"
}