{
  "timestamp": 1774538619914,
  "bundleSize": {
    "totalSize": 916,
    "gzippedSize": 423,
    "fileCount": 1,
    "largestFile": {
      "name": "index.js",
      "size": 916,
      "gzippedSize": 423
    },
    "breakdown": [
      {
        "name": "index.js",
        "size": 916,
        "gzippedSize": 423,
        "percentage": 100
      }
    ]
  },
  "webVitals": {
    "firstContentfulPaint": 1156.6958479813884,
    "timeToInteractive": 2861.1978732972307,
    "largestContentfulPaint": 2205.0279911388106,
    "cumulativeLayoutShift": 0.07376268387642744,
    "firstInputDelay": 65.13744455672773,
    "timestamp": 1774538619914
  },
  "runtime": {
    "memoryUsage": {
      "rss": 63111168,
      "heapUsed": 13454600,
      "heapTotal": 20414464,
      "external": 1970672
    },
    "startupTime": 439.661167,
    "cpuUsage": 183.371,
    "timestamp": 1774538619914
  },
  "violations": [],
  "recommendations": [
    "Largest file (index.js) is 100.0% of bundle - consider splitting or optimizing"
  ],
  "overallStatus": "pass"
}