{
  "timestamp": 1774484839183,
  "bundleSize": {
    "totalSize": 916,
    "gzippedSize": 423,
    "fileCount": 1,
    "largestFile": {
      "name": "index.js",
      "size": 916,
      "gzippedSize": 423
    },
    "breakdown": [
      {
        "name": "index.js",
        "size": 916,
        "gzippedSize": 423,
        "percentage": 100
      }
    ]
  },
  "webVitals": {
    "firstContentfulPaint": 1011.8240158195266,
    "timeToInteractive": 2735.47198138651,
    "largestContentfulPaint": 1540.487032136533,
    "cumulativeLayoutShift": 0.007184401438801458,
    "firstInputDelay": 32.09471843240168,
    "timestamp": 1774484839178
  },
  "runtime": {
    "memoryUsage": {
      "rss": 58376192,
      "heapUsed": 12952800,
      "heapTotal": 20119552,
      "external": 1967702
    },
    "startupTime": 6496.389708,
    "cpuUsage": 722.705,
    "timestamp": 1774484839183
  },
  "violations": [],
  "recommendations": [
    "Largest file (index.js) is 100.0% of bundle - consider splitting or optimizing"
  ],
  "overallStatus": "pass"
}