{
  "timestamp": 1774114564034,
  "bundleSize": {
    "totalSize": 916,
    "gzippedSize": 423,
    "fileCount": 1,
    "largestFile": {
      "name": "index.js",
      "size": 916,
      "gzippedSize": 423
    },
    "breakdown": [
      {
        "name": "index.js",
        "size": 916,
        "gzippedSize": 423,
        "percentage": 100
      }
    ]
  },
  "webVitals": {
    "firstContentfulPaint": 885.1084464402144,
    "timeToInteractive": 2843.6873953294485,
    "largestContentfulPaint": 2011.9985986854585,
    "cumulativeLayoutShift": 0.015805968670116546,
    "firstInputDelay": 43.82466550498759,
    "timestamp": 1774114564034
  },
  "runtime": {
    "memoryUsage": {
      "rss": 62504960,
      "heapUsed": 12918488,
      "heapTotal": 19857408,
      "external": 1970223
    },
    "startupTime": 417.776584,
    "cpuUsage": 157.146,
    "timestamp": 1774114564034
  },
  "violations": [],
  "recommendations": [
    "Largest file (index.js) is 100.0% of bundle - consider splitting or optimizing"
  ],
  "overallStatus": "pass"
}