{
  "timestamp": 1774214148177,
  "bundleSize": {
    "totalSize": 916,
    "gzippedSize": 423,
    "fileCount": 1,
    "largestFile": {
      "name": "index.js",
      "size": 916,
      "gzippedSize": 423
    },
    "breakdown": [
      {
        "name": "index.js",
        "size": 916,
        "gzippedSize": 423,
        "percentage": 100
      }
    ]
  },
  "webVitals": {
    "firstContentfulPaint": 1329.7247310367702,
    "timeToInteractive": 2595.1902759251266,
    "largestContentfulPaint": 1796.1635382797954,
    "cumulativeLayoutShift": 0.09064962789094472,
    "firstInputDelay": 51.20142190495184,
    "timestamp": 1774214148176
  },
  "runtime": {
    "memoryUsage": {
      "rss": 62111744,
      "heapUsed": 12246560,
      "heapTotal": 20119552,
      "external": 1971431
    },
    "startupTime": 223.24575,
    "cpuUsage": 143.515,
    "timestamp": 1774214148177
  },
  "violations": [],
  "recommendations": [
    "Largest file (index.js) is 100.0% of bundle - consider splitting or optimizing"
  ],
  "overallStatus": "pass"
}