{
  "timestamp": 1774732287697,
  "bundleSize": {
    "totalSize": 916,
    "gzippedSize": 423,
    "fileCount": 1,
    "largestFile": {
      "name": "index.js",
      "size": 916,
      "gzippedSize": 423
    },
    "breakdown": [
      {
        "name": "index.js",
        "size": 916,
        "gzippedSize": 423,
        "percentage": 100
      }
    ]
  },
  "webVitals": {
    "firstContentfulPaint": 626.2511617949959,
    "timeToInteractive": 2519.1040709393787,
    "largestContentfulPaint": 2367.1632706494274,
    "cumulativeLayoutShift": 0.03507519691607366,
    "firstInputDelay": 36.03499374103318,
    "timestamp": 1774732287697
  },
  "runtime": {
    "memoryUsage": {
      "rss": 62144512,
      "heapUsed": 12838672,
      "heapTotal": 19595264,
      "external": 1970714
    },
    "startupTime": 540.540958,
    "cpuUsage": 192.118,
    "timestamp": 1774732287697
  },
  "violations": [],
  "recommendations": [
    "Largest file (index.js) is 100.0% of bundle - consider splitting or optimizing"
  ],
  "overallStatus": "pass"
}