{
  "timestamp": 1774523680312,
  "bundleSize": {
    "totalSize": 916,
    "gzippedSize": 423,
    "fileCount": 1,
    "largestFile": {
      "name": "index.js",
      "size": 916,
      "gzippedSize": 423
    },
    "breakdown": [
      {
        "name": "index.js",
        "size": 916,
        "gzippedSize": 423,
        "percentage": 100
      }
    ]
  },
  "webVitals": {
    "firstContentfulPaint": 1220.1365055103286,
    "timeToInteractive": 2791.9448495640745,
    "largestContentfulPaint": 2108.638200347679,
    "cumulativeLayoutShift": 0.043376893624872626,
    "firstInputDelay": 73.60733179613624,
    "timestamp": 1774523680312
  },
  "runtime": {
    "memoryUsage": {
      "rss": 60358656,
      "heapUsed": 13049584,
      "heapTotal": 20480000,
      "external": 1968755
    },
    "startupTime": 1663.972125,
    "cpuUsage": 231.222,
    "timestamp": 1774523680312
  },
  "violations": [],
  "recommendations": [
    "Largest file (index.js) is 100.0% of bundle - consider splitting or optimizing"
  ],
  "overallStatus": "pass"
}