{
  "timestamp": 1774212435941,
  "bundleSize": {
    "totalSize": 916,
    "gzippedSize": 423,
    "fileCount": 1,
    "largestFile": {
      "name": "index.js",
      "size": 916,
      "gzippedSize": 423
    },
    "breakdown": [
      {
        "name": "index.js",
        "size": 916,
        "gzippedSize": 423,
        "percentage": 100
      }
    ]
  },
  "webVitals": {
    "firstContentfulPaint": 997.0196929279655,
    "timeToInteractive": 2551.1078701898837,
    "largestContentfulPaint": 2011.0608019801991,
    "cumulativeLayoutShift": 0.017150520520581303,
    "firstInputDelay": 26.039753397494316,
    "timestamp": 1774212435941
  },
  "runtime": {
    "memoryUsage": {
      "rss": 62652416,
      "heapUsed": 12638736,
      "heapTotal": 20119552,
      "external": 1966219
    },
    "startupTime": 886.74675,
    "cpuUsage": 188.947,
    "timestamp": 1774212435941
  },
  "violations": [],
  "recommendations": [
    "Largest file (index.js) is 100.0% of bundle - consider splitting or optimizing"
  ],
  "overallStatus": "pass"
}