{
  "timestamp": 1773779262849,
  "bundleSize": {
    "totalSize": 916,
    "gzippedSize": 423,
    "fileCount": 1,
    "largestFile": {
      "name": "index.js",
      "size": 916,
      "gzippedSize": 423
    },
    "breakdown": [
      {
        "name": "index.js",
        "size": 916,
        "gzippedSize": 423,
        "percentage": 100
      }
    ]
  },
  "webVitals": {
    "firstContentfulPaint": 730.3035264872537,
    "timeToInteractive": 2341.2206783574748,
    "largestContentfulPaint": 1887.153440279283,
    "cumulativeLayoutShift": 0.012210730833460937,
    "firstInputDelay": 67.15533536734924,
    "timestamp": 1773779262849
  },
  "runtime": {
    "memoryUsage": {
      "rss": 61931520,
      "heapUsed": 12245824,
      "heapTotal": 19857408,
      "external": 1965845
    },
    "startupTime": 769.856459,
    "cpuUsage": 191.114,
    "timestamp": 1773779262849
  },
  "violations": [],
  "recommendations": [
    "Largest file (index.js) is 100.0% of bundle - consider splitting or optimizing"
  ],
  "overallStatus": "pass"
}