{
  "timestamp": 1774050437599,
  "bundleSize": {
    "totalSize": 916,
    "gzippedSize": 423,
    "fileCount": 1,
    "largestFile": {
      "name": "index.js",
      "size": 916,
      "gzippedSize": 423
    },
    "breakdown": [
      {
        "name": "index.js",
        "size": 916,
        "gzippedSize": 423,
        "percentage": 100
      }
    ]
  },
  "webVitals": {
    "firstContentfulPaint": 1123.356535824966,
    "timeToInteractive": 2688.9843449537893,
    "largestContentfulPaint": 1871.7085833427543,
    "cumulativeLayoutShift": 0.07985874169550206,
    "firstInputDelay": 72.74942638197072,
    "timestamp": 1774050437599
  },
  "runtime": {
    "memoryUsage": {
      "rss": 63832064,
      "heapUsed": 13969440,
      "heapTotal": 19595264,
      "external": 2647519
    },
    "startupTime": 303.944583,
    "cpuUsage": 164.376,
    "timestamp": 1774050437599
  },
  "violations": [],
  "recommendations": [
    "Largest file (index.js) is 100.0% of bundle - consider splitting or optimizing"
  ],
  "overallStatus": "pass"
}