{
  "timestamp": 1774658834974,
  "bundleSize": {
    "totalSize": 916,
    "gzippedSize": 423,
    "fileCount": 1,
    "largestFile": {
      "name": "index.js",
      "size": 916,
      "gzippedSize": 423
    },
    "breakdown": [
      {
        "name": "index.js",
        "size": 916,
        "gzippedSize": 423,
        "percentage": 100
      }
    ]
  },
  "webVitals": {
    "firstContentfulPaint": 1491.7225130898946,
    "timeToInteractive": 2230.5128515651113,
    "largestContentfulPaint": 2243.3326682867946,
    "cumulativeLayoutShift": 0.08685998309349718,
    "firstInputDelay": 37.45504840796015,
    "timestamp": 1774658834974
  },
  "runtime": {
    "memoryUsage": {
      "rss": 62914560,
      "heapUsed": 13306032,
      "heapTotal": 20611072,
      "external": 1970223
    },
    "startupTime": 276.718458,
    "cpuUsage": 149.549,
    "timestamp": 1774658834974
  },
  "violations": [],
  "recommendations": [
    "Largest file (index.js) is 100.0% of bundle - consider splitting or optimizing"
  ],
  "overallStatus": "pass"
}