{
  "timestamp": 1774028333678,
  "bundleSize": {
    "totalSize": 916,
    "gzippedSize": 423,
    "fileCount": 1,
    "largestFile": {
      "name": "index.js",
      "size": 916,
      "gzippedSize": 423
    },
    "breakdown": [
      {
        "name": "index.js",
        "size": 916,
        "gzippedSize": 423,
        "percentage": 100
      }
    ]
  },
  "webVitals": {
    "firstContentfulPaint": 1482.8338976887276,
    "timeToInteractive": 2147.1965656788357,
    "largestContentfulPaint": 1546.5645653448926,
    "cumulativeLayoutShift": 0.04328449330970583,
    "firstInputDelay": 33.91082456172441,
    "timestamp": 1774028333678
  },
  "runtime": {
    "memoryUsage": {
      "rss": 61980672,
      "heapUsed": 12509584,
      "heapTotal": 19857408,
      "external": 1971431
    },
    "startupTime": 256.530125,
    "cpuUsage": 164.259,
    "timestamp": 1774028333678
  },
  "violations": [],
  "recommendations": [
    "Largest file (index.js) is 100.0% of bundle - consider splitting or optimizing"
  ],
  "overallStatus": "pass"
}