{
  "timestamp": 1773861364831,
  "bundleSize": {
    "totalSize": 916,
    "gzippedSize": 423,
    "fileCount": 1,
    "largestFile": {
      "name": "index.js",
      "size": 916,
      "gzippedSize": 423
    },
    "breakdown": [
      {
        "name": "index.js",
        "size": 916,
        "gzippedSize": 423,
        "percentage": 100
      }
    ]
  },
  "webVitals": {
    "firstContentfulPaint": 575.4748748099558,
    "timeToInteractive": 2461.761424885709,
    "largestContentfulPaint": 1548.3354498120411,
    "cumulativeLayoutShift": 0.01683905256776814,
    "firstInputDelay": 48.616393648124536,
    "timestamp": 1773861364831
  },
  "runtime": {
    "memoryUsage": {
      "rss": 61964288,
      "heapUsed": 12122696,
      "heapTotal": 19595264,
      "external": 1969696
    },
    "startupTime": 322.531083,
    "cpuUsage": 179.042,
    "timestamp": 1773861364831
  },
  "violations": [],
  "recommendations": [
    "Largest file (index.js) is 100.0% of bundle - consider splitting or optimizing"
  ],
  "overallStatus": "pass"
}