{
  "timestamp": 1774397696639,
  "bundleSize": {
    "totalSize": 916,
    "gzippedSize": 423,
    "fileCount": 1,
    "largestFile": {
      "name": "index.js",
      "size": 916,
      "gzippedSize": 423
    },
    "breakdown": [
      {
        "name": "index.js",
        "size": 916,
        "gzippedSize": 423,
        "percentage": 100
      }
    ]
  },
  "webVitals": {
    "firstContentfulPaint": 576.9314784195406,
    "timeToInteractive": 2089.633553653273,
    "largestContentfulPaint": 1902.4736284051905,
    "cumulativeLayoutShift": 0.03921632804367081,
    "firstInputDelay": 54.946122184506564,
    "timestamp": 1774397696638
  },
  "runtime": {
    "memoryUsage": {
      "rss": 61767680,
      "heapUsed": 12410760,
      "heapTotal": 19857408,
      "external": 1971431
    },
    "startupTime": 234.468541,
    "cpuUsage": 144.316,
    "timestamp": 1774397696639
  },
  "violations": [],
  "recommendations": [
    "Largest file (index.js) is 100.0% of bundle - consider splitting or optimizing"
  ],
  "overallStatus": "pass"
}