{
  "timestamp": 1774201693172,
  "bundleSize": {
    "totalSize": 916,
    "gzippedSize": 423,
    "fileCount": 1,
    "largestFile": {
      "name": "index.js",
      "size": 916,
      "gzippedSize": 423
    },
    "breakdown": [
      {
        "name": "index.js",
        "size": 916,
        "gzippedSize": 423,
        "percentage": 100
      }
    ]
  },
  "webVitals": {
    "firstContentfulPaint": 626.0306733175613,
    "timeToInteractive": 2741.8239785841583,
    "largestContentfulPaint": 1623.370931081118,
    "cumulativeLayoutShift": 0.0049806154160381595,
    "firstInputDelay": 33.73002558725614,
    "timestamp": 1774201693171
  },
  "runtime": {
    "memoryUsage": {
      "rss": 62242816,
      "heapUsed": 12414568,
      "heapTotal": 19857408,
      "external": 1970223
    },
    "startupTime": 284.924416,
    "cpuUsage": 161.706,
    "timestamp": 1774201693172
  },
  "violations": [],
  "recommendations": [
    "Largest file (index.js) is 100.0% of bundle - consider splitting or optimizing"
  ],
  "overallStatus": "pass"
}