{
  "timestamp": 1773918332314,
  "bundleSize": {
    "totalSize": 916,
    "gzippedSize": 423,
    "fileCount": 1,
    "largestFile": {
      "name": "index.js",
      "size": 916,
      "gzippedSize": 423
    },
    "breakdown": [
      {
        "name": "index.js",
        "size": 916,
        "gzippedSize": 423,
        "percentage": 100
      }
    ]
  },
  "webVitals": {
    "firstContentfulPaint": 695.5370842304162,
    "timeToInteractive": 2533.6761801855537,
    "largestContentfulPaint": 2429.161025030138,
    "cumulativeLayoutShift": 0.018838222030077168,
    "firstInputDelay": 48.697129746192644,
    "timestamp": 1773918332314
  },
  "runtime": {
    "memoryUsage": {
      "rss": 62177280,
      "heapUsed": 12674928,
      "heapTotal": 20119552,
      "external": 1971718
    },
    "startupTime": 205.424334,
    "cpuUsage": 129.282,
    "timestamp": 1773918332314
  },
  "violations": [],
  "recommendations": [
    "Largest file (index.js) is 100.0% of bundle - consider splitting or optimizing"
  ],
  "overallStatus": "pass"
}