{
  "timestamp": 1774008140823,
  "bundleSize": {
    "totalSize": 916,
    "gzippedSize": 423,
    "fileCount": 1,
    "largestFile": {
      "name": "index.js",
      "size": 916,
      "gzippedSize": 423
    },
    "breakdown": [
      {
        "name": "index.js",
        "size": 916,
        "gzippedSize": 423,
        "percentage": 100
      }
    ]
  },
  "webVitals": {
    "firstContentfulPaint": 671.8342975884524,
    "timeToInteractive": 2895.459641182589,
    "largestContentfulPaint": 1692.4897917271032,
    "cumulativeLayoutShift": 0.03907712883390002,
    "firstInputDelay": 26.356538099635607,
    "timestamp": 1774008140822
  },
  "runtime": {
    "memoryUsage": {
      "rss": 62357504,
      "heapUsed": 12221840,
      "heapTotal": 20119552,
      "external": 1970223
    },
    "startupTime": 265.210709,
    "cpuUsage": 163.913,
    "timestamp": 1774008140823
  },
  "violations": [],
  "recommendations": [
    "Largest file (index.js) is 100.0% of bundle - consider splitting or optimizing"
  ],
  "overallStatus": "pass"
}