{
  "timestamp": 1774223220913,
  "bundleSize": {
    "totalSize": 916,
    "gzippedSize": 423,
    "fileCount": 1,
    "largestFile": {
      "name": "index.js",
      "size": 916,
      "gzippedSize": 423
    },
    "breakdown": [
      {
        "name": "index.js",
        "size": 916,
        "gzippedSize": 423,
        "percentage": 100
      }
    ]
  },
  "webVitals": {
    "firstContentfulPaint": 1130.0622900510884,
    "timeToInteractive": 2831.2288707914304,
    "largestContentfulPaint": 1643.6039134517437,
    "cumulativeLayoutShift": 0.02354944287507639,
    "firstInputDelay": 69.26461444608466,
    "timestamp": 1774223220913
  },
  "runtime": {
    "memoryUsage": {
      "rss": 62504960,
      "heapUsed": 13065960,
      "heapTotal": 20217856,
      "external": 1966360
    },
    "startupTime": 1349.882584,
    "cpuUsage": 179.754,
    "timestamp": 1774223220913
  },
  "violations": [],
  "recommendations": [
    "Largest file (index.js) is 100.0% of bundle - consider splitting or optimizing"
  ],
  "overallStatus": "pass"
}