{
  "timestamp": 1774277381051,
  "bundleSize": {
    "totalSize": 916,
    "gzippedSize": 423,
    "fileCount": 1,
    "largestFile": {
      "name": "index.js",
      "size": 916,
      "gzippedSize": 423
    },
    "breakdown": [
      {
        "name": "index.js",
        "size": 916,
        "gzippedSize": 423,
        "percentage": 100
      }
    ]
  },
  "webVitals": {
    "firstContentfulPaint": 1159.8131132393933,
    "timeToInteractive": 2352.369964473406,
    "largestContentfulPaint": 1772.199958732599,
    "cumulativeLayoutShift": 0.037456288530664586,
    "firstInputDelay": 65.88001723902838,
    "timestamp": 1774277381051
  },
  "runtime": {
    "memoryUsage": {
      "rss": 58408960,
      "heapUsed": 12570728,
      "heapTotal": 19857408,
      "external": 1970672
    },
    "startupTime": 969.418917,
    "cpuUsage": 191.164,
    "timestamp": 1774277381051
  },
  "violations": [],
  "recommendations": [
    "Largest file (index.js) is 100.0% of bundle - consider splitting or optimizing"
  ],
  "overallStatus": "pass"
}