{
  "timestamp": 1774512090079,
  "bundleSize": {
    "totalSize": 916,
    "gzippedSize": 423,
    "fileCount": 1,
    "largestFile": {
      "name": "index.js",
      "size": 916,
      "gzippedSize": 423
    },
    "breakdown": [
      {
        "name": "index.js",
        "size": 916,
        "gzippedSize": 423,
        "percentage": 100
      }
    ]
  },
  "webVitals": {
    "firstContentfulPaint": 1383.5638363953963,
    "timeToInteractive": 2264.5078111278312,
    "largestContentfulPaint": 1550.8850584391594,
    "cumulativeLayoutShift": 0.040326801495607745,
    "firstInputDelay": 59.570418932188474,
    "timestamp": 1774512090078
  },
  "runtime": {
    "memoryUsage": {
      "rss": 58556416,
      "heapUsed": 12566648,
      "heapTotal": 20119552,
      "external": 1967702
    },
    "startupTime": 8382.5505,
    "cpuUsage": 221.514,
    "timestamp": 1774512090079
  },
  "violations": [],
  "recommendations": [
    "Largest file (index.js) is 100.0% of bundle - consider splitting or optimizing"
  ],
  "overallStatus": "pass"
}