{
  "timestamp": 1774511621504,
  "bundleSize": {
    "totalSize": 916,
    "gzippedSize": 423,
    "fileCount": 1,
    "largestFile": {
      "name": "index.js",
      "size": 916,
      "gzippedSize": 423
    },
    "breakdown": [
      {
        "name": "index.js",
        "size": 916,
        "gzippedSize": 423,
        "percentage": 100
      }
    ]
  },
  "webVitals": {
    "firstContentfulPaint": 1372.1150894501066,
    "timeToInteractive": 2939.685570517123,
    "largestContentfulPaint": 2079.569321189799,
    "cumulativeLayoutShift": 0.04866839564671524,
    "firstInputDelay": 34.03725490323296,
    "timestamp": 1774511621503
  },
  "runtime": {
    "memoryUsage": {
      "rss": 46497792,
      "heapUsed": 10973912,
      "heapTotal": 13041664,
      "external": 1964808
    },
    "startupTime": 27221.843167,
    "cpuUsage": 278.653,
    "timestamp": 1774511621504
  },
  "violations": [],
  "recommendations": [
    "Largest file (index.js) is 100.0% of bundle - consider splitting or optimizing"
  ],
  "overallStatus": "pass"
}