{
  "timestamp": 1774274720676,
  "bundleSize": {
    "totalSize": 916,
    "gzippedSize": 423,
    "fileCount": 1,
    "largestFile": {
      "name": "index.js",
      "size": 916,
      "gzippedSize": 423
    },
    "breakdown": [
      {
        "name": "index.js",
        "size": 916,
        "gzippedSize": 423,
        "percentage": 100
      }
    ]
  },
  "webVitals": {
    "firstContentfulPaint": 712.0271387661389,
    "timeToInteractive": 2453.285976003011,
    "largestContentfulPaint": 1552.1795754785715,
    "cumulativeLayoutShift": 0.0008952761571461521,
    "firstInputDelay": 31.381393590448326,
    "timestamp": 1774274720676
  },
  "runtime": {
    "memoryUsage": {
      "rss": 62111744,
      "heapUsed": 12554712,
      "heapTotal": 19857408,
      "external": 1970672
    },
    "startupTime": 960.522458,
    "cpuUsage": 186.064,
    "timestamp": 1774274720676
  },
  "violations": [],
  "recommendations": [
    "Largest file (index.js) is 100.0% of bundle - consider splitting or optimizing"
  ],
  "overallStatus": "pass"
}