{
  "timestamp": 1773965927943,
  "bundleSize": {
    "totalSize": 916,
    "gzippedSize": 423,
    "fileCount": 1,
    "largestFile": {
      "name": "index.js",
      "size": 916,
      "gzippedSize": 423
    },
    "breakdown": [
      {
        "name": "index.js",
        "size": 916,
        "gzippedSize": 423,
        "percentage": 100
      }
    ]
  },
  "webVitals": {
    "firstContentfulPaint": 1266.7049498627553,
    "timeToInteractive": 2124.094867390804,
    "largestContentfulPaint": 2478.5654773726264,
    "cumulativeLayoutShift": 0.08241523688681096,
    "firstInputDelay": 32.677424308168035,
    "timestamp": 1773965927943
  },
  "runtime": {
    "memoryUsage": {
      "rss": 62275584,
      "heapUsed": 12933144,
      "heapTotal": 20217856,
      "external": 1971431
    },
    "startupTime": 254.184458,
    "cpuUsage": 160.853,
    "timestamp": 1773965927943
  },
  "violations": [],
  "recommendations": [
    "Largest file (index.js) is 100.0% of bundle - consider splitting or optimizing"
  ],
  "overallStatus": "pass"
}