{
  "timestamp": 1774522904466,
  "bundleSize": {
    "totalSize": 916,
    "gzippedSize": 423,
    "fileCount": 1,
    "largestFile": {
      "name": "index.js",
      "size": 916,
      "gzippedSize": 423
    },
    "breakdown": [
      {
        "name": "index.js",
        "size": 916,
        "gzippedSize": 423,
        "percentage": 100
      }
    ]
  },
  "webVitals": {
    "firstContentfulPaint": 1494.0048699288245,
    "timeToInteractive": 2178.318333787182,
    "largestContentfulPaint": 1694.899779396558,
    "cumulativeLayoutShift": 0.059139093026652635,
    "firstInputDelay": 58.70484137125005,
    "timestamp": 1774522904466
  },
  "runtime": {
    "memoryUsage": {
      "rss": 62226432,
      "heapUsed": 12558888,
      "heapTotal": 20119552,
      "external": 1970211
    },
    "startupTime": 296.705208,
    "cpuUsage": 161.045,
    "timestamp": 1774522904466
  },
  "violations": [],
  "recommendations": [
    "Largest file (index.js) is 100.0% of bundle - consider splitting or optimizing"
  ],
  "overallStatus": "pass"
}