{
  "timestamp": 1774436581638,
  "bundleSize": {
    "totalSize": 916,
    "gzippedSize": 423,
    "fileCount": 1,
    "largestFile": {
      "name": "index.js",
      "size": 916,
      "gzippedSize": 423
    },
    "breakdown": [
      {
        "name": "index.js",
        "size": 916,
        "gzippedSize": 423,
        "percentage": 100
      }
    ]
  },
  "webVitals": {
    "firstContentfulPaint": 1196.3697281181517,
    "timeToInteractive": 2513.989527708376,
    "largestContentfulPaint": 2023.3277634098868,
    "cumulativeLayoutShift": 0.035430200328355886,
    "firstInputDelay": 69.16931414586503,
    "timestamp": 1774436581638
  },
  "runtime": {
    "memoryUsage": {
      "rss": 62275584,
      "heapUsed": 12691128,
      "heapTotal": 19857408,
      "external": 1965899
    },
    "startupTime": 377.022959,
    "cpuUsage": 201.266,
    "timestamp": 1774436581638
  },
  "violations": [],
  "recommendations": [
    "Largest file (index.js) is 100.0% of bundle - consider splitting or optimizing"
  ],
  "overallStatus": "pass"
}