{
  "timestamp": 1774196648582,
  "bundleSize": {
    "totalSize": 916,
    "gzippedSize": 423,
    "fileCount": 1,
    "largestFile": {
      "name": "index.js",
      "size": 916,
      "gzippedSize": 423
    },
    "breakdown": [
      {
        "name": "index.js",
        "size": 916,
        "gzippedSize": 423,
        "percentage": 100
      }
    ]
  },
  "webVitals": {
    "firstContentfulPaint": 1039.06082987338,
    "timeToInteractive": 2377.8820345914305,
    "largestContentfulPaint": 1903.2372080751177,
    "cumulativeLayoutShift": 0.058093139707351193,
    "firstInputDelay": 25.809418961030484,
    "timestamp": 1774196648582
  },
  "runtime": {
    "memoryUsage": {
      "rss": 62390272,
      "heapUsed": 13156312,
      "heapTotal": 20512768,
      "external": 1970223
    },
    "startupTime": 246.153167,
    "cpuUsage": 158.323,
    "timestamp": 1774196648582
  },
  "violations": [],
  "recommendations": [
    "Largest file (index.js) is 100.0% of bundle - consider splitting or optimizing"
  ],
  "overallStatus": "pass"
}