{
  "timestamp": 1774516043791,
  "bundleSize": {
    "totalSize": 916,
    "gzippedSize": 423,
    "fileCount": 1,
    "largestFile": {
      "name": "index.js",
      "size": 916,
      "gzippedSize": 423
    },
    "breakdown": [
      {
        "name": "index.js",
        "size": 916,
        "gzippedSize": 423,
        "percentage": 100
      }
    ]
  },
  "webVitals": {
    "firstContentfulPaint": 1407.7582760111422,
    "timeToInteractive": 2584.521627529348,
    "largestContentfulPaint": 2471.1378040655036,
    "cumulativeLayoutShift": 0.04417993739852824,
    "firstInputDelay": 47.43150461841313,
    "timestamp": 1774516043791
  },
  "runtime": {
    "memoryUsage": {
      "rss": 62701568,
      "heapUsed": 12797112,
      "heapTotal": 20152320,
      "external": 1971431
    },
    "startupTime": 221.102583,
    "cpuUsage": 138.098,
    "timestamp": 1774516043791
  },
  "violations": [],
  "recommendations": [
    "Largest file (index.js) is 100.0% of bundle - consider splitting or optimizing"
  ],
  "overallStatus": "pass"
}