{
  "timestamp": 1773887743046,
  "bundleSize": {
    "totalSize": 916,
    "gzippedSize": 423,
    "fileCount": 1,
    "largestFile": {
      "name": "index.js",
      "size": 916,
      "gzippedSize": 423
    },
    "breakdown": [
      {
        "name": "index.js",
        "size": 916,
        "gzippedSize": 423,
        "percentage": 100
      }
    ]
  },
  "webVitals": {
    "firstContentfulPaint": 1111.567546021291,
    "timeToInteractive": 2058.4052565548204,
    "largestContentfulPaint": 2381.3871714896286,
    "cumulativeLayoutShift": 0.06926397492859575,
    "firstInputDelay": 52.747278634570335,
    "timestamp": 1773887743046
  },
  "runtime": {
    "memoryUsage": {
      "rss": 63766528,
      "heapUsed": 13410288,
      "heapTotal": 21004288,
      "external": 1969228
    },
    "startupTime": 335.481958,
    "cpuUsage": 171.404,
    "timestamp": 1773887743046
  },
  "violations": [],
  "recommendations": [
    "Largest file (index.js) is 100.0% of bundle - consider splitting or optimizing"
  ],
  "overallStatus": "pass"
}