{
  "timestamp": 1774213956830,
  "bundleSize": {
    "totalSize": 916,
    "gzippedSize": 423,
    "fileCount": 1,
    "largestFile": {
      "name": "index.js",
      "size": 916,
      "gzippedSize": 423
    },
    "breakdown": [
      {
        "name": "index.js",
        "size": 916,
        "gzippedSize": 423,
        "percentage": 100
      }
    ]
  },
  "webVitals": {
    "firstContentfulPaint": 1084.9866797520806,
    "timeToInteractive": 2197.5160351360123,
    "largestContentfulPaint": 2266.0746912381856,
    "cumulativeLayoutShift": 0.01731433798672517,
    "firstInputDelay": 34.85889346813341,
    "timestamp": 1774213956830
  },
  "runtime": {
    "memoryUsage": {
      "rss": 61915136,
      "heapUsed": 12639272,
      "heapTotal": 19857408,
      "external": 1971431
    },
    "startupTime": 229.316334,
    "cpuUsage": 136.127,
    "timestamp": 1774213956830
  },
  "violations": [],
  "recommendations": [
    "Largest file (index.js) is 100.0% of bundle - consider splitting or optimizing"
  ],
  "overallStatus": "pass"
}