{
  "timestamp": 1774196212916,
  "bundleSize": {
    "totalSize": 916,
    "gzippedSize": 423,
    "fileCount": 1,
    "largestFile": {
      "name": "index.js",
      "size": 916,
      "gzippedSize": 423
    },
    "breakdown": [
      {
        "name": "index.js",
        "size": 916,
        "gzippedSize": 423,
        "percentage": 100
      }
    ]
  },
  "webVitals": {
    "firstContentfulPaint": 878.1250398903858,
    "timeToInteractive": 2648.4524380659213,
    "largestContentfulPaint": 2119.3620773304547,
    "cumulativeLayoutShift": 0.07573330460255429,
    "firstInputDelay": 69.28672040387686,
    "timestamp": 1774196212916
  },
  "runtime": {
    "memoryUsage": {
      "rss": 59637760,
      "heapUsed": 12902360,
      "heapTotal": 20119552,
      "external": 1970672
    },
    "startupTime": 2050.871917,
    "cpuUsage": 185.502,
    "timestamp": 1774196212916
  },
  "violations": [],
  "recommendations": [
    "Largest file (index.js) is 100.0% of bundle - consider splitting or optimizing"
  ],
  "overallStatus": "pass"
}