{
  "timestamp": 1774525202978,
  "bundleSize": {
    "totalSize": 916,
    "gzippedSize": 423,
    "fileCount": 1,
    "largestFile": {
      "name": "index.js",
      "size": 916,
      "gzippedSize": 423
    },
    "breakdown": [
      {
        "name": "index.js",
        "size": 916,
        "gzippedSize": 423,
        "percentage": 100
      }
    ]
  },
  "webVitals": {
    "firstContentfulPaint": 573.9051811149591,
    "timeToInteractive": 2316.759424456205,
    "largestContentfulPaint": 1930.8476840032263,
    "cumulativeLayoutShift": 0.058052251597592044,
    "firstInputDelay": 45.968851855753236,
    "timestamp": 1774525202978
  },
  "runtime": {
    "memoryUsage": {
      "rss": 62472192,
      "heapUsed": 13184264,
      "heapTotal": 19824640,
      "external": 1970949
    },
    "startupTime": 256.855875,
    "cpuUsage": 157.717,
    "timestamp": 1774525202978
  },
  "violations": [],
  "recommendations": [
    "Largest file (index.js) is 100.0% of bundle - consider splitting or optimizing"
  ],
  "overallStatus": "pass"
}