{
  "timestamp": 1774013285499,
  "bundleSize": {
    "totalSize": 916,
    "gzippedSize": 423,
    "fileCount": 1,
    "largestFile": {
      "name": "index.js",
      "size": 916,
      "gzippedSize": 423
    },
    "breakdown": [
      {
        "name": "index.js",
        "size": 916,
        "gzippedSize": 423,
        "percentage": 100
      }
    ]
  },
  "webVitals": {
    "firstContentfulPaint": 741.7212009949636,
    "timeToInteractive": 2379.9812362280813,
    "largestContentfulPaint": 1886.2838072840382,
    "cumulativeLayoutShift": 0.06975784156603702,
    "firstInputDelay": 67.86938931424413,
    "timestamp": 1774013285499
  },
  "runtime": {
    "memoryUsage": {
      "rss": 61915136,
      "heapUsed": 12338496,
      "heapTotal": 20119552,
      "external": 1970166
    },
    "startupTime": 312.998417,
    "cpuUsage": 174.423,
    "timestamp": 1774013285499
  },
  "violations": [],
  "recommendations": [
    "Largest file (index.js) is 100.0% of bundle - consider splitting or optimizing"
  ],
  "overallStatus": "pass"
}