{
  "timestamp": 1774225458702,
  "bundleSize": {
    "totalSize": 916,
    "gzippedSize": 423,
    "fileCount": 1,
    "largestFile": {
      "name": "index.js",
      "size": 916,
      "gzippedSize": 423
    },
    "breakdown": [
      {
        "name": "index.js",
        "size": 916,
        "gzippedSize": 423,
        "percentage": 100
      }
    ]
  },
  "webVitals": {
    "firstContentfulPaint": 988.6816483498994,
    "timeToInteractive": 2177.3616786938233,
    "largestContentfulPaint": 1941.0187133168783,
    "cumulativeLayoutShift": 0.023502163332705207,
    "firstInputDelay": 60.15563605359839,
    "timestamp": 1774225458702
  },
  "runtime": {
    "memoryUsage": {
      "rss": 62423040,
      "heapUsed": 13084672,
      "heapTotal": 20217856,
      "external": 1966360
    },
    "startupTime": 1656.730625,
    "cpuUsage": 193.129,
    "timestamp": 1774225458702
  },
  "violations": [],
  "recommendations": [
    "Largest file (index.js) is 100.0% of bundle - consider splitting or optimizing"
  ],
  "overallStatus": "pass"
}