{
  "timestamp": 1773941258319,
  "bundleSize": {
    "totalSize": 916,
    "gzippedSize": 423,
    "fileCount": 1,
    "largestFile": {
      "name": "index.js",
      "size": 916,
      "gzippedSize": 423
    },
    "breakdown": [
      {
        "name": "index.js",
        "size": 916,
        "gzippedSize": 423,
        "percentage": 100
      }
    ]
  },
  "webVitals": {
    "firstContentfulPaint": 952.1605149840402,
    "timeToInteractive": 2715.2142612797634,
    "largestContentfulPaint": 2020.589551440266,
    "cumulativeLayoutShift": 0.046513064664734816,
    "firstInputDelay": 26.774996408623075,
    "timestamp": 1773941258319
  },
  "runtime": {
    "memoryUsage": {
      "rss": 62046208,
      "heapUsed": 12740000,
      "heapTotal": 19595264,
      "external": 1970223
    },
    "startupTime": 279.744375,
    "cpuUsage": 160.166,
    "timestamp": 1773941258319
  },
  "violations": [],
  "recommendations": [
    "Largest file (index.js) is 100.0% of bundle - consider splitting or optimizing"
  ],
  "overallStatus": "pass"
}