{
  "timestamp": 1774048165980,
  "bundleSize": {
    "totalSize": 916,
    "gzippedSize": 423,
    "fileCount": 1,
    "largestFile": {
      "name": "index.js",
      "size": 916,
      "gzippedSize": 423
    },
    "breakdown": [
      {
        "name": "index.js",
        "size": 916,
        "gzippedSize": 423,
        "percentage": 100
      }
    ]
  },
  "webVitals": {
    "firstContentfulPaint": 1282.7644956130807,
    "timeToInteractive": 2141.6484906946816,
    "largestContentfulPaint": 2105.6365078699955,
    "cumulativeLayoutShift": 0.001695627602029859,
    "firstInputDelay": 38.82824093029651,
    "timestamp": 1774048165979
  },
  "runtime": {
    "memoryUsage": {
      "rss": 62521344,
      "heapUsed": 12984048,
      "heapTotal": 20250624,
      "external": 1970892
    },
    "startupTime": 234.824041,
    "cpuUsage": 142.956,
    "timestamp": 1774048165980
  },
  "violations": [],
  "recommendations": [
    "Largest file (index.js) is 100.0% of bundle - consider splitting or optimizing"
  ],
  "overallStatus": "pass"
}