{
  "timestamp": 1773831038084,
  "bundleSize": {
    "totalSize": 916,
    "gzippedSize": 423,
    "fileCount": 1,
    "largestFile": {
      "name": "index.js",
      "size": 916,
      "gzippedSize": 423
    },
    "breakdown": [
      {
        "name": "index.js",
        "size": 916,
        "gzippedSize": 423,
        "percentage": 100
      }
    ]
  },
  "webVitals": {
    "firstContentfulPaint": 751.1258572412361,
    "timeToInteractive": 2388.1207023477523,
    "largestContentfulPaint": 1597.2202313267624,
    "cumulativeLayoutShift": 0.03169929349841916,
    "firstInputDelay": 61.393999764134286,
    "timestamp": 1773831038084
  },
  "runtime": {
    "memoryUsage": {
      "rss": 61784064,
      "heapUsed": 12219104,
      "heapTotal": 19857408,
      "external": 1965384
    },
    "startupTime": 476.583375,
    "cpuUsage": 195.399,
    "timestamp": 1773831038084
  },
  "violations": [],
  "recommendations": [
    "Largest file (index.js) is 100.0% of bundle - consider splitting or optimizing"
  ],
  "overallStatus": "pass"
}