{
  "timestamp": 1774510604236,
  "bundleSize": {
    "totalSize": 916,
    "gzippedSize": 423,
    "fileCount": 1,
    "largestFile": {
      "name": "index.js",
      "size": 916,
      "gzippedSize": 423
    },
    "breakdown": [
      {
        "name": "index.js",
        "size": 916,
        "gzippedSize": 423,
        "percentage": 100
      }
    ]
  },
  "webVitals": {
    "firstContentfulPaint": 685.8186843710905,
    "timeToInteractive": 2544.165081272665,
    "largestContentfulPaint": 2315.828768036125,
    "cumulativeLayoutShift": 0.062329543145657154,
    "firstInputDelay": 29.624267502306733,
    "timestamp": 1774510604236
  },
  "runtime": {
    "memoryUsage": {
      "rss": 57278464,
      "heapUsed": 12765072,
      "heapTotal": 20119552,
      "external": 1967702
    },
    "startupTime": 4626.918416,
    "cpuUsage": 194.597,
    "timestamp": 1774510604236
  },
  "violations": [],
  "recommendations": [
    "Largest file (index.js) is 100.0% of bundle - consider splitting or optimizing"
  ],
  "overallStatus": "pass"
}