{
  "timestamp": 1774632023716,
  "bundleSize": {
    "totalSize": 916,
    "gzippedSize": 423,
    "fileCount": 1,
    "largestFile": {
      "name": "index.js",
      "size": 916,
      "gzippedSize": 423
    },
    "breakdown": [
      {
        "name": "index.js",
        "size": 916,
        "gzippedSize": 423,
        "percentage": 100
      }
    ]
  },
  "webVitals": {
    "firstContentfulPaint": 814.8350150777167,
    "timeToInteractive": 2973.6078157982197,
    "largestContentfulPaint": 2459.0549289762357,
    "cumulativeLayoutShift": 0.07496296423420228,
    "firstInputDelay": 48.91007058398906,
    "timestamp": 1774632023716
  },
  "runtime": {
    "memoryUsage": {
      "rss": 63881216,
      "heapUsed": 14307256,
      "heapTotal": 19333120,
      "external": 2657709
    },
    "startupTime": 266.070458,
    "cpuUsage": 135.675,
    "timestamp": 1774632023716
  },
  "violations": [],
  "recommendations": [
    "Largest file (index.js) is 100.0% of bundle - consider splitting or optimizing"
  ],
  "overallStatus": "pass"
}