{
  "timestamp": 1774202956142,
  "bundleSize": {
    "totalSize": 916,
    "gzippedSize": 423,
    "fileCount": 1,
    "largestFile": {
      "name": "index.js",
      "size": 916,
      "gzippedSize": 423
    },
    "breakdown": [
      {
        "name": "index.js",
        "size": 916,
        "gzippedSize": 423,
        "percentage": 100
      }
    ]
  },
  "webVitals": {
    "firstContentfulPaint": 1002.6695250232331,
    "timeToInteractive": 2118.4535262766067,
    "largestContentfulPaint": 2061.2494946285888,
    "cumulativeLayoutShift": 0.02338512816252001,
    "firstInputDelay": 27.392600295205295,
    "timestamp": 1774202956142
  },
  "runtime": {
    "memoryUsage": {
      "rss": 62046208,
      "heapUsed": 12912072,
      "heapTotal": 19857408,
      "external": 1965854
    },
    "startupTime": 189.385666,
    "cpuUsage": 120.454,
    "timestamp": 1774202956142
  },
  "violations": [],
  "recommendations": [
    "Largest file (index.js) is 100.0% of bundle - consider splitting or optimizing"
  ],
  "overallStatus": "pass"
}