{
  "timestamp": 1773932093264,
  "bundleSize": {
    "totalSize": 916,
    "gzippedSize": 423,
    "fileCount": 1,
    "largestFile": {
      "name": "index.js",
      "size": 916,
      "gzippedSize": 423
    },
    "breakdown": [
      {
        "name": "index.js",
        "size": 916,
        "gzippedSize": 423,
        "percentage": 100
      }
    ]
  },
  "webVitals": {
    "firstContentfulPaint": 1224.6186819634609,
    "timeToInteractive": 2975.1603572567437,
    "largestContentfulPaint": 2072.2247768128577,
    "cumulativeLayoutShift": 0.0071160672510343975,
    "firstInputDelay": 61.758197761919234,
    "timestamp": 1773932093264
  },
  "runtime": {
    "memoryUsage": {
      "rss": 62504960,
      "heapUsed": 12915400,
      "heapTotal": 20480000,
      "external": 1970223
    },
    "startupTime": 285.435709,
    "cpuUsage": 164.021,
    "timestamp": 1773932093264
  },
  "violations": [],
  "recommendations": [
    "Largest file (index.js) is 100.0% of bundle - consider splitting or optimizing"
  ],
  "overallStatus": "pass"
}