{
  "timestamp": 1774514555582,
  "bundleSize": {
    "totalSize": 916,
    "gzippedSize": 423,
    "fileCount": 1,
    "largestFile": {
      "name": "index.js",
      "size": 916,
      "gzippedSize": 423
    },
    "breakdown": [
      {
        "name": "index.js",
        "size": 916,
        "gzippedSize": 423,
        "percentage": 100
      }
    ]
  },
  "webVitals": {
    "firstContentfulPaint": 1446.0866196882855,
    "timeToInteractive": 2247.5327670092092,
    "largestContentfulPaint": 1691.4409234299208,
    "cumulativeLayoutShift": 0.005394651153260078,
    "firstInputDelay": 54.25436890267391,
    "timestamp": 1774514555581
  },
  "runtime": {
    "memoryUsage": {
      "rss": 62177280,
      "heapUsed": 12888888,
      "heapTotal": 19857408,
      "external": 1970435
    },
    "startupTime": 1479.439917,
    "cpuUsage": 185.856,
    "timestamp": 1774514555582
  },
  "violations": [],
  "recommendations": [
    "Largest file (index.js) is 100.0% of bundle - consider splitting or optimizing"
  ],
  "overallStatus": "pass"
}