{
  "timestamp": 1774297516261,
  "bundleSize": {
    "totalSize": 916,
    "gzippedSize": 423,
    "fileCount": 1,
    "largestFile": {
      "name": "index.js",
      "size": 916,
      "gzippedSize": 423
    },
    "breakdown": [
      {
        "name": "index.js",
        "size": 916,
        "gzippedSize": 423,
        "percentage": 100
      }
    ]
  },
  "webVitals": {
    "firstContentfulPaint": 871.6006472611068,
    "timeToInteractive": 2162.3217966384777,
    "largestContentfulPaint": 1678.3321379930705,
    "cumulativeLayoutShift": 0.004010941979750249,
    "firstInputDelay": 62.5264996605525,
    "timestamp": 1774297516261
  },
  "runtime": {
    "memoryUsage": {
      "rss": 61898752,
      "heapUsed": 12762736,
      "heapTotal": 19857408,
      "external": 1970223
    },
    "startupTime": 269.284208,
    "cpuUsage": 149.132,
    "timestamp": 1774297516261
  },
  "violations": [],
  "recommendations": [
    "Largest file (index.js) is 100.0% of bundle - consider splitting or optimizing"
  ],
  "overallStatus": "pass"
}