{
  "timestamp": 1773943078901,
  "bundleSize": {
    "totalSize": 916,
    "gzippedSize": 423,
    "fileCount": 1,
    "largestFile": {
      "name": "index.js",
      "size": 916,
      "gzippedSize": 423
    },
    "breakdown": [
      {
        "name": "index.js",
        "size": 916,
        "gzippedSize": 423,
        "percentage": 100
      }
    ]
  },
  "webVitals": {
    "firstContentfulPaint": 884.480011418874,
    "timeToInteractive": 2497.0013803390348,
    "largestContentfulPaint": 1591.4908994948971,
    "cumulativeLayoutShift": 0.07154250889148135,
    "firstInputDelay": 28.473840316701438,
    "timestamp": 1773943078901
  },
  "runtime": {
    "memoryUsage": {
      "rss": 63111168,
      "heapUsed": 13327160,
      "heapTotal": 20086784,
      "external": 1970223
    },
    "startupTime": 291.517792,
    "cpuUsage": 175.531,
    "timestamp": 1773943078901
  },
  "violations": [],
  "recommendations": [
    "Largest file (index.js) is 100.0% of bundle - consider splitting or optimizing"
  ],
  "overallStatus": "pass"
}