{
  "timestamp": 1774728789779,
  "bundleSize": {
    "totalSize": 916,
    "gzippedSize": 423,
    "fileCount": 1,
    "largestFile": {
      "name": "index.js",
      "size": 916,
      "gzippedSize": 423
    },
    "breakdown": [
      {
        "name": "index.js",
        "size": 916,
        "gzippedSize": 423,
        "percentage": 100
      }
    ]
  },
  "webVitals": {
    "firstContentfulPaint": 1297.3422511197423,
    "timeToInteractive": 2942.387846310409,
    "largestContentfulPaint": 2294.973671082599,
    "cumulativeLayoutShift": 0.005971035194348029,
    "firstInputDelay": 35.39717164693883,
    "timestamp": 1774728789779
  },
  "runtime": {
    "memoryUsage": {
      "rss": 61734912,
      "heapUsed": 12858928,
      "heapTotal": 20119552,
      "external": 1970714
    },
    "startupTime": 357.108625,
    "cpuUsage": 176.785,
    "timestamp": 1774728789779
  },
  "violations": [],
  "recommendations": [
    "Largest file (index.js) is 100.0% of bundle - consider splitting or optimizing"
  ],
  "overallStatus": "pass"
}