{
  "timestamp": 1773834379296,
  "bundleSize": {
    "totalSize": 916,
    "gzippedSize": 423,
    "fileCount": 1,
    "largestFile": {
      "name": "index.js",
      "size": 916,
      "gzippedSize": 423
    },
    "breakdown": [
      {
        "name": "index.js",
        "size": 916,
        "gzippedSize": 423,
        "percentage": 100
      }
    ]
  },
  "webVitals": {
    "firstContentfulPaint": 1360.433610502374,
    "timeToInteractive": 2926.7960179197457,
    "largestContentfulPaint": 1945.5677089077608,
    "cumulativeLayoutShift": 0.0406399896703372,
    "firstInputDelay": 46.96800360402472,
    "timestamp": 1773834379296
  },
  "runtime": {
    "memoryUsage": {
      "rss": 59621376,
      "heapUsed": 12228632,
      "heapTotal": 19857408,
      "external": 1970157
    },
    "startupTime": 1424.440958,
    "cpuUsage": 169.814,
    "timestamp": 1773834379296
  },
  "violations": [],
  "recommendations": [
    "Largest file (index.js) is 100.0% of bundle - consider splitting or optimizing"
  ],
  "overallStatus": "pass"
}