{
  "timestamp": 1774266304618,
  "bundleSize": {
    "totalSize": 916,
    "gzippedSize": 423,
    "fileCount": 1,
    "largestFile": {
      "name": "index.js",
      "size": 916,
      "gzippedSize": 423
    },
    "breakdown": [
      {
        "name": "index.js",
        "size": 916,
        "gzippedSize": 423,
        "percentage": 100
      }
    ]
  },
  "webVitals": {
    "firstContentfulPaint": 773.6136794038148,
    "timeToInteractive": 2907.09727522592,
    "largestContentfulPaint": 1847.7477333902889,
    "cumulativeLayoutShift": 0.08386040905914655,
    "firstInputDelay": 25.041643148681857,
    "timestamp": 1774266304618
  },
  "runtime": {
    "memoryUsage": {
      "rss": 59736064,
      "heapUsed": 12688184,
      "heapTotal": 20119552,
      "external": 1970672
    },
    "startupTime": 2594.447541,
    "cpuUsage": 181.937,
    "timestamp": 1774266304618
  },
  "violations": [],
  "recommendations": [
    "Largest file (index.js) is 100.0% of bundle - consider splitting or optimizing"
  ],
  "overallStatus": "pass"
}