{
  "timestamp": 1774314743780,
  "bundleSize": {
    "totalSize": 916,
    "gzippedSize": 423,
    "fileCount": 1,
    "largestFile": {
      "name": "index.js",
      "size": 916,
      "gzippedSize": 423
    },
    "breakdown": [
      {
        "name": "index.js",
        "size": 916,
        "gzippedSize": 423,
        "percentage": 100
      }
    ]
  },
  "webVitals": {
    "firstContentfulPaint": 1023.4144465072055,
    "timeToInteractive": 2113.298783450016,
    "largestContentfulPaint": 1808.8508566987834,
    "cumulativeLayoutShift": 0.03350005244482362,
    "firstInputDelay": 39.335753482409245,
    "timestamp": 1774314743780
  },
  "runtime": {
    "memoryUsage": {
      "rss": 61931520,
      "heapUsed": 12491632,
      "heapTotal": 19595264,
      "external": 1970211
    },
    "startupTime": 291.996416,
    "cpuUsage": 146.572,
    "timestamp": 1774314743780
  },
  "violations": [],
  "recommendations": [
    "Largest file (index.js) is 100.0% of bundle - consider splitting or optimizing"
  ],
  "overallStatus": "pass"
}