{
  "timestamp": 1774277869153,
  "bundleSize": {
    "totalSize": 916,
    "gzippedSize": 423,
    "fileCount": 1,
    "largestFile": {
      "name": "index.js",
      "size": 916,
      "gzippedSize": 423
    },
    "breakdown": [
      {
        "name": "index.js",
        "size": 916,
        "gzippedSize": 423,
        "percentage": 100
      }
    ]
  },
  "webVitals": {
    "firstContentfulPaint": 1188.7515464043895,
    "timeToInteractive": 2199.573047384892,
    "largestContentfulPaint": 1523.115834314288,
    "cumulativeLayoutShift": 0.05915681771302448,
    "firstInputDelay": 57.092727506388485,
    "timestamp": 1774277869153
  },
  "runtime": {
    "memoryUsage": {
      "rss": 64323584,
      "heapUsed": 13214640,
      "heapTotal": 20119552,
      "external": 2021876
    },
    "startupTime": 519.156458,
    "cpuUsage": 188.995,
    "timestamp": 1774277869153
  },
  "violations": [],
  "recommendations": [
    "Largest file (index.js) is 100.0% of bundle - consider splitting or optimizing"
  ],
  "overallStatus": "pass"
}