{
  "timestamp": 1774632867337,
  "bundleSize": {
    "totalSize": 916,
    "gzippedSize": 423,
    "fileCount": 1,
    "largestFile": {
      "name": "index.js",
      "size": 916,
      "gzippedSize": 423
    },
    "breakdown": [
      {
        "name": "index.js",
        "size": 916,
        "gzippedSize": 423,
        "percentage": 100
      }
    ]
  },
  "webVitals": {
    "firstContentfulPaint": 1121.572157152329,
    "timeToInteractive": 2711.163908124415,
    "largestContentfulPaint": 2350.1490492982193,
    "cumulativeLayoutShift": 0.07426576897171636,
    "firstInputDelay": 48.961359939414535,
    "timestamp": 1774632867337
  },
  "runtime": {
    "memoryUsage": {
      "rss": 62390272,
      "heapUsed": 12431048,
      "heapTotal": 19857408,
      "external": 1969741
    },
    "startupTime": 254.360875,
    "cpuUsage": 148.458,
    "timestamp": 1774632867337
  },
  "violations": [],
  "recommendations": [
    "Largest file (index.js) is 100.0% of bundle - consider splitting or optimizing"
  ],
  "overallStatus": "pass"
}