{
  "timestamp": 1774466384860,
  "bundleSize": {
    "totalSize": 916,
    "gzippedSize": 423,
    "fileCount": 1,
    "largestFile": {
      "name": "index.js",
      "size": 916,
      "gzippedSize": 423
    },
    "breakdown": [
      {
        "name": "index.js",
        "size": 916,
        "gzippedSize": 423,
        "percentage": 100
      }
    ]
  },
  "webVitals": {
    "firstContentfulPaint": 817.0735964754072,
    "timeToInteractive": 2173.1343923043387,
    "largestContentfulPaint": 1556.1697824814448,
    "cumulativeLayoutShift": 0.007787859982583823,
    "firstInputDelay": 56.091746751770884,
    "timestamp": 1774466384860
  },
  "runtime": {
    "memoryUsage": {
      "rss": 61554688,
      "heapUsed": 12678024,
      "heapTotal": 19595264,
      "external": 1970223
    },
    "startupTime": 510.700792,
    "cpuUsage": 184.723,
    "timestamp": 1774466384860
  },
  "violations": [],
  "recommendations": [
    "Largest file (index.js) is 100.0% of bundle - consider splitting or optimizing"
  ],
  "overallStatus": "pass"
}