{
  "timestamp": 1774466852489,
  "bundleSize": {
    "totalSize": 916,
    "gzippedSize": 423,
    "fileCount": 1,
    "largestFile": {
      "name": "index.js",
      "size": 916,
      "gzippedSize": 423
    },
    "breakdown": [
      {
        "name": "index.js",
        "size": 916,
        "gzippedSize": 423,
        "percentage": 100
      }
    ]
  },
  "webVitals": {
    "firstContentfulPaint": 595.1531835705138,
    "timeToInteractive": 2217.038888788074,
    "largestContentfulPaint": 1844.2027994928396,
    "cumulativeLayoutShift": 0.09723356641782038,
    "firstInputDelay": 40.216707743805934,
    "timestamp": 1774466852489
  },
  "runtime": {
    "memoryUsage": {
      "rss": 63389696,
      "heapUsed": 13434296,
      "heapTotal": 20480000,
      "external": 1965854
    },
    "startupTime": 212.608708,
    "cpuUsage": 141.938,
    "timestamp": 1774466852489
  },
  "violations": [],
  "recommendations": [
    "Largest file (index.js) is 100.0% of bundle - consider splitting or optimizing"
  ],
  "overallStatus": "pass"
}