{
  "timestamp": 1774215062719,
  "bundleSize": {
    "totalSize": 916,
    "gzippedSize": 423,
    "fileCount": 1,
    "largestFile": {
      "name": "index.js",
      "size": 916,
      "gzippedSize": 423
    },
    "breakdown": [
      {
        "name": "index.js",
        "size": 916,
        "gzippedSize": 423,
        "percentage": 100
      }
    ]
  },
  "webVitals": {
    "firstContentfulPaint": 659.5351336771449,
    "timeToInteractive": 2345.2531660096697,
    "largestContentfulPaint": 1909.2878606772865,
    "cumulativeLayoutShift": 0.019273370021354565,
    "firstInputDelay": 72.18719516031044,
    "timestamp": 1774215062719
  },
  "runtime": {
    "memoryUsage": {
      "rss": 57278464,
      "heapUsed": 12606256,
      "heapTotal": 18022400,
      "external": 2746716
    },
    "startupTime": 215.949959,
    "cpuUsage": 140.89,
    "timestamp": 1774215062719
  },
  "violations": [],
  "recommendations": [
    "Largest file (index.js) is 100.0% of bundle - consider splitting or optimizing"
  ],
  "overallStatus": "pass"
}