{
  "timestamp": 1774473614057,
  "bundleSize": {
    "totalSize": 916,
    "gzippedSize": 423,
    "fileCount": 1,
    "largestFile": {
      "name": "index.js",
      "size": 916,
      "gzippedSize": 423
    },
    "breakdown": [
      {
        "name": "index.js",
        "size": 916,
        "gzippedSize": 423,
        "percentage": 100
      }
    ]
  },
  "webVitals": {
    "firstContentfulPaint": 926.4687444206147,
    "timeToInteractive": 2888.193887801979,
    "largestContentfulPaint": 1774.9152607240042,
    "cumulativeLayoutShift": 0.06095192040555038,
    "firstInputDelay": 63.218105439316744,
    "timestamp": 1774473614057
  },
  "runtime": {
    "memoryUsage": {
      "rss": 62423040,
      "heapUsed": 12464640,
      "heapTotal": 20119552,
      "external": 1971431
    },
    "startupTime": 238.727167,
    "cpuUsage": 145.166,
    "timestamp": 1774473614057
  },
  "violations": [],
  "recommendations": [
    "Largest file (index.js) is 100.0% of bundle - consider splitting or optimizing"
  ],
  "overallStatus": "pass"
}