{
  "timestamp": 1773696338950,
  "bundleSize": {
    "totalSize": 916,
    "gzippedSize": 423,
    "fileCount": 1,
    "largestFile": {
      "name": "index.js",
      "size": 916,
      "gzippedSize": 423
    },
    "breakdown": [
      {
        "name": "index.js",
        "size": 916,
        "gzippedSize": 423,
        "percentage": 100
      }
    ]
  },
  "webVitals": {
    "firstContentfulPaint": 772.0143152401781,
    "timeToInteractive": 2143.5684545427102,
    "largestContentfulPaint": 1682.2985976068346,
    "cumulativeLayoutShift": 0.023722398301792593,
    "firstInputDelay": 50.52562692738533,
    "timestamp": 1773696338950
  },
  "runtime": {
    "memoryUsage": {
      "rss": 62177280,
      "heapUsed": 12059784,
      "heapTotal": 20381696,
      "external": 1970916
    },
    "startupTime": 243.914625,
    "cpuUsage": 155.33,
    "timestamp": 1773696338950
  },
  "violations": [],
  "recommendations": [
    "Largest file (index.js) is 100.0% of bundle - consider splitting or optimizing"
  ],
  "overallStatus": "pass"
}