{
  "timestamp": 1774279515889,
  "bundleSize": {
    "totalSize": 916,
    "gzippedSize": 423,
    "fileCount": 1,
    "largestFile": {
      "name": "index.js",
      "size": 916,
      "gzippedSize": 423
    },
    "breakdown": [
      {
        "name": "index.js",
        "size": 916,
        "gzippedSize": 423,
        "percentage": 100
      }
    ]
  },
  "webVitals": {
    "firstContentfulPaint": 1495.964373695726,
    "timeToInteractive": 2410.7292589468693,
    "largestContentfulPaint": 1927.6842657010436,
    "cumulativeLayoutShift": 0.019561987182983232,
    "firstInputDelay": 29.21855624171197,
    "timestamp": 1774279515889
  },
  "runtime": {
    "memoryUsage": {
      "rss": 61865984,
      "heapUsed": 12975984,
      "heapTotal": 19922944,
      "external": 1966360
    },
    "startupTime": 983.901416,
    "cpuUsage": 177.732,
    "timestamp": 1774279515889
  },
  "violations": [],
  "recommendations": [
    "Largest file (index.js) is 100.0% of bundle - consider splitting or optimizing"
  ],
  "overallStatus": "pass"
}