{
  "timestamp": 1774296414900,
  "bundleSize": {
    "totalSize": 916,
    "gzippedSize": 423,
    "fileCount": 1,
    "largestFile": {
      "name": "index.js",
      "size": 916,
      "gzippedSize": 423
    },
    "breakdown": [
      {
        "name": "index.js",
        "size": 916,
        "gzippedSize": 423,
        "percentage": 100
      }
    ]
  },
  "webVitals": {
    "firstContentfulPaint": 805.5652316050928,
    "timeToInteractive": 2407.302805577516,
    "largestContentfulPaint": 1542.3914719175227,
    "cumulativeLayoutShift": 0.04358702085109674,
    "firstInputDelay": 45.679396686301345,
    "timestamp": 1774296414900
  },
  "runtime": {
    "memoryUsage": {
      "rss": 59572224,
      "heapUsed": 12448800,
      "heapTotal": 19595264,
      "external": 1967701
    },
    "startupTime": 3248.767667,
    "cpuUsage": 546.554,
    "timestamp": 1774296414900
  },
  "violations": [],
  "recommendations": [
    "Largest file (index.js) is 100.0% of bundle - consider splitting or optimizing"
  ],
  "overallStatus": "pass"
}