{
  "timestamp": 1774632547969,
  "bundleSize": {
    "totalSize": 916,
    "gzippedSize": 423,
    "fileCount": 1,
    "largestFile": {
      "name": "index.js",
      "size": 916,
      "gzippedSize": 423
    },
    "breakdown": [
      {
        "name": "index.js",
        "size": 916,
        "gzippedSize": 423,
        "percentage": 100
      }
    ]
  },
  "webVitals": {
    "firstContentfulPaint": 555.2406030881831,
    "timeToInteractive": 2048.719212645163,
    "largestContentfulPaint": 1717.7862226244795,
    "cumulativeLayoutShift": 0.021928585035447392,
    "firstInputDelay": 71.49445344539143,
    "timestamp": 1774632547968
  },
  "runtime": {
    "memoryUsage": {
      "rss": 61669376,
      "heapUsed": 12570232,
      "heapTotal": 19595264,
      "external": 1970223
    },
    "startupTime": 292.452709,
    "cpuUsage": 157.791,
    "timestamp": 1774632547969
  },
  "violations": [],
  "recommendations": [
    "Largest file (index.js) is 100.0% of bundle - consider splitting or optimizing"
  ],
  "overallStatus": "pass"
}