{
  "timestamp": 1774514244912,
  "bundleSize": {
    "totalSize": 916,
    "gzippedSize": 423,
    "fileCount": 1,
    "largestFile": {
      "name": "index.js",
      "size": 916,
      "gzippedSize": 423
    },
    "breakdown": [
      {
        "name": "index.js",
        "size": 916,
        "gzippedSize": 423,
        "percentage": 100
      }
    ]
  },
  "webVitals": {
    "firstContentfulPaint": 972.7228798527618,
    "timeToInteractive": 2631.4738168727786,
    "largestContentfulPaint": 1711.0933213741455,
    "cumulativeLayoutShift": 0.07166455768314299,
    "firstInputDelay": 40.17528772373515,
    "timestamp": 1774514244912
  },
  "runtime": {
    "memoryUsage": {
      "rss": 62144512,
      "heapUsed": 12782320,
      "heapTotal": 20267008,
      "external": 1971431
    },
    "startupTime": 224.023458,
    "cpuUsage": 140.027,
    "timestamp": 1774514244912
  },
  "violations": [],
  "recommendations": [
    "Largest file (index.js) is 100.0% of bundle - consider splitting or optimizing"
  ],
  "overallStatus": "pass"
}