{
  "timestamp": 1773939255361,
  "bundleSize": {
    "totalSize": 916,
    "gzippedSize": 423,
    "fileCount": 1,
    "largestFile": {
      "name": "index.js",
      "size": 916,
      "gzippedSize": 423
    },
    "breakdown": [
      {
        "name": "index.js",
        "size": 916,
        "gzippedSize": 423,
        "percentage": 100
      }
    ]
  },
  "webVitals": {
    "firstContentfulPaint": 817.0891904256521,
    "timeToInteractive": 2677.3608381581453,
    "largestContentfulPaint": 2016.6500228736872,
    "cumulativeLayoutShift": 0.03095248480340438,
    "firstInputDelay": 49.79221647535431,
    "timestamp": 1773939255361
  },
  "runtime": {
    "memoryUsage": {
      "rss": 62111744,
      "heapUsed": 13054192,
      "heapTotal": 20545536,
      "external": 1970211
    },
    "startupTime": 329.349042,
    "cpuUsage": 178.866,
    "timestamp": 1773939255361
  },
  "violations": [],
  "recommendations": [
    "Largest file (index.js) is 100.0% of bundle - consider splitting or optimizing"
  ],
  "overallStatus": "pass"
}