{
  "timestamp": 1774511864074,
  "bundleSize": {
    "totalSize": 916,
    "gzippedSize": 423,
    "fileCount": 1,
    "largestFile": {
      "name": "index.js",
      "size": 916,
      "gzippedSize": 423
    },
    "breakdown": [
      {
        "name": "index.js",
        "size": 916,
        "gzippedSize": 423,
        "percentage": 100
      }
    ]
  },
  "webVitals": {
    "firstContentfulPaint": 1068.9135811554283,
    "timeToInteractive": 2018.3795553746563,
    "largestContentfulPaint": 1925.660845512205,
    "cumulativeLayoutShift": 0.0066685945836244325,
    "firstInputDelay": 61.47104369748676,
    "timestamp": 1774511864072
  },
  "runtime": {
    "memoryUsage": {
      "rss": 35536896,
      "heapUsed": 11119920,
      "heapTotal": 13041664,
      "external": 1964943
    },
    "startupTime": 27566.486625,
    "cpuUsage": 307.689,
    "timestamp": 1774511864074
  },
  "violations": [],
  "recommendations": [
    "Largest file (index.js) is 100.0% of bundle - consider splitting or optimizing"
  ],
  "overallStatus": "pass"
}