{
  "timestamp": 1774039450019,
  "bundleSize": {
    "totalSize": 916,
    "gzippedSize": 423,
    "fileCount": 1,
    "largestFile": {
      "name": "index.js",
      "size": 916,
      "gzippedSize": 423
    },
    "breakdown": [
      {
        "name": "index.js",
        "size": 916,
        "gzippedSize": 423,
        "percentage": 100
      }
    ]
  },
  "webVitals": {
    "firstContentfulPaint": 711.4394123363463,
    "timeToInteractive": 2359.781894498537,
    "largestContentfulPaint": 1801.8913666701142,
    "cumulativeLayoutShift": 0.003568725772385428,
    "firstInputDelay": 44.236708574305084,
    "timestamp": 1774039450019
  },
  "runtime": {
    "memoryUsage": {
      "rss": 62160896,
      "heapUsed": 12666384,
      "heapTotal": 19857408,
      "external": 1968125
    },
    "startupTime": 419.477375,
    "cpuUsage": 182.75,
    "timestamp": 1774039450019
  },
  "violations": [],
  "recommendations": [
    "Largest file (index.js) is 100.0% of bundle - consider splitting or optimizing"
  ],
  "overallStatus": "pass"
}