{
  "timestamp": 1773922477298,
  "bundleSize": {
    "totalSize": 916,
    "gzippedSize": 423,
    "fileCount": 1,
    "largestFile": {
      "name": "index.js",
      "size": 916,
      "gzippedSize": 423
    },
    "breakdown": [
      {
        "name": "index.js",
        "size": 916,
        "gzippedSize": 423,
        "percentage": 100
      }
    ]
  },
  "webVitals": {
    "firstContentfulPaint": 1246.7552255772075,
    "timeToInteractive": 2353.9184946249957,
    "largestContentfulPaint": 2289.087098280559,
    "cumulativeLayoutShift": 0.049724883960049884,
    "firstInputDelay": 39.80187770243076,
    "timestamp": 1773922477298
  },
  "runtime": {
    "memoryUsage": {
      "rss": 63340544,
      "heapUsed": 13307288,
      "heapTotal": 20938752,
      "external": 1970223
    },
    "startupTime": 281.011208,
    "cpuUsage": 170.258,
    "timestamp": 1773922477298
  },
  "violations": [],
  "recommendations": [
    "Largest file (index.js) is 100.0% of bundle - consider splitting or optimizing"
  ],
  "overallStatus": "pass"
}