{
  "timestamp": 1774455273673,
  "bundleSize": {
    "totalSize": 916,
    "gzippedSize": 423,
    "fileCount": 1,
    "largestFile": {
      "name": "index.js",
      "size": 916,
      "gzippedSize": 423
    },
    "breakdown": [
      {
        "name": "index.js",
        "size": 916,
        "gzippedSize": 423,
        "percentage": 100
      }
    ]
  },
  "webVitals": {
    "firstContentfulPaint": 756.328737188652,
    "timeToInteractive": 2565.4032831767754,
    "largestContentfulPaint": 2273.0462309696086,
    "cumulativeLayoutShift": 0.004065055019086806,
    "firstInputDelay": 67.50939540031789,
    "timestamp": 1774455273673
  },
  "runtime": {
    "memoryUsage": {
      "rss": 62373888,
      "heapUsed": 12489672,
      "heapTotal": 20381696,
      "external": 1965854
    },
    "startupTime": 201.770834,
    "cpuUsage": 130.418,
    "timestamp": 1774455273673
  },
  "violations": [],
  "recommendations": [
    "Largest file (index.js) is 100.0% of bundle - consider splitting or optimizing"
  ],
  "overallStatus": "pass"
}