{
  "timestamp": 1774397971356,
  "bundleSize": {
    "totalSize": 916,
    "gzippedSize": 423,
    "fileCount": 1,
    "largestFile": {
      "name": "index.js",
      "size": 916,
      "gzippedSize": 423
    },
    "breakdown": [
      {
        "name": "index.js",
        "size": 916,
        "gzippedSize": 423,
        "percentage": 100
      }
    ]
  },
  "webVitals": {
    "firstContentfulPaint": 1264.3846717023607,
    "timeToInteractive": 2093.2436013558986,
    "largestContentfulPaint": 2003.058348101746,
    "cumulativeLayoutShift": 0.06710311327768848,
    "firstInputDelay": 40.25680062165324,
    "timestamp": 1774397971355
  },
  "runtime": {
    "memoryUsage": {
      "rss": 61931520,
      "heapUsed": 12400352,
      "heapTotal": 20119552,
      "external": 1965899
    },
    "startupTime": 349.573125,
    "cpuUsage": 174.494,
    "timestamp": 1774397971356
  },
  "violations": [],
  "recommendations": [
    "Largest file (index.js) is 100.0% of bundle - consider splitting or optimizing"
  ],
  "overallStatus": "pass"
}