{
  "timestamp": 1774535351655,
  "bundleSize": {
    "totalSize": 916,
    "gzippedSize": 423,
    "fileCount": 1,
    "largestFile": {
      "name": "index.js",
      "size": 916,
      "gzippedSize": 423
    },
    "breakdown": [
      {
        "name": "index.js",
        "size": 916,
        "gzippedSize": 423,
        "percentage": 100
      }
    ]
  },
  "webVitals": {
    "firstContentfulPaint": 538.9376770662202,
    "timeToInteractive": 2137.158702254214,
    "largestContentfulPaint": 1684.1180582340135,
    "cumulativeLayoutShift": 0.056307478926012046,
    "firstInputDelay": 36.55228922457127,
    "timestamp": 1774535351655
  },
  "runtime": {
    "memoryUsage": {
      "rss": 60882944,
      "heapUsed": 12426856,
      "heapTotal": 19857408,
      "external": 1966148
    },
    "startupTime": 914.691042,
    "cpuUsage": 201.598,
    "timestamp": 1774535351655
  },
  "violations": [],
  "recommendations": [
    "Largest file (index.js) is 100.0% of bundle - consider splitting or optimizing"
  ],
  "overallStatus": "pass"
}