{
  "timestamp": 1774293579636,
  "bundleSize": {
    "totalSize": 916,
    "gzippedSize": 423,
    "fileCount": 1,
    "largestFile": {
      "name": "index.js",
      "size": 916,
      "gzippedSize": 423
    },
    "breakdown": [
      {
        "name": "index.js",
        "size": 916,
        "gzippedSize": 423,
        "percentage": 100
      }
    ]
  },
  "webVitals": {
    "firstContentfulPaint": 1251.7771249241073,
    "timeToInteractive": 2951.8318723857783,
    "largestContentfulPaint": 1565.2376008563554,
    "cumulativeLayoutShift": 0.0650740362674853,
    "firstInputDelay": 39.989322298340824,
    "timestamp": 1774293579635
  },
  "runtime": {
    "memoryUsage": {
      "rss": 61784064,
      "heapUsed": 12464312,
      "heapTotal": 19857408,
      "external": 1965899
    },
    "startupTime": 402.580792,
    "cpuUsage": 193.599,
    "timestamp": 1774293579636
  },
  "violations": [],
  "recommendations": [
    "Largest file (index.js) is 100.0% of bundle - consider splitting or optimizing"
  ],
  "overallStatus": "pass"
}