{
  "timestamp": 1773849538883,
  "bundleSize": {
    "totalSize": 916,
    "gzippedSize": 423,
    "fileCount": 1,
    "largestFile": {
      "name": "index.js",
      "size": 916,
      "gzippedSize": 423
    },
    "breakdown": [
      {
        "name": "index.js",
        "size": 916,
        "gzippedSize": 423,
        "percentage": 100
      }
    ]
  },
  "webVitals": {
    "firstContentfulPaint": 1045.8146248705998,
    "timeToInteractive": 2443.957766833405,
    "largestContentfulPaint": 2318.4206946412405,
    "cumulativeLayoutShift": 0.045861644865369144,
    "firstInputDelay": 55.42288569562001,
    "timestamp": 1773849538883
  },
  "runtime": {
    "memoryUsage": {
      "rss": 61931520,
      "heapUsed": 12074672,
      "heapTotal": 19595264,
      "external": 1968806
    },
    "startupTime": 540.748416,
    "cpuUsage": 160.821,
    "timestamp": 1773849538883
  },
  "violations": [],
  "recommendations": [
    "Largest file (index.js) is 100.0% of bundle - consider splitting or optimizing"
  ],
  "overallStatus": "pass"
}