{
  "timestamp": 1774445101320,
  "bundleSize": {
    "totalSize": 916,
    "gzippedSize": 423,
    "fileCount": 1,
    "largestFile": {
      "name": "index.js",
      "size": 916,
      "gzippedSize": 423
    },
    "breakdown": [
      {
        "name": "index.js",
        "size": 916,
        "gzippedSize": 423,
        "percentage": 100
      }
    ]
  },
  "webVitals": {
    "firstContentfulPaint": 1010.9355095956363,
    "timeToInteractive": 2211.0860778487277,
    "largestContentfulPaint": 1663.1929502168155,
    "cumulativeLayoutShift": 0.03531737814962277,
    "firstInputDelay": 65.39167010637678,
    "timestamp": 1774445101320
  },
  "runtime": {
    "memoryUsage": {
      "rss": 62734336,
      "heapUsed": 13123552,
      "heapTotal": 20217856,
      "external": 1970223
    },
    "startupTime": 270.207166,
    "cpuUsage": 150.475,
    "timestamp": 1774445101320
  },
  "violations": [],
  "recommendations": [
    "Largest file (index.js) is 100.0% of bundle - consider splitting or optimizing"
  ],
  "overallStatus": "pass"
}