{
  "timestamp": 1773850414544,
  "bundleSize": {
    "totalSize": 916,
    "gzippedSize": 423,
    "fileCount": 1,
    "largestFile": {
      "name": "index.js",
      "size": 916,
      "gzippedSize": 423
    },
    "breakdown": [
      {
        "name": "index.js",
        "size": 916,
        "gzippedSize": 423,
        "percentage": 100
      }
    ]
  },
  "webVitals": {
    "firstContentfulPaint": 688.0615030587483,
    "timeToInteractive": 2575.835946710553,
    "largestContentfulPaint": 1742.2792052785505,
    "cumulativeLayoutShift": 0.07720063561881874,
    "firstInputDelay": 59.227897706612474,
    "timestamp": 1773850414544
  },
  "runtime": {
    "memoryUsage": {
      "rss": 61521920,
      "heapUsed": 12110952,
      "heapTotal": 19595264,
      "external": 1969940
    },
    "startupTime": 260.465834,
    "cpuUsage": 152.838,
    "timestamp": 1773850414544
  },
  "violations": [],
  "recommendations": [
    "Largest file (index.js) is 100.0% of bundle - consider splitting or optimizing"
  ],
  "overallStatus": "pass"
}