{
  "timestamp": 1774561133054,
  "bundleSize": {
    "totalSize": 916,
    "gzippedSize": 423,
    "fileCount": 1,
    "largestFile": {
      "name": "index.js",
      "size": 916,
      "gzippedSize": 423
    },
    "breakdown": [
      {
        "name": "index.js",
        "size": 916,
        "gzippedSize": 423,
        "percentage": 100
      }
    ]
  },
  "webVitals": {
    "firstContentfulPaint": 1281.8502267895642,
    "timeToInteractive": 2032.6438714403102,
    "largestContentfulPaint": 2038.157495579384,
    "cumulativeLayoutShift": 0.01919222757142869,
    "firstInputDelay": 35.71568462580166,
    "timestamp": 1774561133054
  },
  "runtime": {
    "memoryUsage": {
      "rss": 61980672,
      "heapUsed": 12500656,
      "heapTotal": 19857408,
      "external": 1971431
    },
    "startupTime": 227.604292,
    "cpuUsage": 143.805,
    "timestamp": 1774561133054
  },
  "violations": [],
  "recommendations": [
    "Largest file (index.js) is 100.0% of bundle - consider splitting or optimizing"
  ],
  "overallStatus": "pass"
}