{
  "timestamp": 1774472945353,
  "bundleSize": {
    "totalSize": 916,
    "gzippedSize": 423,
    "fileCount": 1,
    "largestFile": {
      "name": "index.js",
      "size": 916,
      "gzippedSize": 423
    },
    "breakdown": [
      {
        "name": "index.js",
        "size": 916,
        "gzippedSize": 423,
        "percentage": 100
      }
    ]
  },
  "webVitals": {
    "firstContentfulPaint": 1270.8489951761624,
    "timeToInteractive": 2956.4819107343415,
    "largestContentfulPaint": 1993.1328003405029,
    "cumulativeLayoutShift": 0.05889027801210556,
    "firstInputDelay": 34.16629894796921,
    "timestamp": 1774472945353
  },
  "runtime": {
    "memoryUsage": {
      "rss": 61980672,
      "heapUsed": 12894216,
      "heapTotal": 19857408,
      "external": 1970211
    },
    "startupTime": 274.861041,
    "cpuUsage": 148.084,
    "timestamp": 1774472945353
  },
  "violations": [],
  "recommendations": [
    "Largest file (index.js) is 100.0% of bundle - consider splitting or optimizing"
  ],
  "overallStatus": "pass"
}