{
  "timestamp": 1774623130059,
  "bundleSize": {
    "totalSize": 916,
    "gzippedSize": 423,
    "fileCount": 1,
    "largestFile": {
      "name": "index.js",
      "size": 916,
      "gzippedSize": 423
    },
    "breakdown": [
      {
        "name": "index.js",
        "size": 916,
        "gzippedSize": 423,
        "percentage": 100
      }
    ]
  },
  "webVitals": {
    "firstContentfulPaint": 1056.6122208864354,
    "timeToInteractive": 2312.4293221325715,
    "largestContentfulPaint": 1645.1847016161005,
    "cumulativeLayoutShift": 0.03131570010381477,
    "firstInputDelay": 36.753811155729366,
    "timestamp": 1774623130059
  },
  "runtime": {
    "memoryUsage": {
      "rss": 61882368,
      "heapUsed": 12874768,
      "heapTotal": 20119552,
      "external": 1970223
    },
    "startupTime": 246.731708,
    "cpuUsage": 148.94,
    "timestamp": 1774623130059
  },
  "violations": [],
  "recommendations": [
    "Largest file (index.js) is 100.0% of bundle - consider splitting or optimizing"
  ],
  "overallStatus": "pass"
}