{
  "timestamp": 1773685843325,
  "bundleSize": {
    "totalSize": 916,
    "gzippedSize": 423,
    "fileCount": 1,
    "largestFile": {
      "name": "index.js",
      "size": 916,
      "gzippedSize": 423
    },
    "breakdown": [
      {
        "name": "index.js",
        "size": 916,
        "gzippedSize": 423,
        "percentage": 100
      }
    ]
  },
  "webVitals": {
    "firstContentfulPaint": 821.2350747634573,
    "timeToInteractive": 2347.4834186484277,
    "largestContentfulPaint": 2298.0306977654145,
    "cumulativeLayoutShift": 0.0075523728221231325,
    "firstInputDelay": 40.017202961922095,
    "timestamp": 1773685843325
  },
  "runtime": {
    "memoryUsage": {
      "rss": 62128128,
      "heapUsed": 12104784,
      "heapTotal": 19857408,
      "external": 1969696
    },
    "startupTime": 324.008875,
    "cpuUsage": 163.522,
    "timestamp": 1773685843325
  },
  "violations": [],
  "recommendations": [
    "Largest file (index.js) is 100.0% of bundle - consider splitting or optimizing"
  ],
  "overallStatus": "pass"
}