{
  "timestamp": 1773681322648,
  "bundleSize": {
    "totalSize": 916,
    "gzippedSize": 423,
    "fileCount": 1,
    "largestFile": {
      "name": "index.js",
      "size": 916,
      "gzippedSize": 423
    },
    "breakdown": [
      {
        "name": "index.js",
        "size": 916,
        "gzippedSize": 423,
        "percentage": 100
      }
    ]
  },
  "webVitals": {
    "firstContentfulPaint": 1443.806355258005,
    "timeToInteractive": 2922.948750540056,
    "largestContentfulPaint": 1522.2154269318833,
    "cumulativeLayoutShift": 0.033592857720866065,
    "firstInputDelay": 43.320274669933454,
    "timestamp": 1773681322648
  },
  "runtime": {
    "memoryUsage": {
      "rss": 61964288,
      "heapUsed": 12075664,
      "heapTotal": 19857408,
      "external": 1969997
    },
    "startupTime": 335.069834,
    "cpuUsage": 185.401,
    "timestamp": 1773681322648
  },
  "violations": [],
  "recommendations": [
    "Largest file (index.js) is 100.0% of bundle - consider splitting or optimizing"
  ],
  "overallStatus": "pass"
}