{
  "timestamp": 1774042959852,
  "bundleSize": {
    "totalSize": 916,
    "gzippedSize": 423,
    "fileCount": 1,
    "largestFile": {
      "name": "index.js",
      "size": 916,
      "gzippedSize": 423
    },
    "breakdown": [
      {
        "name": "index.js",
        "size": 916,
        "gzippedSize": 423,
        "percentage": 100
      }
    ]
  },
  "webVitals": {
    "firstContentfulPaint": 1110.1304712128792,
    "timeToInteractive": 2905.0626663261546,
    "largestContentfulPaint": 2191.689416290359,
    "cumulativeLayoutShift": 0.09573574326324806,
    "firstInputDelay": 54.006527748846366,
    "timestamp": 1774042959852
  },
  "runtime": {
    "memoryUsage": {
      "rss": 61571072,
      "heapUsed": 12679400,
      "heapTotal": 20119552,
      "external": 1965854
    },
    "startupTime": 208.527625,
    "cpuUsage": 136.483,
    "timestamp": 1774042959852
  },
  "violations": [],
  "recommendations": [
    "Largest file (index.js) is 100.0% of bundle - consider splitting or optimizing"
  ],
  "overallStatus": "pass"
}