{
  "timestamp": 1773849491066,
  "bundleSize": {
    "totalSize": 916,
    "gzippedSize": 423,
    "fileCount": 1,
    "largestFile": {
      "name": "index.js",
      "size": 916,
      "gzippedSize": 423
    },
    "breakdown": [
      {
        "name": "index.js",
        "size": 916,
        "gzippedSize": 423,
        "percentage": 100
      }
    ]
  },
  "webVitals": {
    "firstContentfulPaint": 1119.0663480762491,
    "timeToInteractive": 2540.699276306802,
    "largestContentfulPaint": 2450.9676882233894,
    "cumulativeLayoutShift": 0.044800755612954296,
    "firstInputDelay": 28.90459043551985,
    "timestamp": 1773849491066
  },
  "runtime": {
    "memoryUsage": {
      "rss": 61538304,
      "heapUsed": 12080744,
      "heapTotal": 19857408,
      "external": 1970859
    },
    "startupTime": 249.090625,
    "cpuUsage": 153.421,
    "timestamp": 1773849491066
  },
  "violations": [],
  "recommendations": [
    "Largest file (index.js) is 100.0% of bundle - consider splitting or optimizing"
  ],
  "overallStatus": "pass"
}