{
  "timestamp": 1774542761559,
  "bundleSize": {
    "totalSize": 916,
    "gzippedSize": 423,
    "fileCount": 1,
    "largestFile": {
      "name": "index.js",
      "size": 916,
      "gzippedSize": 423
    },
    "breakdown": [
      {
        "name": "index.js",
        "size": 916,
        "gzippedSize": 423,
        "percentage": 100
      }
    ]
  },
  "webVitals": {
    "firstContentfulPaint": 1113.9010672095844,
    "timeToInteractive": 2834.2321682641286,
    "largestContentfulPaint": 1702.7293164408807,
    "cumulativeLayoutShift": 0.06692302164092916,
    "firstInputDelay": 52.739733986158015,
    "timestamp": 1774542761559
  },
  "runtime": {
    "memoryUsage": {
      "rss": 44548096,
      "heapUsed": 10907184,
      "heapTotal": 11730944,
      "external": 1965159
    },
    "startupTime": 32017.221208,
    "cpuUsage": 347.265,
    "timestamp": 1774542761559
  },
  "violations": [],
  "recommendations": [
    "Largest file (index.js) is 100.0% of bundle - consider splitting or optimizing"
  ],
  "overallStatus": "pass"
}