{
  "timestamp": 1774473243472,
  "bundleSize": {
    "totalSize": 916,
    "gzippedSize": 423,
    "fileCount": 1,
    "largestFile": {
      "name": "index.js",
      "size": 916,
      "gzippedSize": 423
    },
    "breakdown": [
      {
        "name": "index.js",
        "size": 916,
        "gzippedSize": 423,
        "percentage": 100
      }
    ]
  },
  "webVitals": {
    "firstContentfulPaint": 1341.0081643895032,
    "timeToInteractive": 2990.9150954972533,
    "largestContentfulPaint": 1674.0652942496451,
    "cumulativeLayoutShift": 0.017231589475165232,
    "firstInputDelay": 38.13975015272291,
    "timestamp": 1774473243472
  },
  "runtime": {
    "memoryUsage": {
      "rss": 62488576,
      "heapUsed": 12478360,
      "heapTotal": 19857408,
      "external": 1966713
    },
    "startupTime": 535.881833,
    "cpuUsage": 189.036,
    "timestamp": 1774473243472
  },
  "violations": [],
  "recommendations": [
    "Largest file (index.js) is 100.0% of bundle - consider splitting or optimizing"
  ],
  "overallStatus": "pass"
}