{
  "timestamp": 1774214484220,
  "bundleSize": {
    "totalSize": 916,
    "gzippedSize": 423,
    "fileCount": 1,
    "largestFile": {
      "name": "index.js",
      "size": 916,
      "gzippedSize": 423
    },
    "breakdown": [
      {
        "name": "index.js",
        "size": 916,
        "gzippedSize": 423,
        "percentage": 100
      }
    ]
  },
  "webVitals": {
    "firstContentfulPaint": 1101.1304231972904,
    "timeToInteractive": 2499.410953768508,
    "largestContentfulPaint": 1569.9869058551467,
    "cumulativeLayoutShift": 0.03966637009540097,
    "firstInputDelay": 50.153130028947935,
    "timestamp": 1774214484220
  },
  "runtime": {
    "memoryUsage": {
      "rss": 62832640,
      "heapUsed": 13062128,
      "heapTotal": 20250624,
      "external": 1965854
    },
    "startupTime": 211.230875,
    "cpuUsage": 133.856,
    "timestamp": 1774214484220
  },
  "violations": [],
  "recommendations": [
    "Largest file (index.js) is 100.0% of bundle - consider splitting or optimizing"
  ],
  "overallStatus": "pass"
}