{
  "timestamp": 1773917551693,
  "bundleSize": {
    "totalSize": 916,
    "gzippedSize": 423,
    "fileCount": 1,
    "largestFile": {
      "name": "index.js",
      "size": 916,
      "gzippedSize": 423
    },
    "breakdown": [
      {
        "name": "index.js",
        "size": 916,
        "gzippedSize": 423,
        "percentage": 100
      }
    ]
  },
  "webVitals": {
    "firstContentfulPaint": 790.3044814436753,
    "timeToInteractive": 2275.9873033587537,
    "largestContentfulPaint": 2145.3301665433646,
    "cumulativeLayoutShift": 0.07100785018995003,
    "firstInputDelay": 47.3320864756699,
    "timestamp": 1773917551692
  },
  "runtime": {
    "memoryUsage": {
      "rss": 58097664,
      "heapUsed": 12519560,
      "heapTotal": 19857408,
      "external": 1966360
    },
    "startupTime": 3054.735542,
    "cpuUsage": 209.645,
    "timestamp": 1773917551693
  },
  "violations": [],
  "recommendations": [
    "Largest file (index.js) is 100.0% of bundle - consider splitting or optimizing"
  ],
  "overallStatus": "pass"
}