{
  "timestamp": 1773932369547,
  "bundleSize": {
    "totalSize": 916,
    "gzippedSize": 423,
    "fileCount": 1,
    "largestFile": {
      "name": "index.js",
      "size": 916,
      "gzippedSize": 423
    },
    "breakdown": [
      {
        "name": "index.js",
        "size": 916,
        "gzippedSize": 423,
        "percentage": 100
      }
    ]
  },
  "webVitals": {
    "firstContentfulPaint": 907.2848233145107,
    "timeToInteractive": 2374.373590233193,
    "largestContentfulPaint": 1788.0483931312624,
    "cumulativeLayoutShift": 0.034375014823810134,
    "firstInputDelay": 55.76584665622366,
    "timestamp": 1773932369547
  },
  "runtime": {
    "memoryUsage": {
      "rss": 63193088,
      "heapUsed": 13303576,
      "heapTotal": 20578304,
      "external": 1970211
    },
    "startupTime": 287.470167,
    "cpuUsage": 160.067,
    "timestamp": 1773932369547
  },
  "violations": [],
  "recommendations": [
    "Largest file (index.js) is 100.0% of bundle - consider splitting or optimizing"
  ],
  "overallStatus": "pass"
}