{
  "timestamp": 1774469266298,
  "bundleSize": {
    "totalSize": 916,
    "gzippedSize": 423,
    "fileCount": 1,
    "largestFile": {
      "name": "index.js",
      "size": 916,
      "gzippedSize": 423
    },
    "breakdown": [
      {
        "name": "index.js",
        "size": 916,
        "gzippedSize": 423,
        "percentage": 100
      }
    ]
  },
  "webVitals": {
    "firstContentfulPaint": 1479.0806307167304,
    "timeToInteractive": 2788.412572981437,
    "largestContentfulPaint": 1922.8357013508476,
    "cumulativeLayoutShift": 0.009120644608091522,
    "firstInputDelay": 35.788698782147655,
    "timestamp": 1774469266297
  },
  "runtime": {
    "memoryUsage": {
      "rss": 62619648,
      "heapUsed": 12437360,
      "heapTotal": 19857408,
      "external": 1971431
    },
    "startupTime": 243.142333,
    "cpuUsage": 147.368,
    "timestamp": 1774469266298
  },
  "violations": [],
  "recommendations": [
    "Largest file (index.js) is 100.0% of bundle - consider splitting or optimizing"
  ],
  "overallStatus": "pass"
}