{
  "timestamp": 1773852991018,
  "bundleSize": {
    "totalSize": 916,
    "gzippedSize": 423,
    "fileCount": 1,
    "largestFile": {
      "name": "index.js",
      "size": 916,
      "gzippedSize": 423
    },
    "breakdown": [
      {
        "name": "index.js",
        "size": 916,
        "gzippedSize": 423,
        "percentage": 100
      }
    ]
  },
  "webVitals": {
    "firstContentfulPaint": 1436.3503158390442,
    "timeToInteractive": 2235.4310301450078,
    "largestContentfulPaint": 2175.890846442452,
    "cumulativeLayoutShift": 0.015383012046462375,
    "firstInputDelay": 65.20360279115782,
    "timestamp": 1773852991018
  },
  "runtime": {
    "memoryUsage": {
      "rss": 62455808,
      "heapUsed": 12093488,
      "heapTotal": 20119552,
      "external": 1965318
    },
    "startupTime": 612.738791,
    "cpuUsage": 180.765,
    "timestamp": 1773852991018
  },
  "violations": [],
  "recommendations": [
    "Largest file (index.js) is 100.0% of bundle - consider splitting or optimizing"
  ],
  "overallStatus": "pass"
}