{
  "timestamp": 1774280120733,
  "bundleSize": {
    "totalSize": 916,
    "gzippedSize": 423,
    "fileCount": 1,
    "largestFile": {
      "name": "index.js",
      "size": 916,
      "gzippedSize": 423
    },
    "breakdown": [
      {
        "name": "index.js",
        "size": 916,
        "gzippedSize": 423,
        "percentage": 100
      }
    ]
  },
  "webVitals": {
    "firstContentfulPaint": 1091.1937533117607,
    "timeToInteractive": 2423.1357142250163,
    "largestContentfulPaint": 2315.8357672727643,
    "cumulativeLayoutShift": 0.041159290805358545,
    "firstInputDelay": 27.08899796043065,
    "timestamp": 1774280120733
  },
  "runtime": {
    "memoryUsage": {
      "rss": 53133312,
      "heapUsed": 11629320,
      "heapTotal": 15663104,
      "external": 1963267
    },
    "startupTime": 13158.950458,
    "cpuUsage": 286.24,
    "timestamp": 1774280120733
  },
  "violations": [],
  "recommendations": [
    "Largest file (index.js) is 100.0% of bundle - consider splitting or optimizing"
  ],
  "overallStatus": "pass"
}