{
  "timestamp": 1773780092827,
  "bundleSize": {
    "totalSize": 916,
    "gzippedSize": 423,
    "fileCount": 1,
    "largestFile": {
      "name": "index.js",
      "size": 916,
      "gzippedSize": 423
    },
    "breakdown": [
      {
        "name": "index.js",
        "size": 916,
        "gzippedSize": 423,
        "percentage": 100
      }
    ]
  },
  "webVitals": {
    "firstContentfulPaint": 940.7251912271535,
    "timeToInteractive": 2391.2751666099316,
    "largestContentfulPaint": 1909.9341827518647,
    "cumulativeLayoutShift": 0.049294902609468165,
    "firstInputDelay": 54.88304234466898,
    "timestamp": 1773780092827
  },
  "runtime": {
    "memoryUsage": {
      "rss": 62029824,
      "heapUsed": 12075936,
      "heapTotal": 19595264,
      "external": 1970916
    },
    "startupTime": 285.398125,
    "cpuUsage": 171.995,
    "timestamp": 1773780092827
  },
  "violations": [],
  "recommendations": [
    "Largest file (index.js) is 100.0% of bundle - consider splitting or optimizing"
  ],
  "overallStatus": "pass"
}