{
  "timestamp": 1774383698101,
  "bundleSize": {
    "totalSize": 916,
    "gzippedSize": 423,
    "fileCount": 1,
    "largestFile": {
      "name": "index.js",
      "size": 916,
      "gzippedSize": 423
    },
    "breakdown": [
      {
        "name": "index.js",
        "size": 916,
        "gzippedSize": 423,
        "percentage": 100
      }
    ]
  },
  "webVitals": {
    "firstContentfulPaint": 694.7835083189839,
    "timeToInteractive": 2159.8249260992825,
    "largestContentfulPaint": 1875.6312455538762,
    "cumulativeLayoutShift": 0.08774713971610537,
    "firstInputDelay": 40.92439303644912,
    "timestamp": 1774383698101
  },
  "runtime": {
    "memoryUsage": {
      "rss": 61898752,
      "heapUsed": 12624192,
      "heapTotal": 19595264,
      "external": 1971725
    },
    "startupTime": 450.015708,
    "cpuUsage": 179.562,
    "timestamp": 1774383698101
  },
  "violations": [],
  "recommendations": [
    "Largest file (index.js) is 100.0% of bundle - consider splitting or optimizing"
  ],
  "overallStatus": "pass"
}