{
  "timestamp": 1773870282414,
  "bundleSize": {
    "totalSize": 916,
    "gzippedSize": 423,
    "fileCount": 1,
    "largestFile": {
      "name": "index.js",
      "size": 916,
      "gzippedSize": 423
    },
    "breakdown": [
      {
        "name": "index.js",
        "size": 916,
        "gzippedSize": 423,
        "percentage": 100
      }
    ]
  },
  "webVitals": {
    "firstContentfulPaint": 722.7532573422977,
    "timeToInteractive": 2274.2150436172556,
    "largestContentfulPaint": 1643.4321695284416,
    "cumulativeLayoutShift": 0.08609993289081969,
    "firstInputDelay": 30.45576743780185,
    "timestamp": 1773870282414
  },
  "runtime": {
    "memoryUsage": {
      "rss": 63062016,
      "heapUsed": 13683904,
      "heapTotal": 20480000,
      "external": 1970211
    },
    "startupTime": 389.254375,
    "cpuUsage": 201.675,
    "timestamp": 1773870282414
  },
  "violations": [],
  "recommendations": [
    "Largest file (index.js) is 100.0% of bundle - consider splitting or optimizing"
  ],
  "overallStatus": "pass"
}