{
  "timestamp": 1773752244830,
  "bundleSize": {
    "totalSize": 916,
    "gzippedSize": 423,
    "fileCount": 1,
    "largestFile": {
      "name": "index.js",
      "size": 916,
      "gzippedSize": 423
    },
    "breakdown": [
      {
        "name": "index.js",
        "size": 916,
        "gzippedSize": 423,
        "percentage": 100
      }
    ]
  },
  "webVitals": {
    "firstContentfulPaint": 590.1991166065974,
    "timeToInteractive": 2319.6092660129616,
    "largestContentfulPaint": 2290.9309815255683,
    "cumulativeLayoutShift": 0.00997041440946569,
    "firstInputDelay": 46.745495420548835,
    "timestamp": 1773752244830
  },
  "runtime": {
    "memoryUsage": {
      "rss": 61718528,
      "heapUsed": 12219120,
      "heapTotal": 19857408,
      "external": 1965384
    },
    "startupTime": 368.296875,
    "cpuUsage": 166.611,
    "timestamp": 1773752244830
  },
  "violations": [],
  "recommendations": [
    "Largest file (index.js) is 100.0% of bundle - consider splitting or optimizing"
  ],
  "overallStatus": "pass"
}