{
  "timestamp": 1774279186649,
  "bundleSize": {
    "totalSize": 916,
    "gzippedSize": 423,
    "fileCount": 1,
    "largestFile": {
      "name": "index.js",
      "size": 916,
      "gzippedSize": 423
    },
    "breakdown": [
      {
        "name": "index.js",
        "size": 916,
        "gzippedSize": 423,
        "percentage": 100
      }
    ]
  },
  "webVitals": {
    "firstContentfulPaint": 1203.9031792838348,
    "timeToInteractive": 2091.9792092664406,
    "largestContentfulPaint": 2231.096150757877,
    "cumulativeLayoutShift": 0.04685351583708861,
    "firstInputDelay": 51.93386239100856,
    "timestamp": 1774279186649
  },
  "runtime": {
    "memoryUsage": {
      "rss": 59965440,
      "heapUsed": 12003208,
      "heapTotal": 20119552,
      "external": 1964254
    },
    "startupTime": 204.722708,
    "cpuUsage": 118.851,
    "timestamp": 1774279186649
  },
  "violations": [],
  "recommendations": [
    "Largest file (index.js) is 100.0% of bundle - consider splitting or optimizing"
  ],
  "overallStatus": "pass"
}