{
  "timestamp": 1775265121472,
  "bundleSize": {
    "totalSize": 952,
    "gzippedSize": 439,
    "fileCount": 1,
    "largestFile": {
      "name": "index.js",
      "size": 952,
      "gzippedSize": 439
    },
    "breakdown": [
      {
        "name": "index.js",
        "size": 952,
        "gzippedSize": 439,
        "percentage": 100
      }
    ]
  },
  "webVitals": {
    "firstContentfulPaint": 683.4889033752454,
    "timeToInteractive": 2835.5907157202073,
    "largestContentfulPaint": 1723.8660441997301,
    "cumulativeLayoutShift": 0.056891581515029335,
    "firstInputDelay": 72.99476483175111,
    "timestamp": 1775265121472
  },
  "runtime": {
    "memoryUsage": {
      "rss": 60850176,
      "heapUsed": 13560336,
      "heapTotal": 18923520,
      "external": 2727019
    },
    "startupTime": 233.345459,
    "cpuUsage": 115.968,
    "timestamp": 1775265121472
  },
  "violations": [],
  "recommendations": [
    "Largest file (index.js) is 100.0% of bundle - consider splitting or optimizing"
  ],
  "overallStatus": "pass"
}