{
  "timestamp": 1773881029041,
  "bundleSize": {
    "totalSize": 916,
    "gzippedSize": 423,
    "fileCount": 1,
    "largestFile": {
      "name": "index.js",
      "size": 916,
      "gzippedSize": 423
    },
    "breakdown": [
      {
        "name": "index.js",
        "size": 916,
        "gzippedSize": 423,
        "percentage": 100
      }
    ]
  },
  "webVitals": {
    "firstContentfulPaint": 955.4212008273091,
    "timeToInteractive": 2554.500158060461,
    "largestContentfulPaint": 2311.802624604677,
    "cumulativeLayoutShift": 0.011454219579434266,
    "firstInputDelay": 25.013702050041854,
    "timestamp": 1773881029041
  },
  "runtime": {
    "memoryUsage": {
      "rss": 62193664,
      "heapUsed": 12667608,
      "heapTotal": 19857408,
      "external": 1970223
    },
    "startupTime": 646.901166,
    "cpuUsage": 181.125,
    "timestamp": 1773881029041
  },
  "violations": [],
  "recommendations": [
    "Largest file (index.js) is 100.0% of bundle - consider splitting or optimizing"
  ],
  "overallStatus": "pass"
}