{
  "timestamp": 1773691756242,
  "bundleSize": {
    "totalSize": 916,
    "gzippedSize": 423,
    "fileCount": 1,
    "largestFile": {
      "name": "index.js",
      "size": 916,
      "gzippedSize": 423
    },
    "breakdown": [
      {
        "name": "index.js",
        "size": 916,
        "gzippedSize": 423,
        "percentage": 100
      }
    ]
  },
  "webVitals": {
    "firstContentfulPaint": 853.4922528407678,
    "timeToInteractive": 2762.4358984731866,
    "largestContentfulPaint": 1508.8740855799726,
    "cumulativeLayoutShift": 0.047951794838340535,
    "firstInputDelay": 32.49532205266896,
    "timestamp": 1773691756242
  },
  "runtime": {
    "memoryUsage": {
      "rss": 62210048,
      "heapUsed": 12097768,
      "heapTotal": 20119552,
      "external": 1964857
    },
    "startupTime": 440.862459,
    "cpuUsage": 186.948,
    "timestamp": 1773691756242
  },
  "violations": [],
  "recommendations": [
    "Largest file (index.js) is 100.0% of bundle - consider splitting or optimizing"
  ],
  "overallStatus": "pass"
}