{
  "timestamp": 1774110342438,
  "bundleSize": {
    "totalSize": 916,
    "gzippedSize": 423,
    "fileCount": 1,
    "largestFile": {
      "name": "index.js",
      "size": 916,
      "gzippedSize": 423
    },
    "breakdown": [
      {
        "name": "index.js",
        "size": 916,
        "gzippedSize": 423,
        "percentage": 100
      }
    ]
  },
  "webVitals": {
    "firstContentfulPaint": 604.0899541764306,
    "timeToInteractive": 2374.282877932851,
    "largestContentfulPaint": 2274.4332491647065,
    "cumulativeLayoutShift": 0.023961422825038128,
    "firstInputDelay": 73.09639484943199,
    "timestamp": 1774110342438
  },
  "runtime": {
    "memoryUsage": {
      "rss": 62341120,
      "heapUsed": 12733840,
      "heapTotal": 19857408,
      "external": 1970223
    },
    "startupTime": 265.086292,
    "cpuUsage": 160.293,
    "timestamp": 1774110342438
  },
  "violations": [],
  "recommendations": [
    "Largest file (index.js) is 100.0% of bundle - consider splitting or optimizing"
  ],
  "overallStatus": "pass"
}