{
  "timestamp": 1774274831193,
  "bundleSize": {
    "totalSize": 916,
    "gzippedSize": 423,
    "fileCount": 1,
    "largestFile": {
      "name": "index.js",
      "size": 916,
      "gzippedSize": 423
    },
    "breakdown": [
      {
        "name": "index.js",
        "size": 916,
        "gzippedSize": 423,
        "percentage": 100
      }
    ]
  },
  "webVitals": {
    "firstContentfulPaint": 574.5700213043802,
    "timeToInteractive": 2435.8487625205744,
    "largestContentfulPaint": 2160.8509486312946,
    "cumulativeLayoutShift": 0.015332290234078517,
    "firstInputDelay": 70.77219719570977,
    "timestamp": 1774274831193
  },
  "runtime": {
    "memoryUsage": {
      "rss": 61997056,
      "heapUsed": 12689520,
      "heapTotal": 19595264,
      "external": 1970672
    },
    "startupTime": 774.398667,
    "cpuUsage": 199.024,
    "timestamp": 1774274831193
  },
  "violations": [],
  "recommendations": [
    "Largest file (index.js) is 100.0% of bundle - consider splitting or optimizing"
  ],
  "overallStatus": "pass"
}