{
  "timestamp": 1773966810203,
  "bundleSize": {
    "totalSize": 916,
    "gzippedSize": 423,
    "fileCount": 1,
    "largestFile": {
      "name": "index.js",
      "size": 916,
      "gzippedSize": 423
    },
    "breakdown": [
      {
        "name": "index.js",
        "size": 916,
        "gzippedSize": 423,
        "percentage": 100
      }
    ]
  },
  "webVitals": {
    "firstContentfulPaint": 707.4355453385663,
    "timeToInteractive": 2669.3038109639356,
    "largestContentfulPaint": 2170.9016316777106,
    "cumulativeLayoutShift": 0.06020306816596632,
    "firstInputDelay": 42.924251642687935,
    "timestamp": 1773966810202
  },
  "runtime": {
    "memoryUsage": {
      "rss": 62881792,
      "heapUsed": 13190080,
      "heapTotal": 20316160,
      "external": 1970223
    },
    "startupTime": 296.515875,
    "cpuUsage": 168.606,
    "timestamp": 1773966810203
  },
  "violations": [],
  "recommendations": [
    "Largest file (index.js) is 100.0% of bundle - consider splitting or optimizing"
  ],
  "overallStatus": "pass"
}