{
  "timestamp": 1773850701911,
  "bundleSize": {
    "totalSize": 916,
    "gzippedSize": 423,
    "fileCount": 1,
    "largestFile": {
      "name": "index.js",
      "size": 916,
      "gzippedSize": 423
    },
    "breakdown": [
      {
        "name": "index.js",
        "size": 916,
        "gzippedSize": 423,
        "percentage": 100
      }
    ]
  },
  "webVitals": {
    "firstContentfulPaint": 500.29518964914723,
    "timeToInteractive": 2869.7237407919597,
    "largestContentfulPaint": 1788.23007947544,
    "cumulativeLayoutShift": 0.07795344447184456,
    "firstInputDelay": 63.30174380823054,
    "timestamp": 1773850701911
  },
  "runtime": {
    "memoryUsage": {
      "rss": 54919168,
      "heapUsed": 11992200,
      "heapTotal": 19857408,
      "external": 2720880
    },
    "startupTime": 6057.156416,
    "cpuUsage": 157.735,
    "timestamp": 1773850701911
  },
  "violations": [],
  "recommendations": [
    "Largest file (index.js) is 100.0% of bundle - consider splitting or optimizing"
  ],
  "overallStatus": "pass"
}