{
  "timestamp": 1774225570257,
  "bundleSize": {
    "totalSize": 916,
    "gzippedSize": 423,
    "fileCount": 1,
    "largestFile": {
      "name": "index.js",
      "size": 916,
      "gzippedSize": 423
    },
    "breakdown": [
      {
        "name": "index.js",
        "size": 916,
        "gzippedSize": 423,
        "percentage": 100
      }
    ]
  },
  "webVitals": {
    "firstContentfulPaint": 1178.598809636681,
    "timeToInteractive": 2391.748647259843,
    "largestContentfulPaint": 2188.8163312296206,
    "cumulativeLayoutShift": 0.07456995530901543,
    "firstInputDelay": 29.663640850124075,
    "timestamp": 1774225570257
  },
  "runtime": {
    "memoryUsage": {
      "rss": 61652992,
      "heapUsed": 12479600,
      "heapTotal": 20119552,
      "external": 1966360
    },
    "startupTime": 1325.951667,
    "cpuUsage": 193.912,
    "timestamp": 1774225570257
  },
  "violations": [],
  "recommendations": [
    "Largest file (index.js) is 100.0% of bundle - consider splitting or optimizing"
  ],
  "overallStatus": "pass"
}