{
  "timestamp": 1774729792924,
  "bundleSize": {
    "totalSize": 916,
    "gzippedSize": 423,
    "fileCount": 1,
    "largestFile": {
      "name": "index.js",
      "size": 916,
      "gzippedSize": 423
    },
    "breakdown": [
      {
        "name": "index.js",
        "size": 916,
        "gzippedSize": 423,
        "percentage": 100
      }
    ]
  },
  "webVitals": {
    "firstContentfulPaint": 1474.7030029550742,
    "timeToInteractive": 2395.0311931606166,
    "largestContentfulPaint": 2317.790639726103,
    "cumulativeLayoutShift": 0.06363406484844254,
    "firstInputDelay": 40.22370125892153,
    "timestamp": 1774729792924
  },
  "runtime": {
    "memoryUsage": {
      "rss": 61554688,
      "heapUsed": 12854928,
      "heapTotal": 19857408,
      "external": 1970714
    },
    "startupTime": 565.504167,
    "cpuUsage": 187.968,
    "timestamp": 1774729792924
  },
  "violations": [],
  "recommendations": [
    "Largest file (index.js) is 100.0% of bundle - consider splitting or optimizing"
  ],
  "overallStatus": "pass"
}