{
  "timestamp": 1774514950982,
  "bundleSize": {
    "totalSize": 916,
    "gzippedSize": 423,
    "fileCount": 1,
    "largestFile": {
      "name": "index.js",
      "size": 916,
      "gzippedSize": 423
    },
    "breakdown": [
      {
        "name": "index.js",
        "size": 916,
        "gzippedSize": 423,
        "percentage": 100
      }
    ]
  },
  "webVitals": {
    "firstContentfulPaint": 1050.6511831654811,
    "timeToInteractive": 2400.028125957592,
    "largestContentfulPaint": 1728.6157036536883,
    "cumulativeLayoutShift": 0.034352449991942716,
    "firstInputDelay": 38.3289167957611,
    "timestamp": 1774514950982
  },
  "runtime": {
    "memoryUsage": {
      "rss": 57671680,
      "heapUsed": 12865992,
      "heapTotal": 18022400,
      "external": 2805163
    },
    "startupTime": 168.824875,
    "cpuUsage": 101.725,
    "timestamp": 1774514950982
  },
  "violations": [],
  "recommendations": [
    "Largest file (index.js) is 100.0% of bundle - consider splitting or optimizing"
  ],
  "overallStatus": "pass"
}