{
  "timestamp": 1773861749155,
  "bundleSize": {
    "totalSize": 916,
    "gzippedSize": 423,
    "fileCount": 1,
    "largestFile": {
      "name": "index.js",
      "size": 916,
      "gzippedSize": 423
    },
    "breakdown": [
      {
        "name": "index.js",
        "size": 916,
        "gzippedSize": 423,
        "percentage": 100
      }
    ]
  },
  "webVitals": {
    "firstContentfulPaint": 1316.9042442653426,
    "timeToInteractive": 2852.7278135344786,
    "largestContentfulPaint": 2342.6412845465547,
    "cumulativeLayoutShift": 0.03935164055662404,
    "firstInputDelay": 68.92374949327913,
    "timestamp": 1773861749155
  },
  "runtime": {
    "memoryUsage": {
      "rss": 62963712,
      "heapUsed": 12099856,
      "heapTotal": 20381696,
      "external": 1968701
    },
    "startupTime": 473.935708,
    "cpuUsage": 160.168,
    "timestamp": 1773861749155
  },
  "violations": [],
  "recommendations": [
    "Largest file (index.js) is 100.0% of bundle - consider splitting or optimizing"
  ],
  "overallStatus": "pass"
}