{
  "timestamp": 1773779982799,
  "bundleSize": {
    "totalSize": 916,
    "gzippedSize": 423,
    "fileCount": 1,
    "largestFile": {
      "name": "index.js",
      "size": 916,
      "gzippedSize": 423
    },
    "breakdown": [
      {
        "name": "index.js",
        "size": 916,
        "gzippedSize": 423,
        "percentage": 100
      }
    ]
  },
  "webVitals": {
    "firstContentfulPaint": 1452.4703267605364,
    "timeToInteractive": 2587.3982857461383,
    "largestContentfulPaint": 1676.1484844074118,
    "cumulativeLayoutShift": 0.008974283226164314,
    "firstInputDelay": 30.61530681165665,
    "timestamp": 1773779982799
  },
  "runtime": {
    "memoryUsage": {
      "rss": 61784064,
      "heapUsed": 12023248,
      "heapTotal": 20119552,
      "external": 1964857
    },
    "startupTime": 388.59875,
    "cpuUsage": 178.806,
    "timestamp": 1773779982799
  },
  "violations": [],
  "recommendations": [
    "Largest file (index.js) is 100.0% of bundle - consider splitting or optimizing"
  ],
  "overallStatus": "pass"
}