{
  "timestamp": 1773770044832,
  "bundleSize": {
    "totalSize": 916,
    "gzippedSize": 423,
    "fileCount": 1,
    "largestFile": {
      "name": "index.js",
      "size": 916,
      "gzippedSize": 423
    },
    "breakdown": [
      {
        "name": "index.js",
        "size": 916,
        "gzippedSize": 423,
        "percentage": 100
      }
    ]
  },
  "webVitals": {
    "firstContentfulPaint": 534.9357885287413,
    "timeToInteractive": 2087.2921536415133,
    "largestContentfulPaint": 2453.095547920376,
    "cumulativeLayoutShift": 0.07441659301178345,
    "firstInputDelay": 53.563731146329815,
    "timestamp": 1773770044832
  },
  "runtime": {
    "memoryUsage": {
      "rss": 61915136,
      "heapUsed": 12115376,
      "heapTotal": 20381696,
      "external": 1969920
    },
    "startupTime": 755.753833,
    "cpuUsage": 186.598,
    "timestamp": 1773770044832
  },
  "violations": [],
  "recommendations": [
    "Largest file (index.js) is 100.0% of bundle - consider splitting or optimizing"
  ],
  "overallStatus": "pass"
}