{
  "timestamp": 1774643459407,
  "bundleSize": {
    "totalSize": 916,
    "gzippedSize": 423,
    "fileCount": 1,
    "largestFile": {
      "name": "index.js",
      "size": 916,
      "gzippedSize": 423
    },
    "breakdown": [
      {
        "name": "index.js",
        "size": 916,
        "gzippedSize": 423,
        "percentage": 100
      }
    ]
  },
  "webVitals": {
    "firstContentfulPaint": 1310.5882756913866,
    "timeToInteractive": 2215.521156432842,
    "largestContentfulPaint": 2134.600694469313,
    "cumulativeLayoutShift": 0.06907098336105431,
    "firstInputDelay": 31.104141797524534,
    "timestamp": 1774643459407
  },
  "runtime": {
    "memoryUsage": {
      "rss": 61915136,
      "heapUsed": 12724520,
      "heapTotal": 19857408,
      "external": 1970223
    },
    "startupTime": 265.662375,
    "cpuUsage": 150.742,
    "timestamp": 1774643459407
  },
  "violations": [],
  "recommendations": [
    "Largest file (index.js) is 100.0% of bundle - consider splitting or optimizing"
  ],
  "overallStatus": "pass"
}