{
  "timestamp": 1773878367231,
  "bundleSize": {
    "totalSize": 916,
    "gzippedSize": 423,
    "fileCount": 1,
    "largestFile": {
      "name": "index.js",
      "size": 916,
      "gzippedSize": 423
    },
    "breakdown": [
      {
        "name": "index.js",
        "size": 916,
        "gzippedSize": 423,
        "percentage": 100
      }
    ]
  },
  "webVitals": {
    "firstContentfulPaint": 994.3370676944039,
    "timeToInteractive": 2482.5870730864017,
    "largestContentfulPaint": 1889.9604233991304,
    "cumulativeLayoutShift": 0.07348481277262334,
    "firstInputDelay": 40.43636063030483,
    "timestamp": 1773878367231
  },
  "runtime": {
    "memoryUsage": {
      "rss": 59817984,
      "heapUsed": 12424976,
      "heapTotal": 19857408,
      "external": 1970672
    },
    "startupTime": 1088.061333,
    "cpuUsage": 198.453,
    "timestamp": 1773878367231
  },
  "violations": [],
  "recommendations": [
    "Largest file (index.js) is 100.0% of bundle - consider splitting or optimizing"
  ],
  "overallStatus": "pass"
}