{
  "timestamp": 1774627415991,
  "bundleSize": {
    "totalSize": 916,
    "gzippedSize": 423,
    "fileCount": 1,
    "largestFile": {
      "name": "index.js",
      "size": 916,
      "gzippedSize": 423
    },
    "breakdown": [
      {
        "name": "index.js",
        "size": 916,
        "gzippedSize": 423,
        "percentage": 100
      }
    ]
  },
  "webVitals": {
    "firstContentfulPaint": 764.5557490884012,
    "timeToInteractive": 2881.6818160417706,
    "largestContentfulPaint": 2149.8482922314915,
    "cumulativeLayoutShift": 0.007663616775335603,
    "firstInputDelay": 31.46547425641849,
    "timestamp": 1774627415991
  },
  "runtime": {
    "memoryUsage": {
      "rss": 62455808,
      "heapUsed": 13228712,
      "heapTotal": 20578304,
      "external": 1965854
    },
    "startupTime": 202.594125,
    "cpuUsage": 131.14,
    "timestamp": 1774627415991
  },
  "violations": [],
  "recommendations": [
    "Largest file (index.js) is 100.0% of bundle - consider splitting or optimizing"
  ],
  "overallStatus": "pass"
}