{
  "timestamp": 1774472969926,
  "bundleSize": {
    "totalSize": 916,
    "gzippedSize": 423,
    "fileCount": 1,
    "largestFile": {
      "name": "index.js",
      "size": 916,
      "gzippedSize": 423
    },
    "breakdown": [
      {
        "name": "index.js",
        "size": 916,
        "gzippedSize": 423,
        "percentage": 100
      }
    ]
  },
  "webVitals": {
    "firstContentfulPaint": 730.3515661356319,
    "timeToInteractive": 2544.4444903856647,
    "largestContentfulPaint": 2181.8898701319577,
    "cumulativeLayoutShift": 0.09811769798653908,
    "firstInputDelay": 69.11082687792175,
    "timestamp": 1774472969926
  },
  "runtime": {
    "memoryUsage": {
      "rss": 61865984,
      "heapUsed": 12337008,
      "heapTotal": 19857408,
      "external": 1971431
    },
    "startupTime": 254.734792,
    "cpuUsage": 148.583,
    "timestamp": 1774472969926
  },
  "violations": [],
  "recommendations": [
    "Largest file (index.js) is 100.0% of bundle - consider splitting or optimizing"
  ],
  "overallStatus": "pass"
}