{
  "timestamp": 1774266079263,
  "bundleSize": {
    "totalSize": 916,
    "gzippedSize": 423,
    "fileCount": 1,
    "largestFile": {
      "name": "index.js",
      "size": 916,
      "gzippedSize": 423
    },
    "breakdown": [
      {
        "name": "index.js",
        "size": 916,
        "gzippedSize": 423,
        "percentage": 100
      }
    ]
  },
  "webVitals": {
    "firstContentfulPaint": 520.4740527711227,
    "timeToInteractive": 2198.240979047402,
    "largestContentfulPaint": 1923.2446477907429,
    "cumulativeLayoutShift": 0.044835615519234054,
    "firstInputDelay": 43.41921957245817,
    "timestamp": 1774266079262
  },
  "runtime": {
    "memoryUsage": {
      "rss": 61636608,
      "heapUsed": 13495128,
      "heapTotal": 20709376,
      "external": 1967162
    },
    "startupTime": 3224.446917,
    "cpuUsage": 213.029,
    "timestamp": 1774266079263
  },
  "violations": [],
  "recommendations": [
    "Largest file (index.js) is 100.0% of bundle - consider splitting or optimizing"
  ],
  "overallStatus": "pass"
}