{
  "timestamp": 1773942722453,
  "bundleSize": {
    "totalSize": 916,
    "gzippedSize": 423,
    "fileCount": 1,
    "largestFile": {
      "name": "index.js",
      "size": 916,
      "gzippedSize": 423
    },
    "breakdown": [
      {
        "name": "index.js",
        "size": 916,
        "gzippedSize": 423,
        "percentage": 100
      }
    ]
  },
  "webVitals": {
    "firstContentfulPaint": 941.7897333547112,
    "timeToInteractive": 2561.6997511960867,
    "largestContentfulPaint": 2348.901502637819,
    "cumulativeLayoutShift": 0.0027978253371703232,
    "firstInputDelay": 33.328652122590874,
    "timestamp": 1773942722453
  },
  "runtime": {
    "memoryUsage": {
      "rss": 62341120,
      "heapUsed": 12667184,
      "heapTotal": 19857408,
      "external": 1970223
    },
    "startupTime": 273.967792,
    "cpuUsage": 167.083,
    "timestamp": 1773942722453
  },
  "violations": [],
  "recommendations": [
    "Largest file (index.js) is 100.0% of bundle - consider splitting or optimizing"
  ],
  "overallStatus": "pass"
}