{
  "timestamp": 1774511960405,
  "bundleSize": {
    "totalSize": 916,
    "gzippedSize": 423,
    "fileCount": 1,
    "largestFile": {
      "name": "index.js",
      "size": 916,
      "gzippedSize": 423
    },
    "breakdown": [
      {
        "name": "index.js",
        "size": 916,
        "gzippedSize": 423,
        "percentage": 100
      }
    ]
  },
  "webVitals": {
    "firstContentfulPaint": 1326.8157487450826,
    "timeToInteractive": 2067.5767512231464,
    "largestContentfulPaint": 2036.953130027141,
    "cumulativeLayoutShift": 0.028664109515846616,
    "firstInputDelay": 38.27771851644647,
    "timestamp": 1774511960405
  },
  "runtime": {
    "memoryUsage": {
      "rss": 61702144,
      "heapUsed": 12588016,
      "heapTotal": 19857408,
      "external": 1967162
    },
    "startupTime": 4397.770417,
    "cpuUsage": 184.838,
    "timestamp": 1774511960405
  },
  "violations": [],
  "recommendations": [
    "Largest file (index.js) is 100.0% of bundle - consider splitting or optimizing"
  ],
  "overallStatus": "pass"
}