{
  "timestamp": 1773945166134,
  "bundleSize": {
    "totalSize": 916,
    "gzippedSize": 423,
    "fileCount": 1,
    "largestFile": {
      "name": "index.js",
      "size": 916,
      "gzippedSize": 423
    },
    "breakdown": [
      {
        "name": "index.js",
        "size": 916,
        "gzippedSize": 423,
        "percentage": 100
      }
    ]
  },
  "webVitals": {
    "firstContentfulPaint": 688.6979441179845,
    "timeToInteractive": 2115.4682702812693,
    "largestContentfulPaint": 2264.3254982028975,
    "cumulativeLayoutShift": 0.017099963439199485,
    "firstInputDelay": 55.859985724673635,
    "timestamp": 1773945166134
  },
  "runtime": {
    "memoryUsage": {
      "rss": 62521344,
      "heapUsed": 13028576,
      "heapTotal": 19955712,
      "external": 1965899
    },
    "startupTime": 411.700542,
    "cpuUsage": 204.723,
    "timestamp": 1773945166134
  },
  "violations": [],
  "recommendations": [
    "Largest file (index.js) is 100.0% of bundle - consider splitting or optimizing"
  ],
  "overallStatus": "pass"
}