{
  "timestamp": 1773868950826,
  "bundleSize": {
    "totalSize": 916,
    "gzippedSize": 423,
    "fileCount": 1,
    "largestFile": {
      "name": "index.js",
      "size": 916,
      "gzippedSize": 423
    },
    "breakdown": [
      {
        "name": "index.js",
        "size": 916,
        "gzippedSize": 423,
        "percentage": 100
      }
    ]
  },
  "webVitals": {
    "firstContentfulPaint": 553.9645267137254,
    "timeToInteractive": 2928.7088323829275,
    "largestContentfulPaint": 1753.2828132833147,
    "cumulativeLayoutShift": 0.026163118563013545,
    "firstInputDelay": 55.26004789308724,
    "timestamp": 1773868950826
  },
  "runtime": {
    "memoryUsage": {
      "rss": 63045632,
      "heapUsed": 13653056,
      "heapTotal": 20217856,
      "external": 1970211
    },
    "startupTime": 334.506417,
    "cpuUsage": 180.329,
    "timestamp": 1773868950826
  },
  "violations": [],
  "recommendations": [
    "Largest file (index.js) is 100.0% of bundle - consider splitting or optimizing"
  ],
  "overallStatus": "pass"
}