{
  "timestamp": 1774264481996,
  "bundleSize": {
    "totalSize": 916,
    "gzippedSize": 423,
    "fileCount": 1,
    "largestFile": {
      "name": "index.js",
      "size": 916,
      "gzippedSize": 423
    },
    "breakdown": [
      {
        "name": "index.js",
        "size": 916,
        "gzippedSize": 423,
        "percentage": 100
      }
    ]
  },
  "webVitals": {
    "firstContentfulPaint": 712.7659108882223,
    "timeToInteractive": 2012.3911352504913,
    "largestContentfulPaint": 2011.5073570412203,
    "cumulativeLayoutShift": 0.049412512644374386,
    "firstInputDelay": 25.391006435972653,
    "timestamp": 1774264481995
  },
  "runtime": {
    "memoryUsage": {
      "rss": 46727168,
      "heapUsed": 11282912,
      "heapTotal": 12517376,
      "external": 1963144
    },
    "startupTime": 14568.669666,
    "cpuUsage": 307.223,
    "timestamp": 1774264481996
  },
  "violations": [],
  "recommendations": [
    "Largest file (index.js) is 100.0% of bundle - consider splitting or optimizing"
  ],
  "overallStatus": "pass"
}