{
  "timestamp": 1774315329340,
  "bundleSize": {
    "totalSize": 916,
    "gzippedSize": 423,
    "fileCount": 1,
    "largestFile": {
      "name": "index.js",
      "size": 916,
      "gzippedSize": 423
    },
    "breakdown": [
      {
        "name": "index.js",
        "size": 916,
        "gzippedSize": 423,
        "percentage": 100
      }
    ]
  },
  "webVitals": {
    "firstContentfulPaint": 835.0121321056538,
    "timeToInteractive": 2279.225566585528,
    "largestContentfulPaint": 1584.6279132327136,
    "cumulativeLayoutShift": 0.08414107418815309,
    "firstInputDelay": 57.49870773072722,
    "timestamp": 1774315329340
  },
  "runtime": {
    "memoryUsage": {
      "rss": 60260352,
      "heapUsed": 13330328,
      "heapTotal": 20414464,
      "external": 1967983
    },
    "startupTime": 2185.465208,
    "cpuUsage": 272.231,
    "timestamp": 1774315329340
  },
  "violations": [],
  "recommendations": [
    "Largest file (index.js) is 100.0% of bundle - consider splitting or optimizing"
  ],
  "overallStatus": "pass"
}