{
  "timestamp": 1774279027025,
  "bundleSize": {
    "totalSize": 916,
    "gzippedSize": 423,
    "fileCount": 1,
    "largestFile": {
      "name": "index.js",
      "size": 916,
      "gzippedSize": 423
    },
    "breakdown": [
      {
        "name": "index.js",
        "size": 916,
        "gzippedSize": 423,
        "percentage": 100
      }
    ]
  },
  "webVitals": {
    "firstContentfulPaint": 1405.7683764027156,
    "timeToInteractive": 2147.7649413760955,
    "largestContentfulPaint": 2443.3932325552737,
    "cumulativeLayoutShift": 0.025175304855176897,
    "firstInputDelay": 39.052921301112875,
    "timestamp": 1774279027025
  },
  "runtime": {
    "memoryUsage": {
      "rss": 61751296,
      "heapUsed": 12616488,
      "heapTotal": 19857408,
      "external": 1965854
    },
    "startupTime": 203.646125,
    "cpuUsage": 131.646,
    "timestamp": 1774279027025
  },
  "violations": [],
  "recommendations": [
    "Largest file (index.js) is 100.0% of bundle - consider splitting or optimizing"
  ],
  "overallStatus": "pass"
}