{
  "timestamp": 1773760286744,
  "bundleSize": {
    "totalSize": 916,
    "gzippedSize": 423,
    "fileCount": 1,
    "largestFile": {
      "name": "index.js",
      "size": 916,
      "gzippedSize": 423
    },
    "breakdown": [
      {
        "name": "index.js",
        "size": 916,
        "gzippedSize": 423,
        "percentage": 100
      }
    ]
  },
  "webVitals": {
    "firstContentfulPaint": 877.8658508823833,
    "timeToInteractive": 2931.927507567233,
    "largestContentfulPaint": 1736.4802563011335,
    "cumulativeLayoutShift": 0.06343929663547164,
    "firstInputDelay": 30.297699709073033,
    "timestamp": 1773760286744
  },
  "runtime": {
    "memoryUsage": {
      "rss": 62603264,
      "heapUsed": 11996152,
      "heapTotal": 20643840,
      "external": 1964344
    },
    "startupTime": 394.742417,
    "cpuUsage": 187.846,
    "timestamp": 1773760286744
  },
  "violations": [],
  "recommendations": [
    "Largest file (index.js) is 100.0% of bundle - consider splitting or optimizing"
  ],
  "overallStatus": "pass"
}