{
  "timestamp": 1774627128241,
  "bundleSize": {
    "totalSize": 916,
    "gzippedSize": 423,
    "fileCount": 1,
    "largestFile": {
      "name": "index.js",
      "size": 916,
      "gzippedSize": 423
    },
    "breakdown": [
      {
        "name": "index.js",
        "size": 916,
        "gzippedSize": 423,
        "percentage": 100
      }
    ]
  },
  "webVitals": {
    "firstContentfulPaint": 1392.591577037606,
    "timeToInteractive": 2107.4625147473175,
    "largestContentfulPaint": 2298.3833724340147,
    "cumulativeLayoutShift": 0.059060005404625505,
    "firstInputDelay": 33.110746434754475,
    "timestamp": 1774627128241
  },
  "runtime": {
    "memoryUsage": {
      "rss": 60227584,
      "heapUsed": 12111856,
      "heapTotal": 20185088,
      "external": 1970158
    },
    "startupTime": 218.447417,
    "cpuUsage": 133.88,
    "timestamp": 1774627128241
  },
  "violations": [],
  "recommendations": [
    "Largest file (index.js) is 100.0% of bundle - consider splitting or optimizing"
  ],
  "overallStatus": "pass"
}