{
  "timestamp": 1774516336155,
  "bundleSize": {
    "totalSize": 916,
    "gzippedSize": 423,
    "fileCount": 1,
    "largestFile": {
      "name": "index.js",
      "size": 916,
      "gzippedSize": 423
    },
    "breakdown": [
      {
        "name": "index.js",
        "size": 916,
        "gzippedSize": 423,
        "percentage": 100
      }
    ]
  },
  "webVitals": {
    "firstContentfulPaint": 1278.8048204544104,
    "timeToInteractive": 2103.1392961507004,
    "largestContentfulPaint": 2323.62021166188,
    "cumulativeLayoutShift": 0.009062943274420454,
    "firstInputDelay": 37.81858990644634,
    "timestamp": 1774516336155
  },
  "runtime": {
    "memoryUsage": {
      "rss": 62062592,
      "heapUsed": 12474192,
      "heapTotal": 20119552,
      "external": 1970223
    },
    "startupTime": 286.145583,
    "cpuUsage": 148.932,
    "timestamp": 1774516336155
  },
  "violations": [],
  "recommendations": [
    "Largest file (index.js) is 100.0% of bundle - consider splitting or optimizing"
  ],
  "overallStatus": "pass"
}