{
  "timestamp": 1774513308799,
  "bundleSize": {
    "totalSize": 916,
    "gzippedSize": 423,
    "fileCount": 1,
    "largestFile": {
      "name": "index.js",
      "size": 916,
      "gzippedSize": 423
    },
    "breakdown": [
      {
        "name": "index.js",
        "size": 916,
        "gzippedSize": 423,
        "percentage": 100
      }
    ]
  },
  "webVitals": {
    "firstContentfulPaint": 1062.9408707844227,
    "timeToInteractive": 2823.463977370426,
    "largestContentfulPaint": 1513.2359238790602,
    "cumulativeLayoutShift": 0.018186572405623002,
    "firstInputDelay": 34.95058489787287,
    "timestamp": 1774513308799
  },
  "runtime": {
    "memoryUsage": {
      "rss": 62177280,
      "heapUsed": 12587920,
      "heapTotal": 19857408,
      "external": 1970892
    },
    "startupTime": 245.044417,
    "cpuUsage": 144.346,
    "timestamp": 1774513308799
  },
  "violations": [],
  "recommendations": [
    "Largest file (index.js) is 100.0% of bundle - consider splitting or optimizing"
  ],
  "overallStatus": "pass"
}