{
  "timestamp": 1774267147262,
  "bundleSize": {
    "totalSize": 916,
    "gzippedSize": 423,
    "fileCount": 1,
    "largestFile": {
      "name": "index.js",
      "size": 916,
      "gzippedSize": 423
    },
    "breakdown": [
      {
        "name": "index.js",
        "size": 916,
        "gzippedSize": 423,
        "percentage": 100
      }
    ]
  },
  "webVitals": {
    "firstContentfulPaint": 841.8512995354879,
    "timeToInteractive": 2711.625470147239,
    "largestContentfulPaint": 2235.9701027118404,
    "cumulativeLayoutShift": 0.07873469809744882,
    "firstInputDelay": 40.768129503406556,
    "timestamp": 1774267147262
  },
  "runtime": {
    "memoryUsage": {
      "rss": 62111744,
      "heapUsed": 12866888,
      "heapTotal": 19857408,
      "external": 1965320
    },
    "startupTime": 1420.563583,
    "cpuUsage": 198.125,
    "timestamp": 1774267147262
  },
  "violations": [],
  "recommendations": [
    "Largest file (index.js) is 100.0% of bundle - consider splitting or optimizing"
  ],
  "overallStatus": "pass"
}