{
  "timestamp": 1774212060043,
  "bundleSize": {
    "totalSize": 916,
    "gzippedSize": 423,
    "fileCount": 1,
    "largestFile": {
      "name": "index.js",
      "size": 916,
      "gzippedSize": 423
    },
    "breakdown": [
      {
        "name": "index.js",
        "size": 916,
        "gzippedSize": 423,
        "percentage": 100
      }
    ]
  },
  "webVitals": {
    "firstContentfulPaint": 1333.4932704492624,
    "timeToInteractive": 2644.593374119699,
    "largestContentfulPaint": 2426.4294407182706,
    "cumulativeLayoutShift": 0.04849278645344242,
    "firstInputDelay": 27.212939279935345,
    "timestamp": 1774212060043
  },
  "runtime": {
    "memoryUsage": {
      "rss": 60178432,
      "heapUsed": 13291288,
      "heapTotal": 20283392,
      "external": 1966360
    },
    "startupTime": 1852.272458,
    "cpuUsage": 201.375,
    "timestamp": 1774212060043
  },
  "violations": [],
  "recommendations": [
    "Largest file (index.js) is 100.0% of bundle - consider splitting or optimizing"
  ],
  "overallStatus": "pass"
}