{
  "timestamp": 1774308010809,
  "bundleSize": {
    "totalSize": 916,
    "gzippedSize": 423,
    "fileCount": 1,
    "largestFile": {
      "name": "index.js",
      "size": 916,
      "gzippedSize": 423
    },
    "breakdown": [
      {
        "name": "index.js",
        "size": 916,
        "gzippedSize": 423,
        "percentage": 100
      }
    ]
  },
  "webVitals": {
    "firstContentfulPaint": 999.4870898925992,
    "timeToInteractive": 2847.8094304402116,
    "largestContentfulPaint": 1691.1859678421006,
    "cumulativeLayoutShift": 0.09464015579795118,
    "firstInputDelay": 55.51090460521051,
    "timestamp": 1774308010809
  },
  "runtime": {
    "memoryUsage": {
      "rss": 62046208,
      "heapUsed": 12501904,
      "heapTotal": 19857408,
      "external": 1970512
    },
    "startupTime": 256.694292,
    "cpuUsage": 158.297,
    "timestamp": 1774308010809
  },
  "violations": [],
  "recommendations": [
    "Largest file (index.js) is 100.0% of bundle - consider splitting or optimizing"
  ],
  "overallStatus": "pass"
}