{
  "timestamp": 1774266835148,
  "bundleSize": {
    "totalSize": 916,
    "gzippedSize": 423,
    "fileCount": 1,
    "largestFile": {
      "name": "index.js",
      "size": 916,
      "gzippedSize": 423
    },
    "breakdown": [
      {
        "name": "index.js",
        "size": 916,
        "gzippedSize": 423,
        "percentage": 100
      }
    ]
  },
  "webVitals": {
    "firstContentfulPaint": 1398.6665783583946,
    "timeToInteractive": 2618.3576875968683,
    "largestContentfulPaint": 1619.7318693442683,
    "cumulativeLayoutShift": 0.010309354024611396,
    "firstInputDelay": 51.7226669023346,
    "timestamp": 1774266835147
  },
  "runtime": {
    "memoryUsage": {
      "rss": 62767104,
      "heapUsed": 12978904,
      "heapTotal": 21069824,
      "external": 1965320
    },
    "startupTime": 953.470292,
    "cpuUsage": 179.272,
    "timestamp": 1774266835148
  },
  "violations": [],
  "recommendations": [
    "Largest file (index.js) is 100.0% of bundle - consider splitting or optimizing"
  ],
  "overallStatus": "pass"
}