{
  "timestamp": 1775215720092,
  "bundleSize": {
    "totalSize": 952,
    "gzippedSize": 439,
    "fileCount": 1,
    "largestFile": {
      "name": "index.js",
      "size": 952,
      "gzippedSize": 439
    },
    "breakdown": [
      {
        "name": "index.js",
        "size": 952,
        "gzippedSize": 439,
        "percentage": 100
      }
    ]
  },
  "webVitals": {
    "firstContentfulPaint": 517.4727500787563,
    "timeToInteractive": 2093.0148474085054,
    "largestContentfulPaint": 1993.3442407440803,
    "cumulativeLayoutShift": 0.03772591451271628,
    "firstInputDelay": 48.88213511085462,
    "timestamp": 1775215720091
  },
  "runtime": {
    "memoryUsage": {
      "rss": 59244544,
      "heapUsed": 11590192,
      "heapTotal": 20234240,
      "external": 1968463
    },
    "startupTime": 596.255875,
    "cpuUsage": 166.211,
    "timestamp": 1775215720092
  },
  "violations": [],
  "recommendations": [
    "Largest file (index.js) is 100.0% of bundle - consider splitting or optimizing"
  ],
  "overallStatus": "pass"
}