{
  "timestamp": 1774192578820,
  "bundleSize": {
    "totalSize": 916,
    "gzippedSize": 423,
    "fileCount": 1,
    "largestFile": {
      "name": "index.js",
      "size": 916,
      "gzippedSize": 423
    },
    "breakdown": [
      {
        "name": "index.js",
        "size": 916,
        "gzippedSize": 423,
        "percentage": 100
      }
    ]
  },
  "webVitals": {
    "firstContentfulPaint": 1220.1580893416117,
    "timeToInteractive": 2384.2320713981553,
    "largestContentfulPaint": 2299.2959348124473,
    "cumulativeLayoutShift": 0.07394533459965007,
    "firstInputDelay": 28.622450757963247,
    "timestamp": 1774192578820
  },
  "runtime": {
    "memoryUsage": {
      "rss": 62521344,
      "heapUsed": 13145208,
      "heapTotal": 20217856,
      "external": 1965854
    },
    "startupTime": 201.976458,
    "cpuUsage": 135.066,
    "timestamp": 1774192578820
  },
  "violations": [],
  "recommendations": [
    "Largest file (index.js) is 100.0% of bundle - consider splitting or optimizing"
  ],
  "overallStatus": "pass"
}