{
  "timestamp": 1774545211777,
  "bundleSize": {
    "totalSize": 916,
    "gzippedSize": 423,
    "fileCount": 1,
    "largestFile": {
      "name": "index.js",
      "size": 916,
      "gzippedSize": 423
    },
    "breakdown": [
      {
        "name": "index.js",
        "size": 916,
        "gzippedSize": 423,
        "percentage": 100
      }
    ]
  },
  "webVitals": {
    "firstContentfulPaint": 623.4120110030133,
    "timeToInteractive": 2455.6580845781173,
    "largestContentfulPaint": 1566.0046586441501,
    "cumulativeLayoutShift": 0.0016897223376605376,
    "firstInputDelay": 54.065302023695025,
    "timestamp": 1774545211777
  },
  "runtime": {
    "memoryUsage": {
      "rss": 60243968,
      "heapUsed": 12930608,
      "heapTotal": 19890176,
      "external": 1966360
    },
    "startupTime": 1758.763167,
    "cpuUsage": 199.28,
    "timestamp": 1774545211777
  },
  "violations": [],
  "recommendations": [
    "Largest file (index.js) is 100.0% of bundle - consider splitting or optimizing"
  ],
  "overallStatus": "pass"
}