{
  "timestamp": 1774550872568,
  "bundleSize": {
    "totalSize": 916,
    "gzippedSize": 423,
    "fileCount": 1,
    "largestFile": {
      "name": "index.js",
      "size": 916,
      "gzippedSize": 423
    },
    "breakdown": [
      {
        "name": "index.js",
        "size": 916,
        "gzippedSize": 423,
        "percentage": 100
      }
    ]
  },
  "webVitals": {
    "firstContentfulPaint": 1043.9767015749972,
    "timeToInteractive": 2747.2756148908757,
    "largestContentfulPaint": 1560.3636333674121,
    "cumulativeLayoutShift": 0.02152208573203973,
    "firstInputDelay": 62.85146460067945,
    "timestamp": 1774550872568
  },
  "runtime": {
    "memoryUsage": {
      "rss": 62275584,
      "heapUsed": 12375160,
      "heapTotal": 20119552,
      "external": 1971431
    },
    "startupTime": 214.694625,
    "cpuUsage": 133.468,
    "timestamp": 1774550872568
  },
  "violations": [],
  "recommendations": [
    "Largest file (index.js) is 100.0% of bundle - consider splitting or optimizing"
  ],
  "overallStatus": "pass"
}