{
  "timestamp": 1774045924537,
  "bundleSize": {
    "totalSize": 916,
    "gzippedSize": 423,
    "fileCount": 1,
    "largestFile": {
      "name": "index.js",
      "size": 916,
      "gzippedSize": 423
    },
    "breakdown": [
      {
        "name": "index.js",
        "size": 916,
        "gzippedSize": 423,
        "percentage": 100
      }
    ]
  },
  "webVitals": {
    "firstContentfulPaint": 1393.8490498264073,
    "timeToInteractive": 2346.941999504187,
    "largestContentfulPaint": 1788.1655103965504,
    "cumulativeLayoutShift": 0.07275312987965213,
    "firstInputDelay": 51.977273679729876,
    "timestamp": 1774045924537
  },
  "runtime": {
    "memoryUsage": {
      "rss": 57704448,
      "heapUsed": 12780376,
      "heapTotal": 18022400,
      "external": 2746716
    },
    "startupTime": 183.568875,
    "cpuUsage": 113.88,
    "timestamp": 1774045924537
  },
  "violations": [],
  "recommendations": [
    "Largest file (index.js) is 100.0% of bundle - consider splitting or optimizing"
  ],
  "overallStatus": "pass"
}