{
  "timestamp": 1773921505970,
  "bundleSize": {
    "totalSize": 916,
    "gzippedSize": 423,
    "fileCount": 1,
    "largestFile": {
      "name": "index.js",
      "size": 916,
      "gzippedSize": 423
    },
    "breakdown": [
      {
        "name": "index.js",
        "size": 916,
        "gzippedSize": 423,
        "percentage": 100
      }
    ]
  },
  "webVitals": {
    "firstContentfulPaint": 989.5693606744576,
    "timeToInteractive": 2345.7438033861727,
    "largestContentfulPaint": 1756.1373787597136,
    "cumulativeLayoutShift": 0.01796977835837721,
    "firstInputDelay": 53.46028800466506,
    "timestamp": 1773921505970
  },
  "runtime": {
    "memoryUsage": {
      "rss": 61833216,
      "heapUsed": 12674992,
      "heapTotal": 20119552,
      "external": 1965621
    },
    "startupTime": 869.322208,
    "cpuUsage": 221.534,
    "timestamp": 1773921505970
  },
  "violations": [],
  "recommendations": [
    "Largest file (index.js) is 100.0% of bundle - consider splitting or optimizing"
  ],
  "overallStatus": "pass"
}