{
  "timestamp": 1774658557568,
  "bundleSize": {
    "totalSize": 916,
    "gzippedSize": 423,
    "fileCount": 1,
    "largestFile": {
      "name": "index.js",
      "size": 916,
      "gzippedSize": 423
    },
    "breakdown": [
      {
        "name": "index.js",
        "size": 916,
        "gzippedSize": 423,
        "percentage": 100
      }
    ]
  },
  "webVitals": {
    "firstContentfulPaint": 923.7218514840948,
    "timeToInteractive": 2135.109882144545,
    "largestContentfulPaint": 1553.3271360121194,
    "cumulativeLayoutShift": 0.07976897735369795,
    "firstInputDelay": 34.023296451857156,
    "timestamp": 1774658557568
  },
  "runtime": {
    "memoryUsage": {
      "rss": 63062016,
      "heapUsed": 13424784,
      "heapTotal": 20381696,
      "external": 1970223
    },
    "startupTime": 405.314792,
    "cpuUsage": 165.727,
    "timestamp": 1774658557568
  },
  "violations": [],
  "recommendations": [
    "Largest file (index.js) is 100.0% of bundle - consider splitting or optimizing"
  ],
  "overallStatus": "pass"
}