{
  "timestamp": 1773940833512,
  "bundleSize": {
    "totalSize": 916,
    "gzippedSize": 423,
    "fileCount": 1,
    "largestFile": {
      "name": "index.js",
      "size": 916,
      "gzippedSize": 423
    },
    "breakdown": [
      {
        "name": "index.js",
        "size": 916,
        "gzippedSize": 423,
        "percentage": 100
      }
    ]
  },
  "webVitals": {
    "firstContentfulPaint": 1178.1553132483637,
    "timeToInteractive": 2327.0040284084193,
    "largestContentfulPaint": 1860.9031253230708,
    "cumulativeLayoutShift": 0.09850422784600209,
    "firstInputDelay": 66.36372477583319,
    "timestamp": 1773940833512
  },
  "runtime": {
    "memoryUsage": {
      "rss": 62570496,
      "heapUsed": 13080672,
      "heapTotal": 20480000,
      "external": 1970211
    },
    "startupTime": 323.81175,
    "cpuUsage": 172.787,
    "timestamp": 1773940833512
  },
  "violations": [],
  "recommendations": [
    "Largest file (index.js) is 100.0% of bundle - consider splitting or optimizing"
  ],
  "overallStatus": "pass"
}