{
  "timestamp": 1774633284630,
  "bundleSize": {
    "totalSize": 916,
    "gzippedSize": 423,
    "fileCount": 1,
    "largestFile": {
      "name": "index.js",
      "size": 916,
      "gzippedSize": 423
    },
    "breakdown": [
      {
        "name": "index.js",
        "size": 916,
        "gzippedSize": 423,
        "percentage": 100
      }
    ]
  },
  "webVitals": {
    "firstContentfulPaint": 932.4865772900189,
    "timeToInteractive": 2320.492519446918,
    "largestContentfulPaint": 1519.5411754285994,
    "cumulativeLayoutShift": 0.017217159275269435,
    "firstInputDelay": 46.028591755871595,
    "timestamp": 1774633284630
  },
  "runtime": {
    "memoryUsage": {
      "rss": 62816256,
      "heapUsed": 13037800,
      "heapTotal": 20578304,
      "external": 1970436
    },
    "startupTime": 222.888291,
    "cpuUsage": 137.738,
    "timestamp": 1774633284630
  },
  "violations": [],
  "recommendations": [
    "Largest file (index.js) is 100.0% of bundle - consider splitting or optimizing"
  ],
  "overallStatus": "pass"
}