{
  "timestamp": 1774536969475,
  "bundleSize": {
    "totalSize": 916,
    "gzippedSize": 423,
    "fileCount": 1,
    "largestFile": {
      "name": "index.js",
      "size": 916,
      "gzippedSize": 423
    },
    "breakdown": [
      {
        "name": "index.js",
        "size": 916,
        "gzippedSize": 423,
        "percentage": 100
      }
    ]
  },
  "webVitals": {
    "firstContentfulPaint": 1348.2562513046898,
    "timeToInteractive": 2559.2824558850257,
    "largestContentfulPaint": 2314.330256905114,
    "cumulativeLayoutShift": 0.03993531399704149,
    "firstInputDelay": 43.55673737091179,
    "timestamp": 1774536969475
  },
  "runtime": {
    "memoryUsage": {
      "rss": 61702144,
      "heapUsed": 12552520,
      "heapTotal": 20119552,
      "external": 1969228
    },
    "startupTime": 277.307958,
    "cpuUsage": 162.336,
    "timestamp": 1774536969475
  },
  "violations": [],
  "recommendations": [
    "Largest file (index.js) is 100.0% of bundle - consider splitting or optimizing"
  ],
  "overallStatus": "pass"
}