{
  "timestamp": 1774194594435,
  "bundleSize": {
    "totalSize": 916,
    "gzippedSize": 423,
    "fileCount": 1,
    "largestFile": {
      "name": "index.js",
      "size": 916,
      "gzippedSize": 423
    },
    "breakdown": [
      {
        "name": "index.js",
        "size": 916,
        "gzippedSize": 423,
        "percentage": 100
      }
    ]
  },
  "webVitals": {
    "firstContentfulPaint": 1465.3696516922514,
    "timeToInteractive": 2008.274940869822,
    "largestContentfulPaint": 1773.6544237179457,
    "cumulativeLayoutShift": 0.06268956547083349,
    "firstInputDelay": 38.891039076883146,
    "timestamp": 1774194594435
  },
  "runtime": {
    "memoryUsage": {
      "rss": 61898752,
      "heapUsed": 12475176,
      "heapTotal": 20119552,
      "external": 1966380
    },
    "startupTime": 406.199375,
    "cpuUsage": 188.509,
    "timestamp": 1774194594435
  },
  "violations": [],
  "recommendations": [
    "Largest file (index.js) is 100.0% of bundle - consider splitting or optimizing"
  ],
  "overallStatus": "pass"
}