{
  "timestamp": 1774514427535,
  "bundleSize": {
    "totalSize": 916,
    "gzippedSize": 423,
    "fileCount": 1,
    "largestFile": {
      "name": "index.js",
      "size": 916,
      "gzippedSize": 423
    },
    "breakdown": [
      {
        "name": "index.js",
        "size": 916,
        "gzippedSize": 423,
        "percentage": 100
      }
    ]
  },
  "webVitals": {
    "firstContentfulPaint": 1143.8236157330502,
    "timeToInteractive": 2790.9533759704586,
    "largestContentfulPaint": 1769.2624949894048,
    "cumulativeLayoutShift": 0.0983149034196924,
    "firstInputDelay": 46.94876557052393,
    "timestamp": 1774514427535
  },
  "runtime": {
    "memoryUsage": {
      "rss": 59162624,
      "heapUsed": 12763360,
      "heapTotal": 19595264,
      "external": 1966360
    },
    "startupTime": 1921.859166,
    "cpuUsage": 187.656,
    "timestamp": 1774514427535
  },
  "violations": [],
  "recommendations": [
    "Largest file (index.js) is 100.0% of bundle - consider splitting or optimizing"
  ],
  "overallStatus": "pass"
}