{
  "timestamp": 1774212701849,
  "bundleSize": {
    "totalSize": 916,
    "gzippedSize": 423,
    "fileCount": 1,
    "largestFile": {
      "name": "index.js",
      "size": 916,
      "gzippedSize": 423
    },
    "breakdown": [
      {
        "name": "index.js",
        "size": 916,
        "gzippedSize": 423,
        "percentage": 100
      }
    ]
  },
  "webVitals": {
    "firstContentfulPaint": 1324.017578893032,
    "timeToInteractive": 2597.0461560588797,
    "largestContentfulPaint": 1901.4633858329291,
    "cumulativeLayoutShift": 0.03336607812681252,
    "firstInputDelay": 49.43767969256581,
    "timestamp": 1774212701849
  },
  "runtime": {
    "memoryUsage": {
      "rss": 62357504,
      "heapUsed": 12926728,
      "heapTotal": 19857408,
      "external": 1970223
    },
    "startupTime": 240.744125,
    "cpuUsage": 144.606,
    "timestamp": 1774212701849
  },
  "violations": [],
  "recommendations": [
    "Largest file (index.js) is 100.0% of bundle - consider splitting or optimizing"
  ],
  "overallStatus": "pass"
}