{
  "timestamp": 1773834455068,
  "bundleSize": {
    "totalSize": 916,
    "gzippedSize": 423,
    "fileCount": 1,
    "largestFile": {
      "name": "index.js",
      "size": 916,
      "gzippedSize": 423
    },
    "breakdown": [
      {
        "name": "index.js",
        "size": 916,
        "gzippedSize": 423,
        "percentage": 100
      }
    ]
  },
  "webVitals": {
    "firstContentfulPaint": 795.8379971320817,
    "timeToInteractive": 2114.7766941955265,
    "largestContentfulPaint": 2406.9636674320136,
    "cumulativeLayoutShift": 0.001759801903787195,
    "firstInputDelay": 57.66234573864549,
    "timestamp": 1773834455068
  },
  "runtime": {
    "memoryUsage": {
      "rss": 61652992,
      "heapUsed": 12235024,
      "heapTotal": 19857408,
      "external": 1966198
    },
    "startupTime": 541.924833,
    "cpuUsage": 196.977,
    "timestamp": 1773834455068
  },
  "violations": [],
  "recommendations": [
    "Largest file (index.js) is 100.0% of bundle - consider splitting or optimizing"
  ],
  "overallStatus": "pass"
}