{
  "timestamp": 1774664290984,
  "bundleSize": {
    "totalSize": 916,
    "gzippedSize": 423,
    "fileCount": 1,
    "largestFile": {
      "name": "index.js",
      "size": 916,
      "gzippedSize": 423
    },
    "breakdown": [
      {
        "name": "index.js",
        "size": 916,
        "gzippedSize": 423,
        "percentage": 100
      }
    ]
  },
  "webVitals": {
    "firstContentfulPaint": 1409.6880608223923,
    "timeToInteractive": 2667.1426490885806,
    "largestContentfulPaint": 1632.2336925076172,
    "cumulativeLayoutShift": 0.08156841566931805,
    "firstInputDelay": 27.52073402345915,
    "timestamp": 1774664290983
  },
  "runtime": {
    "memoryUsage": {
      "rss": 61980672,
      "heapUsed": 12525592,
      "heapTotal": 20381696,
      "external": 1969741
    },
    "startupTime": 650.869166,
    "cpuUsage": 170.822,
    "timestamp": 1774664290984
  },
  "violations": [],
  "recommendations": [
    "Largest file (index.js) is 100.0% of bundle - consider splitting or optimizing"
  ],
  "overallStatus": "pass"
}