{
  "timestamp": 1774009621778,
  "bundleSize": {
    "totalSize": 916,
    "gzippedSize": 423,
    "fileCount": 1,
    "largestFile": {
      "name": "index.js",
      "size": 916,
      "gzippedSize": 423
    },
    "breakdown": [
      {
        "name": "index.js",
        "size": 916,
        "gzippedSize": 423,
        "percentage": 100
      }
    ]
  },
  "webVitals": {
    "firstContentfulPaint": 733.7120435218746,
    "timeToInteractive": 2305.385482766694,
    "largestContentfulPaint": 1796.1000609492053,
    "cumulativeLayoutShift": 0.024165514904373287,
    "firstInputDelay": 61.16035467021297,
    "timestamp": 1774009621778
  },
  "runtime": {
    "memoryUsage": {
      "rss": 61898752,
      "heapUsed": 12562480,
      "heapTotal": 20119552,
      "external": 1970211
    },
    "startupTime": 319.214208,
    "cpuUsage": 169.811,
    "timestamp": 1774009621778
  },
  "violations": [],
  "recommendations": [
    "Largest file (index.js) is 100.0% of bundle - consider splitting or optimizing"
  ],
  "overallStatus": "pass"
}