{
  "timestamp": 1774629458207,
  "bundleSize": {
    "totalSize": 916,
    "gzippedSize": 423,
    "fileCount": 1,
    "largestFile": {
      "name": "index.js",
      "size": 916,
      "gzippedSize": 423
    },
    "breakdown": [
      {
        "name": "index.js",
        "size": 916,
        "gzippedSize": 423,
        "percentage": 100
      }
    ]
  },
  "webVitals": {
    "firstContentfulPaint": 1398.564534611388,
    "timeToInteractive": 2185.739221533622,
    "largestContentfulPaint": 1972.5356740937004,
    "cumulativeLayoutShift": 0.08188712292465568,
    "firstInputDelay": 35.51758892138955,
    "timestamp": 1774629458207
  },
  "runtime": {
    "memoryUsage": {
      "rss": 61734912,
      "heapUsed": 12444952,
      "heapTotal": 20381696,
      "external": 1966661
    },
    "startupTime": 2230.937167,
    "cpuUsage": 498.314,
    "timestamp": 1774629458207
  },
  "violations": [],
  "recommendations": [
    "Largest file (index.js) is 100.0% of bundle - consider splitting or optimizing"
  ],
  "overallStatus": "pass"
}