{
  "timestamp": 1774383582307,
  "bundleSize": {
    "totalSize": 916,
    "gzippedSize": 423,
    "fileCount": 1,
    "largestFile": {
      "name": "index.js",
      "size": 916,
      "gzippedSize": 423
    },
    "breakdown": [
      {
        "name": "index.js",
        "size": 916,
        "gzippedSize": 423,
        "percentage": 100
      }
    ]
  },
  "webVitals": {
    "firstContentfulPaint": 1443.7948367055171,
    "timeToInteractive": 2059.9144094969024,
    "largestContentfulPaint": 2482.378846635773,
    "cumulativeLayoutShift": 0.07508687064673175,
    "firstInputDelay": 43.93624876845594,
    "timestamp": 1774383582307
  },
  "runtime": {
    "memoryUsage": {
      "rss": 61734912,
      "heapUsed": 12470192,
      "heapTotal": 19595264,
      "external": 1965899
    },
    "startupTime": 596.361375,
    "cpuUsage": 184.103,
    "timestamp": 1774383582307
  },
  "violations": [],
  "recommendations": [
    "Largest file (index.js) is 100.0% of bundle - consider splitting or optimizing"
  ],
  "overallStatus": "pass"
}