{
  "timestamp": 1774048148996,
  "bundleSize": {
    "totalSize": 916,
    "gzippedSize": 423,
    "fileCount": 1,
    "largestFile": {
      "name": "index.js",
      "size": 916,
      "gzippedSize": 423
    },
    "breakdown": [
      {
        "name": "index.js",
        "size": 916,
        "gzippedSize": 423,
        "percentage": 100
      }
    ]
  },
  "webVitals": {
    "firstContentfulPaint": 1268.5097440673972,
    "timeToInteractive": 2179.690353790531,
    "largestContentfulPaint": 1830.4531011488111,
    "cumulativeLayoutShift": 0.055953083031235966,
    "firstInputDelay": 25.134705637637754,
    "timestamp": 1774048148996
  },
  "runtime": {
    "memoryUsage": {
      "rss": 62685184,
      "heapUsed": 13083224,
      "heapTotal": 20217856,
      "external": 1970223
    },
    "startupTime": 290.597625,
    "cpuUsage": 158.178,
    "timestamp": 1774048148996
  },
  "violations": [],
  "recommendations": [
    "Largest file (index.js) is 100.0% of bundle - consider splitting or optimizing"
  ],
  "overallStatus": "pass"
}