{
  "timestamp": 1773947859921,
  "bundleSize": {
    "totalSize": 916,
    "gzippedSize": 423,
    "fileCount": 1,
    "largestFile": {
      "name": "index.js",
      "size": 916,
      "gzippedSize": 423
    },
    "breakdown": [
      {
        "name": "index.js",
        "size": 916,
        "gzippedSize": 423,
        "percentage": 100
      }
    ]
  },
  "webVitals": {
    "firstContentfulPaint": 627.5994026420552,
    "timeToInteractive": 2602.5953969478223,
    "largestContentfulPaint": 2362.029158114223,
    "cumulativeLayoutShift": 0.00867424643231518,
    "firstInputDelay": 25.385384526494438,
    "timestamp": 1773947859921
  },
  "runtime": {
    "memoryUsage": {
      "rss": 62062592,
      "heapUsed": 12688392,
      "heapTotal": 19857408,
      "external": 1970223
    },
    "startupTime": 277.473291,
    "cpuUsage": 166.116,
    "timestamp": 1773947859921
  },
  "violations": [],
  "recommendations": [
    "Largest file (index.js) is 100.0% of bundle - consider splitting or optimizing"
  ],
  "overallStatus": "pass"
}