{
  "timestamp": 1774312396156,
  "bundleSize": {
    "totalSize": 916,
    "gzippedSize": 423,
    "fileCount": 1,
    "largestFile": {
      "name": "index.js",
      "size": 916,
      "gzippedSize": 423
    },
    "breakdown": [
      {
        "name": "index.js",
        "size": 916,
        "gzippedSize": 423,
        "percentage": 100
      }
    ]
  },
  "webVitals": {
    "firstContentfulPaint": 1101.1728520422184,
    "timeToInteractive": 2539.6053152287495,
    "largestContentfulPaint": 1628.0082446518531,
    "cumulativeLayoutShift": 0.033284344565234415,
    "firstInputDelay": 70.18055661202791,
    "timestamp": 1774312396156
  },
  "runtime": {
    "memoryUsage": {
      "rss": 64897024,
      "heapUsed": 12904360,
      "heapTotal": 20381696,
      "external": 2638760
    },
    "startupTime": 278.751167,
    "cpuUsage": 143.887,
    "timestamp": 1774312396156
  },
  "violations": [],
  "recommendations": [
    "Largest file (index.js) is 100.0% of bundle - consider splitting or optimizing"
  ],
  "overallStatus": "pass"
}