{
  "timestamp": 1774970930044,
  "bundleSize": {
    "totalSize": 952,
    "gzippedSize": 439,
    "fileCount": 1,
    "largestFile": {
      "name": "index.js",
      "size": 952,
      "gzippedSize": 439
    },
    "breakdown": [
      {
        "name": "index.js",
        "size": 952,
        "gzippedSize": 439,
        "percentage": 100
      }
    ]
  },
  "webVitals": {
    "firstContentfulPaint": 1348.765524339245,
    "timeToInteractive": 2985.1388000347806,
    "largestContentfulPaint": 1607.6025650148827,
    "cumulativeLayoutShift": 0.01103997797796017,
    "firstInputDelay": 28.574347996983906,
    "timestamp": 1774970930044
  },
  "runtime": {
    "memoryUsage": {
      "rss": 57131008,
      "heapUsed": 12609824,
      "heapTotal": 17874944,
      "external": 2740817
    },
    "startupTime": 163.887375,
    "cpuUsage": 100.56,
    "timestamp": 1774970930044
  },
  "violations": [],
  "recommendations": [
    "Largest file (index.js) is 100.0% of bundle - consider splitting or optimizing"
  ],
  "overallStatus": "pass"
}