{
  "timestamp": 1773941011108,
  "bundleSize": {
    "totalSize": 916,
    "gzippedSize": 423,
    "fileCount": 1,
    "largestFile": {
      "name": "index.js",
      "size": 916,
      "gzippedSize": 423
    },
    "breakdown": [
      {
        "name": "index.js",
        "size": 916,
        "gzippedSize": 423,
        "percentage": 100
      }
    ]
  },
  "webVitals": {
    "firstContentfulPaint": 1013.3927383837657,
    "timeToInteractive": 2533.7988147387255,
    "largestContentfulPaint": 2152.4618120055165,
    "cumulativeLayoutShift": 0.0851052311501634,
    "firstInputDelay": 34.28577374016842,
    "timestamp": 1773941011107
  },
  "runtime": {
    "memoryUsage": {
      "rss": 58245120,
      "heapUsed": 12937672,
      "heapTotal": 20414464,
      "external": 1970435
    },
    "startupTime": 995.096542,
    "cpuUsage": 185.381,
    "timestamp": 1773941011108
  },
  "violations": [],
  "recommendations": [
    "Largest file (index.js) is 100.0% of bundle - consider splitting or optimizing"
  ],
  "overallStatus": "pass"
}