{
  "timestamp": 1773860656786,
  "bundleSize": {
    "totalSize": 916,
    "gzippedSize": 423,
    "fileCount": 1,
    "largestFile": {
      "name": "index.js",
      "size": 916,
      "gzippedSize": 423
    },
    "breakdown": [
      {
        "name": "index.js",
        "size": 916,
        "gzippedSize": 423,
        "percentage": 100
      }
    ]
  },
  "webVitals": {
    "firstContentfulPaint": 650.5426977243571,
    "timeToInteractive": 2868.8921384350547,
    "largestContentfulPaint": 1746.150072077803,
    "cumulativeLayoutShift": 0.0036610525761814118,
    "firstInputDelay": 51.949040583554066,
    "timestamp": 1773860656786
  },
  "runtime": {
    "memoryUsage": {
      "rss": 62521344,
      "heapUsed": 12126192,
      "heapTotal": 19857408,
      "external": 1969708
    },
    "startupTime": 267.90825,
    "cpuUsage": 163.179,
    "timestamp": 1773860656786
  },
  "violations": [],
  "recommendations": [
    "Largest file (index.js) is 100.0% of bundle - consider splitting or optimizing"
  ],
  "overallStatus": "pass"
}