{
  "timestamp": 1774279551135,
  "bundleSize": {
    "totalSize": 916,
    "gzippedSize": 423,
    "fileCount": 1,
    "largestFile": {
      "name": "index.js",
      "size": 916,
      "gzippedSize": 423
    },
    "breakdown": [
      {
        "name": "index.js",
        "size": 916,
        "gzippedSize": 423,
        "percentage": 100
      }
    ]
  },
  "webVitals": {
    "firstContentfulPaint": 902.5393364283341,
    "timeToInteractive": 2486.695264378726,
    "largestContentfulPaint": 2342.5498674362407,
    "cumulativeLayoutShift": 0.06221446351736755,
    "firstInputDelay": 35.297408613828665,
    "timestamp": 1774279551134
  },
  "runtime": {
    "memoryUsage": {
      "rss": 61063168,
      "heapUsed": 12459416,
      "heapTotal": 20119552,
      "external": 1966661
    },
    "startupTime": 1882.532708,
    "cpuUsage": 193.363,
    "timestamp": 1774279551135
  },
  "violations": [],
  "recommendations": [
    "Largest file (index.js) is 100.0% of bundle - consider splitting or optimizing"
  ],
  "overallStatus": "pass"
}