{
  "timestamp": 1773779117829,
  "bundleSize": {
    "totalSize": 916,
    "gzippedSize": 423,
    "fileCount": 1,
    "largestFile": {
      "name": "index.js",
      "size": 916,
      "gzippedSize": 423
    },
    "breakdown": [
      {
        "name": "index.js",
        "size": 916,
        "gzippedSize": 423,
        "percentage": 100
      }
    ]
  },
  "webVitals": {
    "firstContentfulPaint": 1361.5110727765286,
    "timeToInteractive": 2139.2636287677924,
    "largestContentfulPaint": 2001.6976954497818,
    "cumulativeLayoutShift": 0.09927826447445316,
    "firstInputDelay": 70.46363704270264,
    "timestamp": 1773779117829
  },
  "runtime": {
    "memoryUsage": {
      "rss": 59850752,
      "heapUsed": 12234504,
      "heapTotal": 19595264,
      "external": 1966737
    },
    "startupTime": 1632.391208,
    "cpuUsage": 185.544,
    "timestamp": 1773779117829
  },
  "violations": [],
  "recommendations": [
    "Largest file (index.js) is 100.0% of bundle - consider splitting or optimizing"
  ],
  "overallStatus": "pass"
}