{
  "timestamp": 1774626058304,
  "bundleSize": {
    "totalSize": 916,
    "gzippedSize": 423,
    "fileCount": 1,
    "largestFile": {
      "name": "index.js",
      "size": 916,
      "gzippedSize": 423
    },
    "breakdown": [
      {
        "name": "index.js",
        "size": 916,
        "gzippedSize": 423,
        "percentage": 100
      }
    ]
  },
  "webVitals": {
    "firstContentfulPaint": 1099.4840196056512,
    "timeToInteractive": 2237.7633033738957,
    "largestContentfulPaint": 2482.2251184006536,
    "cumulativeLayoutShift": 0.03754999065944018,
    "firstInputDelay": 52.781981728726066,
    "timestamp": 1774626058304
  },
  "runtime": {
    "memoryUsage": {
      "rss": 62799872,
      "heapUsed": 13130448,
      "heapTotal": 20611072,
      "external": 1965854
    },
    "startupTime": 203.055209,
    "cpuUsage": 134.264,
    "timestamp": 1774626058304
  },
  "violations": [],
  "recommendations": [
    "Largest file (index.js) is 100.0% of bundle - consider splitting or optimizing"
  ],
  "overallStatus": "pass"
}