{
  "timestamp": 1774274682053,
  "bundleSize": {
    "totalSize": 916,
    "gzippedSize": 423,
    "fileCount": 1,
    "largestFile": {
      "name": "index.js",
      "size": 916,
      "gzippedSize": 423
    },
    "breakdown": [
      {
        "name": "index.js",
        "size": 916,
        "gzippedSize": 423,
        "percentage": 100
      }
    ]
  },
  "webVitals": {
    "firstContentfulPaint": 592.8522100338021,
    "timeToInteractive": 2510.2306746551603,
    "largestContentfulPaint": 1593.3392352584074,
    "cumulativeLayoutShift": 0.06968830697240876,
    "firstInputDelay": 39.02538945666847,
    "timestamp": 1774274682053
  },
  "runtime": {
    "memoryUsage": {
      "rss": 62423040,
      "heapUsed": 13153928,
      "heapTotal": 20283392,
      "external": 1966360
    },
    "startupTime": 1332.414833,
    "cpuUsage": 205.406,
    "timestamp": 1774274682053
  },
  "violations": [],
  "recommendations": [
    "Largest file (index.js) is 100.0% of bundle - consider splitting or optimizing"
  ],
  "overallStatus": "pass"
}