{
  "timestamp": 1774618132657,
  "bundleSize": {
    "totalSize": 916,
    "gzippedSize": 423,
    "fileCount": 1,
    "largestFile": {
      "name": "index.js",
      "size": 916,
      "gzippedSize": 423
    },
    "breakdown": [
      {
        "name": "index.js",
        "size": 916,
        "gzippedSize": 423,
        "percentage": 100
      }
    ]
  },
  "webVitals": {
    "firstContentfulPaint": 1127.227912468886,
    "timeToInteractive": 2135.1267137597843,
    "largestContentfulPaint": 1908.414822690819,
    "cumulativeLayoutShift": 0.06891259894122884,
    "firstInputDelay": 25.905882480256448,
    "timestamp": 1774618132657
  },
  "runtime": {
    "memoryUsage": {
      "rss": 62029824,
      "heapUsed": 13235464,
      "heapTotal": 20283392,
      "external": 1967087
    },
    "startupTime": 844.054959,
    "cpuUsage": 219.658,
    "timestamp": 1774618132657
  },
  "violations": [],
  "recommendations": [
    "Largest file (index.js) is 100.0% of bundle - consider splitting or optimizing"
  ],
  "overallStatus": "pass"
}