{
  "timestamp": 1774110810721,
  "bundleSize": {
    "totalSize": 916,
    "gzippedSize": 423,
    "fileCount": 1,
    "largestFile": {
      "name": "index.js",
      "size": 916,
      "gzippedSize": 423
    },
    "breakdown": [
      {
        "name": "index.js",
        "size": 916,
        "gzippedSize": 423,
        "percentage": 100
      }
    ]
  },
  "webVitals": {
    "firstContentfulPaint": 1017.0505389917059,
    "timeToInteractive": 2323.8036361511904,
    "largestContentfulPaint": 2122.247957808182,
    "cumulativeLayoutShift": 0.04184596376029584,
    "firstInputDelay": 64.43120980481592,
    "timestamp": 1774110810721
  },
  "runtime": {
    "memoryUsage": {
      "rss": 62078976,
      "heapUsed": 12545664,
      "heapTotal": 20381696,
      "external": 1965854
    },
    "startupTime": 221.899834,
    "cpuUsage": 139.641,
    "timestamp": 1774110810721
  },
  "violations": [],
  "recommendations": [
    "Largest file (index.js) is 100.0% of bundle - consider splitting or optimizing"
  ],
  "overallStatus": "pass"
}