{
  "timestamp": 1774271137586,
  "bundleSize": {
    "totalSize": 916,
    "gzippedSize": 423,
    "fileCount": 1,
    "largestFile": {
      "name": "index.js",
      "size": 916,
      "gzippedSize": 423
    },
    "breakdown": [
      {
        "name": "index.js",
        "size": 916,
        "gzippedSize": 423,
        "percentage": 100
      }
    ]
  },
  "webVitals": {
    "firstContentfulPaint": 1094.2720793373874,
    "timeToInteractive": 2315.0377126007925,
    "largestContentfulPaint": 1588.5535063466248,
    "cumulativeLayoutShift": 0.028812855073649658,
    "firstInputDelay": 26.996966202649254,
    "timestamp": 1774271137586
  },
  "runtime": {
    "memoryUsage": {
      "rss": 62259200,
      "heapUsed": 12793416,
      "heapTotal": 19922944,
      "external": 1965854
    },
    "startupTime": 201.111125,
    "cpuUsage": 135.067,
    "timestamp": 1774271137586
  },
  "violations": [],
  "recommendations": [
    "Largest file (index.js) is 100.0% of bundle - consider splitting or optimizing"
  ],
  "overallStatus": "pass"
}