{
  "timestamp": 1774459421610,
  "bundleSize": {
    "totalSize": 916,
    "gzippedSize": 423,
    "fileCount": 1,
    "largestFile": {
      "name": "index.js",
      "size": 916,
      "gzippedSize": 423
    },
    "breakdown": [
      {
        "name": "index.js",
        "size": 916,
        "gzippedSize": 423,
        "percentage": 100
      }
    ]
  },
  "webVitals": {
    "firstContentfulPaint": 1328.2102653685633,
    "timeToInteractive": 2070.451893184733,
    "largestContentfulPaint": 2236.8414856624495,
    "cumulativeLayoutShift": 0.002383526589163432,
    "firstInputDelay": 29.040072441108443,
    "timestamp": 1774459421610
  },
  "runtime": {
    "memoryUsage": {
      "rss": 61718528,
      "heapUsed": 12689352,
      "heapTotal": 19595264,
      "external": 1971725
    },
    "startupTime": 633.556041,
    "cpuUsage": 186.268,
    "timestamp": 1774459421610
  },
  "violations": [],
  "recommendations": [
    "Largest file (index.js) is 100.0% of bundle - consider splitting or optimizing"
  ],
  "overallStatus": "pass"
}