{
  "timestamp": 1774534334581,
  "bundleSize": {
    "totalSize": 916,
    "gzippedSize": 423,
    "fileCount": 1,
    "largestFile": {
      "name": "index.js",
      "size": 916,
      "gzippedSize": 423
    },
    "breakdown": [
      {
        "name": "index.js",
        "size": 916,
        "gzippedSize": 423,
        "percentage": 100
      }
    ]
  },
  "webVitals": {
    "firstContentfulPaint": 1054.2731572754965,
    "timeToInteractive": 2096.5674754190604,
    "largestContentfulPaint": 2130.352512420375,
    "cumulativeLayoutShift": 0.013003630018058666,
    "firstInputDelay": 37.30550257219751,
    "timestamp": 1774534334580
  },
  "runtime": {
    "memoryUsage": {
      "rss": 63455232,
      "heapUsed": 13288960,
      "heapTotal": 20086784,
      "external": 1971431
    },
    "startupTime": 229.810042,
    "cpuUsage": 142.274,
    "timestamp": 1774534334581
  },
  "violations": [],
  "recommendations": [
    "Largest file (index.js) is 100.0% of bundle - consider splitting or optimizing"
  ],
  "overallStatus": "pass"
}