{
  "timestamp": 1774006703506,
  "bundleSize": {
    "totalSize": 916,
    "gzippedSize": 423,
    "fileCount": 1,
    "largestFile": {
      "name": "index.js",
      "size": 916,
      "gzippedSize": 423
    },
    "breakdown": [
      {
        "name": "index.js",
        "size": 916,
        "gzippedSize": 423,
        "percentage": 100
      }
    ]
  },
  "webVitals": {
    "firstContentfulPaint": 1453.4453049802837,
    "timeToInteractive": 2319.8709638119853,
    "largestContentfulPaint": 2200.2661748006126,
    "cumulativeLayoutShift": 0.08761904816990834,
    "firstInputDelay": 37.497874651284945,
    "timestamp": 1774006703506
  },
  "runtime": {
    "memoryUsage": {
      "rss": 62324736,
      "heapUsed": 12933480,
      "heapTotal": 20152320,
      "external": 1970166
    },
    "startupTime": 294.369417,
    "cpuUsage": 172.634,
    "timestamp": 1774006703506
  },
  "violations": [],
  "recommendations": [
    "Largest file (index.js) is 100.0% of bundle - consider splitting or optimizing"
  ],
  "overallStatus": "pass"
}