{
  "timestamp": 1774027501119,
  "bundleSize": {
    "totalSize": 916,
    "gzippedSize": 423,
    "fileCount": 1,
    "largestFile": {
      "name": "index.js",
      "size": 916,
      "gzippedSize": 423
    },
    "breakdown": [
      {
        "name": "index.js",
        "size": 916,
        "gzippedSize": 423,
        "percentage": 100
      }
    ]
  },
  "webVitals": {
    "firstContentfulPaint": 549.7019378976491,
    "timeToInteractive": 2207.133617997412,
    "largestContentfulPaint": 2238.9026484791884,
    "cumulativeLayoutShift": 0.009719583359108275,
    "firstInputDelay": 45.438956036789804,
    "timestamp": 1774027501119
  },
  "runtime": {
    "memoryUsage": {
      "rss": 62734336,
      "heapUsed": 12792920,
      "heapTotal": 20414464,
      "external": 1969729
    },
    "startupTime": 384.716625,
    "cpuUsage": 192.941,
    "timestamp": 1774027501119
  },
  "violations": [],
  "recommendations": [
    "Largest file (index.js) is 100.0% of bundle - consider splitting or optimizing"
  ],
  "overallStatus": "pass"
}