{
  "timestamp": 1773888593705,
  "bundleSize": {
    "totalSize": 916,
    "gzippedSize": 423,
    "fileCount": 1,
    "largestFile": {
      "name": "index.js",
      "size": 916,
      "gzippedSize": 423
    },
    "breakdown": [
      {
        "name": "index.js",
        "size": 916,
        "gzippedSize": 423,
        "percentage": 100
      }
    ]
  },
  "webVitals": {
    "firstContentfulPaint": 589.3250341514333,
    "timeToInteractive": 2838.5746397401654,
    "largestContentfulPaint": 1748.4917948413483,
    "cumulativeLayoutShift": 0.004905180273229126,
    "firstInputDelay": 31.027502888153393,
    "timestamp": 1773888593705
  },
  "runtime": {
    "memoryUsage": {
      "rss": 63995904,
      "heapUsed": 13373432,
      "heapTotal": 21004288,
      "external": 1969228
    },
    "startupTime": 353.893125,
    "cpuUsage": 185.29,
    "timestamp": 1773888593705
  },
  "violations": [],
  "recommendations": [
    "Largest file (index.js) is 100.0% of bundle - consider splitting or optimizing"
  ],
  "overallStatus": "pass"
}