{
  "timestamp": 1774561448818,
  "bundleSize": {
    "totalSize": 916,
    "gzippedSize": 423,
    "fileCount": 1,
    "largestFile": {
      "name": "index.js",
      "size": 916,
      "gzippedSize": 423
    },
    "breakdown": [
      {
        "name": "index.js",
        "size": 916,
        "gzippedSize": 423,
        "percentage": 100
      }
    ]
  },
  "webVitals": {
    "firstContentfulPaint": 1077.8901709934953,
    "timeToInteractive": 2682.1114485919015,
    "largestContentfulPaint": 1850.9805935433317,
    "cumulativeLayoutShift": 0.06419527133724949,
    "firstInputDelay": 54.06120664608605,
    "timestamp": 1774561448818
  },
  "runtime": {
    "memoryUsage": {
      "rss": 62783488,
      "heapUsed": 12927728,
      "heapTotal": 20217856,
      "external": 1970223
    },
    "startupTime": 232.948375,
    "cpuUsage": 139.177,
    "timestamp": 1774561448818
  },
  "violations": [],
  "recommendations": [
    "Largest file (index.js) is 100.0% of bundle - consider splitting or optimizing"
  ],
  "overallStatus": "pass"
}