{
  "timestamp": 1774444893453,
  "bundleSize": {
    "totalSize": 916,
    "gzippedSize": 423,
    "fileCount": 1,
    "largestFile": {
      "name": "index.js",
      "size": 916,
      "gzippedSize": 423
    },
    "breakdown": [
      {
        "name": "index.js",
        "size": 916,
        "gzippedSize": 423,
        "percentage": 100
      }
    ]
  },
  "webVitals": {
    "firstContentfulPaint": 663.1224590181994,
    "timeToInteractive": 2772.737425500971,
    "largestContentfulPaint": 1723.850422722624,
    "cumulativeLayoutShift": 0.028892494101020995,
    "firstInputDelay": 42.248852013374304,
    "timestamp": 1774444893453
  },
  "runtime": {
    "memoryUsage": {
      "rss": 62144512,
      "heapUsed": 12400056,
      "heapTotal": 19857408,
      "external": 1970211
    },
    "startupTime": 283.181917,
    "cpuUsage": 155.823,
    "timestamp": 1774444893453
  },
  "violations": [],
  "recommendations": [
    "Largest file (index.js) is 100.0% of bundle - consider splitting or optimizing"
  ],
  "overallStatus": "pass"
}