{
  "timestamp": 1773945216868,
  "bundleSize": {
    "totalSize": 916,
    "gzippedSize": 423,
    "fileCount": 1,
    "largestFile": {
      "name": "index.js",
      "size": 916,
      "gzippedSize": 423
    },
    "breakdown": [
      {
        "name": "index.js",
        "size": 916,
        "gzippedSize": 423,
        "percentage": 100
      }
    ]
  },
  "webVitals": {
    "firstContentfulPaint": 950.1764146806217,
    "timeToInteractive": 2803.5348460027644,
    "largestContentfulPaint": 1598.0818332156362,
    "cumulativeLayoutShift": 0.044635093841849875,
    "firstInputDelay": 53.377568583967246,
    "timestamp": 1773945216868
  },
  "runtime": {
    "memoryUsage": {
      "rss": 62881792,
      "heapUsed": 13376288,
      "heapTotal": 20381696,
      "external": 1970223
    },
    "startupTime": 287.862958,
    "cpuUsage": 173.03,
    "timestamp": 1773945216868
  },
  "violations": [],
  "recommendations": [
    "Largest file (index.js) is 100.0% of bundle - consider splitting or optimizing"
  ],
  "overallStatus": "pass"
}