{
  "timestamp": 1774542599537,
  "bundleSize": {
    "totalSize": 916,
    "gzippedSize": 423,
    "fileCount": 1,
    "largestFile": {
      "name": "index.js",
      "size": 916,
      "gzippedSize": 423
    },
    "breakdown": [
      {
        "name": "index.js",
        "size": 916,
        "gzippedSize": 423,
        "percentage": 100
      }
    ]
  },
  "webVitals": {
    "firstContentfulPaint": 1170.392053166146,
    "timeToInteractive": 2691.2491209235714,
    "largestContentfulPaint": 1760.3038182846058,
    "cumulativeLayoutShift": 0.09827296590915056,
    "firstInputDelay": 32.03924068341565,
    "timestamp": 1774542599536
  },
  "runtime": {
    "memoryUsage": {
      "rss": 56000512,
      "heapUsed": 12743648,
      "heapTotal": 19595264,
      "external": 1967657
    },
    "startupTime": 8014.279917,
    "cpuUsage": 238.875,
    "timestamp": 1774542599537
  },
  "violations": [],
  "recommendations": [
    "Largest file (index.js) is 100.0% of bundle - consider splitting or optimizing"
  ],
  "overallStatus": "pass"
}