{
  "timestamp": 1773836153506,
  "bundleSize": {
    "totalSize": 916,
    "gzippedSize": 423,
    "fileCount": 1,
    "largestFile": {
      "name": "index.js",
      "size": 916,
      "gzippedSize": 423
    },
    "breakdown": [
      {
        "name": "index.js",
        "size": 916,
        "gzippedSize": 423,
        "percentage": 100
      }
    ]
  },
  "webVitals": {
    "firstContentfulPaint": 760.8453854330564,
    "timeToInteractive": 2823.6254359998356,
    "largestContentfulPaint": 2257.5380700952483,
    "cumulativeLayoutShift": 0.06169419537421925,
    "firstInputDelay": 45.84308990076307,
    "timestamp": 1773836153506
  },
  "runtime": {
    "memoryUsage": {
      "rss": 62078976,
      "heapUsed": 12247272,
      "heapTotal": 19857408,
      "external": 1970916
    },
    "startupTime": 248.923375,
    "cpuUsage": 149.164,
    "timestamp": 1773836153506
  },
  "violations": [],
  "recommendations": [
    "Largest file (index.js) is 100.0% of bundle - consider splitting or optimizing"
  ],
  "overallStatus": "pass"
}