{
  "timestamp": 1773673234850,
  "bundleSize": {
    "totalSize": 916,
    "gzippedSize": 423,
    "fileCount": 1,
    "largestFile": {
      "name": "index.js",
      "size": 916,
      "gzippedSize": 423
    },
    "breakdown": [
      {
        "name": "index.js",
        "size": 916,
        "gzippedSize": 423,
        "percentage": 100
      }
    ]
  },
  "webVitals": {
    "firstContentfulPaint": 1154.8248352289143,
    "timeToInteractive": 2655.3978596258303,
    "largestContentfulPaint": 1672.106009110987,
    "cumulativeLayoutShift": 0.07288095678528383,
    "firstInputDelay": 56.468041043433885,
    "timestamp": 1773673234850
  },
  "runtime": {
    "memoryUsage": {
      "rss": 62029824,
      "heapUsed": 11944576,
      "heapTotal": 20381696,
      "external": 1968196
    },
    "startupTime": 402.648833,
    "cpuUsage": 193.009,
    "timestamp": 1773673234850
  },
  "violations": [],
  "recommendations": [
    "Largest file (index.js) is 100.0% of bundle - consider splitting or optimizing"
  ],
  "overallStatus": "pass"
}