{
  "timestamp": 1774638701415,
  "bundleSize": {
    "totalSize": 916,
    "gzippedSize": 423,
    "fileCount": 1,
    "largestFile": {
      "name": "index.js",
      "size": 916,
      "gzippedSize": 423
    },
    "breakdown": [
      {
        "name": "index.js",
        "size": 916,
        "gzippedSize": 423,
        "percentage": 100
      }
    ]
  },
  "webVitals": {
    "firstContentfulPaint": 1252.4445885177036,
    "timeToInteractive": 2250.3384603942563,
    "largestContentfulPaint": 2230.424446210767,
    "cumulativeLayoutShift": 0.01133708394838624,
    "firstInputDelay": 65.05043755664579,
    "timestamp": 1774638701415
  },
  "runtime": {
    "memoryUsage": {
      "rss": 62799872,
      "heapUsed": 12925584,
      "heapTotal": 19955712,
      "external": 1971431
    },
    "startupTime": 223.927375,
    "cpuUsage": 148.416,
    "timestamp": 1774638701415
  },
  "violations": [],
  "recommendations": [
    "Largest file (index.js) is 100.0% of bundle - consider splitting or optimizing"
  ],
  "overallStatus": "pass"
}