{
  "timestamp": 1774279574406,
  "bundleSize": {
    "totalSize": 916,
    "gzippedSize": 423,
    "fileCount": 1,
    "largestFile": {
      "name": "index.js",
      "size": 916,
      "gzippedSize": 423
    },
    "breakdown": [
      {
        "name": "index.js",
        "size": 916,
        "gzippedSize": 423,
        "percentage": 100
      }
    ]
  },
  "webVitals": {
    "firstContentfulPaint": 1151.284127089716,
    "timeToInteractive": 2949.0410075274167,
    "largestContentfulPaint": 1909.5757860217764,
    "cumulativeLayoutShift": 0.039718108813117464,
    "firstInputDelay": 46.79214588606935,
    "timestamp": 1774279574406
  },
  "runtime": {
    "memoryUsage": {
      "rss": 62750720,
      "heapUsed": 12751568,
      "heapTotal": 20414464,
      "external": 1965833
    },
    "startupTime": 2241.543416,
    "cpuUsage": 186.169,
    "timestamp": 1774279574406
  },
  "violations": [],
  "recommendations": [
    "Largest file (index.js) is 100.0% of bundle - consider splitting or optimizing"
  ],
  "overallStatus": "pass"
}