{
  "timestamp": 1774012132554,
  "bundleSize": {
    "totalSize": 916,
    "gzippedSize": 423,
    "fileCount": 1,
    "largestFile": {
      "name": "index.js",
      "size": 916,
      "gzippedSize": 423
    },
    "breakdown": [
      {
        "name": "index.js",
        "size": 916,
        "gzippedSize": 423,
        "percentage": 100
      }
    ]
  },
  "webVitals": {
    "firstContentfulPaint": 803.2191291317974,
    "timeToInteractive": 2802.542004807253,
    "largestContentfulPaint": 2143.0605127134045,
    "cumulativeLayoutShift": 0.012485645609713325,
    "firstInputDelay": 42.10236028240529,
    "timestamp": 1774012132554
  },
  "runtime": {
    "memoryUsage": {
      "rss": 62619648,
      "heapUsed": 12908720,
      "heapTotal": 20512768,
      "external": 1969228
    },
    "startupTime": 386.466875,
    "cpuUsage": 184.971,
    "timestamp": 1774012132554
  },
  "violations": [],
  "recommendations": [
    "Largest file (index.js) is 100.0% of bundle - consider splitting or optimizing"
  ],
  "overallStatus": "pass"
}