{
  "timestamp": 1774543672774,
  "bundleSize": {
    "totalSize": 916,
    "gzippedSize": 423,
    "fileCount": 1,
    "largestFile": {
      "name": "index.js",
      "size": 916,
      "gzippedSize": 423
    },
    "breakdown": [
      {
        "name": "index.js",
        "size": 916,
        "gzippedSize": 423,
        "percentage": 100
      }
    ]
  },
  "webVitals": {
    "firstContentfulPaint": 1497.6934954378603,
    "timeToInteractive": 2568.282602592676,
    "largestContentfulPaint": 1782.8084229037609,
    "cumulativeLayoutShift": 0.03964125391213478,
    "firstInputDelay": 33.887082352614904,
    "timestamp": 1774543672774
  },
  "runtime": {
    "memoryUsage": {
      "rss": 61095936,
      "heapUsed": 12683088,
      "heapTotal": 19595264,
      "external": 1970672
    },
    "startupTime": 2709.229416,
    "cpuUsage": 197.195,
    "timestamp": 1774543672774
  },
  "violations": [],
  "recommendations": [
    "Largest file (index.js) is 100.0% of bundle - consider splitting or optimizing"
  ],
  "overallStatus": "pass"
}