{
  "timestamp": 1774658777647,
  "bundleSize": {
    "totalSize": 916,
    "gzippedSize": 423,
    "fileCount": 1,
    "largestFile": {
      "name": "index.js",
      "size": 916,
      "gzippedSize": 423
    },
    "breakdown": [
      {
        "name": "index.js",
        "size": 916,
        "gzippedSize": 423,
        "percentage": 100
      }
    ]
  },
  "webVitals": {
    "firstContentfulPaint": 1075.9256360098407,
    "timeToInteractive": 2168.728360297998,
    "largestContentfulPaint": 1751.0117025616846,
    "cumulativeLayoutShift": 0.02455660603153098,
    "firstInputDelay": 48.92934570340943,
    "timestamp": 1774658777647
  },
  "runtime": {
    "memoryUsage": {
      "rss": 61800448,
      "heapUsed": 12902632,
      "heapTotal": 19857408,
      "external": 1970223
    },
    "startupTime": 296.033916,
    "cpuUsage": 179.161,
    "timestamp": 1774658777647
  },
  "violations": [],
  "recommendations": [
    "Largest file (index.js) is 100.0% of bundle - consider splitting or optimizing"
  ],
  "overallStatus": "pass"
}