{
  "timestamp": 1774535412723,
  "bundleSize": {
    "totalSize": 916,
    "gzippedSize": 423,
    "fileCount": 1,
    "largestFile": {
      "name": "index.js",
      "size": 916,
      "gzippedSize": 423
    },
    "breakdown": [
      {
        "name": "index.js",
        "size": 916,
        "gzippedSize": 423,
        "percentage": 100
      }
    ]
  },
  "webVitals": {
    "firstContentfulPaint": 993.3357789102618,
    "timeToInteractive": 2991.782647192781,
    "largestContentfulPaint": 2055.2126833273433,
    "cumulativeLayoutShift": 0.034204753080989116,
    "firstInputDelay": 49.06508108879274,
    "timestamp": 1774535412723
  },
  "runtime": {
    "memoryUsage": {
      "rss": 61882368,
      "heapUsed": 12761568,
      "heapTotal": 19857408,
      "external": 1970223
    },
    "startupTime": 410.793042,
    "cpuUsage": 162.992,
    "timestamp": 1774535412723
  },
  "violations": [],
  "recommendations": [
    "Largest file (index.js) is 100.0% of bundle - consider splitting or optimizing"
  ],
  "overallStatus": "pass"
}