{
  "timestamp": 1774277907288,
  "bundleSize": {
    "totalSize": 916,
    "gzippedSize": 423,
    "fileCount": 1,
    "largestFile": {
      "name": "index.js",
      "size": 916,
      "gzippedSize": 423
    },
    "breakdown": [
      {
        "name": "index.js",
        "size": 916,
        "gzippedSize": 423,
        "percentage": 100
      }
    ]
  },
  "webVitals": {
    "firstContentfulPaint": 806.1851316584896,
    "timeToInteractive": 2559.6643812027114,
    "largestContentfulPaint": 2034.693182039639,
    "cumulativeLayoutShift": 0.031394262570460275,
    "firstInputDelay": 50.787743104570914,
    "timestamp": 1774277907288
  },
  "runtime": {
    "memoryUsage": {
      "rss": 61489152,
      "heapUsed": 12947648,
      "heapTotal": 20119552,
      "external": 1970435
    },
    "startupTime": 1098.084875,
    "cpuUsage": 194.835,
    "timestamp": 1774277907288
  },
  "violations": [],
  "recommendations": [
    "Largest file (index.js) is 100.0% of bundle - consider splitting or optimizing"
  ],
  "overallStatus": "pass"
}