{
  "timestamp": 1774618054596,
  "bundleSize": {
    "totalSize": 916,
    "gzippedSize": 423,
    "fileCount": 1,
    "largestFile": {
      "name": "index.js",
      "size": 916,
      "gzippedSize": 423
    },
    "breakdown": [
      {
        "name": "index.js",
        "size": 916,
        "gzippedSize": 423,
        "percentage": 100
      }
    ]
  },
  "webVitals": {
    "firstContentfulPaint": 1458.450945591909,
    "timeToInteractive": 2110.9911691231587,
    "largestContentfulPaint": 2189.033781667652,
    "cumulativeLayoutShift": 0.0025952425299689223,
    "firstInputDelay": 52.54253288189934,
    "timestamp": 1774618054596
  },
  "runtime": {
    "memoryUsage": {
      "rss": 62849024,
      "heapUsed": 13211040,
      "heapTotal": 20283392,
      "external": 1966713
    },
    "startupTime": 548.305333,
    "cpuUsage": 196.081,
    "timestamp": 1774618054596
  },
  "violations": [],
  "recommendations": [
    "Largest file (index.js) is 100.0% of bundle - consider splitting or optimizing"
  ],
  "overallStatus": "pass"
}