{
  "timestamp": 1773847916991,
  "bundleSize": {
    "totalSize": 916,
    "gzippedSize": 423,
    "fileCount": 1,
    "largestFile": {
      "name": "index.js",
      "size": 916,
      "gzippedSize": 423
    },
    "breakdown": [
      {
        "name": "index.js",
        "size": 916,
        "gzippedSize": 423,
        "percentage": 100
      }
    ]
  },
  "webVitals": {
    "firstContentfulPaint": 1097.5061622140254,
    "timeToInteractive": 2448.0124469128796,
    "largestContentfulPaint": 2495.004817418954,
    "cumulativeLayoutShift": 0.0017923684539910445,
    "firstInputDelay": 68.52977957906901,
    "timestamp": 1773847916991
  },
  "runtime": {
    "memoryUsage": {
      "rss": 59588608,
      "heapUsed": 12032336,
      "heapTotal": 20119552,
      "external": 1965318
    },
    "startupTime": 1684.594083,
    "cpuUsage": 192.588,
    "timestamp": 1773847916991
  },
  "violations": [],
  "recommendations": [
    "Largest file (index.js) is 100.0% of bundle - consider splitting or optimizing"
  ],
  "overallStatus": "pass"
}