{
  "timestamp": 1774458446980,
  "bundleSize": {
    "totalSize": 916,
    "gzippedSize": 423,
    "fileCount": 1,
    "largestFile": {
      "name": "index.js",
      "size": 916,
      "gzippedSize": 423
    },
    "breakdown": [
      {
        "name": "index.js",
        "size": 916,
        "gzippedSize": 423,
        "percentage": 100
      }
    ]
  },
  "webVitals": {
    "firstContentfulPaint": 1264.0896285789486,
    "timeToInteractive": 2513.4462501282014,
    "largestContentfulPaint": 2451.3265423767625,
    "cumulativeLayoutShift": 0.040348277495699296,
    "firstInputDelay": 65.04442900839163,
    "timestamp": 1774458446980
  },
  "runtime": {
    "memoryUsage": {
      "rss": 62013440,
      "heapUsed": 12343216,
      "heapTotal": 20119552,
      "external": 1965854
    },
    "startupTime": 186.500834,
    "cpuUsage": 125.391,
    "timestamp": 1774458446980
  },
  "violations": [],
  "recommendations": [
    "Largest file (index.js) is 100.0% of bundle - consider splitting or optimizing"
  ],
  "overallStatus": "pass"
}