{
  "timestamp": 1774278915188,
  "bundleSize": {
    "totalSize": 916,
    "gzippedSize": 423,
    "fileCount": 1,
    "largestFile": {
      "name": "index.js",
      "size": 916,
      "gzippedSize": 423
    },
    "breakdown": [
      {
        "name": "index.js",
        "size": 916,
        "gzippedSize": 423,
        "percentage": 100
      }
    ]
  },
  "webVitals": {
    "firstContentfulPaint": 844.5192077910028,
    "timeToInteractive": 2059.4836556899127,
    "largestContentfulPaint": 2333.136265586326,
    "cumulativeLayoutShift": 0.006714436593293871,
    "firstInputDelay": 35.79752415396956,
    "timestamp": 1774278915187
  },
  "runtime": {
    "memoryUsage": {
      "rss": 61652992,
      "heapUsed": 12540688,
      "heapTotal": 19595264,
      "external": 1965854
    },
    "startupTime": 220.255125,
    "cpuUsage": 146.769,
    "timestamp": 1774278915188
  },
  "violations": [],
  "recommendations": [
    "Largest file (index.js) is 100.0% of bundle - consider splitting or optimizing"
  ],
  "overallStatus": "pass"
}