{
  "timestamp": 1773771324549,
  "bundleSize": {
    "totalSize": 916,
    "gzippedSize": 423,
    "fileCount": 1,
    "largestFile": {
      "name": "index.js",
      "size": 916,
      "gzippedSize": 423
    },
    "breakdown": [
      {
        "name": "index.js",
        "size": 916,
        "gzippedSize": 423,
        "percentage": 100
      }
    ]
  },
  "webVitals": {
    "firstContentfulPaint": 1483.5905856092627,
    "timeToInteractive": 2752.8832928866577,
    "largestContentfulPaint": 1774.5891650444678,
    "cumulativeLayoutShift": 0.03746595950735845,
    "firstInputDelay": 65.13779657285998,
    "timestamp": 1773771324549
  },
  "runtime": {
    "memoryUsage": {
      "rss": 61800448,
      "heapUsed": 12070408,
      "heapTotal": 19857408,
      "external": 1969708
    },
    "startupTime": 316.851584,
    "cpuUsage": 164.642,
    "timestamp": 1773771324549
  },
  "violations": [],
  "recommendations": [
    "Largest file (index.js) is 100.0% of bundle - consider splitting or optimizing"
  ],
  "overallStatus": "pass"
}