{
  "timestamp": 1773853783710,
  "bundleSize": {
    "totalSize": 916,
    "gzippedSize": 423,
    "fileCount": 1,
    "largestFile": {
      "name": "index.js",
      "size": 916,
      "gzippedSize": 423
    },
    "breakdown": [
      {
        "name": "index.js",
        "size": 916,
        "gzippedSize": 423,
        "percentage": 100
      }
    ]
  },
  "webVitals": {
    "firstContentfulPaint": 1491.9758548414438,
    "timeToInteractive": 2322.8876317143254,
    "largestContentfulPaint": 1961.203412486213,
    "cumulativeLayoutShift": 0.056947681985201816,
    "firstInputDelay": 49.62222934200189,
    "timestamp": 1773853783710
  },
  "runtime": {
    "memoryUsage": {
      "rss": 62324736,
      "heapUsed": 12298272,
      "heapTotal": 19857408,
      "external": 1965845
    },
    "startupTime": 678.011291,
    "cpuUsage": 180.336,
    "timestamp": 1773853783710
  },
  "violations": [],
  "recommendations": [
    "Largest file (index.js) is 100.0% of bundle - consider splitting or optimizing"
  ],
  "overallStatus": "pass"
}