{
  "timestamp": 1774622275268,
  "bundleSize": {
    "totalSize": 916,
    "gzippedSize": 423,
    "fileCount": 1,
    "largestFile": {
      "name": "index.js",
      "size": 916,
      "gzippedSize": 423
    },
    "breakdown": [
      {
        "name": "index.js",
        "size": 916,
        "gzippedSize": 423,
        "percentage": 100
      }
    ]
  },
  "webVitals": {
    "firstContentfulPaint": 549.5948608178949,
    "timeToInteractive": 2640.761730025294,
    "largestContentfulPaint": 2391.9766819726606,
    "cumulativeLayoutShift": 0.07630780288120637,
    "firstInputDelay": 26.294244118795408,
    "timestamp": 1774622275267
  },
  "runtime": {
    "memoryUsage": {
      "rss": 62259200,
      "heapUsed": 12620072,
      "heapTotal": 20119552,
      "external": 1970211
    },
    "startupTime": 517.529667,
    "cpuUsage": 178.511,
    "timestamp": 1774622275268
  },
  "violations": [],
  "recommendations": [
    "Largest file (index.js) is 100.0% of bundle - consider splitting or optimizing"
  ],
  "overallStatus": "pass"
}