{
  "timestamp": 1774035309064,
  "bundleSize": {
    "totalSize": 916,
    "gzippedSize": 423,
    "fileCount": 1,
    "largestFile": {
      "name": "index.js",
      "size": 916,
      "gzippedSize": 423
    },
    "breakdown": [
      {
        "name": "index.js",
        "size": 916,
        "gzippedSize": 423,
        "percentage": 100
      }
    ]
  },
  "webVitals": {
    "firstContentfulPaint": 1399.9854637170552,
    "timeToInteractive": 2807.622764724834,
    "largestContentfulPaint": 2311.8045697182215,
    "cumulativeLayoutShift": 0.039523360766919514,
    "firstInputDelay": 33.67693141492275,
    "timestamp": 1774035309064
  },
  "runtime": {
    "memoryUsage": {
      "rss": 62996480,
      "heapUsed": 13194264,
      "heapTotal": 20512768,
      "external": 1965899
    },
    "startupTime": 444.616583,
    "cpuUsage": 213.873,
    "timestamp": 1774035309064
  },
  "violations": [],
  "recommendations": [
    "Largest file (index.js) is 100.0% of bundle - consider splitting or optimizing"
  ],
  "overallStatus": "pass"
}