{
  "timestamp": 1774440188385,
  "bundleSize": {
    "totalSize": 916,
    "gzippedSize": 423,
    "fileCount": 1,
    "largestFile": {
      "name": "index.js",
      "size": 916,
      "gzippedSize": 423
    },
    "breakdown": [
      {
        "name": "index.js",
        "size": 916,
        "gzippedSize": 423,
        "percentage": 100
      }
    ]
  },
  "webVitals": {
    "firstContentfulPaint": 1316.6742855715343,
    "timeToInteractive": 2250.3072847411663,
    "largestContentfulPaint": 2009.7039283137774,
    "cumulativeLayoutShift": 0.0941317119889596,
    "firstInputDelay": 45.78628002028432,
    "timestamp": 1774440188385
  },
  "runtime": {
    "memoryUsage": {
      "rss": 57163776,
      "heapUsed": 12633616,
      "heapTotal": 18284544,
      "external": 2760809
    },
    "startupTime": 165.637625,
    "cpuUsage": 112.997,
    "timestamp": 1774440188385
  },
  "violations": [],
  "recommendations": [
    "Largest file (index.js) is 100.0% of bundle - consider splitting or optimizing"
  ],
  "overallStatus": "pass"
}