{
  "timestamp": 1774624940182,
  "bundleSize": {
    "totalSize": 916,
    "gzippedSize": 423,
    "fileCount": 1,
    "largestFile": {
      "name": "index.js",
      "size": 916,
      "gzippedSize": 423
    },
    "breakdown": [
      {
        "name": "index.js",
        "size": 916,
        "gzippedSize": 423,
        "percentage": 100
      }
    ]
  },
  "webVitals": {
    "firstContentfulPaint": 1009.2719872596994,
    "timeToInteractive": 2835.6093189599446,
    "largestContentfulPaint": 2434.7550905785156,
    "cumulativeLayoutShift": 0.07159455059760769,
    "firstInputDelay": 72.83513352580937,
    "timestamp": 1774624940181
  },
  "runtime": {
    "memoryUsage": {
      "rss": 61636608,
      "heapUsed": 12623784,
      "heapTotal": 20119552,
      "external": 1965854
    },
    "startupTime": 194.883084,
    "cpuUsage": 130.151,
    "timestamp": 1774624940182
  },
  "violations": [],
  "recommendations": [
    "Largest file (index.js) is 100.0% of bundle - consider splitting or optimizing"
  ],
  "overallStatus": "pass"
}