{
  "timestamp": 1774013532253,
  "bundleSize": {
    "totalSize": 916,
    "gzippedSize": 423,
    "fileCount": 1,
    "largestFile": {
      "name": "index.js",
      "size": 916,
      "gzippedSize": 423
    },
    "breakdown": [
      {
        "name": "index.js",
        "size": 916,
        "gzippedSize": 423,
        "percentage": 100
      }
    ]
  },
  "webVitals": {
    "firstContentfulPaint": 1213.7482248652032,
    "timeToInteractive": 2490.9010911306736,
    "largestContentfulPaint": 1573.5209708799257,
    "cumulativeLayoutShift": 0.03080416186064321,
    "firstInputDelay": 36.41571641159841,
    "timestamp": 1774013532253
  },
  "runtime": {
    "memoryUsage": {
      "rss": 63471616,
      "heapUsed": 12767096,
      "heapTotal": 20709376,
      "external": 1969216
    },
    "startupTime": 320.41825,
    "cpuUsage": 182.531,
    "timestamp": 1774013532253
  },
  "violations": [],
  "recommendations": [
    "Largest file (index.js) is 100.0% of bundle - consider splitting or optimizing"
  ],
  "overallStatus": "pass"
}