{
  "timestamp": 1774305111522,
  "bundleSize": {
    "totalSize": 916,
    "gzippedSize": 423,
    "fileCount": 1,
    "largestFile": {
      "name": "index.js",
      "size": 916,
      "gzippedSize": 423
    },
    "breakdown": [
      {
        "name": "index.js",
        "size": 916,
        "gzippedSize": 423,
        "percentage": 100
      }
    ]
  },
  "webVitals": {
    "firstContentfulPaint": 1189.6141774361854,
    "timeToInteractive": 2434.460594697006,
    "largestContentfulPaint": 1698.3294141593706,
    "cumulativeLayoutShift": 0.09669624505678179,
    "firstInputDelay": 61.994948800296214,
    "timestamp": 1774305111522
  },
  "runtime": {
    "memoryUsage": {
      "rss": 62603264,
      "heapUsed": 13206240,
      "heapTotal": 20283392,
      "external": 1970223
    },
    "startupTime": 266.278792,
    "cpuUsage": 144.77,
    "timestamp": 1774305111522
  },
  "violations": [],
  "recommendations": [
    "Largest file (index.js) is 100.0% of bundle - consider splitting or optimizing"
  ],
  "overallStatus": "pass"
}