{
  "timestamp": 1774029833021,
  "bundleSize": {
    "totalSize": 916,
    "gzippedSize": 423,
    "fileCount": 1,
    "largestFile": {
      "name": "index.js",
      "size": 916,
      "gzippedSize": 423
    },
    "breakdown": [
      {
        "name": "index.js",
        "size": 916,
        "gzippedSize": 423,
        "percentage": 100
      }
    ]
  },
  "webVitals": {
    "firstContentfulPaint": 1411.9418154777118,
    "timeToInteractive": 2102.00795945128,
    "largestContentfulPaint": 1862.7833987787974,
    "cumulativeLayoutShift": 0.019816951612815714,
    "firstInputDelay": 59.172211600744276,
    "timestamp": 1774029833021
  },
  "runtime": {
    "memoryUsage": {
      "rss": 62390272,
      "heapUsed": 12489176,
      "heapTotal": 19857408,
      "external": 1970211
    },
    "startupTime": 330.227375,
    "cpuUsage": 180.774,
    "timestamp": 1774029833021
  },
  "violations": [],
  "recommendations": [
    "Largest file (index.js) is 100.0% of bundle - consider splitting or optimizing"
  ],
  "overallStatus": "pass"
}