{
  "timestamp": 1774631764558,
  "bundleSize": {
    "totalSize": 916,
    "gzippedSize": 423,
    "fileCount": 1,
    "largestFile": {
      "name": "index.js",
      "size": 916,
      "gzippedSize": 423
    },
    "breakdown": [
      {
        "name": "index.js",
        "size": 916,
        "gzippedSize": 423,
        "percentage": 100
      }
    ]
  },
  "webVitals": {
    "firstContentfulPaint": 1167.3368186746507,
    "timeToInteractive": 2428.5848586369943,
    "largestContentfulPaint": 2084.365372353188,
    "cumulativeLayoutShift": 0.04293919572079852,
    "firstInputDelay": 32.237964064809454,
    "timestamp": 1774631764558
  },
  "runtime": {
    "memoryUsage": {
      "rss": 61472768,
      "heapUsed": 12899680,
      "heapTotal": 19595264,
      "external": 1970672
    },
    "startupTime": 1305.281458,
    "cpuUsage": 192.325,
    "timestamp": 1774631764558
  },
  "violations": [],
  "recommendations": [
    "Largest file (index.js) is 100.0% of bundle - consider splitting or optimizing"
  ],
  "overallStatus": "pass"
}