{
  "timestamp": 1774224665229,
  "bundleSize": {
    "totalSize": 916,
    "gzippedSize": 423,
    "fileCount": 1,
    "largestFile": {
      "name": "index.js",
      "size": 916,
      "gzippedSize": 423
    },
    "breakdown": [
      {
        "name": "index.js",
        "size": 916,
        "gzippedSize": 423,
        "percentage": 100
      }
    ]
  },
  "webVitals": {
    "firstContentfulPaint": 1095.5289557646097,
    "timeToInteractive": 2120.1222812731257,
    "largestContentfulPaint": 1928.875563139152,
    "cumulativeLayoutShift": 0.07211880507913242,
    "firstInputDelay": 33.45453138725859,
    "timestamp": 1774224665229
  },
  "runtime": {
    "memoryUsage": {
      "rss": 63078400,
      "heapUsed": 13851160,
      "heapTotal": 20578304,
      "external": 1971431
    },
    "startupTime": 219.472625,
    "cpuUsage": 136.559,
    "timestamp": 1774224665229
  },
  "violations": [],
  "recommendations": [
    "Largest file (index.js) is 100.0% of bundle - consider splitting or optimizing"
  ],
  "overallStatus": "pass"
}