{
  "timestamp": 1774223280276,
  "bundleSize": {
    "totalSize": 916,
    "gzippedSize": 423,
    "fileCount": 1,
    "largestFile": {
      "name": "index.js",
      "size": 916,
      "gzippedSize": 423
    },
    "breakdown": [
      {
        "name": "index.js",
        "size": 916,
        "gzippedSize": 423,
        "percentage": 100
      }
    ]
  },
  "webVitals": {
    "firstContentfulPaint": 544.1922425310215,
    "timeToInteractive": 2485.0343806588894,
    "largestContentfulPaint": 1648.134120117341,
    "cumulativeLayoutShift": 0.002679015562569465,
    "firstInputDelay": 54.69637353054073,
    "timestamp": 1774223280276
  },
  "runtime": {
    "memoryUsage": {
      "rss": 62111744,
      "heapUsed": 12910568,
      "heapTotal": 19595264,
      "external": 1970223
    },
    "startupTime": 343.097458,
    "cpuUsage": 176.521,
    "timestamp": 1774223280276
  },
  "violations": [],
  "recommendations": [
    "Largest file (index.js) is 100.0% of bundle - consider splitting or optimizing"
  ],
  "overallStatus": "pass"
}