{
  "timestamp": 1774223712340,
  "bundleSize": {
    "totalSize": 916,
    "gzippedSize": 423,
    "fileCount": 1,
    "largestFile": {
      "name": "index.js",
      "size": 916,
      "gzippedSize": 423
    },
    "breakdown": [
      {
        "name": "index.js",
        "size": 916,
        "gzippedSize": 423,
        "percentage": 100
      }
    ]
  },
  "webVitals": {
    "firstContentfulPaint": 1262.0027597503695,
    "timeToInteractive": 2477.0327918073467,
    "largestContentfulPaint": 2472.1376927401407,
    "cumulativeLayoutShift": 0.050513997883869344,
    "firstInputDelay": 39.38749544678046,
    "timestamp": 1774223712339
  },
  "runtime": {
    "memoryUsage": {
      "rss": 62078976,
      "heapUsed": 12412472,
      "heapTotal": 19857408,
      "external": 1965854
    },
    "startupTime": 233.911542,
    "cpuUsage": 145.385,
    "timestamp": 1774223712340
  },
  "violations": [],
  "recommendations": [
    "Largest file (index.js) is 100.0% of bundle - consider splitting or optimizing"
  ],
  "overallStatus": "pass"
}