{
  "timestamp": 1774360386222,
  "bundleSize": {
    "totalSize": 916,
    "gzippedSize": 423,
    "fileCount": 1,
    "largestFile": {
      "name": "index.js",
      "size": 916,
      "gzippedSize": 423
    },
    "breakdown": [
      {
        "name": "index.js",
        "size": 916,
        "gzippedSize": 423,
        "percentage": 100
      }
    ]
  },
  "webVitals": {
    "firstContentfulPaint": 713.5784590860528,
    "timeToInteractive": 2290.142076250833,
    "largestContentfulPaint": 2456.1450366374074,
    "cumulativeLayoutShift": 0.007823857938924062,
    "firstInputDelay": 47.16725092711336,
    "timestamp": 1774360386222
  },
  "runtime": {
    "memoryUsage": {
      "rss": 62210048,
      "heapUsed": 12688640,
      "heapTotal": 19857408,
      "external": 1965854
    },
    "startupTime": 196.366083,
    "cpuUsage": 129.614,
    "timestamp": 1774360386222
  },
  "violations": [],
  "recommendations": [
    "Largest file (index.js) is 100.0% of bundle - consider splitting or optimizing"
  ],
  "overallStatus": "pass"
}