{
  "timestamp": 1773678660939,
  "bundleSize": {
    "totalSize": 916,
    "gzippedSize": 423,
    "fileCount": 1,
    "largestFile": {
      "name": "index.js",
      "size": 916,
      "gzippedSize": 423
    },
    "breakdown": [
      {
        "name": "index.js",
        "size": 916,
        "gzippedSize": 423,
        "percentage": 100
      }
    ]
  },
  "webVitals": {
    "firstContentfulPaint": 1225.4706141413853,
    "timeToInteractive": 2153.60800538674,
    "largestContentfulPaint": 1578.8410595844487,
    "cumulativeLayoutShift": 0.08876083962346551,
    "firstInputDelay": 38.609866488912694,
    "timestamp": 1773678660939
  },
  "runtime": {
    "memoryUsage": {
      "rss": 62128128,
      "heapUsed": 12096168,
      "heapTotal": 20119552,
      "external": 1970916
    },
    "startupTime": 288.882667,
    "cpuUsage": 174.473,
    "timestamp": 1773678660939
  },
  "violations": [],
  "recommendations": [
    "Largest file (index.js) is 100.0% of bundle - consider splitting or optimizing"
  ],
  "overallStatus": "pass"
}