{
  "timestamp": 1774626618180,
  "bundleSize": {
    "totalSize": 916,
    "gzippedSize": 423,
    "fileCount": 1,
    "largestFile": {
      "name": "index.js",
      "size": 916,
      "gzippedSize": 423
    },
    "breakdown": [
      {
        "name": "index.js",
        "size": 916,
        "gzippedSize": 423,
        "percentage": 100
      }
    ]
  },
  "webVitals": {
    "firstContentfulPaint": 1235.031250974069,
    "timeToInteractive": 2178.6110489448874,
    "largestContentfulPaint": 1694.6174628785561,
    "cumulativeLayoutShift": 0.006859841500670961,
    "firstInputDelay": 38.21587199268197,
    "timestamp": 1774626618180
  },
  "runtime": {
    "memoryUsage": {
      "rss": 62046208,
      "heapUsed": 12402224,
      "heapTotal": 20119552,
      "external": 1965854
    },
    "startupTime": 196.854667,
    "cpuUsage": 127.506,
    "timestamp": 1774626618180
  },
  "violations": [],
  "recommendations": [
    "Largest file (index.js) is 100.0% of bundle - consider splitting or optimizing"
  ],
  "overallStatus": "pass"
}