{
  "timestamp": 1774559159143,
  "bundleSize": {
    "totalSize": 916,
    "gzippedSize": 423,
    "fileCount": 1,
    "largestFile": {
      "name": "index.js",
      "size": 916,
      "gzippedSize": 423
    },
    "breakdown": [
      {
        "name": "index.js",
        "size": 916,
        "gzippedSize": 423,
        "percentage": 100
      }
    ]
  },
  "webVitals": {
    "firstContentfulPaint": 1023.6345280131474,
    "timeToInteractive": 2109.2362882820607,
    "largestContentfulPaint": 1914.5548203225344,
    "cumulativeLayoutShift": 0.015685740857732913,
    "firstInputDelay": 59.82423388154447,
    "timestamp": 1774559159143
  },
  "runtime": {
    "memoryUsage": {
      "rss": 61980672,
      "heapUsed": 12685816,
      "heapTotal": 19857408,
      "external": 1970223
    },
    "startupTime": 274.615583,
    "cpuUsage": 161.927,
    "timestamp": 1774559159143
  },
  "violations": [],
  "recommendations": [
    "Largest file (index.js) is 100.0% of bundle - consider splitting or optimizing"
  ],
  "overallStatus": "pass"
}