{
  "timestamp": 1774382424600,
  "bundleSize": {
    "totalSize": 916,
    "gzippedSize": 423,
    "fileCount": 1,
    "largestFile": {
      "name": "index.js",
      "size": 916,
      "gzippedSize": 423
    },
    "breakdown": [
      {
        "name": "index.js",
        "size": 916,
        "gzippedSize": 423,
        "percentage": 100
      }
    ]
  },
  "webVitals": {
    "firstContentfulPaint": 1252.457599323389,
    "timeToInteractive": 2916.1935877588726,
    "largestContentfulPaint": 1642.4263201525714,
    "cumulativeLayoutShift": 0.06974723207503833,
    "firstInputDelay": 42.49317532916527,
    "timestamp": 1774382424599
  },
  "runtime": {
    "memoryUsage": {
      "rss": 61865984,
      "heapUsed": 12262064,
      "heapTotal": 19857408,
      "external": 1969978
    },
    "startupTime": 497.853375,
    "cpuUsage": 185.623,
    "timestamp": 1774382424600
  },
  "violations": [],
  "recommendations": [
    "Largest file (index.js) is 100.0% of bundle - consider splitting or optimizing"
  ],
  "overallStatus": "pass"
}