{
  "timestamp": 1774113345686,
  "bundleSize": {
    "totalSize": 916,
    "gzippedSize": 423,
    "fileCount": 1,
    "largestFile": {
      "name": "index.js",
      "size": 916,
      "gzippedSize": 423
    },
    "breakdown": [
      {
        "name": "index.js",
        "size": 916,
        "gzippedSize": 423,
        "percentage": 100
      }
    ]
  },
  "webVitals": {
    "firstContentfulPaint": 1283.7236827966726,
    "timeToInteractive": 2218.4933554128447,
    "largestContentfulPaint": 2364.2271824212257,
    "cumulativeLayoutShift": 0.07684507381404325,
    "firstInputDelay": 62.36875445676859,
    "timestamp": 1774113345686
  },
  "runtime": {
    "memoryUsage": {
      "rss": 62210048,
      "heapUsed": 13316096,
      "heapTotal": 20086784,
      "external": 1970211
    },
    "startupTime": 594.412834,
    "cpuUsage": 168.728,
    "timestamp": 1774113345686
  },
  "violations": [],
  "recommendations": [
    "Largest file (index.js) is 100.0% of bundle - consider splitting or optimizing"
  ],
  "overallStatus": "pass"
}