{
  "timestamp": 1773851637952,
  "bundleSize": {
    "totalSize": 916,
    "gzippedSize": 423,
    "fileCount": 1,
    "largestFile": {
      "name": "index.js",
      "size": 916,
      "gzippedSize": 423
    },
    "breakdown": [
      {
        "name": "index.js",
        "size": 916,
        "gzippedSize": 423,
        "percentage": 100
      }
    ]
  },
  "webVitals": {
    "firstContentfulPaint": 648.0135766901516,
    "timeToInteractive": 2089.696998024335,
    "largestContentfulPaint": 2277.8075828709193,
    "cumulativeLayoutShift": 0.010937628913443477,
    "firstInputDelay": 58.74401013961086,
    "timestamp": 1773851637952
  },
  "runtime": {
    "memoryUsage": {
      "rss": 62160896,
      "heapUsed": 12237056,
      "heapTotal": 19857408,
      "external": 1965633
    },
    "startupTime": 1202.317208,
    "cpuUsage": 176.872,
    "timestamp": 1773851637952
  },
  "violations": [],
  "recommendations": [
    "Largest file (index.js) is 100.0% of bundle - consider splitting or optimizing"
  ],
  "overallStatus": "pass"
}