{
  "timestamp": 1774559657199,
  "bundleSize": {
    "totalSize": 916,
    "gzippedSize": 423,
    "fileCount": 1,
    "largestFile": {
      "name": "index.js",
      "size": 916,
      "gzippedSize": 423
    },
    "breakdown": [
      {
        "name": "index.js",
        "size": 916,
        "gzippedSize": 423,
        "percentage": 100
      }
    ]
  },
  "webVitals": {
    "firstContentfulPaint": 1218.7179204387667,
    "timeToInteractive": 2738.3948159152437,
    "largestContentfulPaint": 1659.7069211359517,
    "cumulativeLayoutShift": 0.013592402109296643,
    "firstInputDelay": 27.809196810579884,
    "timestamp": 1774559657199
  },
  "runtime": {
    "memoryUsage": {
      "rss": 62603264,
      "heapUsed": 13008232,
      "heapTotal": 20217856,
      "external": 1970949
    },
    "startupTime": 228.823542,
    "cpuUsage": 138.459,
    "timestamp": 1774559657199
  },
  "violations": [],
  "recommendations": [
    "Largest file (index.js) is 100.0% of bundle - consider splitting or optimizing"
  ],
  "overallStatus": "pass"
}