{
  "timestamp": 1774440868503,
  "bundleSize": {
    "totalSize": 916,
    "gzippedSize": 423,
    "fileCount": 1,
    "largestFile": {
      "name": "index.js",
      "size": 916,
      "gzippedSize": 423
    },
    "breakdown": [
      {
        "name": "index.js",
        "size": 916,
        "gzippedSize": 423,
        "percentage": 100
      }
    ]
  },
  "webVitals": {
    "firstContentfulPaint": 1332.6027213997993,
    "timeToInteractive": 2726.775051445462,
    "largestContentfulPaint": 1550.2626323100494,
    "cumulativeLayoutShift": 0.04082691936574219,
    "firstInputDelay": 55.397009849145704,
    "timestamp": 1774440868503
  },
  "runtime": {
    "memoryUsage": {
      "rss": 62390272,
      "heapUsed": 12251648,
      "heapTotal": 20381696,
      "external": 1964859
    },
    "startupTime": 239.623458,
    "cpuUsage": 150.996,
    "timestamp": 1774440868503
  },
  "violations": [],
  "recommendations": [
    "Largest file (index.js) is 100.0% of bundle - consider splitting or optimizing"
  ],
  "overallStatus": "pass"
}