{
  "timestamp": 1773686233143,
  "bundleSize": {
    "totalSize": 916,
    "gzippedSize": 423,
    "fileCount": 1,
    "largestFile": {
      "name": "index.js",
      "size": 916,
      "gzippedSize": 423
    },
    "breakdown": [
      {
        "name": "index.js",
        "size": 916,
        "gzippedSize": 423,
        "percentage": 100
      }
    ]
  },
  "webVitals": {
    "firstContentfulPaint": 1080.425432393234,
    "timeToInteractive": 2514.7570004754866,
    "largestContentfulPaint": 2486.427088245098,
    "cumulativeLayoutShift": 0.047974178554062434,
    "firstInputDelay": 66.31715497618282,
    "timestamp": 1773686233143
  },
  "runtime": {
    "memoryUsage": {
      "rss": 61636608,
      "heapUsed": 12118960,
      "heapTotal": 20119552,
      "external": 1969696
    },
    "startupTime": 297.269834,
    "cpuUsage": 159.693,
    "timestamp": 1773686233143
  },
  "violations": [],
  "recommendations": [
    "Largest file (index.js) is 100.0% of bundle - consider splitting or optimizing"
  ],
  "overallStatus": "pass"
}