{
  "timestamp": 1773782514342,
  "bundleSize": {
    "totalSize": 916,
    "gzippedSize": 423,
    "fileCount": 1,
    "largestFile": {
      "name": "index.js",
      "size": 916,
      "gzippedSize": 423
    },
    "breakdown": [
      {
        "name": "index.js",
        "size": 916,
        "gzippedSize": 423,
        "percentage": 100
      }
    ]
  },
  "webVitals": {
    "firstContentfulPaint": 1342.8530446363866,
    "timeToInteractive": 2197.795151517255,
    "largestContentfulPaint": 1626.7219702218722,
    "cumulativeLayoutShift": 0.05863993983945895,
    "firstInputDelay": 52.943332341887796,
    "timestamp": 1773782514342
  },
  "runtime": {
    "memoryUsage": {
      "rss": 62210048,
      "heapUsed": 11957792,
      "heapTotal": 20381696,
      "external": 1964344
    },
    "startupTime": 347.480625,
    "cpuUsage": 165.521,
    "timestamp": 1773782514342
  },
  "violations": [],
  "recommendations": [
    "Largest file (index.js) is 100.0% of bundle - consider splitting or optimizing"
  ],
  "overallStatus": "pass"
}