{
  "timestamp": 1774627879744,
  "bundleSize": {
    "totalSize": 916,
    "gzippedSize": 423,
    "fileCount": 1,
    "largestFile": {
      "name": "index.js",
      "size": 916,
      "gzippedSize": 423
    },
    "breakdown": [
      {
        "name": "index.js",
        "size": 916,
        "gzippedSize": 423,
        "percentage": 100
      }
    ]
  },
  "webVitals": {
    "firstContentfulPaint": 925.9707101523711,
    "timeToInteractive": 2043.9510449961742,
    "largestContentfulPaint": 2441.8920994280165,
    "cumulativeLayoutShift": 0.04016611065833216,
    "firstInputDelay": 55.39353518558625,
    "timestamp": 1774627879744
  },
  "runtime": {
    "memoryUsage": {
      "rss": 62193664,
      "heapUsed": 12712864,
      "heapTotal": 20119552,
      "external": 1965854
    },
    "startupTime": 213.214833,
    "cpuUsage": 137.885,
    "timestamp": 1774627879744
  },
  "violations": [],
  "recommendations": [
    "Largest file (index.js) is 100.0% of bundle - consider splitting or optimizing"
  ],
  "overallStatus": "pass"
}