{
  "timestamp": 1774543229479,
  "bundleSize": {
    "totalSize": 916,
    "gzippedSize": 423,
    "fileCount": 1,
    "largestFile": {
      "name": "index.js",
      "size": 916,
      "gzippedSize": 423
    },
    "breakdown": [
      {
        "name": "index.js",
        "size": 916,
        "gzippedSize": 423,
        "percentage": 100
      }
    ]
  },
  "webVitals": {
    "firstContentfulPaint": 555.6058942803887,
    "timeToInteractive": 2329.0388466034105,
    "largestContentfulPaint": 1574.6057290681358,
    "cumulativeLayoutShift": 0.09441649656227653,
    "firstInputDelay": 33.390186921386444,
    "timestamp": 1774543229470
  },
  "runtime": {
    "memoryUsage": {
      "rss": 56688640,
      "heapUsed": 13139664,
      "heapTotal": 20185088,
      "external": 1967702
    },
    "startupTime": 8136.737209,
    "cpuUsage": 237.71,
    "timestamp": 1774543229479
  },
  "violations": [],
  "recommendations": [
    "Largest file (index.js) is 100.0% of bundle - consider splitting or optimizing"
  ],
  "overallStatus": "pass"
}