{
  "timestamp": 1774436457931,
  "bundleSize": {
    "totalSize": 916,
    "gzippedSize": 423,
    "fileCount": 1,
    "largestFile": {
      "name": "index.js",
      "size": 916,
      "gzippedSize": 423
    },
    "breakdown": [
      {
        "name": "index.js",
        "size": 916,
        "gzippedSize": 423,
        "percentage": 100
      }
    ]
  },
  "webVitals": {
    "firstContentfulPaint": 714.7739356882544,
    "timeToInteractive": 2938.8221106536203,
    "largestContentfulPaint": 2023.1842749044445,
    "cumulativeLayoutShift": 0.034800441787702634,
    "firstInputDelay": 29.694210107943498,
    "timestamp": 1774436457931
  },
  "runtime": {
    "memoryUsage": {
      "rss": 62095360,
      "heapUsed": 12736872,
      "heapTotal": 19857408,
      "external": 1971431
    },
    "startupTime": 232.867042,
    "cpuUsage": 150.806,
    "timestamp": 1774436457931
  },
  "violations": [],
  "recommendations": [
    "Largest file (index.js) is 100.0% of bundle - consider splitting or optimizing"
  ],
  "overallStatus": "pass"
}