{
  "timestamp": 1773878814304,
  "bundleSize": {
    "totalSize": 916,
    "gzippedSize": 423,
    "fileCount": 1,
    "largestFile": {
      "name": "index.js",
      "size": 916,
      "gzippedSize": 423
    },
    "breakdown": [
      {
        "name": "index.js",
        "size": 916,
        "gzippedSize": 423,
        "percentage": 100
      }
    ]
  },
  "webVitals": {
    "firstContentfulPaint": 1446.1268366228405,
    "timeToInteractive": 2804.6621487138273,
    "largestContentfulPaint": 1500.0282026810955,
    "cumulativeLayoutShift": 0.00011001111540294152,
    "firstInputDelay": 58.65024728735072,
    "timestamp": 1773878814304
  },
  "runtime": {
    "memoryUsage": {
      "rss": 62652416,
      "heapUsed": 12804904,
      "heapTotal": 20152320,
      "external": 1965584
    },
    "startupTime": 669.176833,
    "cpuUsage": 194.591,
    "timestamp": 1773878814304
  },
  "violations": [],
  "recommendations": [
    "Largest file (index.js) is 100.0% of bundle - consider splitting or optimizing"
  ],
  "overallStatus": "pass"
}