{
  "timestamp": 1774370655941,
  "bundleSize": {
    "totalSize": 916,
    "gzippedSize": 423,
    "fileCount": 1,
    "largestFile": {
      "name": "index.js",
      "size": 916,
      "gzippedSize": 423
    },
    "breakdown": [
      {
        "name": "index.js",
        "size": 916,
        "gzippedSize": 423,
        "percentage": 100
      }
    ]
  },
  "webVitals": {
    "firstContentfulPaint": 1432.4712888180757,
    "timeToInteractive": 2071.5585115645654,
    "largestContentfulPaint": 1687.6464893999673,
    "cumulativeLayoutShift": 0.037775174974564,
    "firstInputDelay": 31.250723841102158,
    "timestamp": 1774370655941
  },
  "runtime": {
    "memoryUsage": {
      "rss": 62095360,
      "heapUsed": 12910032,
      "heapTotal": 19857408,
      "external": 1971431
    },
    "startupTime": 228.427333,
    "cpuUsage": 142.223,
    "timestamp": 1774370655941
  },
  "violations": [],
  "recommendations": [
    "Largest file (index.js) is 100.0% of bundle - consider splitting or optimizing"
  ],
  "overallStatus": "pass"
}