{
  "timestamp": 1774347990111,
  "bundleSize": {
    "totalSize": 916,
    "gzippedSize": 423,
    "fileCount": 1,
    "largestFile": {
      "name": "index.js",
      "size": 916,
      "gzippedSize": 423
    },
    "breakdown": [
      {
        "name": "index.js",
        "size": 916,
        "gzippedSize": 423,
        "percentage": 100
      }
    ]
  },
  "webVitals": {
    "firstContentfulPaint": 1123.7330333946509,
    "timeToInteractive": 2444.203486711206,
    "largestContentfulPaint": 1551.395972432643,
    "cumulativeLayoutShift": 0.005462267623848893,
    "firstInputDelay": 28.937232982851448,
    "timestamp": 1774347990111
  },
  "runtime": {
    "memoryUsage": {
      "rss": 61227008,
      "heapUsed": 12394736,
      "heapTotal": 20119552,
      "external": 1971431
    },
    "startupTime": 227.546625,
    "cpuUsage": 135.683,
    "timestamp": 1774347990111
  },
  "violations": [],
  "recommendations": [
    "Largest file (index.js) is 100.0% of bundle - consider splitting or optimizing"
  ],
  "overallStatus": "pass"
}