{
  "timestamp": 1774543444193,
  "bundleSize": {
    "totalSize": 916,
    "gzippedSize": 423,
    "fileCount": 1,
    "largestFile": {
      "name": "index.js",
      "size": 916,
      "gzippedSize": 423
    },
    "breakdown": [
      {
        "name": "index.js",
        "size": 916,
        "gzippedSize": 423,
        "percentage": 100
      }
    ]
  },
  "webVitals": {
    "firstContentfulPaint": 766.7938605550737,
    "timeToInteractive": 2529.9295092874945,
    "largestContentfulPaint": 2466.442101141389,
    "cumulativeLayoutShift": 0.09227829391745662,
    "firstInputDelay": 57.37090555321761,
    "timestamp": 1774543444193
  },
  "runtime": {
    "memoryUsage": {
      "rss": 57458688,
      "heapUsed": 12422536,
      "heapTotal": 19857408,
      "external": 1966360
    },
    "startupTime": 2232.440042,
    "cpuUsage": 202.926,
    "timestamp": 1774543444193
  },
  "violations": [],
  "recommendations": [
    "Largest file (index.js) is 100.0% of bundle - consider splitting or optimizing"
  ],
  "overallStatus": "pass"
}