{
  "timestamp": 1773946567143,
  "bundleSize": {
    "totalSize": 916,
    "gzippedSize": 423,
    "fileCount": 1,
    "largestFile": {
      "name": "index.js",
      "size": 916,
      "gzippedSize": 423
    },
    "breakdown": [
      {
        "name": "index.js",
        "size": 916,
        "gzippedSize": 423,
        "percentage": 100
      }
    ]
  },
  "webVitals": {
    "firstContentfulPaint": 700.957483631264,
    "timeToInteractive": 2847.9524398147105,
    "largestContentfulPaint": 2161.7548421794163,
    "cumulativeLayoutShift": 0.048762699645165844,
    "firstInputDelay": 47.058210645407804,
    "timestamp": 1773946567143
  },
  "runtime": {
    "memoryUsage": {
      "rss": 62619648,
      "heapUsed": 13124232,
      "heapTotal": 20611072,
      "external": 1970223
    },
    "startupTime": 284.25325,
    "cpuUsage": 169.328,
    "timestamp": 1773946567143
  },
  "violations": [],
  "recommendations": [
    "Largest file (index.js) is 100.0% of bundle - consider splitting or optimizing"
  ],
  "overallStatus": "pass"
}