{
  "timestamp": 1774440550467,
  "bundleSize": {
    "totalSize": 916,
    "gzippedSize": 423,
    "fileCount": 1,
    "largestFile": {
      "name": "index.js",
      "size": 916,
      "gzippedSize": 423
    },
    "breakdown": [
      {
        "name": "index.js",
        "size": 916,
        "gzippedSize": 423,
        "percentage": 100
      }
    ]
  },
  "webVitals": {
    "firstContentfulPaint": 1308.248086273149,
    "timeToInteractive": 2613.0716400212477,
    "largestContentfulPaint": 2450.401836943809,
    "cumulativeLayoutShift": 0.000009593237108562747,
    "firstInputDelay": 70.30425120015312,
    "timestamp": 1774440550467
  },
  "runtime": {
    "memoryUsage": {
      "rss": 63864832,
      "heapUsed": 14301368,
      "heapTotal": 19333120,
      "external": 2644228
    },
    "startupTime": 320.458458,
    "cpuUsage": 163.377,
    "timestamp": 1774440550467
  },
  "violations": [],
  "recommendations": [
    "Largest file (index.js) is 100.0% of bundle - consider splitting or optimizing"
  ],
  "overallStatus": "pass"
}