{
  "timestamp": 1774194456790,
  "bundleSize": {
    "totalSize": 916,
    "gzippedSize": 423,
    "fileCount": 1,
    "largestFile": {
      "name": "index.js",
      "size": 916,
      "gzippedSize": 423
    },
    "breakdown": [
      {
        "name": "index.js",
        "size": 916,
        "gzippedSize": 423,
        "percentage": 100
      }
    ]
  },
  "webVitals": {
    "firstContentfulPaint": 1356.5663743184623,
    "timeToInteractive": 2938.3816058501534,
    "largestContentfulPaint": 2190.466413087435,
    "cumulativeLayoutShift": 0.05613024567417966,
    "firstInputDelay": 57.04694156078247,
    "timestamp": 1774194456790
  },
  "runtime": {
    "memoryUsage": {
      "rss": 61652992,
      "heapUsed": 12442560,
      "heapTotal": 19595264,
      "external": 1970166
    },
    "startupTime": 265.930958,
    "cpuUsage": 153.844,
    "timestamp": 1774194456790
  },
  "violations": [],
  "recommendations": [
    "Largest file (index.js) is 100.0% of bundle - consider splitting or optimizing"
  ],
  "overallStatus": "pass"
}