{
  "timestamp": 1774446302621,
  "bundleSize": {
    "totalSize": 916,
    "gzippedSize": 423,
    "fileCount": 1,
    "largestFile": {
      "name": "index.js",
      "size": 916,
      "gzippedSize": 423
    },
    "breakdown": [
      {
        "name": "index.js",
        "size": 916,
        "gzippedSize": 423,
        "percentage": 100
      }
    ]
  },
  "webVitals": {
    "firstContentfulPaint": 1487.5118410858177,
    "timeToInteractive": 2336.3317110249563,
    "largestContentfulPaint": 2464.440599615999,
    "cumulativeLayoutShift": 0.04992533485165123,
    "firstInputDelay": 37.60912291816329,
    "timestamp": 1774446302621
  },
  "runtime": {
    "memoryUsage": {
      "rss": 61669376,
      "heapUsed": 12514816,
      "heapTotal": 19595264,
      "external": 1970332
    },
    "startupTime": 239.521666,
    "cpuUsage": 142.333,
    "timestamp": 1774446302621
  },
  "violations": [],
  "recommendations": [
    "Largest file (index.js) is 100.0% of bundle - consider splitting or optimizing"
  ],
  "overallStatus": "pass"
}