{
  "timestamp": 1774457630174,
  "bundleSize": {
    "totalSize": 916,
    "gzippedSize": 423,
    "fileCount": 1,
    "largestFile": {
      "name": "index.js",
      "size": 916,
      "gzippedSize": 423
    },
    "breakdown": [
      {
        "name": "index.js",
        "size": 916,
        "gzippedSize": 423,
        "percentage": 100
      }
    ]
  },
  "webVitals": {
    "firstContentfulPaint": 1014.1830749717586,
    "timeToInteractive": 2046.823392598163,
    "largestContentfulPaint": 1784.5691212097074,
    "cumulativeLayoutShift": 0.05943137207125178,
    "firstInputDelay": 40.445557979712035,
    "timestamp": 1774457630174
  },
  "runtime": {
    "memoryUsage": {
      "rss": 63504384,
      "heapUsed": 13445440,
      "heapTotal": 21004288,
      "external": 1970190
    },
    "startupTime": 1121.203417,
    "cpuUsage": 180.588,
    "timestamp": 1774457630174
  },
  "violations": [],
  "recommendations": [
    "Largest file (index.js) is 100.0% of bundle - consider splitting or optimizing"
  ],
  "overallStatus": "pass"
}