{
  "timestamp": 1773756578816,
  "bundleSize": {
    "totalSize": 916,
    "gzippedSize": 423,
    "fileCount": 1,
    "largestFile": {
      "name": "index.js",
      "size": 916,
      "gzippedSize": 423
    },
    "breakdown": [
      {
        "name": "index.js",
        "size": 916,
        "gzippedSize": 423,
        "percentage": 100
      }
    ]
  },
  "webVitals": {
    "firstContentfulPaint": 543.7364737069208,
    "timeToInteractive": 2294.383267210496,
    "largestContentfulPaint": 1957.3992916921297,
    "cumulativeLayoutShift": 0.05063370248119732,
    "firstInputDelay": 35.043333655343275,
    "timestamp": 1773756578815
  },
  "runtime": {
    "memoryUsage": {
      "rss": 62128128,
      "heapUsed": 12080824,
      "heapTotal": 19857408,
      "external": 1969708
    },
    "startupTime": 329.821791,
    "cpuUsage": 179.434,
    "timestamp": 1773756578816
  },
  "violations": [],
  "recommendations": [
    "Largest file (index.js) is 100.0% of bundle - consider splitting or optimizing"
  ],
  "overallStatus": "pass"
}