{
  "timestamp": 1774017628391,
  "bundleSize": {
    "totalSize": 916,
    "gzippedSize": 423,
    "fileCount": 1,
    "largestFile": {
      "name": "index.js",
      "size": 916,
      "gzippedSize": 423
    },
    "breakdown": [
      {
        "name": "index.js",
        "size": 916,
        "gzippedSize": 423,
        "percentage": 100
      }
    ]
  },
  "webVitals": {
    "firstContentfulPaint": 1297.9532859701044,
    "timeToInteractive": 2156.9243381522924,
    "largestContentfulPaint": 2080.383813366714,
    "cumulativeLayoutShift": 0.048500585400875984,
    "firstInputDelay": 57.59380046187762,
    "timestamp": 1774017628391
  },
  "runtime": {
    "memoryUsage": {
      "rss": 62472192,
      "heapUsed": 12481984,
      "heapTotal": 19857408,
      "external": 1970223
    },
    "startupTime": 674.050208,
    "cpuUsage": 198.454,
    "timestamp": 1774017628391
  },
  "violations": [],
  "recommendations": [
    "Largest file (index.js) is 100.0% of bundle - consider splitting or optimizing"
  ],
  "overallStatus": "pass"
}