{
  "timestamp": 1773932811378,
  "bundleSize": {
    "totalSize": 916,
    "gzippedSize": 423,
    "fileCount": 1,
    "largestFile": {
      "name": "index.js",
      "size": 916,
      "gzippedSize": 423
    },
    "breakdown": [
      {
        "name": "index.js",
        "size": 916,
        "gzippedSize": 423,
        "percentage": 100
      }
    ]
  },
  "webVitals": {
    "firstContentfulPaint": 1210.5153480621968,
    "timeToInteractive": 2420.813277678908,
    "largestContentfulPaint": 1969.3022929660713,
    "cumulativeLayoutShift": 0.04891246784507417,
    "firstInputDelay": 73.53013151824717,
    "timestamp": 1773932811378
  },
  "runtime": {
    "memoryUsage": {
      "rss": 61816832,
      "heapUsed": 12901848,
      "heapTotal": 19857408,
      "external": 1970211
    },
    "startupTime": 274.247625,
    "cpuUsage": 150.872,
    "timestamp": 1773932811378
  },
  "violations": [],
  "recommendations": [
    "Largest file (index.js) is 100.0% of bundle - consider splitting or optimizing"
  ],
  "overallStatus": "pass"
}