{
  "timestamp": 1774541602159,
  "bundleSize": {
    "totalSize": 916,
    "gzippedSize": 423,
    "fileCount": 1,
    "largestFile": {
      "name": "index.js",
      "size": 916,
      "gzippedSize": 423
    },
    "breakdown": [
      {
        "name": "index.js",
        "size": 916,
        "gzippedSize": 423,
        "percentage": 100
      }
    ]
  },
  "webVitals": {
    "firstContentfulPaint": 1432.993039514532,
    "timeToInteractive": 2411.4442617378495,
    "largestContentfulPaint": 1720.9064825431963,
    "cumulativeLayoutShift": 0.002666283163854222,
    "firstInputDelay": 70.50520681393427,
    "timestamp": 1774541602159
  },
  "runtime": {
    "memoryUsage": {
      "rss": 57032704,
      "heapUsed": 12589112,
      "heapTotal": 20381696,
      "external": 1965321
    },
    "startupTime": 7614.459625,
    "cpuUsage": 224.829,
    "timestamp": 1774541602159
  },
  "violations": [],
  "recommendations": [
    "Largest file (index.js) is 100.0% of bundle - consider splitting or optimizing"
  ],
  "overallStatus": "pass"
}