{
  "timestamp": 1773782387086,
  "bundleSize": {
    "totalSize": 916,
    "gzippedSize": 423,
    "fileCount": 1,
    "largestFile": {
      "name": "index.js",
      "size": 916,
      "gzippedSize": 423
    },
    "breakdown": [
      {
        "name": "index.js",
        "size": 916,
        "gzippedSize": 423,
        "percentage": 100
      }
    ]
  },
  "webVitals": {
    "firstContentfulPaint": 605.9895309538937,
    "timeToInteractive": 2190.1511806807484,
    "largestContentfulPaint": 1605.7572478422874,
    "cumulativeLayoutShift": 0.04017105575525684,
    "firstInputDelay": 60.727618894515544,
    "timestamp": 1773782387086
  },
  "runtime": {
    "memoryUsage": {
      "rss": 61718528,
      "heapUsed": 12237928,
      "heapTotal": 19857408,
      "external": 1965845
    },
    "startupTime": 436.483875,
    "cpuUsage": 166.576,
    "timestamp": 1773782387086
  },
  "violations": [],
  "recommendations": [
    "Largest file (index.js) is 100.0% of bundle - consider splitting or optimizing"
  ],
  "overallStatus": "pass"
}