{
  "timestamp": 1774267624568,
  "bundleSize": {
    "totalSize": 916,
    "gzippedSize": 423,
    "fileCount": 1,
    "largestFile": {
      "name": "index.js",
      "size": 916,
      "gzippedSize": 423
    },
    "breakdown": [
      {
        "name": "index.js",
        "size": 916,
        "gzippedSize": 423,
        "percentage": 100
      }
    ]
  },
  "webVitals": {
    "firstContentfulPaint": 588.259988649378,
    "timeToInteractive": 2694.1192118575646,
    "largestContentfulPaint": 2199.6237027242373,
    "cumulativeLayoutShift": 0.09270783693484344,
    "firstInputDelay": 44.06517296617898,
    "timestamp": 1774267624568
  },
  "runtime": {
    "memoryUsage": {
      "rss": 61603840,
      "heapUsed": 12699000,
      "heapTotal": 19595264,
      "external": 1970435
    },
    "startupTime": 1273.391042,
    "cpuUsage": 188.383,
    "timestamp": 1774267624568
  },
  "violations": [],
  "recommendations": [
    "Largest file (index.js) is 100.0% of bundle - consider splitting or optimizing"
  ],
  "overallStatus": "pass"
}