{
  "timestamp": 1774470010425,
  "bundleSize": {
    "totalSize": 916,
    "gzippedSize": 423,
    "fileCount": 1,
    "largestFile": {
      "name": "index.js",
      "size": 916,
      "gzippedSize": 423
    },
    "breakdown": [
      {
        "name": "index.js",
        "size": 916,
        "gzippedSize": 423,
        "percentage": 100
      }
    ]
  },
  "webVitals": {
    "firstContentfulPaint": 906.3113069147912,
    "timeToInteractive": 2941.05394697961,
    "largestContentfulPaint": 2295.2273915952737,
    "cumulativeLayoutShift": 0.006105848972526662,
    "firstInputDelay": 30.335020259857757,
    "timestamp": 1774470010425
  },
  "runtime": {
    "memoryUsage": {
      "rss": 62111744,
      "heapUsed": 12572288,
      "heapTotal": 19857408,
      "external": 1970223
    },
    "startupTime": 261.039416,
    "cpuUsage": 160.406,
    "timestamp": 1774470010425
  },
  "violations": [],
  "recommendations": [
    "Largest file (index.js) is 100.0% of bundle - consider splitting or optimizing"
  ],
  "overallStatus": "pass"
}