{
  "timestamp": 1774730309088,
  "bundleSize": {
    "totalSize": 916,
    "gzippedSize": 423,
    "fileCount": 1,
    "largestFile": {
      "name": "index.js",
      "size": 916,
      "gzippedSize": 423
    },
    "breakdown": [
      {
        "name": "index.js",
        "size": 916,
        "gzippedSize": 423,
        "percentage": 100
      }
    ]
  },
  "webVitals": {
    "firstContentfulPaint": 777.1808575291894,
    "timeToInteractive": 2661.77390265569,
    "largestContentfulPaint": 2121.0945310310117,
    "cumulativeLayoutShift": 0.007374725925263115,
    "firstInputDelay": 52.643203744975985,
    "timestamp": 1774730309088
  },
  "runtime": {
    "memoryUsage": {
      "rss": 61767680,
      "heapUsed": 12851576,
      "heapTotal": 20381696,
      "external": 1970726
    },
    "startupTime": 401.476417,
    "cpuUsage": 159.981,
    "timestamp": 1774730309088
  },
  "violations": [],
  "recommendations": [
    "Largest file (index.js) is 100.0% of bundle - consider splitting or optimizing"
  ],
  "overallStatus": "pass"
}