{
  "timestamp": 1774267793287,
  "bundleSize": {
    "totalSize": 916,
    "gzippedSize": 423,
    "fileCount": 1,
    "largestFile": {
      "name": "index.js",
      "size": 916,
      "gzippedSize": 423
    },
    "breakdown": [
      {
        "name": "index.js",
        "size": 916,
        "gzippedSize": 423,
        "percentage": 100
      }
    ]
  },
  "webVitals": {
    "firstContentfulPaint": 511.5407111729291,
    "timeToInteractive": 2810.5548127197453,
    "largestContentfulPaint": 1889.7529872829118,
    "cumulativeLayoutShift": 0.045140200459273964,
    "firstInputDelay": 66.83016881310284,
    "timestamp": 1774267793287
  },
  "runtime": {
    "memoryUsage": {
      "rss": 62963712,
      "heapUsed": 13351544,
      "heapTotal": 20086784,
      "external": 1970223
    },
    "startupTime": 490.177292,
    "cpuUsage": 170.748,
    "timestamp": 1774267793287
  },
  "violations": [],
  "recommendations": [
    "Largest file (index.js) is 100.0% of bundle - consider splitting or optimizing"
  ],
  "overallStatus": "pass"
}