{
  "timestamp": 1774228872666,
  "bundleSize": {
    "totalSize": 916,
    "gzippedSize": 423,
    "fileCount": 1,
    "largestFile": {
      "name": "index.js",
      "size": 916,
      "gzippedSize": 423
    },
    "breakdown": [
      {
        "name": "index.js",
        "size": 916,
        "gzippedSize": 423,
        "percentage": 100
      }
    ]
  },
  "webVitals": {
    "firstContentfulPaint": 1242.1899047172633,
    "timeToInteractive": 2623.777830692425,
    "largestContentfulPaint": 1994.6650934689105,
    "cumulativeLayoutShift": 0.0385021964039827,
    "firstInputDelay": 37.901636172041364,
    "timestamp": 1774228872665
  },
  "runtime": {
    "memoryUsage": {
      "rss": 62439424,
      "heapUsed": 12969944,
      "heapTotal": 19922944,
      "external": 1970672
    },
    "startupTime": 858.325666,
    "cpuUsage": 204.879,
    "timestamp": 1774228872666
  },
  "violations": [],
  "recommendations": [
    "Largest file (index.js) is 100.0% of bundle - consider splitting or optimizing"
  ],
  "overallStatus": "pass"
}