{
  "timestamp": 1774222804552,
  "bundleSize": {
    "totalSize": 916,
    "gzippedSize": 423,
    "fileCount": 1,
    "largestFile": {
      "name": "index.js",
      "size": 916,
      "gzippedSize": 423
    },
    "breakdown": [
      {
        "name": "index.js",
        "size": 916,
        "gzippedSize": 423,
        "percentage": 100
      }
    ]
  },
  "webVitals": {
    "firstContentfulPaint": 832.3879794798222,
    "timeToInteractive": 2958.8377407735943,
    "largestContentfulPaint": 2268.1286237354143,
    "cumulativeLayoutShift": 0.05116795584946443,
    "firstInputDelay": 61.30456327739585,
    "timestamp": 1774222804552
  },
  "runtime": {
    "memoryUsage": {
      "rss": 55590912,
      "heapUsed": 12397008,
      "heapTotal": 19595264,
      "external": 1967702
    },
    "startupTime": 6006.571667,
    "cpuUsage": 206.565,
    "timestamp": 1774222804552
  },
  "violations": [],
  "recommendations": [
    "Largest file (index.js) is 100.0% of bundle - consider splitting or optimizing"
  ],
  "overallStatus": "pass"
}