{
  "timestamp": 1774524611288,
  "bundleSize": {
    "totalSize": 916,
    "gzippedSize": 423,
    "fileCount": 1,
    "largestFile": {
      "name": "index.js",
      "size": 916,
      "gzippedSize": 423
    },
    "breakdown": [
      {
        "name": "index.js",
        "size": 916,
        "gzippedSize": 423,
        "percentage": 100
      }
    ]
  },
  "webVitals": {
    "firstContentfulPaint": 546.0563984245064,
    "timeToInteractive": 2229.6670337101846,
    "largestContentfulPaint": 2359.0657474784416,
    "cumulativeLayoutShift": 0.05511908883140307,
    "firstInputDelay": 47.934664124990455,
    "timestamp": 1774524611288
  },
  "runtime": {
    "memoryUsage": {
      "rss": 62111744,
      "heapUsed": 12907224,
      "heapTotal": 19595264,
      "external": 1971431
    },
    "startupTime": 228.626292,
    "cpuUsage": 143.321,
    "timestamp": 1774524611288
  },
  "violations": [],
  "recommendations": [
    "Largest file (index.js) is 100.0% of bundle - consider splitting or optimizing"
  ],
  "overallStatus": "pass"
}