{
  "timestamp": 1774457869515,
  "bundleSize": {
    "totalSize": 916,
    "gzippedSize": 423,
    "fileCount": 1,
    "largestFile": {
      "name": "index.js",
      "size": 916,
      "gzippedSize": 423
    },
    "breakdown": [
      {
        "name": "index.js",
        "size": 916,
        "gzippedSize": 423,
        "percentage": 100
      }
    ]
  },
  "webVitals": {
    "firstContentfulPaint": 1397.6610264631329,
    "timeToInteractive": 2982.846224637172,
    "largestContentfulPaint": 1835.2018361028886,
    "cumulativeLayoutShift": 0.027899020137895206,
    "firstInputDelay": 59.68072794390737,
    "timestamp": 1774457869514
  },
  "runtime": {
    "memoryUsage": {
      "rss": 62144512,
      "heapUsed": 12519024,
      "heapTotal": 19857408,
      "external": 1970672
    },
    "startupTime": 1443.776417,
    "cpuUsage": 195.355,
    "timestamp": 1774457869515
  },
  "violations": [],
  "recommendations": [
    "Largest file (index.js) is 100.0% of bundle - consider splitting or optimizing"
  ],
  "overallStatus": "pass"
}