{
  "timestamp": 1773853299570,
  "bundleSize": {
    "totalSize": 916,
    "gzippedSize": 423,
    "fileCount": 1,
    "largestFile": {
      "name": "index.js",
      "size": 916,
      "gzippedSize": 423
    },
    "breakdown": [
      {
        "name": "index.js",
        "size": 916,
        "gzippedSize": 423,
        "percentage": 100
      }
    ]
  },
  "webVitals": {
    "firstContentfulPaint": 729.1217636402816,
    "timeToInteractive": 2224.6855195460125,
    "largestContentfulPaint": 2084.7401264260534,
    "cumulativeLayoutShift": 0.04601155504235288,
    "firstInputDelay": 70.38036007753755,
    "timestamp": 1773853299569
  },
  "runtime": {
    "memoryUsage": {
      "rss": 62013440,
      "heapUsed": 12140712,
      "heapTotal": 19857408,
      "external": 1969696
    },
    "startupTime": 331.672375,
    "cpuUsage": 175.653,
    "timestamp": 1773853299570
  },
  "violations": [],
  "recommendations": [
    "Largest file (index.js) is 100.0% of bundle - consider splitting or optimizing"
  ],
  "overallStatus": "pass"
}