{
  "timestamp": 1773761565274,
  "bundleSize": {
    "totalSize": 916,
    "gzippedSize": 423,
    "fileCount": 1,
    "largestFile": {
      "name": "index.js",
      "size": 916,
      "gzippedSize": 423
    },
    "breakdown": [
      {
        "name": "index.js",
        "size": 916,
        "gzippedSize": 423,
        "percentage": 100
      }
    ]
  },
  "webVitals": {
    "firstContentfulPaint": 1078.0599992951607,
    "timeToInteractive": 2122.470630320547,
    "largestContentfulPaint": 2090.0244765747784,
    "cumulativeLayoutShift": 0.01161349439599877,
    "firstInputDelay": 55.01428290997779,
    "timestamp": 1773761565274
  },
  "runtime": {
    "memoryUsage": {
      "rss": 61865984,
      "heapUsed": 12222272,
      "heapTotal": 19595264,
      "external": 1965633
    },
    "startupTime": 420.536375,
    "cpuUsage": 163.038,
    "timestamp": 1773761565274
  },
  "violations": [],
  "recommendations": [
    "Largest file (index.js) is 100.0% of bundle - consider splitting or optimizing"
  ],
  "overallStatus": "pass"
}