{
  "timestamp": 1774622497641,
  "bundleSize": {
    "totalSize": 916,
    "gzippedSize": 423,
    "fileCount": 1,
    "largestFile": {
      "name": "index.js",
      "size": 916,
      "gzippedSize": 423
    },
    "breakdown": [
      {
        "name": "index.js",
        "size": 916,
        "gzippedSize": 423,
        "percentage": 100
      }
    ]
  },
  "webVitals": {
    "firstContentfulPaint": 1281.3587350069029,
    "timeToInteractive": 2731.499600813477,
    "largestContentfulPaint": 1795.782192666226,
    "cumulativeLayoutShift": 0.012391126604242554,
    "firstInputDelay": 36.65548823027842,
    "timestamp": 1774622497641
  },
  "runtime": {
    "memoryUsage": {
      "rss": 62275584,
      "heapUsed": 12377736,
      "heapTotal": 20119552,
      "external": 1965854
    },
    "startupTime": 215.594709,
    "cpuUsage": 134.807,
    "timestamp": 1774622497641
  },
  "violations": [],
  "recommendations": [
    "Largest file (index.js) is 100.0% of bundle - consider splitting or optimizing"
  ],
  "overallStatus": "pass"
}