{
  "timestamp": 1774225010881,
  "bundleSize": {
    "totalSize": 916,
    "gzippedSize": 423,
    "fileCount": 1,
    "largestFile": {
      "name": "index.js",
      "size": 916,
      "gzippedSize": 423
    },
    "breakdown": [
      {
        "name": "index.js",
        "size": 916,
        "gzippedSize": 423,
        "percentage": 100
      }
    ]
  },
  "webVitals": {
    "firstContentfulPaint": 627.7189085186103,
    "timeToInteractive": 2780.5582109874713,
    "largestContentfulPaint": 2293.2700553372297,
    "cumulativeLayoutShift": 0.09115064449774977,
    "firstInputDelay": 38.76483673684925,
    "timestamp": 1774225010881
  },
  "runtime": {
    "memoryUsage": {
      "rss": 55820288,
      "heapUsed": 12770600,
      "heapTotal": 19857408,
      "external": 1967702
    },
    "startupTime": 4216.877792,
    "cpuUsage": 215.564,
    "timestamp": 1774225010881
  },
  "violations": [],
  "recommendations": [
    "Largest file (index.js) is 100.0% of bundle - consider splitting or optimizing"
  ],
  "overallStatus": "pass"
}