{
  "timestamp": 1774225477677,
  "bundleSize": {
    "totalSize": 916,
    "gzippedSize": 423,
    "fileCount": 1,
    "largestFile": {
      "name": "index.js",
      "size": 916,
      "gzippedSize": 423
    },
    "breakdown": [
      {
        "name": "index.js",
        "size": 916,
        "gzippedSize": 423,
        "percentage": 100
      }
    ]
  },
  "webVitals": {
    "firstContentfulPaint": 507.0959435830056,
    "timeToInteractive": 2247.466977047775,
    "largestContentfulPaint": 1911.6304475417573,
    "cumulativeLayoutShift": 0.03084327244308338,
    "firstInputDelay": 40.280386285458135,
    "timestamp": 1774225477677
  },
  "runtime": {
    "memoryUsage": {
      "rss": 63488000,
      "heapUsed": 13309144,
      "heapTotal": 20709376,
      "external": 1965320
    },
    "startupTime": 1270.88225,
    "cpuUsage": 185.506,
    "timestamp": 1774225477677
  },
  "violations": [],
  "recommendations": [
    "Largest file (index.js) is 100.0% of bundle - consider splitting or optimizing"
  ],
  "overallStatus": "pass"
}