{
  "timestamp": 1773834210657,
  "bundleSize": {
    "totalSize": 916,
    "gzippedSize": 423,
    "fileCount": 1,
    "largestFile": {
      "name": "index.js",
      "size": 916,
      "gzippedSize": 423
    },
    "breakdown": [
      {
        "name": "index.js",
        "size": 916,
        "gzippedSize": 423,
        "percentage": 100
      }
    ]
  },
  "webVitals": {
    "firstContentfulPaint": 724.8483605977299,
    "timeToInteractive": 2303.3546865646363,
    "largestContentfulPaint": 1924.2567363105768,
    "cumulativeLayoutShift": 0.0038625629464596137,
    "firstInputDelay": 53.060137732746085,
    "timestamp": 1773834210657
  },
  "runtime": {
    "memoryUsage": {
      "rss": 61358080,
      "heapUsed": 12081008,
      "heapTotal": 19595264,
      "external": 1969708
    },
    "startupTime": 816.279209,
    "cpuUsage": 178.07,
    "timestamp": 1773834210657
  },
  "violations": [],
  "recommendations": [
    "Largest file (index.js) is 100.0% of bundle - consider splitting or optimizing"
  ],
  "overallStatus": "pass"
}