{
  "timestamp": 1774356278929,
  "bundleSize": {
    "totalSize": 916,
    "gzippedSize": 423,
    "fileCount": 1,
    "largestFile": {
      "name": "index.js",
      "size": 916,
      "gzippedSize": 423
    },
    "breakdown": [
      {
        "name": "index.js",
        "size": 916,
        "gzippedSize": 423,
        "percentage": 100
      }
    ]
  },
  "webVitals": {
    "firstContentfulPaint": 696.0475405073428,
    "timeToInteractive": 2862.9271530124506,
    "largestContentfulPaint": 2488.7133395972187,
    "cumulativeLayoutShift": 0.07931846791877595,
    "firstInputDelay": 49.71423318157674,
    "timestamp": 1774356278929
  },
  "runtime": {
    "memoryUsage": {
      "rss": 62652416,
      "heapUsed": 12260904,
      "heapTotal": 20643840,
      "external": 1969216
    },
    "startupTime": 462.413292,
    "cpuUsage": 190.691,
    "timestamp": 1774356278929
  },
  "violations": [],
  "recommendations": [
    "Largest file (index.js) is 100.0% of bundle - consider splitting or optimizing"
  ],
  "overallStatus": "pass"
}