{
  "timestamp": 1774197206163,
  "bundleSize": {
    "totalSize": 916,
    "gzippedSize": 423,
    "fileCount": 1,
    "largestFile": {
      "name": "index.js",
      "size": 916,
      "gzippedSize": 423
    },
    "breakdown": [
      {
        "name": "index.js",
        "size": 916,
        "gzippedSize": 423,
        "percentage": 100
      }
    ]
  },
  "webVitals": {
    "firstContentfulPaint": 815.8120640699769,
    "timeToInteractive": 2997.599407014833,
    "largestContentfulPaint": 1512.6297680326004,
    "cumulativeLayoutShift": 0.026003363640356426,
    "firstInputDelay": 37.96174535448134,
    "timestamp": 1774197206163
  },
  "runtime": {
    "memoryUsage": {
      "rss": 62406656,
      "heapUsed": 12451368,
      "heapTotal": 19595264,
      "external": 1966713
    },
    "startupTime": 630.814417,
    "cpuUsage": 189.702,
    "timestamp": 1774197206163
  },
  "violations": [],
  "recommendations": [
    "Largest file (index.js) is 100.0% of bundle - consider splitting or optimizing"
  ],
  "overallStatus": "pass"
}