{
  "timestamp": 1774113152773,
  "bundleSize": {
    "totalSize": 916,
    "gzippedSize": 423,
    "fileCount": 1,
    "largestFile": {
      "name": "index.js",
      "size": 916,
      "gzippedSize": 423
    },
    "breakdown": [
      {
        "name": "index.js",
        "size": 916,
        "gzippedSize": 423,
        "percentage": 100
      }
    ]
  },
  "webVitals": {
    "firstContentfulPaint": 1429.9111646416625,
    "timeToInteractive": 2116.951674318387,
    "largestContentfulPaint": 2477.1044379251202,
    "cumulativeLayoutShift": 0.03008999497915057,
    "firstInputDelay": 67.28264352647531,
    "timestamp": 1774113152773
  },
  "runtime": {
    "memoryUsage": {
      "rss": 61865984,
      "heapUsed": 12423224,
      "heapTotal": 19857408,
      "external": 1970223
    },
    "startupTime": 297.308416,
    "cpuUsage": 177.571,
    "timestamp": 1774113152773
  },
  "violations": [],
  "recommendations": [
    "Largest file (index.js) is 100.0% of bundle - consider splitting or optimizing"
  ],
  "overallStatus": "pass"
}