{
  "timestamp": 1774295504636,
  "bundleSize": {
    "totalSize": 916,
    "gzippedSize": 423,
    "fileCount": 1,
    "largestFile": {
      "name": "index.js",
      "size": 916,
      "gzippedSize": 423
    },
    "breakdown": [
      {
        "name": "index.js",
        "size": 916,
        "gzippedSize": 423,
        "percentage": 100
      }
    ]
  },
  "webVitals": {
    "firstContentfulPaint": 806.3534439728477,
    "timeToInteractive": 2721.2995689203317,
    "largestContentfulPaint": 2172.6332595846907,
    "cumulativeLayoutShift": 0.09983563497481368,
    "firstInputDelay": 37.39828720858836,
    "timestamp": 1774295504636
  },
  "runtime": {
    "memoryUsage": {
      "rss": 61931520,
      "heapUsed": 12430600,
      "heapTotal": 19857408,
      "external": 1971431
    },
    "startupTime": 244.353458,
    "cpuUsage": 146.045,
    "timestamp": 1774295504636
  },
  "violations": [],
  "recommendations": [
    "Largest file (index.js) is 100.0% of bundle - consider splitting or optimizing"
  ],
  "overallStatus": "pass"
}