{
  "timestamp": 1774515627478,
  "bundleSize": {
    "totalSize": 916,
    "gzippedSize": 423,
    "fileCount": 1,
    "largestFile": {
      "name": "index.js",
      "size": 916,
      "gzippedSize": 423
    },
    "breakdown": [
      {
        "name": "index.js",
        "size": 916,
        "gzippedSize": 423,
        "percentage": 100
      }
    ]
  },
  "webVitals": {
    "firstContentfulPaint": 985.5041091585426,
    "timeToInteractive": 2466.540964457187,
    "largestContentfulPaint": 1576.8738185584064,
    "cumulativeLayoutShift": 0.08436251878417245,
    "firstInputDelay": 28.893481747121854,
    "timestamp": 1774515627478
  },
  "runtime": {
    "memoryUsage": {
      "rss": 62144512,
      "heapUsed": 12471232,
      "heapTotal": 20119552,
      "external": 1970211
    },
    "startupTime": 279.355458,
    "cpuUsage": 159.414,
    "timestamp": 1774515627478
  },
  "violations": [],
  "recommendations": [
    "Largest file (index.js) is 100.0% of bundle - consider splitting or optimizing"
  ],
  "overallStatus": "pass"
}