{
  "timestamp": 1774509334015,
  "bundleSize": {
    "totalSize": 916,
    "gzippedSize": 423,
    "fileCount": 1,
    "largestFile": {
      "name": "index.js",
      "size": 916,
      "gzippedSize": 423
    },
    "breakdown": [
      {
        "name": "index.js",
        "size": 916,
        "gzippedSize": 423,
        "percentage": 100
      }
    ]
  },
  "webVitals": {
    "firstContentfulPaint": 1343.4131563936717,
    "timeToInteractive": 2669.5300548691703,
    "largestContentfulPaint": 2297.4595196952396,
    "cumulativeLayoutShift": 0.09470510985208563,
    "firstInputDelay": 62.58228417104612,
    "timestamp": 1774509334015
  },
  "runtime": {
    "memoryUsage": {
      "rss": 61587456,
      "heapUsed": 12419960,
      "heapTotal": 19857408,
      "external": 1970211
    },
    "startupTime": 306.911125,
    "cpuUsage": 181.006,
    "timestamp": 1774509334015
  },
  "violations": [],
  "recommendations": [
    "Largest file (index.js) is 100.0% of bundle - consider splitting or optimizing"
  ],
  "overallStatus": "pass"
}