{
  "timestamp": 1774268362141,
  "bundleSize": {
    "totalSize": 916,
    "gzippedSize": 423,
    "fileCount": 1,
    "largestFile": {
      "name": "index.js",
      "size": 916,
      "gzippedSize": 423
    },
    "breakdown": [
      {
        "name": "index.js",
        "size": 916,
        "gzippedSize": 423,
        "percentage": 100
      }
    ]
  },
  "webVitals": {
    "firstContentfulPaint": 999.2751836169931,
    "timeToInteractive": 2947.1326231798403,
    "largestContentfulPaint": 2216.529690437979,
    "cumulativeLayoutShift": 0.09944849241349962,
    "firstInputDelay": 40.03267299989722,
    "timestamp": 1774268362141
  },
  "runtime": {
    "memoryUsage": {
      "rss": 62406656,
      "heapUsed": 12360440,
      "heapTotal": 20381696,
      "external": 1969677
    },
    "startupTime": 1028.802666,
    "cpuUsage": 176.069,
    "timestamp": 1774268362141
  },
  "violations": [],
  "recommendations": [
    "Largest file (index.js) is 100.0% of bundle - consider splitting or optimizing"
  ],
  "overallStatus": "pass"
}