{
  "timestamp": 1774543383556,
  "bundleSize": {
    "totalSize": 916,
    "gzippedSize": 423,
    "fileCount": 1,
    "largestFile": {
      "name": "index.js",
      "size": 916,
      "gzippedSize": 423
    },
    "breakdown": [
      {
        "name": "index.js",
        "size": 916,
        "gzippedSize": 423,
        "percentage": 100
      }
    ]
  },
  "webVitals": {
    "firstContentfulPaint": 775.4720939302764,
    "timeToInteractive": 2583.3275805197068,
    "largestContentfulPaint": 1968.9244572732912,
    "cumulativeLayoutShift": 0.06279202187987275,
    "firstInputDelay": 51.26478892758932,
    "timestamp": 1774543383556
  },
  "runtime": {
    "memoryUsage": {
      "rss": 57311232,
      "heapUsed": 12552064,
      "heapTotal": 20119552,
      "external": 1965320
    },
    "startupTime": 5431.506625,
    "cpuUsage": 212.22,
    "timestamp": 1774543383556
  },
  "violations": [],
  "recommendations": [
    "Largest file (index.js) is 100.0% of bundle - consider splitting or optimizing"
  ],
  "overallStatus": "pass"
}