{
  "timestamp": 1774484935381,
  "bundleSize": {
    "totalSize": 916,
    "gzippedSize": 423,
    "fileCount": 1,
    "largestFile": {
      "name": "index.js",
      "size": 916,
      "gzippedSize": 423
    },
    "breakdown": [
      {
        "name": "index.js",
        "size": 916,
        "gzippedSize": 423,
        "percentage": 100
      }
    ]
  },
  "webVitals": {
    "firstContentfulPaint": 781.8076015646959,
    "timeToInteractive": 2677.3256139140894,
    "largestContentfulPaint": 1583.291655298164,
    "cumulativeLayoutShift": 0.05004392582867001,
    "firstInputDelay": 49.964266517708026,
    "timestamp": 1774484935381
  },
  "runtime": {
    "memoryUsage": {
      "rss": 60604416,
      "heapUsed": 12990296,
      "heapTotal": 20185088,
      "external": 1967701
    },
    "startupTime": 5158.404709,
    "cpuUsage": 708.618,
    "timestamp": 1774484935381
  },
  "violations": [],
  "recommendations": [
    "Largest file (index.js) is 100.0% of bundle - consider splitting or optimizing"
  ],
  "overallStatus": "pass"
}