{
  "timestamp": 1774006808894,
  "bundleSize": {
    "totalSize": 916,
    "gzippedSize": 423,
    "fileCount": 1,
    "largestFile": {
      "name": "index.js",
      "size": 916,
      "gzippedSize": 423
    },
    "breakdown": [
      {
        "name": "index.js",
        "size": 916,
        "gzippedSize": 423,
        "percentage": 100
      }
    ]
  },
  "webVitals": {
    "firstContentfulPaint": 1129.4800292600646,
    "timeToInteractive": 2779.250396564012,
    "largestContentfulPaint": 1819.8900909625308,
    "cumulativeLayoutShift": 0.02504637773460479,
    "firstInputDelay": 41.44457741131249,
    "timestamp": 1774006808894
  },
  "runtime": {
    "memoryUsage": {
      "rss": 63815680,
      "heapUsed": 13759912,
      "heapTotal": 20512768,
      "external": 1967162
    },
    "startupTime": 802.147791,
    "cpuUsage": 193.063,
    "timestamp": 1774006808894
  },
  "violations": [],
  "recommendations": [
    "Largest file (index.js) is 100.0% of bundle - consider splitting or optimizing"
  ],
  "overallStatus": "pass"
}