{
  "timestamp": 1774397728408,
  "bundleSize": {
    "totalSize": 916,
    "gzippedSize": 423,
    "fileCount": 1,
    "largestFile": {
      "name": "index.js",
      "size": 916,
      "gzippedSize": 423
    },
    "breakdown": [
      {
        "name": "index.js",
        "size": 916,
        "gzippedSize": 423,
        "percentage": 100
      }
    ]
  },
  "webVitals": {
    "firstContentfulPaint": 1274.8983632506329,
    "timeToInteractive": 2360.124024076943,
    "largestContentfulPaint": 2406.4838887572246,
    "cumulativeLayoutShift": 0.05575232844246676,
    "firstInputDelay": 44.375074038357766,
    "timestamp": 1774397728408
  },
  "runtime": {
    "memoryUsage": {
      "rss": 62619648,
      "heapUsed": 12501208,
      "heapTotal": 20643840,
      "external": 1970436
    },
    "startupTime": 258.168791,
    "cpuUsage": 153.66,
    "timestamp": 1774397728408
  },
  "violations": [],
  "recommendations": [
    "Largest file (index.js) is 100.0% of bundle - consider splitting or optimizing"
  ],
  "overallStatus": "pass"
}