{
  "timestamp": 1774522740372,
  "bundleSize": {
    "totalSize": 916,
    "gzippedSize": 423,
    "fileCount": 1,
    "largestFile": {
      "name": "index.js",
      "size": 916,
      "gzippedSize": 423
    },
    "breakdown": [
      {
        "name": "index.js",
        "size": 916,
        "gzippedSize": 423,
        "percentage": 100
      }
    ]
  },
  "webVitals": {
    "firstContentfulPaint": 1460.2906363601096,
    "timeToInteractive": 2108.9129554472097,
    "largestContentfulPaint": 1918.8841074333586,
    "cumulativeLayoutShift": 0.026087297686081003,
    "firstInputDelay": 27.732319479237965,
    "timestamp": 1774522740372
  },
  "runtime": {
    "memoryUsage": {
      "rss": 62898176,
      "heapUsed": 12877112,
      "heapTotal": 20201472,
      "external": 1965899
    },
    "startupTime": 329.323875,
    "cpuUsage": 143.002,
    "timestamp": 1774522740372
  },
  "violations": [],
  "recommendations": [
    "Largest file (index.js) is 100.0% of bundle - consider splitting or optimizing"
  ],
  "overallStatus": "pass"
}