{
  "timestamp": 1774542603721,
  "bundleSize": {
    "totalSize": 916,
    "gzippedSize": 423,
    "fileCount": 1,
    "largestFile": {
      "name": "index.js",
      "size": 916,
      "gzippedSize": 423
    },
    "breakdown": [
      {
        "name": "index.js",
        "size": 916,
        "gzippedSize": 423,
        "percentage": 100
      }
    ]
  },
  "webVitals": {
    "firstContentfulPaint": 887.9342839636577,
    "timeToInteractive": 2631.260391026808,
    "largestContentfulPaint": 1511.5475884928956,
    "cumulativeLayoutShift": 0.08849904168009311,
    "firstInputDelay": 44.94225695677444,
    "timestamp": 1774542603721
  },
  "runtime": {
    "memoryUsage": {
      "rss": 47169536,
      "heapUsed": 10457512,
      "heapTotal": 12779520,
      "external": 1961485
    },
    "startupTime": 12217.77625,
    "cpuUsage": 245.545,
    "timestamp": 1774542603721
  },
  "violations": [],
  "recommendations": [
    "Largest file (index.js) is 100.0% of bundle - consider splitting or optimizing"
  ],
  "overallStatus": "pass"
}