{
  "timestamp": 1774523184682,
  "bundleSize": {
    "totalSize": 916,
    "gzippedSize": 423,
    "fileCount": 1,
    "largestFile": {
      "name": "index.js",
      "size": 916,
      "gzippedSize": 423
    },
    "breakdown": [
      {
        "name": "index.js",
        "size": 916,
        "gzippedSize": 423,
        "percentage": 100
      }
    ]
  },
  "webVitals": {
    "firstContentfulPaint": 632.6613460843382,
    "timeToInteractive": 2253.8638080594446,
    "largestContentfulPaint": 1929.023435508454,
    "cumulativeLayoutShift": 0.044283273674906504,
    "firstInputDelay": 58.937154367875024,
    "timestamp": 1774523184682
  },
  "runtime": {
    "memoryUsage": {
      "rss": 62504960,
      "heapUsed": 12760216,
      "heapTotal": 20119552,
      "external": 1970672
    },
    "startupTime": 1220.407209,
    "cpuUsage": 176.243,
    "timestamp": 1774523184682
  },
  "violations": [],
  "recommendations": [
    "Largest file (index.js) is 100.0% of bundle - consider splitting or optimizing"
  ],
  "overallStatus": "pass"
}