{
  "timestamp": 1773854903864,
  "bundleSize": {
    "totalSize": 916,
    "gzippedSize": 423,
    "fileCount": 1,
    "largestFile": {
      "name": "index.js",
      "size": 916,
      "gzippedSize": 423
    },
    "breakdown": [
      {
        "name": "index.js",
        "size": 916,
        "gzippedSize": 423,
        "percentage": 100
      }
    ]
  },
  "webVitals": {
    "firstContentfulPaint": 1483.7500881467263,
    "timeToInteractive": 2599.736341138243,
    "largestContentfulPaint": 1618.6539723774044,
    "cumulativeLayoutShift": 0.014749401407279074,
    "firstInputDelay": 69.1424480086709,
    "timestamp": 1773854903864
  },
  "runtime": {
    "memoryUsage": {
      "rss": 62210048,
      "heapUsed": 11989392,
      "heapTotal": 20381696,
      "external": 1965858
    },
    "startupTime": 504.888042,
    "cpuUsage": 207.709,
    "timestamp": 1773854903864
  },
  "violations": [],
  "recommendations": [
    "Largest file (index.js) is 100.0% of bundle - consider splitting or optimizing"
  ],
  "overallStatus": "pass"
}