{
  "timestamp": 1773940196542,
  "bundleSize": {
    "totalSize": 916,
    "gzippedSize": 423,
    "fileCount": 1,
    "largestFile": {
      "name": "index.js",
      "size": 916,
      "gzippedSize": 423
    },
    "breakdown": [
      {
        "name": "index.js",
        "size": 916,
        "gzippedSize": 423,
        "percentage": 100
      }
    ]
  },
  "webVitals": {
    "firstContentfulPaint": 1017.5056568694996,
    "timeToInteractive": 2830.2325532886225,
    "largestContentfulPaint": 1803.2397793706928,
    "cumulativeLayoutShift": 0.05407875392503352,
    "firstInputDelay": 70.13954000551534,
    "timestamp": 1773940196542
  },
  "runtime": {
    "memoryUsage": {
      "rss": 62455808,
      "heapUsed": 12755720,
      "heapTotal": 19857408,
      "external": 1965899
    },
    "startupTime": 369.253125,
    "cpuUsage": 196.936,
    "timestamp": 1773940196542
  },
  "violations": [],
  "recommendations": [
    "Largest file (index.js) is 100.0% of bundle - consider splitting or optimizing"
  ],
  "overallStatus": "pass"
}