{
  "timestamp": 1773968221204,
  "bundleSize": {
    "totalSize": 916,
    "gzippedSize": 423,
    "fileCount": 1,
    "largestFile": {
      "name": "index.js",
      "size": 916,
      "gzippedSize": 423
    },
    "breakdown": [
      {
        "name": "index.js",
        "size": 916,
        "gzippedSize": 423,
        "percentage": 100
      }
    ]
  },
  "webVitals": {
    "firstContentfulPaint": 1469.4472421116425,
    "timeToInteractive": 2479.70448649206,
    "largestContentfulPaint": 1671.1367287293394,
    "cumulativeLayoutShift": 0.059152454220615436,
    "firstInputDelay": 47.462432450271734,
    "timestamp": 1773968221204
  },
  "runtime": {
    "memoryUsage": {
      "rss": 61997056,
      "heapUsed": 12374240,
      "heapTotal": 20381696,
      "external": 1965854
    },
    "startupTime": 218.416958,
    "cpuUsage": 135.79,
    "timestamp": 1773968221204
  },
  "violations": [],
  "recommendations": [
    "Largest file (index.js) is 100.0% of bundle - consider splitting or optimizing"
  ],
  "overallStatus": "pass"
}