{
  "timestamp": 1774446270470,
  "bundleSize": {
    "totalSize": 916,
    "gzippedSize": 423,
    "fileCount": 1,
    "largestFile": {
      "name": "index.js",
      "size": 916,
      "gzippedSize": 423
    },
    "breakdown": [
      {
        "name": "index.js",
        "size": 916,
        "gzippedSize": 423,
        "percentage": 100
      }
    ]
  },
  "webVitals": {
    "firstContentfulPaint": 548.7492708012865,
    "timeToInteractive": 2457.604198566605,
    "largestContentfulPaint": 2225.8040379497525,
    "cumulativeLayoutShift": 0.05061860097514784,
    "firstInputDelay": 27.689887341563047,
    "timestamp": 1774446270470
  },
  "runtime": {
    "memoryUsage": {
      "rss": 61898752,
      "heapUsed": 12426968,
      "heapTotal": 19857408,
      "external": 1970223
    },
    "startupTime": 250.875834,
    "cpuUsage": 155.478,
    "timestamp": 1774446270470
  },
  "violations": [],
  "recommendations": [
    "Largest file (index.js) is 100.0% of bundle - consider splitting or optimizing"
  ],
  "overallStatus": "pass"
}