{
  "timestamp": 1773939915819,
  "bundleSize": {
    "totalSize": 916,
    "gzippedSize": 423,
    "fileCount": 1,
    "largestFile": {
      "name": "index.js",
      "size": 916,
      "gzippedSize": 423
    },
    "breakdown": [
      {
        "name": "index.js",
        "size": 916,
        "gzippedSize": 423,
        "percentage": 100
      }
    ]
  },
  "webVitals": {
    "firstContentfulPaint": 1035.6952128593377,
    "timeToInteractive": 2565.858424518342,
    "largestContentfulPaint": 1968.4791223317081,
    "cumulativeLayoutShift": 0.08944758006772524,
    "firstInputDelay": 63.49662146607278,
    "timestamp": 1773939915819
  },
  "runtime": {
    "memoryUsage": {
      "rss": 61177856,
      "heapUsed": 12603064,
      "heapTotal": 19857408,
      "external": 1970223
    },
    "startupTime": 239.103666,
    "cpuUsage": 148.165,
    "timestamp": 1773939915819
  },
  "violations": [],
  "recommendations": [
    "Largest file (index.js) is 100.0% of bundle - consider splitting or optimizing"
  ],
  "overallStatus": "pass"
}