{
  "timestamp": 1774313365442,
  "bundleSize": {
    "totalSize": 916,
    "gzippedSize": 423,
    "fileCount": 1,
    "largestFile": {
      "name": "index.js",
      "size": 916,
      "gzippedSize": 423
    },
    "breakdown": [
      {
        "name": "index.js",
        "size": 916,
        "gzippedSize": 423,
        "percentage": 100
      }
    ]
  },
  "webVitals": {
    "firstContentfulPaint": 1143.3221593075284,
    "timeToInteractive": 2497.6886464545432,
    "largestContentfulPaint": 1755.2158657074278,
    "cumulativeLayoutShift": 0.08049157489719737,
    "firstInputDelay": 61.519552525854635,
    "timestamp": 1774313365442
  },
  "runtime": {
    "memoryUsage": {
      "rss": 61505536,
      "heapUsed": 12470072,
      "heapTotal": 19857408,
      "external": 1965899
    },
    "startupTime": 462.481416,
    "cpuUsage": 211.241,
    "timestamp": 1774313365442
  },
  "violations": [],
  "recommendations": [
    "Largest file (index.js) is 100.0% of bundle - consider splitting or optimizing"
  ],
  "overallStatus": "pass"
}