{
  "timestamp": 1774030180917,
  "bundleSize": {
    "totalSize": 916,
    "gzippedSize": 423,
    "fileCount": 1,
    "largestFile": {
      "name": "index.js",
      "size": 916,
      "gzippedSize": 423
    },
    "breakdown": [
      {
        "name": "index.js",
        "size": 916,
        "gzippedSize": 423,
        "percentage": 100
      }
    ]
  },
  "webVitals": {
    "firstContentfulPaint": 1248.196494173962,
    "timeToInteractive": 2885.827472426009,
    "largestContentfulPaint": 2358.177314212072,
    "cumulativeLayoutShift": 0.0015998802517765754,
    "firstInputDelay": 52.29165153742913,
    "timestamp": 1774030180917
  },
  "runtime": {
    "memoryUsage": {
      "rss": 64176128,
      "heapUsed": 12478056,
      "heapTotal": 20119552,
      "external": 2638742
    },
    "startupTime": 603.862125,
    "cpuUsage": 208.813,
    "timestamp": 1774030180917
  },
  "violations": [],
  "recommendations": [
    "Largest file (index.js) is 100.0% of bundle - consider splitting or optimizing"
  ],
  "overallStatus": "pass"
}