{
  "timestamp": 1775148548661,
  "bundleSize": {
    "totalSize": 952,
    "gzippedSize": 439,
    "fileCount": 1,
    "largestFile": {
      "name": "index.js",
      "size": 952,
      "gzippedSize": 439
    },
    "breakdown": [
      {
        "name": "index.js",
        "size": 952,
        "gzippedSize": 439,
        "percentage": 100
      }
    ]
  },
  "webVitals": {
    "firstContentfulPaint": 1345.2564592531198,
    "timeToInteractive": 2281.0663531620303,
    "largestContentfulPaint": 1726.5838094069252,
    "cumulativeLayoutShift": 0.0635866729165595,
    "firstInputDelay": 38.98184819547943,
    "timestamp": 1775148548661
  },
  "runtime": {
    "memoryUsage": {
      "rss": 56524800,
      "heapUsed": 11734776,
      "heapTotal": 20234240,
      "external": 1967201
    },
    "startupTime": 678.470167,
    "cpuUsage": 217.462,
    "timestamp": 1775148548661
  },
  "violations": [],
  "recommendations": [
    "Largest file (index.js) is 100.0% of bundle - consider splitting or optimizing"
  ],
  "overallStatus": "pass"
}