{
  "timestamp": 1774199045832,
  "bundleSize": {
    "totalSize": 916,
    "gzippedSize": 423,
    "fileCount": 1,
    "largestFile": {
      "name": "index.js",
      "size": 916,
      "gzippedSize": 423
    },
    "breakdown": [
      {
        "name": "index.js",
        "size": 916,
        "gzippedSize": 423,
        "percentage": 100
      }
    ]
  },
  "webVitals": {
    "firstContentfulPaint": 789.5749149556459,
    "timeToInteractive": 2460.6452305741213,
    "largestContentfulPaint": 1802.0927000365157,
    "cumulativeLayoutShift": 0.0958128274833605,
    "firstInputDelay": 36.267158427141155,
    "timestamp": 1774199045832
  },
  "runtime": {
    "memoryUsage": {
      "rss": 62226432,
      "heapUsed": 12543968,
      "heapTotal": 20119552,
      "external": 1965854
    },
    "startupTime": 231.059792,
    "cpuUsage": 149.758,
    "timestamp": 1774199045832
  },
  "violations": [],
  "recommendations": [
    "Largest file (index.js) is 100.0% of bundle - consider splitting or optimizing"
  ],
  "overallStatus": "pass"
}