{
  "timestamp": 1774543048151,
  "bundleSize": {
    "totalSize": 916,
    "gzippedSize": 423,
    "fileCount": 1,
    "largestFile": {
      "name": "index.js",
      "size": 916,
      "gzippedSize": 423
    },
    "breakdown": [
      {
        "name": "index.js",
        "size": 916,
        "gzippedSize": 423,
        "percentage": 100
      }
    ]
  },
  "webVitals": {
    "firstContentfulPaint": 1182.8162570714217,
    "timeToInteractive": 2893.869445931984,
    "largestContentfulPaint": 2269.1418045457094,
    "cumulativeLayoutShift": 0.07855111954762879,
    "firstInputDelay": 50.84069691918851,
    "timestamp": 1774543048151
  },
  "runtime": {
    "memoryUsage": {
      "rss": 53592064,
      "heapUsed": 12999712,
      "heapTotal": 20185088,
      "external": 1968929
    },
    "startupTime": 5572.731209,
    "cpuUsage": 209.62,
    "timestamp": 1774543048151
  },
  "violations": [],
  "recommendations": [
    "Largest file (index.js) is 100.0% of bundle - consider splitting or optimizing"
  ],
  "overallStatus": "pass"
}