{
  "timestamp": 1773853451135,
  "bundleSize": {
    "totalSize": 916,
    "gzippedSize": 423,
    "fileCount": 1,
    "largestFile": {
      "name": "index.js",
      "size": 916,
      "gzippedSize": 423
    },
    "breakdown": [
      {
        "name": "index.js",
        "size": 916,
        "gzippedSize": 423,
        "percentage": 100
      }
    ]
  },
  "webVitals": {
    "firstContentfulPaint": 1413.2221304494954,
    "timeToInteractive": 2085.490084735519,
    "largestContentfulPaint": 2388.0206348487263,
    "cumulativeLayoutShift": 0.09068275697093933,
    "firstInputDelay": 55.232540185798705,
    "timestamp": 1773853451135
  },
  "runtime": {
    "memoryUsage": {
      "rss": 61882368,
      "heapUsed": 12018768,
      "heapTotal": 20119552,
      "external": 1964785
    },
    "startupTime": 1018.865041,
    "cpuUsage": 185.998,
    "timestamp": 1773853451135
  },
  "violations": [],
  "recommendations": [
    "Largest file (index.js) is 100.0% of bundle - consider splitting or optimizing"
  ],
  "overallStatus": "pass"
}