{
  "timestamp": 1773673900699,
  "bundleSize": {
    "totalSize": 916,
    "gzippedSize": 423,
    "fileCount": 1,
    "largestFile": {
      "name": "index.js",
      "size": 916,
      "gzippedSize": 423
    },
    "breakdown": [
      {
        "name": "index.js",
        "size": 916,
        "gzippedSize": 423,
        "percentage": 100
      }
    ]
  },
  "webVitals": {
    "firstContentfulPaint": 1475.4433418494586,
    "timeToInteractive": 2879.555935601838,
    "largestContentfulPaint": 1517.3267784051473,
    "cumulativeLayoutShift": 0.0004488642263584586,
    "firstInputDelay": 45.68866744272225,
    "timestamp": 1773673900699
  },
  "runtime": {
    "memoryUsage": {
      "rss": 61931520,
      "heapUsed": 12240432,
      "heapTotal": 19595264,
      "external": 1969696
    },
    "startupTime": 350.770542,
    "cpuUsage": 154.889,
    "timestamp": 1773673900699
  },
  "violations": [],
  "recommendations": [
    "Largest file (index.js) is 100.0% of bundle - consider splitting or optimizing"
  ],
  "overallStatus": "pass"
}