{
  "timestamp": 1774369850324,
  "bundleSize": {
    "totalSize": 916,
    "gzippedSize": 423,
    "fileCount": 1,
    "largestFile": {
      "name": "index.js",
      "size": 916,
      "gzippedSize": 423
    },
    "breakdown": [
      {
        "name": "index.js",
        "size": 916,
        "gzippedSize": 423,
        "percentage": 100
      }
    ]
  },
  "webVitals": {
    "firstContentfulPaint": 1129.2304925882058,
    "timeToInteractive": 2365.2835352150546,
    "largestContentfulPaint": 2492.194347935925,
    "cumulativeLayoutShift": 0.037601359957610984,
    "firstInputDelay": 73.67710712063571,
    "timestamp": 1774369850323
  },
  "runtime": {
    "memoryUsage": {
      "rss": 63635456,
      "heapUsed": 13776376,
      "heapTotal": 20807680,
      "external": 1970672
    },
    "startupTime": 1019.681209,
    "cpuUsage": 186.421,
    "timestamp": 1774369850324
  },
  "violations": [],
  "recommendations": [
    "Largest file (index.js) is 100.0% of bundle - consider splitting or optimizing"
  ],
  "overallStatus": "pass"
}