{
  "timestamp": 1774457745642,
  "bundleSize": {
    "totalSize": 916,
    "gzippedSize": 423,
    "fileCount": 1,
    "largestFile": {
      "name": "index.js",
      "size": 916,
      "gzippedSize": 423
    },
    "breakdown": [
      {
        "name": "index.js",
        "size": 916,
        "gzippedSize": 423,
        "percentage": 100
      }
    ]
  },
  "webVitals": {
    "firstContentfulPaint": 1473.1799326675548,
    "timeToInteractive": 2038.1915575012345,
    "largestContentfulPaint": 2456.6719574671442,
    "cumulativeLayoutShift": 0.012852940751366428,
    "firstInputDelay": 29.84185099531804,
    "timestamp": 1774457745642
  },
  "runtime": {
    "memoryUsage": {
      "rss": 61800448,
      "heapUsed": 12391320,
      "heapTotal": 19595264,
      "external": 1970534
    },
    "startupTime": 730.827083,
    "cpuUsage": 183.393,
    "timestamp": 1774457745642
  },
  "violations": [],
  "recommendations": [
    "Largest file (index.js) is 100.0% of bundle - consider splitting or optimizing"
  ],
  "overallStatus": "pass"
}