{
  "timestamp": 1774617527037,
  "bundleSize": {
    "totalSize": 916,
    "gzippedSize": 423,
    "fileCount": 1,
    "largestFile": {
      "name": "index.js",
      "size": 916,
      "gzippedSize": 423
    },
    "breakdown": [
      {
        "name": "index.js",
        "size": 916,
        "gzippedSize": 423,
        "percentage": 100
      }
    ]
  },
  "webVitals": {
    "firstContentfulPaint": 1310.3294005104476,
    "timeToInteractive": 2914.8106627349785,
    "largestContentfulPaint": 1693.7139686167152,
    "cumulativeLayoutShift": 0.0026669890787714315,
    "firstInputDelay": 28.948260179083874,
    "timestamp": 1774617527037
  },
  "runtime": {
    "memoryUsage": {
      "rss": 61915136,
      "heapUsed": 12253080,
      "heapTotal": 20381696,
      "external": 1965854
    },
    "startupTime": 214.716833,
    "cpuUsage": 137.354,
    "timestamp": 1774617527037
  },
  "violations": [],
  "recommendations": [
    "Largest file (index.js) is 100.0% of bundle - consider splitting or optimizing"
  ],
  "overallStatus": "pass"
}