{
  "timestamp": 1774531238125,
  "bundleSize": {
    "totalSize": 916,
    "gzippedSize": 423,
    "fileCount": 1,
    "largestFile": {
      "name": "index.js",
      "size": 916,
      "gzippedSize": 423
    },
    "breakdown": [
      {
        "name": "index.js",
        "size": 916,
        "gzippedSize": 423,
        "percentage": 100
      }
    ]
  },
  "webVitals": {
    "firstContentfulPaint": 1364.2190363247432,
    "timeToInteractive": 2950.5100019566466,
    "largestContentfulPaint": 1846.6494065531483,
    "cumulativeLayoutShift": 0.06225578478982912,
    "firstInputDelay": 37.66383247486201,
    "timestamp": 1774531238125
  },
  "runtime": {
    "memoryUsage": {
      "rss": 62029824,
      "heapUsed": 12925424,
      "heapTotal": 20119552,
      "external": 1970512
    },
    "startupTime": 254.227792,
    "cpuUsage": 140.989,
    "timestamp": 1774531238125
  },
  "violations": [],
  "recommendations": [
    "Largest file (index.js) is 100.0% of bundle - consider splitting or optimizing"
  ],
  "overallStatus": "pass"
}