{
  "timestamp": 1774013798800,
  "bundleSize": {
    "totalSize": 916,
    "gzippedSize": 423,
    "fileCount": 1,
    "largestFile": {
      "name": "index.js",
      "size": 916,
      "gzippedSize": 423
    },
    "breakdown": [
      {
        "name": "index.js",
        "size": 916,
        "gzippedSize": 423,
        "percentage": 100
      }
    ]
  },
  "webVitals": {
    "firstContentfulPaint": 1327.016219980459,
    "timeToInteractive": 2041.0867436844194,
    "largestContentfulPaint": 2276.937134593368,
    "cumulativeLayoutShift": 0.034387583829686985,
    "firstInputDelay": 55.66525468427501,
    "timestamp": 1774013798800
  },
  "runtime": {
    "memoryUsage": {
      "rss": 61833216,
      "heapUsed": 13401760,
      "heapTotal": 20119552,
      "external": 1971725
    },
    "startupTime": 852.161708,
    "cpuUsage": 181.581,
    "timestamp": 1774013798800
  },
  "violations": [],
  "recommendations": [
    "Largest file (index.js) is 100.0% of bundle - consider splitting or optimizing"
  ],
  "overallStatus": "pass"
}