{
  "timestamp": 1774543678171,
  "bundleSize": {
    "totalSize": 916,
    "gzippedSize": 423,
    "fileCount": 1,
    "largestFile": {
      "name": "index.js",
      "size": 916,
      "gzippedSize": 423
    },
    "breakdown": [
      {
        "name": "index.js",
        "size": 916,
        "gzippedSize": 423,
        "percentage": 100
      }
    ]
  },
  "webVitals": {
    "firstContentfulPaint": 966.1920624874332,
    "timeToInteractive": 2555.7894483977916,
    "largestContentfulPaint": 1606.568952651779,
    "cumulativeLayoutShift": 0.07942028749908914,
    "firstInputDelay": 43.65336037242512,
    "timestamp": 1774543678140
  },
  "runtime": {
    "memoryUsage": {
      "rss": 53510144,
      "heapUsed": 12639560,
      "heapTotal": 20119552,
      "external": 1966866
    },
    "startupTime": 5634.311667,
    "cpuUsage": 195.945,
    "timestamp": 1774543678140
  },
  "violations": [],
  "recommendations": [
    "Largest file (index.js) is 100.0% of bundle - consider splitting or optimizing"
  ],
  "overallStatus": "pass"
}