{
  "timestamp": 1774265804583,
  "bundleSize": {
    "totalSize": 916,
    "gzippedSize": 423,
    "fileCount": 1,
    "largestFile": {
      "name": "index.js",
      "size": 916,
      "gzippedSize": 423
    },
    "breakdown": [
      {
        "name": "index.js",
        "size": 916,
        "gzippedSize": 423,
        "percentage": 100
      }
    ]
  },
  "webVitals": {
    "firstContentfulPaint": 920.2675522562854,
    "timeToInteractive": 2023.916551376009,
    "largestContentfulPaint": 2072.312471504465,
    "cumulativeLayoutShift": 0.07175916611322307,
    "firstInputDelay": 60.077360800600886,
    "timestamp": 1774265804582
  },
  "runtime": {
    "memoryUsage": {
      "rss": 59965440,
      "heapUsed": 12996824,
      "heapTotal": 19922944,
      "external": 1967207
    },
    "startupTime": 4756.347875,
    "cpuUsage": 191.467,
    "timestamp": 1774265804582
  },
  "violations": [],
  "recommendations": [
    "Largest file (index.js) is 100.0% of bundle - consider splitting or optimizing"
  ],
  "overallStatus": "pass"
}