{
  "timestamp": 1774376018803,
  "bundleSize": {
    "totalSize": 916,
    "gzippedSize": 423,
    "fileCount": 1,
    "largestFile": {
      "name": "index.js",
      "size": 916,
      "gzippedSize": 423
    },
    "breakdown": [
      {
        "name": "index.js",
        "size": 916,
        "gzippedSize": 423,
        "percentage": 100
      }
    ]
  },
  "webVitals": {
    "firstContentfulPaint": 847.3225270117277,
    "timeToInteractive": 2249.2691581142494,
    "largestContentfulPaint": 2421.522578651836,
    "cumulativeLayoutShift": 0.019855973442531406,
    "firstInputDelay": 37.592682830768155,
    "timestamp": 1774376018803
  },
  "runtime": {
    "memoryUsage": {
      "rss": 60194816,
      "heapUsed": 12137456,
      "heapTotal": 20447232,
      "external": 1964254
    },
    "startupTime": 199.936083,
    "cpuUsage": 122.502,
    "timestamp": 1774376018803
  },
  "violations": [],
  "recommendations": [
    "Largest file (index.js) is 100.0% of bundle - consider splitting or optimizing"
  ],
  "overallStatus": "pass"
}