{
  "timestamp": 1773688966277,
  "bundleSize": {
    "totalSize": 916,
    "gzippedSize": 423,
    "fileCount": 1,
    "largestFile": {
      "name": "index.js",
      "size": 916,
      "gzippedSize": 423
    },
    "breakdown": [
      {
        "name": "index.js",
        "size": 916,
        "gzippedSize": 423,
        "percentage": 100
      }
    ]
  },
  "webVitals": {
    "firstContentfulPaint": 632.9600665525041,
    "timeToInteractive": 2299.34588331595,
    "largestContentfulPaint": 1643.7637957659126,
    "cumulativeLayoutShift": 0.003407657618751836,
    "firstInputDelay": 25.031251748115647,
    "timestamp": 1773688966277
  },
  "runtime": {
    "memoryUsage": {
      "rss": 61800448,
      "heapUsed": 12074104,
      "heapTotal": 19857408,
      "external": 1965318
    },
    "startupTime": 1093.115959,
    "cpuUsage": 175.098,
    "timestamp": 1773688966277
  },
  "violations": [],
  "recommendations": [
    "Largest file (index.js) is 100.0% of bundle - consider splitting or optimizing"
  ],
  "overallStatus": "pass"
}