{
  "timestamp": 1774198725480,
  "bundleSize": {
    "totalSize": 916,
    "gzippedSize": 423,
    "fileCount": 1,
    "largestFile": {
      "name": "index.js",
      "size": 916,
      "gzippedSize": 423
    },
    "breakdown": [
      {
        "name": "index.js",
        "size": 916,
        "gzippedSize": 423,
        "percentage": 100
      }
    ]
  },
  "webVitals": {
    "firstContentfulPaint": 560.0425210157669,
    "timeToInteractive": 2934.546063084914,
    "largestContentfulPaint": 1987.034799734223,
    "cumulativeLayoutShift": 0.0016545183514942608,
    "firstInputDelay": 59.98991010054474,
    "timestamp": 1774198725480
  },
  "runtime": {
    "memoryUsage": {
      "rss": 61816832,
      "heapUsed": 12666464,
      "heapTotal": 19857408,
      "external": 1966360
    },
    "startupTime": 1475.905958,
    "cpuUsage": 191.688,
    "timestamp": 1774198725480
  },
  "violations": [],
  "recommendations": [
    "Largest file (index.js) is 100.0% of bundle - consider splitting or optimizing"
  ],
  "overallStatus": "pass"
}