{
  "timestamp": 1773680548858,
  "bundleSize": {
    "totalSize": 916,
    "gzippedSize": 423,
    "fileCount": 1,
    "largestFile": {
      "name": "index.js",
      "size": 916,
      "gzippedSize": 423
    },
    "breakdown": [
      {
        "name": "index.js",
        "size": 916,
        "gzippedSize": 423,
        "percentage": 100
      }
    ]
  },
  "webVitals": {
    "firstContentfulPaint": 833.1520617034485,
    "timeToInteractive": 2097.5461338657715,
    "largestContentfulPaint": 2039.428690045976,
    "cumulativeLayoutShift": 0.016877897706355085,
    "firstInputDelay": 52.359623769595565,
    "timestamp": 1773680548858
  },
  "runtime": {
    "memoryUsage": {
      "rss": 61702144,
      "heapUsed": 12077768,
      "heapTotal": 19857408,
      "external": 1969708
    },
    "startupTime": 345.008334,
    "cpuUsage": 179.823,
    "timestamp": 1773680548858
  },
  "violations": [],
  "recommendations": [
    "Largest file (index.js) is 100.0% of bundle - consider splitting or optimizing"
  ],
  "overallStatus": "pass"
}