{
  "timestamp": 1774625327144,
  "bundleSize": {
    "totalSize": 916,
    "gzippedSize": 423,
    "fileCount": 1,
    "largestFile": {
      "name": "index.js",
      "size": 916,
      "gzippedSize": 423
    },
    "breakdown": [
      {
        "name": "index.js",
        "size": 916,
        "gzippedSize": 423,
        "percentage": 100
      }
    ]
  },
  "webVitals": {
    "firstContentfulPaint": 537.9517972844254,
    "timeToInteractive": 2514.0811473626636,
    "largestContentfulPaint": 2398.994884626516,
    "cumulativeLayoutShift": 0.028900646329190094,
    "firstInputDelay": 32.484647853813584,
    "timestamp": 1774625327144
  },
  "runtime": {
    "memoryUsage": {
      "rss": 62570496,
      "heapUsed": 12951464,
      "heapTotal": 20185088,
      "external": 1971431
    },
    "startupTime": 215.530459,
    "cpuUsage": 133.532,
    "timestamp": 1774625327144
  },
  "violations": [],
  "recommendations": [
    "Largest file (index.js) is 100.0% of bundle - consider splitting or optimizing"
  ],
  "overallStatus": "pass"
}