{
  "timestamp": 1774225292536,
  "bundleSize": {
    "totalSize": 916,
    "gzippedSize": 423,
    "fileCount": 1,
    "largestFile": {
      "name": "index.js",
      "size": 916,
      "gzippedSize": 423
    },
    "breakdown": [
      {
        "name": "index.js",
        "size": 916,
        "gzippedSize": 423,
        "percentage": 100
      }
    ]
  },
  "webVitals": {
    "firstContentfulPaint": 1109.5502547285914,
    "timeToInteractive": 2816.7184918589674,
    "largestContentfulPaint": 2319.4463426589286,
    "cumulativeLayoutShift": 0.03659933679680756,
    "firstInputDelay": 64.94120508518618,
    "timestamp": 1774225292536
  },
  "runtime": {
    "memoryUsage": {
      "rss": 60489728,
      "heapUsed": 12447464,
      "heapTotal": 19857408,
      "external": 1966361
    },
    "startupTime": 4751.681209,
    "cpuUsage": 203.11,
    "timestamp": 1774225292536
  },
  "violations": [],
  "recommendations": [
    "Largest file (index.js) is 100.0% of bundle - consider splitting or optimizing"
  ],
  "overallStatus": "pass"
}