{
  "timestamp": 1774617255348,
  "bundleSize": {
    "totalSize": 916,
    "gzippedSize": 423,
    "fileCount": 1,
    "largestFile": {
      "name": "index.js",
      "size": 916,
      "gzippedSize": 423
    },
    "breakdown": [
      {
        "name": "index.js",
        "size": 916,
        "gzippedSize": 423,
        "percentage": 100
      }
    ]
  },
  "webVitals": {
    "firstContentfulPaint": 1278.4499618779998,
    "timeToInteractive": 2481.4141035903594,
    "largestContentfulPaint": 2031.869226598108,
    "cumulativeLayoutShift": 0.09220579088392399,
    "firstInputDelay": 28.27367458680945,
    "timestamp": 1774617255347
  },
  "runtime": {
    "memoryUsage": {
      "rss": 63504384,
      "heapUsed": 13548536,
      "heapTotal": 20512768,
      "external": 1970223
    },
    "startupTime": 246.784084,
    "cpuUsage": 141.338,
    "timestamp": 1774617255348
  },
  "violations": [],
  "recommendations": [
    "Largest file (index.js) is 100.0% of bundle - consider splitting or optimizing"
  ],
  "overallStatus": "pass"
}