{
  "timestamp": 1774446145773,
  "bundleSize": {
    "totalSize": 916,
    "gzippedSize": 423,
    "fileCount": 1,
    "largestFile": {
      "name": "index.js",
      "size": 916,
      "gzippedSize": 423
    },
    "breakdown": [
      {
        "name": "index.js",
        "size": 916,
        "gzippedSize": 423,
        "percentage": 100
      }
    ]
  },
  "webVitals": {
    "firstContentfulPaint": 1268.9487492836934,
    "timeToInteractive": 2378.779931161053,
    "largestContentfulPaint": 2214.3241476724693,
    "cumulativeLayoutShift": 0.09444740374735922,
    "firstInputDelay": 57.771819105113345,
    "timestamp": 1774446145773
  },
  "runtime": {
    "memoryUsage": {
      "rss": 61718528,
      "heapUsed": 12780832,
      "heapTotal": 19857408,
      "external": 1970223
    },
    "startupTime": 259.211375,
    "cpuUsage": 150.155,
    "timestamp": 1774446145773
  },
  "violations": [],
  "recommendations": [
    "Largest file (index.js) is 100.0% of bundle - consider splitting or optimizing"
  ],
  "overallStatus": "pass"
}