{
  "timestamp": 1774538088208,
  "bundleSize": {
    "totalSize": 916,
    "gzippedSize": 423,
    "fileCount": 1,
    "largestFile": {
      "name": "index.js",
      "size": 916,
      "gzippedSize": 423
    },
    "breakdown": [
      {
        "name": "index.js",
        "size": 916,
        "gzippedSize": 423,
        "percentage": 100
      }
    ]
  },
  "webVitals": {
    "firstContentfulPaint": 1310.5018538803238,
    "timeToInteractive": 2455.980071531351,
    "largestContentfulPaint": 1911.36188639208,
    "cumulativeLayoutShift": 0.09359841032674279,
    "firstInputDelay": 46.454858291932325,
    "timestamp": 1774538088207
  },
  "runtime": {
    "memoryUsage": {
      "rss": 57573376,
      "heapUsed": 13016576,
      "heapTotal": 20185088,
      "external": 1970578
    },
    "startupTime": 3926.972375,
    "cpuUsage": 224.107,
    "timestamp": 1774538088208
  },
  "violations": [],
  "recommendations": [
    "Largest file (index.js) is 100.0% of bundle - consider splitting or optimizing"
  ],
  "overallStatus": "pass"
}