{
  "timestamp": 1774530408954,
  "bundleSize": {
    "totalSize": 916,
    "gzippedSize": 423,
    "fileCount": 1,
    "largestFile": {
      "name": "index.js",
      "size": 916,
      "gzippedSize": 423
    },
    "breakdown": [
      {
        "name": "index.js",
        "size": 916,
        "gzippedSize": 423,
        "percentage": 100
      }
    ]
  },
  "webVitals": {
    "firstContentfulPaint": 1485.5501426605067,
    "timeToInteractive": 2108.705399450695,
    "largestContentfulPaint": 1848.9093375199764,
    "cumulativeLayoutShift": 0.030156983134581462,
    "firstInputDelay": 68.96582221337249,
    "timestamp": 1774530408954
  },
  "runtime": {
    "memoryUsage": {
      "rss": 62013440,
      "heapUsed": 12505360,
      "heapTotal": 19857408,
      "external": 1970223
    },
    "startupTime": 276.633375,
    "cpuUsage": 150.224,
    "timestamp": 1774530408954
  },
  "violations": [],
  "recommendations": [
    "Largest file (index.js) is 100.0% of bundle - consider splitting or optimizing"
  ],
  "overallStatus": "pass"
}