{
  "timestamp": 1773968072809,
  "bundleSize": {
    "totalSize": 916,
    "gzippedSize": 423,
    "fileCount": 1,
    "largestFile": {
      "name": "index.js",
      "size": 916,
      "gzippedSize": 423
    },
    "breakdown": [
      {
        "name": "index.js",
        "size": 916,
        "gzippedSize": 423,
        "percentage": 100
      }
    ]
  },
  "webVitals": {
    "firstContentfulPaint": 945.6240780516167,
    "timeToInteractive": 2235.9729834768746,
    "largestContentfulPaint": 1933.159591054488,
    "cumulativeLayoutShift": 0.07914969596465926,
    "firstInputDelay": 31.986680806744673,
    "timestamp": 1773968072808
  },
  "runtime": {
    "memoryUsage": {
      "rss": 61587456,
      "heapUsed": 12399736,
      "heapTotal": 19595264,
      "external": 1970672
    },
    "startupTime": 686.259625,
    "cpuUsage": 182.604,
    "timestamp": 1773968072809
  },
  "violations": [],
  "recommendations": [
    "Largest file (index.js) is 100.0% of bundle - consider splitting or optimizing"
  ],
  "overallStatus": "pass"
}