{
  "timestamp": 1773967269713,
  "bundleSize": {
    "totalSize": 916,
    "gzippedSize": 423,
    "fileCount": 1,
    "largestFile": {
      "name": "index.js",
      "size": 916,
      "gzippedSize": 423
    },
    "breakdown": [
      {
        "name": "index.js",
        "size": 916,
        "gzippedSize": 423,
        "percentage": 100
      }
    ]
  },
  "webVitals": {
    "firstContentfulPaint": 851.2029119405187,
    "timeToInteractive": 2919.4893466133017,
    "largestContentfulPaint": 2184.941948860694,
    "cumulativeLayoutShift": 0.007681248022730691,
    "firstInputDelay": 53.85996213177957,
    "timestamp": 1773967269713
  },
  "runtime": {
    "memoryUsage": {
      "rss": 63078400,
      "heapUsed": 13331144,
      "heapTotal": 20348928,
      "external": 1970223
    },
    "startupTime": 265.795083,
    "cpuUsage": 159.888,
    "timestamp": 1773967269713
  },
  "violations": [],
  "recommendations": [
    "Largest file (index.js) is 100.0% of bundle - consider splitting or optimizing"
  ],
  "overallStatus": "pass"
}