{
  "timestamp": 1774266969095,
  "bundleSize": {
    "totalSize": 916,
    "gzippedSize": 423,
    "fileCount": 1,
    "largestFile": {
      "name": "index.js",
      "size": 916,
      "gzippedSize": 423
    },
    "breakdown": [
      {
        "name": "index.js",
        "size": 916,
        "gzippedSize": 423,
        "percentage": 100
      }
    ]
  },
  "webVitals": {
    "firstContentfulPaint": 592.1286966690598,
    "timeToInteractive": 2882.2954072356188,
    "largestContentfulPaint": 1951.9479371526727,
    "cumulativeLayoutShift": 0.03574691232621161,
    "firstInputDelay": 73.52791913502415,
    "timestamp": 1774266969094
  },
  "runtime": {
    "memoryUsage": {
      "rss": 62390272,
      "heapUsed": 12836920,
      "heapTotal": 20119552,
      "external": 1965320
    },
    "startupTime": 2554.728584,
    "cpuUsage": 191.747,
    "timestamp": 1774266969095
  },
  "violations": [],
  "recommendations": [
    "Largest file (index.js) is 100.0% of bundle - consider splitting or optimizing"
  ],
  "overallStatus": "pass"
}