{
  "timestamp": 1774274003181,
  "bundleSize": {
    "totalSize": 916,
    "gzippedSize": 423,
    "fileCount": 1,
    "largestFile": {
      "name": "index.js",
      "size": 916,
      "gzippedSize": 423
    },
    "breakdown": [
      {
        "name": "index.js",
        "size": 916,
        "gzippedSize": 423,
        "percentage": 100
      }
    ]
  },
  "webVitals": {
    "firstContentfulPaint": 1463.403441757577,
    "timeToInteractive": 2180.562347964396,
    "largestContentfulPaint": 1633.6258368247359,
    "cumulativeLayoutShift": 0.024114168089462696,
    "firstInputDelay": 44.33768681596981,
    "timestamp": 1774274003181
  },
  "runtime": {
    "memoryUsage": {
      "rss": 62455808,
      "heapUsed": 12268792,
      "heapTotal": 20643840,
      "external": 1966373
    },
    "startupTime": 658.398875,
    "cpuUsage": 182.416,
    "timestamp": 1774274003181
  },
  "violations": [],
  "recommendations": [
    "Largest file (index.js) is 100.0% of bundle - consider splitting or optimizing"
  ],
  "overallStatus": "pass"
}