{
  "timestamp": 1774268898081,
  "bundleSize": {
    "totalSize": 916,
    "gzippedSize": 423,
    "fileCount": 1,
    "largestFile": {
      "name": "index.js",
      "size": 916,
      "gzippedSize": 423
    },
    "breakdown": [
      {
        "name": "index.js",
        "size": 916,
        "gzippedSize": 423,
        "percentage": 100
      }
    ]
  },
  "webVitals": {
    "firstContentfulPaint": 760.0858811729713,
    "timeToInteractive": 2878.0704027938605,
    "largestContentfulPaint": 1865.6634611186778,
    "cumulativeLayoutShift": 0.0032327073506181804,
    "firstInputDelay": 34.82230546805194,
    "timestamp": 1774268898081
  },
  "runtime": {
    "memoryUsage": {
      "rss": 61997056,
      "heapUsed": 12922176,
      "heapTotal": 20119552,
      "external": 1971431
    },
    "startupTime": 204.948375,
    "cpuUsage": 133.339,
    "timestamp": 1774268898081
  },
  "violations": [],
  "recommendations": [
    "Largest file (index.js) is 100.0% of bundle - consider splitting or optimizing"
  ],
  "overallStatus": "pass"
}