{
  "timestamp": 1774348193390,
  "bundleSize": {
    "totalSize": 916,
    "gzippedSize": 423,
    "fileCount": 1,
    "largestFile": {
      "name": "index.js",
      "size": 916,
      "gzippedSize": 423
    },
    "breakdown": [
      {
        "name": "index.js",
        "size": 916,
        "gzippedSize": 423,
        "percentage": 100
      }
    ]
  },
  "webVitals": {
    "firstContentfulPaint": 1151.1012397696738,
    "timeToInteractive": 2466.950820604288,
    "largestContentfulPaint": 1616.3085106194542,
    "cumulativeLayoutShift": 0.054192968305251714,
    "firstInputDelay": 71.69870418485019,
    "timestamp": 1774348193389
  },
  "runtime": {
    "memoryUsage": {
      "rss": 61702144,
      "heapUsed": 12416080,
      "heapTotal": 19857408,
      "external": 1965417
    },
    "startupTime": 448.701541,
    "cpuUsage": 185.819,
    "timestamp": 1774348193390
  },
  "violations": [],
  "recommendations": [
    "Largest file (index.js) is 100.0% of bundle - consider splitting or optimizing"
  ],
  "overallStatus": "pass"
}