{
  "timestamp": 1774311449476,
  "bundleSize": {
    "totalSize": 916,
    "gzippedSize": 423,
    "fileCount": 1,
    "largestFile": {
      "name": "index.js",
      "size": 916,
      "gzippedSize": 423
    },
    "breakdown": [
      {
        "name": "index.js",
        "size": 916,
        "gzippedSize": 423,
        "percentage": 100
      }
    ]
  },
  "webVitals": {
    "firstContentfulPaint": 1432.1312770427612,
    "timeToInteractive": 2376.4251620503114,
    "largestContentfulPaint": 2261.458290915624,
    "cumulativeLayoutShift": 0.09731795843152352,
    "firstInputDelay": 26.266451126801915,
    "timestamp": 1774311449475
  },
  "runtime": {
    "memoryUsage": {
      "rss": 61554688,
      "heapUsed": 12641008,
      "heapTotal": 20119552,
      "external": 1965854
    },
    "startupTime": 220.254791,
    "cpuUsage": 143.503,
    "timestamp": 1774311449476
  },
  "violations": [],
  "recommendations": [
    "Largest file (index.js) is 100.0% of bundle - consider splitting or optimizing"
  ],
  "overallStatus": "pass"
}