{
  "timestamp": 1774278711069,
  "bundleSize": {
    "totalSize": 916,
    "gzippedSize": 423,
    "fileCount": 1,
    "largestFile": {
      "name": "index.js",
      "size": 916,
      "gzippedSize": 423
    },
    "breakdown": [
      {
        "name": "index.js",
        "size": 916,
        "gzippedSize": 423,
        "percentage": 100
      }
    ]
  },
  "webVitals": {
    "firstContentfulPaint": 1499.281772843266,
    "timeToInteractive": 2685.5175024660807,
    "largestContentfulPaint": 1922.8064735993376,
    "cumulativeLayoutShift": 0.000977220805806467,
    "firstInputDelay": 54.9133298826452,
    "timestamp": 1774278711069
  },
  "runtime": {
    "memoryUsage": {
      "rss": 62603264,
      "heapUsed": 12851792,
      "heapTotal": 19595264,
      "external": 1966360
    },
    "startupTime": 1944.345292,
    "cpuUsage": 197.052,
    "timestamp": 1774278711069
  },
  "violations": [],
  "recommendations": [
    "Largest file (index.js) is 100.0% of bundle - consider splitting or optimizing"
  ],
  "overallStatus": "pass"
}