{
  "timestamp": 1774548135669,
  "bundleSize": {
    "totalSize": 916,
    "gzippedSize": 423,
    "fileCount": 1,
    "largestFile": {
      "name": "index.js",
      "size": 916,
      "gzippedSize": 423
    },
    "breakdown": [
      {
        "name": "index.js",
        "size": 916,
        "gzippedSize": 423,
        "percentage": 100
      }
    ]
  },
  "webVitals": {
    "firstContentfulPaint": 890.9275294999426,
    "timeToInteractive": 2299.218356768976,
    "largestContentfulPaint": 2398.0252331743973,
    "cumulativeLayoutShift": 0.010600886891773032,
    "firstInputDelay": 47.5144300029557,
    "timestamp": 1774548135669
  },
  "runtime": {
    "memoryUsage": {
      "rss": 62160896,
      "heapUsed": 12242072,
      "heapTotal": 20381696,
      "external": 1965320
    },
    "startupTime": 1071.024208,
    "cpuUsage": 196.768,
    "timestamp": 1774548135669
  },
  "violations": [],
  "recommendations": [
    "Largest file (index.js) is 100.0% of bundle - consider splitting or optimizing"
  ],
  "overallStatus": "pass"
}