{
  "timestamp": 1774535984980,
  "bundleSize": {
    "totalSize": 916,
    "gzippedSize": 423,
    "fileCount": 1,
    "largestFile": {
      "name": "index.js",
      "size": 916,
      "gzippedSize": 423
    },
    "breakdown": [
      {
        "name": "index.js",
        "size": 916,
        "gzippedSize": 423,
        "percentage": 100
      }
    ]
  },
  "webVitals": {
    "firstContentfulPaint": 1255.7447750388096,
    "timeToInteractive": 2280.2006466935254,
    "largestContentfulPaint": 1900.513710536873,
    "cumulativeLayoutShift": 0.041562094502214465,
    "firstInputDelay": 59.928666014050066,
    "timestamp": 1774535984980
  },
  "runtime": {
    "memoryUsage": {
      "rss": 61931520,
      "heapUsed": 12961136,
      "heapTotal": 20185088,
      "external": 1971431
    },
    "startupTime": 222.315708,
    "cpuUsage": 138.03,
    "timestamp": 1774535984980
  },
  "violations": [],
  "recommendations": [
    "Largest file (index.js) is 100.0% of bundle - consider splitting or optimizing"
  ],
  "overallStatus": "pass"
}