{
  "timestamp": 1774473969878,
  "bundleSize": {
    "totalSize": 916,
    "gzippedSize": 423,
    "fileCount": 1,
    "largestFile": {
      "name": "index.js",
      "size": 916,
      "gzippedSize": 423
    },
    "breakdown": [
      {
        "name": "index.js",
        "size": 916,
        "gzippedSize": 423,
        "percentage": 100
      }
    ]
  },
  "webVitals": {
    "firstContentfulPaint": 877.3033242413069,
    "timeToInteractive": 2595.7515445753465,
    "largestContentfulPaint": 1804.4381594388296,
    "cumulativeLayoutShift": 0.034619311664961995,
    "firstInputDelay": 32.371486372930256,
    "timestamp": 1774473969877
  },
  "runtime": {
    "memoryUsage": {
      "rss": 61702144,
      "heapUsed": 12904576,
      "heapTotal": 20119552,
      "external": 1970223
    },
    "startupTime": 278.893208,
    "cpuUsage": 161.089,
    "timestamp": 1774473969878
  },
  "violations": [],
  "recommendations": [
    "Largest file (index.js) is 100.0% of bundle - consider splitting or optimizing"
  ],
  "overallStatus": "pass"
}