{
  "timestamp": 1774264482800,
  "bundleSize": {
    "totalSize": 916,
    "gzippedSize": 423,
    "fileCount": 1,
    "largestFile": {
      "name": "index.js",
      "size": 916,
      "gzippedSize": 423
    },
    "breakdown": [
      {
        "name": "index.js",
        "size": 916,
        "gzippedSize": 423,
        "percentage": 100
      }
    ]
  },
  "webVitals": {
    "firstContentfulPaint": 926.4362561336493,
    "timeToInteractive": 2107.6042153971525,
    "largestContentfulPaint": 2201.2641222266852,
    "cumulativeLayoutShift": 0.0803172403886676,
    "firstInputDelay": 62.384222481591664,
    "timestamp": 1774264482800
  },
  "runtime": {
    "memoryUsage": {
      "rss": 47562752,
      "heapUsed": 10809680,
      "heapTotal": 12779520,
      "external": 1964787
    },
    "startupTime": 19213.878666,
    "cpuUsage": 311.372,
    "timestamp": 1774264482800
  },
  "violations": [],
  "recommendations": [
    "Largest file (index.js) is 100.0% of bundle - consider splitting or optimizing"
  ],
  "overallStatus": "pass"
}