{
  "timestamp": 1774509410710,
  "bundleSize": {
    "totalSize": 916,
    "gzippedSize": 423,
    "fileCount": 1,
    "largestFile": {
      "name": "index.js",
      "size": 916,
      "gzippedSize": 423
    },
    "breakdown": [
      {
        "name": "index.js",
        "size": 916,
        "gzippedSize": 423,
        "percentage": 100
      }
    ]
  },
  "webVitals": {
    "firstContentfulPaint": 1201.298414651716,
    "timeToInteractive": 2247.0568564114683,
    "largestContentfulPaint": 1985.2621332642022,
    "cumulativeLayoutShift": 0.06279483751361918,
    "firstInputDelay": 37.56607539671083,
    "timestamp": 1774509410710
  },
  "runtime": {
    "memoryUsage": {
      "rss": 60932096,
      "heapUsed": 12932936,
      "heapTotal": 20152320,
      "external": 1965899
    },
    "startupTime": 575.264625,
    "cpuUsage": 225.203,
    "timestamp": 1774509410710
  },
  "violations": [],
  "recommendations": [
    "Largest file (index.js) is 100.0% of bundle - consider splitting or optimizing"
  ],
  "overallStatus": "pass"
}