{
  "timestamp": 1774281277433,
  "bundleSize": {
    "totalSize": 916,
    "gzippedSize": 423,
    "fileCount": 1,
    "largestFile": {
      "name": "index.js",
      "size": 916,
      "gzippedSize": 423
    },
    "breakdown": [
      {
        "name": "index.js",
        "size": 916,
        "gzippedSize": 423,
        "percentage": 100
      }
    ]
  },
  "webVitals": {
    "firstContentfulPaint": 706.6131229297563,
    "timeToInteractive": 2551.29184120726,
    "largestContentfulPaint": 1973.3597093036285,
    "cumulativeLayoutShift": 0.018396151841196806,
    "firstInputDelay": 55.05391843238908,
    "timestamp": 1774281277433
  },
  "runtime": {
    "memoryUsage": {
      "rss": 47136768,
      "heapUsed": 10289288,
      "heapTotal": 11730944,
      "external": 1961437
    },
    "startupTime": 15353.811083,
    "cpuUsage": 290.463,
    "timestamp": 1774281277433
  },
  "violations": [],
  "recommendations": [
    "Largest file (index.js) is 100.0% of bundle - consider splitting or optimizing"
  ],
  "overallStatus": "pass"
}