{
  "timestamp": 1774470370507,
  "bundleSize": {
    "totalSize": 916,
    "gzippedSize": 423,
    "fileCount": 1,
    "largestFile": {
      "name": "index.js",
      "size": 916,
      "gzippedSize": 423
    },
    "breakdown": [
      {
        "name": "index.js",
        "size": 916,
        "gzippedSize": 423,
        "percentage": 100
      }
    ]
  },
  "webVitals": {
    "firstContentfulPaint": 663.3127030609378,
    "timeToInteractive": 2692.8990183741694,
    "largestContentfulPaint": 1919.7323443615549,
    "cumulativeLayoutShift": 0.07757195184656929,
    "firstInputDelay": 29.87540189788207,
    "timestamp": 1774470370507
  },
  "runtime": {
    "memoryUsage": {
      "rss": 63275008,
      "heapUsed": 13824920,
      "heapTotal": 20316160,
      "external": 1971105
    },
    "startupTime": 246.653834,
    "cpuUsage": 154.101,
    "timestamp": 1774470370507
  },
  "violations": [],
  "recommendations": [
    "Largest file (index.js) is 100.0% of bundle - consider splitting or optimizing"
  ],
  "overallStatus": "pass"
}