{
  "timestamp": 1774664160621,
  "bundleSize": {
    "totalSize": 916,
    "gzippedSize": 423,
    "fileCount": 1,
    "largestFile": {
      "name": "index.js",
      "size": 916,
      "gzippedSize": 423
    },
    "breakdown": [
      {
        "name": "index.js",
        "size": 916,
        "gzippedSize": 423,
        "percentage": 100
      }
    ]
  },
  "webVitals": {
    "firstContentfulPaint": 1326.8000313764928,
    "timeToInteractive": 2497.486230764578,
    "largestContentfulPaint": 1679.4719407137375,
    "cumulativeLayoutShift": 0.07016105212983995,
    "firstInputDelay": 58.227266102271244,
    "timestamp": 1774664160621
  },
  "runtime": {
    "memoryUsage": {
      "rss": 62242816,
      "heapUsed": 13246328,
      "heapTotal": 20185088,
      "external": 1965899
    },
    "startupTime": 329.594542,
    "cpuUsage": 154.849,
    "timestamp": 1774664160621
  },
  "violations": [],
  "recommendations": [
    "Largest file (index.js) is 100.0% of bundle - consider splitting or optimizing"
  ],
  "overallStatus": "pass"
}