{
  "timestamp": 1774545578380,
  "bundleSize": {
    "totalSize": 916,
    "gzippedSize": 423,
    "fileCount": 1,
    "largestFile": {
      "name": "index.js",
      "size": 916,
      "gzippedSize": 423
    },
    "breakdown": [
      {
        "name": "index.js",
        "size": 916,
        "gzippedSize": 423,
        "percentage": 100
      }
    ]
  },
  "webVitals": {
    "firstContentfulPaint": 665.9617332418477,
    "timeToInteractive": 2167.2800474247474,
    "largestContentfulPaint": 1517.519501694882,
    "cumulativeLayoutShift": 0.03144024915125154,
    "firstInputDelay": 70.72510565889289,
    "timestamp": 1774545578380
  },
  "runtime": {
    "memoryUsage": {
      "rss": 59277312,
      "heapUsed": 12916144,
      "heapTotal": 19742720,
      "external": 1966360
    },
    "startupTime": 1168.718125,
    "cpuUsage": 204.101,
    "timestamp": 1774545578380
  },
  "violations": [],
  "recommendations": [
    "Largest file (index.js) is 100.0% of bundle - consider splitting or optimizing"
  ],
  "overallStatus": "pass"
}