{
  "timestamp": 1774510501104,
  "bundleSize": {
    "totalSize": 916,
    "gzippedSize": 423,
    "fileCount": 1,
    "largestFile": {
      "name": "index.js",
      "size": 916,
      "gzippedSize": 423
    },
    "breakdown": [
      {
        "name": "index.js",
        "size": 916,
        "gzippedSize": 423,
        "percentage": 100
      }
    ]
  },
  "webVitals": {
    "firstContentfulPaint": 1062.6345734023203,
    "timeToInteractive": 2237.6031023315595,
    "largestContentfulPaint": 1728.9939769507953,
    "cumulativeLayoutShift": 0.0015124696848446417,
    "firstInputDelay": 29.363078975321542,
    "timestamp": 1774510501104
  },
  "runtime": {
    "memoryUsage": {
      "rss": 50610176,
      "heapUsed": 12916552,
      "heapTotal": 19595264,
      "external": 1967656
    },
    "startupTime": 4905.355041,
    "cpuUsage": 216.762,
    "timestamp": 1774510501104
  },
  "violations": [],
  "recommendations": [
    "Largest file (index.js) is 100.0% of bundle - consider splitting or optimizing"
  ],
  "overallStatus": "pass"
}