{
  "timestamp": 1774531513225,
  "bundleSize": {
    "totalSize": 916,
    "gzippedSize": 423,
    "fileCount": 1,
    "largestFile": {
      "name": "index.js",
      "size": 916,
      "gzippedSize": 423
    },
    "breakdown": [
      {
        "name": "index.js",
        "size": 916,
        "gzippedSize": 423,
        "percentage": 100
      }
    ]
  },
  "webVitals": {
    "firstContentfulPaint": 1099.4742026701147,
    "timeToInteractive": 2343.6377528717603,
    "largestContentfulPaint": 2006.6368818404171,
    "cumulativeLayoutShift": 0.003975124675310049,
    "firstInputDelay": 32.679198235458415,
    "timestamp": 1774531513225
  },
  "runtime": {
    "memoryUsage": {
      "rss": 62603264,
      "heapUsed": 13212744,
      "heapTotal": 20021248,
      "external": 1971431
    },
    "startupTime": 237.141666,
    "cpuUsage": 139.014,
    "timestamp": 1774531513225
  },
  "violations": [],
  "recommendations": [
    "Largest file (index.js) is 100.0% of bundle - consider splitting or optimizing"
  ],
  "overallStatus": "pass"
}