{
  "timestamp": 1774266663983,
  "bundleSize": {
    "totalSize": 916,
    "gzippedSize": 423,
    "fileCount": 1,
    "largestFile": {
      "name": "index.js",
      "size": 916,
      "gzippedSize": 423
    },
    "breakdown": [
      {
        "name": "index.js",
        "size": 916,
        "gzippedSize": 423,
        "percentage": 100
      }
    ]
  },
  "webVitals": {
    "firstContentfulPaint": 1296.7372331623928,
    "timeToInteractive": 2581.835016913216,
    "largestContentfulPaint": 1681.0109242097922,
    "cumulativeLayoutShift": 0.09506970156507573,
    "firstInputDelay": 67.43657003246527,
    "timestamp": 1774266663982
  },
  "runtime": {
    "memoryUsage": {
      "rss": 63176704,
      "heapUsed": 13511992,
      "heapTotal": 21004288,
      "external": 1969729
    },
    "startupTime": 439.688875,
    "cpuUsage": 205.486,
    "timestamp": 1774266663983
  },
  "violations": [],
  "recommendations": [
    "Largest file (index.js) is 100.0% of bundle - consider splitting or optimizing"
  ],
  "overallStatus": "pass"
}