{
  "timestamp": 1774367865867,
  "bundleSize": {
    "totalSize": 916,
    "gzippedSize": 423,
    "fileCount": 1,
    "largestFile": {
      "name": "index.js",
      "size": 916,
      "gzippedSize": 423
    },
    "breakdown": [
      {
        "name": "index.js",
        "size": 916,
        "gzippedSize": 423,
        "percentage": 100
      }
    ]
  },
  "webVitals": {
    "firstContentfulPaint": 1378.7112612347582,
    "timeToInteractive": 2236.767176628348,
    "largestContentfulPaint": 2084.9892401547418,
    "cumulativeLayoutShift": 0.06299563845590116,
    "firstInputDelay": 47.68667967609318,
    "timestamp": 1774367865867
  },
  "runtime": {
    "memoryUsage": {
      "rss": 62029824,
      "heapUsed": 12898352,
      "heapTotal": 19595264,
      "external": 1971431
    },
    "startupTime": 211.943166,
    "cpuUsage": 130.331,
    "timestamp": 1774367865867
  },
  "violations": [],
  "recommendations": [
    "Largest file (index.js) is 100.0% of bundle - consider splitting or optimizing"
  ],
  "overallStatus": "pass"
}