{
  "timestamp": 1773844010489,
  "bundleSize": {
    "totalSize": 916,
    "gzippedSize": 423,
    "fileCount": 1,
    "largestFile": {
      "name": "index.js",
      "size": 916,
      "gzippedSize": 423
    },
    "breakdown": [
      {
        "name": "index.js",
        "size": 916,
        "gzippedSize": 423,
        "percentage": 100
      }
    ]
  },
  "webVitals": {
    "firstContentfulPaint": 962.4060838639082,
    "timeToInteractive": 2175.1080415449537,
    "largestContentfulPaint": 2297.858199238485,
    "cumulativeLayoutShift": 0.07267826051240578,
    "firstInputDelay": 48.076146850544376,
    "timestamp": 1773844010489
  },
  "runtime": {
    "memoryUsage": {
      "rss": 61063168,
      "heapUsed": 12093512,
      "heapTotal": 19857408,
      "external": 1969696
    },
    "startupTime": 349.147542,
    "cpuUsage": 165.455,
    "timestamp": 1773844010489
  },
  "violations": [],
  "recommendations": [
    "Largest file (index.js) is 100.0% of bundle - consider splitting or optimizing"
  ],
  "overallStatus": "pass"
}