{
  "timestamp": 1773847787316,
  "bundleSize": {
    "totalSize": 916,
    "gzippedSize": 423,
    "fileCount": 1,
    "largestFile": {
      "name": "index.js",
      "size": 916,
      "gzippedSize": 423
    },
    "breakdown": [
      {
        "name": "index.js",
        "size": 916,
        "gzippedSize": 423,
        "percentage": 100
      }
    ]
  },
  "webVitals": {
    "firstContentfulPaint": 1343.094906395123,
    "timeToInteractive": 2747.9803469847775,
    "largestContentfulPaint": 2036.6766457648323,
    "cumulativeLayoutShift": 0.09662445939717434,
    "firstInputDelay": 27.641883207122042,
    "timestamp": 1773847787316
  },
  "runtime": {
    "memoryUsage": {
      "rss": 58277888,
      "heapUsed": 12237976,
      "heapTotal": 19595264,
      "external": 1967988
    },
    "startupTime": 2987.899458,
    "cpuUsage": 184.146,
    "timestamp": 1773847787316
  },
  "violations": [],
  "recommendations": [
    "Largest file (index.js) is 100.0% of bundle - consider splitting or optimizing"
  ],
  "overallStatus": "pass"
}