{
  "timestamp": 1774017786685,
  "bundleSize": {
    "totalSize": 916,
    "gzippedSize": 423,
    "fileCount": 1,
    "largestFile": {
      "name": "index.js",
      "size": 916,
      "gzippedSize": 423
    },
    "breakdown": [
      {
        "name": "index.js",
        "size": 916,
        "gzippedSize": 423,
        "percentage": 100
      }
    ]
  },
  "webVitals": {
    "firstContentfulPaint": 574.4752269740247,
    "timeToInteractive": 2121.3859946295156,
    "largestContentfulPaint": 2274.80934315955,
    "cumulativeLayoutShift": 0.005411061832661357,
    "firstInputDelay": 36.071490942792686,
    "timestamp": 1774017786685
  },
  "runtime": {
    "memoryUsage": {
      "rss": 61489152,
      "heapUsed": 12540400,
      "heapTotal": 19857408,
      "external": 1970223
    },
    "startupTime": 344.390166,
    "cpuUsage": 168.114,
    "timestamp": 1774017786685
  },
  "violations": [],
  "recommendations": [
    "Largest file (index.js) is 100.0% of bundle - consider splitting or optimizing"
  ],
  "overallStatus": "pass"
}