{
  "timestamp": 1774031153627,
  "bundleSize": {
    "totalSize": 916,
    "gzippedSize": 423,
    "fileCount": 1,
    "largestFile": {
      "name": "index.js",
      "size": 916,
      "gzippedSize": 423
    },
    "breakdown": [
      {
        "name": "index.js",
        "size": 916,
        "gzippedSize": 423,
        "percentage": 100
      }
    ]
  },
  "webVitals": {
    "firstContentfulPaint": 572.9865335478362,
    "timeToInteractive": 2635.4216267209013,
    "largestContentfulPaint": 2115.5466877063873,
    "cumulativeLayoutShift": 0.04069907241244284,
    "firstInputDelay": 70.58327861072229,
    "timestamp": 1774031153627
  },
  "runtime": {
    "memoryUsage": {
      "rss": 62537728,
      "heapUsed": 12193232,
      "heapTotal": 20381696,
      "external": 1965320
    },
    "startupTime": 691.389792,
    "cpuUsage": 208.902,
    "timestamp": 1774031153627
  },
  "violations": [],
  "recommendations": [
    "Largest file (index.js) is 100.0% of bundle - consider splitting or optimizing"
  ],
  "overallStatus": "pass"
}