{
  "timestamp": 1775923063529,
  "bundleSize": {
    "totalSize": 952,
    "gzippedSize": 439,
    "fileCount": 1,
    "largestFile": {
      "name": "index.js",
      "size": 952,
      "gzippedSize": 439
    },
    "breakdown": [
      {
        "name": "index.js",
        "size": 952,
        "gzippedSize": 439,
        "percentage": 100
      }
    ]
  },
  "webVitals": {
    "firstContentfulPaint": 517.6162025815167,
    "timeToInteractive": 2258.5860142856286,
    "largestContentfulPaint": 1926.7723899606622,
    "cumulativeLayoutShift": 0.0923557475310711,
    "firstInputDelay": 27.950409385618393,
    "timestamp": 1775923063529
  },
  "runtime": {
    "memoryUsage": {
      "rss": 60129280,
      "heapUsed": 11757656,
      "heapTotal": 19709952,
      "external": 1968945
    },
    "startupTime": 297.727334,
    "cpuUsage": 154.058,
    "timestamp": 1775923063529
  },
  "violations": [],
  "recommendations": [
    "Largest file (index.js) is 100.0% of bundle - consider splitting or optimizing"
  ],
  "overallStatus": "pass"
}