{
  "timestamp": 1773939715450,
  "bundleSize": {
    "totalSize": 916,
    "gzippedSize": 423,
    "fileCount": 1,
    "largestFile": {
      "name": "index.js",
      "size": 916,
      "gzippedSize": 423
    },
    "breakdown": [
      {
        "name": "index.js",
        "size": 916,
        "gzippedSize": 423,
        "percentage": 100
      }
    ]
  },
  "webVitals": {
    "firstContentfulPaint": 891.8670579282209,
    "timeToInteractive": 2522.6186484486184,
    "largestContentfulPaint": 2181.8816104124953,
    "cumulativeLayoutShift": 0.062190549977757616,
    "firstInputDelay": 71.32050312537383,
    "timestamp": 1773939715450
  },
  "runtime": {
    "memoryUsage": {
      "rss": 62177280,
      "heapUsed": 12918704,
      "heapTotal": 19595264,
      "external": 1970211
    },
    "startupTime": 412.322084,
    "cpuUsage": 178.995,
    "timestamp": 1773939715450
  },
  "violations": [],
  "recommendations": [
    "Largest file (index.js) is 100.0% of bundle - consider splitting or optimizing"
  ],
  "overallStatus": "pass"
}