{
  "timestamp": 1774732225674,
  "bundleSize": {
    "totalSize": 916,
    "gzippedSize": 423,
    "fileCount": 1,
    "largestFile": {
      "name": "index.js",
      "size": 916,
      "gzippedSize": 423
    },
    "breakdown": [
      {
        "name": "index.js",
        "size": 916,
        "gzippedSize": 423,
        "percentage": 100
      }
    ]
  },
  "webVitals": {
    "firstContentfulPaint": 1116.7672807971378,
    "timeToInteractive": 2279.162895279066,
    "largestContentfulPaint": 1891.4614740813777,
    "cumulativeLayoutShift": 0.0904864505006779,
    "firstInputDelay": 52.503580210292384,
    "timestamp": 1774732225674
  },
  "runtime": {
    "memoryUsage": {
      "rss": 60669952,
      "heapUsed": 12852968,
      "heapTotal": 19595264,
      "external": 1972514
    },
    "startupTime": 571.850958,
    "cpuUsage": 194.931,
    "timestamp": 1774732225674
  },
  "violations": [],
  "recommendations": [
    "Largest file (index.js) is 100.0% of bundle - consider splitting or optimizing"
  ],
  "overallStatus": "pass"
}