{
  "timestamp": 1773946249584,
  "bundleSize": {
    "totalSize": 916,
    "gzippedSize": 423,
    "fileCount": 1,
    "largestFile": {
      "name": "index.js",
      "size": 916,
      "gzippedSize": 423
    },
    "breakdown": [
      {
        "name": "index.js",
        "size": 916,
        "gzippedSize": 423,
        "percentage": 100
      }
    ]
  },
  "webVitals": {
    "firstContentfulPaint": 565.507076483611,
    "timeToInteractive": 2929.3010201329926,
    "largestContentfulPaint": 2495.3580614996836,
    "cumulativeLayoutShift": 0.08916770724902832,
    "firstInputDelay": 30.600434685009006,
    "timestamp": 1773946249584
  },
  "runtime": {
    "memoryUsage": {
      "rss": 61997056,
      "heapUsed": 12537496,
      "heapTotal": 19857408,
      "external": 1965854
    },
    "startupTime": 234.923667,
    "cpuUsage": 147.589,
    "timestamp": 1773946249584
  },
  "violations": [],
  "recommendations": [
    "Largest file (index.js) is 100.0% of bundle - consider splitting or optimizing"
  ],
  "overallStatus": "pass"
}