{
  "timestamp": 1773833754042,
  "bundleSize": {
    "totalSize": 916,
    "gzippedSize": 423,
    "fileCount": 1,
    "largestFile": {
      "name": "index.js",
      "size": 916,
      "gzippedSize": 423
    },
    "breakdown": [
      {
        "name": "index.js",
        "size": 916,
        "gzippedSize": 423,
        "percentage": 100
      }
    ]
  },
  "webVitals": {
    "firstContentfulPaint": 1221.0486742968337,
    "timeToInteractive": 2191.355378834967,
    "largestContentfulPaint": 2499.725028416569,
    "cumulativeLayoutShift": 0.06256844139407357,
    "firstInputDelay": 30.493326575490254,
    "timestamp": 1773833754042
  },
  "runtime": {
    "memoryUsage": {
      "rss": 61980672,
      "heapUsed": 12227760,
      "heapTotal": 19333120,
      "external": 1969696
    },
    "startupTime": 421.548833,
    "cpuUsage": 204.482,
    "timestamp": 1773833754042
  },
  "violations": [],
  "recommendations": [
    "Largest file (index.js) is 100.0% of bundle - consider splitting or optimizing"
  ],
  "overallStatus": "pass"
}