{
  "timestamp": 1774196151609,
  "bundleSize": {
    "totalSize": 916,
    "gzippedSize": 423,
    "fileCount": 1,
    "largestFile": {
      "name": "index.js",
      "size": 916,
      "gzippedSize": 423
    },
    "breakdown": [
      {
        "name": "index.js",
        "size": 916,
        "gzippedSize": 423,
        "percentage": 100
      }
    ]
  },
  "webVitals": {
    "firstContentfulPaint": 1113.4965769141374,
    "timeToInteractive": 2199.60579322679,
    "largestContentfulPaint": 1723.9054133300258,
    "cumulativeLayoutShift": 0.024407292839705885,
    "firstInputDelay": 57.57910390133091,
    "timestamp": 1774196151609
  },
  "runtime": {
    "memoryUsage": {
      "rss": 62357504,
      "heapUsed": 12584184,
      "heapTotal": 20381696,
      "external": 1969216
    },
    "startupTime": 404.092709,
    "cpuUsage": 188.568,
    "timestamp": 1774196151609
  },
  "violations": [],
  "recommendations": [
    "Largest file (index.js) is 100.0% of bundle - consider splitting or optimizing"
  ],
  "overallStatus": "pass"
}