{
  "timestamp": 1773779447936,
  "bundleSize": {
    "totalSize": 916,
    "gzippedSize": 423,
    "fileCount": 1,
    "largestFile": {
      "name": "index.js",
      "size": 916,
      "gzippedSize": 423
    },
    "breakdown": [
      {
        "name": "index.js",
        "size": 916,
        "gzippedSize": 423,
        "percentage": 100
      }
    ]
  },
  "webVitals": {
    "firstContentfulPaint": 775.0843610116301,
    "timeToInteractive": 2320.3283625206404,
    "largestContentfulPaint": 1938.4153035073493,
    "cumulativeLayoutShift": 0.034005129999206705,
    "firstInputDelay": 54.739193605719834,
    "timestamp": 1773779447936
  },
  "runtime": {
    "memoryUsage": {
      "rss": 57671680,
      "heapUsed": 12252824,
      "heapTotal": 19595264,
      "external": 1967912
    },
    "startupTime": 1042.387875,
    "cpuUsage": 188.34,
    "timestamp": 1773779447936
  },
  "violations": [],
  "recommendations": [
    "Largest file (index.js) is 100.0% of bundle - consider splitting or optimizing"
  ],
  "overallStatus": "pass"
}