{
  "timestamp": 1774611620159,
  "bundleSize": {
    "totalSize": 916,
    "gzippedSize": 423,
    "fileCount": 1,
    "largestFile": {
      "name": "index.js",
      "size": 916,
      "gzippedSize": 423
    },
    "breakdown": [
      {
        "name": "index.js",
        "size": 916,
        "gzippedSize": 423,
        "percentage": 100
      }
    ]
  },
  "webVitals": {
    "firstContentfulPaint": 1103.5259718914326,
    "timeToInteractive": 2063.1191249565186,
    "largestContentfulPaint": 2151.9719606495696,
    "cumulativeLayoutShift": 0.09097252218352606,
    "firstInputDelay": 59.957104851376684,
    "timestamp": 1774611620159
  },
  "runtime": {
    "memoryUsage": {
      "rss": 63209472,
      "heapUsed": 13470144,
      "heapTotal": 20152320,
      "external": 1971431
    },
    "startupTime": 221.365375,
    "cpuUsage": 140.85,
    "timestamp": 1774611620159
  },
  "violations": [],
  "recommendations": [
    "Largest file (index.js) is 100.0% of bundle - consider splitting or optimizing"
  ],
  "overallStatus": "pass"
}