{
  "timestamp": 1774543047307,
  "bundleSize": {
    "totalSize": 916,
    "gzippedSize": 423,
    "fileCount": 1,
    "largestFile": {
      "name": "index.js",
      "size": 916,
      "gzippedSize": 423
    },
    "breakdown": [
      {
        "name": "index.js",
        "size": 916,
        "gzippedSize": 423,
        "percentage": 100
      }
    ]
  },
  "webVitals": {
    "firstContentfulPaint": 1376.4896189483788,
    "timeToInteractive": 2274.536860768201,
    "largestContentfulPaint": 1970.9028880041574,
    "cumulativeLayoutShift": 0.027570964267548417,
    "firstInputDelay": 49.04924196236594,
    "timestamp": 1774543047307
  },
  "runtime": {
    "memoryUsage": {
      "rss": 52690944,
      "heapUsed": 12952272,
      "heapTotal": 20152320,
      "external": 1967702
    },
    "startupTime": 5056.094583,
    "cpuUsage": 200.918,
    "timestamp": 1774543047307
  },
  "violations": [],
  "recommendations": [
    "Largest file (index.js) is 100.0% of bundle - consider splitting or optimizing"
  ],
  "overallStatus": "pass"
}