{
  "timestamp": 1773766889900,
  "bundleSize": {
    "totalSize": 916,
    "gzippedSize": 423,
    "fileCount": 1,
    "largestFile": {
      "name": "index.js",
      "size": 916,
      "gzippedSize": 423
    },
    "breakdown": [
      {
        "name": "index.js",
        "size": 916,
        "gzippedSize": 423,
        "percentage": 100
      }
    ]
  },
  "webVitals": {
    "firstContentfulPaint": 1014.2074564130918,
    "timeToInteractive": 2610.004306926308,
    "largestContentfulPaint": 1637.8550450273756,
    "cumulativeLayoutShift": 0.06331960928073235,
    "firstInputDelay": 57.501346786306776,
    "timestamp": 1773766889900
  },
  "runtime": {
    "memoryUsage": {
      "rss": 61882368,
      "heapUsed": 12077936,
      "heapTotal": 19595264,
      "external": 1970916
    },
    "startupTime": 269.895541,
    "cpuUsage": 162.485,
    "timestamp": 1773766889900
  },
  "violations": [],
  "recommendations": [
    "Largest file (index.js) is 100.0% of bundle - consider splitting or optimizing"
  ],
  "overallStatus": "pass"
}