{
  "timestamp": 1773841623461,
  "bundleSize": {
    "totalSize": 916,
    "gzippedSize": 423,
    "fileCount": 1,
    "largestFile": {
      "name": "index.js",
      "size": 916,
      "gzippedSize": 423
    },
    "breakdown": [
      {
        "name": "index.js",
        "size": 916,
        "gzippedSize": 423,
        "percentage": 100
      }
    ]
  },
  "webVitals": {
    "firstContentfulPaint": 810.3551238378493,
    "timeToInteractive": 2844.1202390850744,
    "largestContentfulPaint": 1538.2262667234043,
    "cumulativeLayoutShift": 0.04869834303096019,
    "firstInputDelay": 68.09380449704591,
    "timestamp": 1773841623460
  },
  "runtime": {
    "memoryUsage": {
      "rss": 61865984,
      "heapUsed": 12118720,
      "heapTotal": 20119552,
      "external": 1969708
    },
    "startupTime": 286.904667,
    "cpuUsage": 160.494,
    "timestamp": 1773841623461
  },
  "violations": [],
  "recommendations": [
    "Largest file (index.js) is 100.0% of bundle - consider splitting or optimizing"
  ],
  "overallStatus": "pass"
}