{
  "timestamp": 1774509878130,
  "bundleSize": {
    "totalSize": 916,
    "gzippedSize": 423,
    "fileCount": 1,
    "largestFile": {
      "name": "index.js",
      "size": 916,
      "gzippedSize": 423
    },
    "breakdown": [
      {
        "name": "index.js",
        "size": 916,
        "gzippedSize": 423,
        "percentage": 100
      }
    ]
  },
  "webVitals": {
    "firstContentfulPaint": 788.0681099559334,
    "timeToInteractive": 2811.6788206459273,
    "largestContentfulPaint": 2354.602093162436,
    "cumulativeLayoutShift": 0.0072248063684379644,
    "firstInputDelay": 63.37922243927954,
    "timestamp": 1774509878130
  },
  "runtime": {
    "memoryUsage": {
      "rss": 62275584,
      "heapUsed": 12905648,
      "heapTotal": 19857408,
      "external": 1970211
    },
    "startupTime": 331.323709,
    "cpuUsage": 163.253,
    "timestamp": 1774509878130
  },
  "violations": [],
  "recommendations": [
    "Largest file (index.js) is 100.0% of bundle - consider splitting or optimizing"
  ],
  "overallStatus": "pass"
}