{
  "timestamp": 1774315032632,
  "bundleSize": {
    "totalSize": 916,
    "gzippedSize": 423,
    "fileCount": 1,
    "largestFile": {
      "name": "index.js",
      "size": 916,
      "gzippedSize": 423
    },
    "breakdown": [
      {
        "name": "index.js",
        "size": 916,
        "gzippedSize": 423,
        "percentage": 100
      }
    ]
  },
  "webVitals": {
    "firstContentfulPaint": 1457.545455649015,
    "timeToInteractive": 2043.3374597040138,
    "largestContentfulPaint": 1873.4536986875628,
    "cumulativeLayoutShift": 0.025175346172996528,
    "firstInputDelay": 71.8219753429549,
    "timestamp": 1774315032632
  },
  "runtime": {
    "memoryUsage": {
      "rss": 61767680,
      "heapUsed": 12472264,
      "heapTotal": 20119552,
      "external": 1970223
    },
    "startupTime": 242.621709,
    "cpuUsage": 142.611,
    "timestamp": 1774315032632
  },
  "violations": [],
  "recommendations": [
    "Largest file (index.js) is 100.0% of bundle - consider splitting or optimizing"
  ],
  "overallStatus": "pass"
}