{
  "timestamp": 1774729665533,
  "bundleSize": {
    "totalSize": 916,
    "gzippedSize": 423,
    "fileCount": 1,
    "largestFile": {
      "name": "index.js",
      "size": 916,
      "gzippedSize": 423
    },
    "breakdown": [
      {
        "name": "index.js",
        "size": 916,
        "gzippedSize": 423,
        "percentage": 100
      }
    ]
  },
  "webVitals": {
    "firstContentfulPaint": 942.0653094717802,
    "timeToInteractive": 2093.5686168414477,
    "largestContentfulPaint": 1532.9783496568355,
    "cumulativeLayoutShift": 0.036024408028561015,
    "firstInputDelay": 51.94256225911353,
    "timestamp": 1774729665533
  },
  "runtime": {
    "memoryUsage": {
      "rss": 61833216,
      "heapUsed": 12835784,
      "heapTotal": 19595264,
      "external": 1972220
    },
    "startupTime": 299.214209,
    "cpuUsage": 172.006,
    "timestamp": 1774729665533
  },
  "violations": [],
  "recommendations": [
    "Largest file (index.js) is 100.0% of bundle - consider splitting or optimizing"
  ],
  "overallStatus": "pass"
}