{
  "timestamp": 1774560926821,
  "bundleSize": {
    "totalSize": 916,
    "gzippedSize": 423,
    "fileCount": 1,
    "largestFile": {
      "name": "index.js",
      "size": 916,
      "gzippedSize": 423
    },
    "breakdown": [
      {
        "name": "index.js",
        "size": 916,
        "gzippedSize": 423,
        "percentage": 100
      }
    ]
  },
  "webVitals": {
    "firstContentfulPaint": 1295.5117052155297,
    "timeToInteractive": 2350.2487814322412,
    "largestContentfulPaint": 2163.244284093303,
    "cumulativeLayoutShift": 0.044943224921584896,
    "firstInputDelay": 45.646594172475616,
    "timestamp": 1774560926821
  },
  "runtime": {
    "memoryUsage": {
      "rss": 62013440,
      "heapUsed": 12535840,
      "heapTotal": 20119552,
      "external": 1970223
    },
    "startupTime": 249.474625,
    "cpuUsage": 154.842,
    "timestamp": 1774560926821
  },
  "violations": [],
  "recommendations": [
    "Largest file (index.js) is 100.0% of bundle - consider splitting or optimizing"
  ],
  "overallStatus": "pass"
}