{
  "timestamp": 1774017318182,
  "bundleSize": {
    "totalSize": 916,
    "gzippedSize": 423,
    "fileCount": 1,
    "largestFile": {
      "name": "index.js",
      "size": 916,
      "gzippedSize": 423
    },
    "breakdown": [
      {
        "name": "index.js",
        "size": 916,
        "gzippedSize": 423,
        "percentage": 100
      }
    ]
  },
  "webVitals": {
    "firstContentfulPaint": 1185.6950048855342,
    "timeToInteractive": 2815.7045599062235,
    "largestContentfulPaint": 1991.3335713369972,
    "cumulativeLayoutShift": 0.0017726071718586756,
    "firstInputDelay": 38.63936207680095,
    "timestamp": 1774017318182
  },
  "runtime": {
    "memoryUsage": {
      "rss": 62193664,
      "heapUsed": 12608160,
      "heapTotal": 20381696,
      "external": 1969216
    },
    "startupTime": 391.777916,
    "cpuUsage": 186.217,
    "timestamp": 1774017318182
  },
  "violations": [],
  "recommendations": [
    "Largest file (index.js) is 100.0% of bundle - consider splitting or optimizing"
  ],
  "overallStatus": "pass"
}