{
  "timestamp": 1774206763230,
  "bundleSize": {
    "totalSize": 916,
    "gzippedSize": 423,
    "fileCount": 1,
    "largestFile": {
      "name": "index.js",
      "size": 916,
      "gzippedSize": 423
    },
    "breakdown": [
      {
        "name": "index.js",
        "size": 916,
        "gzippedSize": 423,
        "percentage": 100
      }
    ]
  },
  "webVitals": {
    "firstContentfulPaint": 1242.1849065260867,
    "timeToInteractive": 2133.7031020594713,
    "largestContentfulPaint": 1706.7006342276288,
    "cumulativeLayoutShift": 0.04648489146334181,
    "firstInputDelay": 56.104617488320145,
    "timestamp": 1774206763230
  },
  "runtime": {
    "memoryUsage": {
      "rss": 62144512,
      "heapUsed": 12978888,
      "heapTotal": 20447232,
      "external": 1965854
    },
    "startupTime": 227.738834,
    "cpuUsage": 145.359,
    "timestamp": 1774206763230
  },
  "violations": [],
  "recommendations": [
    "Largest file (index.js) is 100.0% of bundle - consider splitting or optimizing"
  ],
  "overallStatus": "pass"
}