{
  "timestamp": 1774664936262,
  "bundleSize": {
    "totalSize": 916,
    "gzippedSize": 423,
    "fileCount": 1,
    "largestFile": {
      "name": "index.js",
      "size": 916,
      "gzippedSize": 423
    },
    "breakdown": [
      {
        "name": "index.js",
        "size": 916,
        "gzippedSize": 423,
        "percentage": 100
      }
    ]
  },
  "webVitals": {
    "firstContentfulPaint": 562.7072729527849,
    "timeToInteractive": 2495.9561770358614,
    "largestContentfulPaint": 2249.5512443500165,
    "cumulativeLayoutShift": 0.004529458796929209,
    "firstInputDelay": 58.103371342429064,
    "timestamp": 1774664936262
  },
  "runtime": {
    "memoryUsage": {
      "rss": 64684032,
      "heapUsed": 12675472,
      "heapTotal": 20643840,
      "external": 2571646
    },
    "startupTime": 411.526208,
    "cpuUsage": 158.982,
    "timestamp": 1774664936262
  },
  "violations": [],
  "recommendations": [
    "Largest file (index.js) is 100.0% of bundle - consider splitting or optimizing"
  ],
  "overallStatus": "pass"
}