{
  "timestamp": 1774554585510,
  "bundleSize": {
    "totalSize": 916,
    "gzippedSize": 423,
    "fileCount": 1,
    "largestFile": {
      "name": "index.js",
      "size": 916,
      "gzippedSize": 423
    },
    "breakdown": [
      {
        "name": "index.js",
        "size": 916,
        "gzippedSize": 423,
        "percentage": 100
      }
    ]
  },
  "webVitals": {
    "firstContentfulPaint": 1381.4591923703642,
    "timeToInteractive": 2518.9351388626133,
    "largestContentfulPaint": 2318.2263908604536,
    "cumulativeLayoutShift": 0.030800317123474176,
    "firstInputDelay": 49.80230259994419,
    "timestamp": 1774554585510
  },
  "runtime": {
    "memoryUsage": {
      "rss": 63700992,
      "heapUsed": 13850872,
      "heapTotal": 21069824,
      "external": 1970223
    },
    "startupTime": 492.51775,
    "cpuUsage": 194.993,
    "timestamp": 1774554585510
  },
  "violations": [],
  "recommendations": [
    "Largest file (index.js) is 100.0% of bundle - consider splitting or optimizing"
  ],
  "overallStatus": "pass"
}