{
  "timestamp": 1774541287588,
  "bundleSize": {
    "totalSize": 916,
    "gzippedSize": 423,
    "fileCount": 1,
    "largestFile": {
      "name": "index.js",
      "size": 916,
      "gzippedSize": 423
    },
    "breakdown": [
      {
        "name": "index.js",
        "size": 916,
        "gzippedSize": 423,
        "percentage": 100
      }
    ]
  },
  "webVitals": {
    "firstContentfulPaint": 1104.3657836514158,
    "timeToInteractive": 2350.871101087056,
    "largestContentfulPaint": 1681.7231890088171,
    "cumulativeLayoutShift": 0.056278569367447795,
    "firstInputDelay": 74.21003145601543,
    "timestamp": 1774541287587
  },
  "runtime": {
    "memoryUsage": {
      "rss": 57393152,
      "heapUsed": 12608176,
      "heapTotal": 19595264,
      "external": 1967207
    },
    "startupTime": 2919.048334,
    "cpuUsage": 210.001,
    "timestamp": 1774541287588
  },
  "violations": [],
  "recommendations": [
    "Largest file (index.js) is 100.0% of bundle - consider splitting or optimizing"
  ],
  "overallStatus": "pass"
}