{
  "timestamp": 1773831565087,
  "bundleSize": {
    "totalSize": 916,
    "gzippedSize": 423,
    "fileCount": 1,
    "largestFile": {
      "name": "index.js",
      "size": 916,
      "gzippedSize": 423
    },
    "breakdown": [
      {
        "name": "index.js",
        "size": 916,
        "gzippedSize": 423,
        "percentage": 100
      }
    ]
  },
  "webVitals": {
    "firstContentfulPaint": 972.6974210724363,
    "timeToInteractive": 2154.3453367859165,
    "largestContentfulPaint": 1840.6160166224277,
    "cumulativeLayoutShift": 0.07338384386093637,
    "firstInputDelay": 72.30005931952444,
    "timestamp": 1773831565087
  },
  "runtime": {
    "memoryUsage": {
      "rss": 62357504,
      "heapUsed": 12017136,
      "heapTotal": 20381696,
      "external": 1969921
    },
    "startupTime": 293.719333,
    "cpuUsage": 180.042,
    "timestamp": 1773831565087
  },
  "violations": [],
  "recommendations": [
    "Largest file (index.js) is 100.0% of bundle - consider splitting or optimizing"
  ],
  "overallStatus": "pass"
}