{
  "timestamp": 1774819852589,
  "bundleSize": {
    "totalSize": 952,
    "gzippedSize": 439,
    "fileCount": 1,
    "largestFile": {
      "name": "index.js",
      "size": 952,
      "gzippedSize": 439
    },
    "breakdown": [
      {
        "name": "index.js",
        "size": 952,
        "gzippedSize": 439,
        "percentage": 100
      }
    ]
  },
  "webVitals": {
    "firstContentfulPaint": 1204.7310487909335,
    "timeToInteractive": 2147.3696630044547,
    "largestContentfulPaint": 2034.5450855745803,
    "cumulativeLayoutShift": 0.026436041000058166,
    "firstInputDelay": 35.04103403706284,
    "timestamp": 1774819852589
  },
  "runtime": {
    "memoryUsage": {
      "rss": 58064896,
      "heapUsed": 13339160,
      "heapTotal": 19447808,
      "external": 2708878
    },
    "startupTime": 480.493125,
    "cpuUsage": 172.828,
    "timestamp": 1774819852589
  },
  "violations": [],
  "recommendations": [
    "Largest file (index.js) is 100.0% of bundle - consider splitting or optimizing"
  ],
  "overallStatus": "pass"
}