{
  "timestamp": 1774014880842,
  "bundleSize": {
    "totalSize": 916,
    "gzippedSize": 423,
    "fileCount": 1,
    "largestFile": {
      "name": "index.js",
      "size": 916,
      "gzippedSize": 423
    },
    "breakdown": [
      {
        "name": "index.js",
        "size": 916,
        "gzippedSize": 423,
        "percentage": 100
      }
    ]
  },
  "webVitals": {
    "firstContentfulPaint": 576.8587221168484,
    "timeToInteractive": 2230.6028162943812,
    "largestContentfulPaint": 2458.7441661153744,
    "cumulativeLayoutShift": 0.09049925875620562,
    "firstInputDelay": 36.14665371860216,
    "timestamp": 1774014880842
  },
  "runtime": {
    "memoryUsage": {
      "rss": 62455808,
      "heapUsed": 12424840,
      "heapTotal": 19857408,
      "external": 1971564
    },
    "startupTime": 413.569417,
    "cpuUsage": 158.688,
    "timestamp": 1774014880842
  },
  "violations": [],
  "recommendations": [
    "Largest file (index.js) is 100.0% of bundle - consider splitting or optimizing"
  ],
  "overallStatus": "pass"
}