{
  "timestamp": 1774267956320,
  "bundleSize": {
    "totalSize": 916,
    "gzippedSize": 423,
    "fileCount": 1,
    "largestFile": {
      "name": "index.js",
      "size": 916,
      "gzippedSize": 423
    },
    "breakdown": [
      {
        "name": "index.js",
        "size": 916,
        "gzippedSize": 423,
        "percentage": 100
      }
    ]
  },
  "webVitals": {
    "firstContentfulPaint": 941.5812436768875,
    "timeToInteractive": 2779.6486362627174,
    "largestContentfulPaint": 1537.200821223496,
    "cumulativeLayoutShift": 0.09937687610107343,
    "firstInputDelay": 64.40929915158145,
    "timestamp": 1774267956320
  },
  "runtime": {
    "memoryUsage": {
      "rss": 60571648,
      "heapUsed": 13319048,
      "heapTotal": 20316160,
      "external": 1966925
    },
    "startupTime": 1423.128875,
    "cpuUsage": 209.578,
    "timestamp": 1774267956320
  },
  "violations": [],
  "recommendations": [
    "Largest file (index.js) is 100.0% of bundle - consider splitting or optimizing"
  ],
  "overallStatus": "pass"
}