{
  "timestamp": 1774538699824,
  "bundleSize": {
    "totalSize": 916,
    "gzippedSize": 423,
    "fileCount": 1,
    "largestFile": {
      "name": "index.js",
      "size": 916,
      "gzippedSize": 423
    },
    "breakdown": [
      {
        "name": "index.js",
        "size": 916,
        "gzippedSize": 423,
        "percentage": 100
      }
    ]
  },
  "webVitals": {
    "firstContentfulPaint": 1456.8205701585282,
    "timeToInteractive": 2269.9377219943462,
    "largestContentfulPaint": 1932.5959350709395,
    "cumulativeLayoutShift": 0.007561235102315634,
    "firstInputDelay": 71.99610801138054,
    "timestamp": 1774538699824
  },
  "runtime": {
    "memoryUsage": {
      "rss": 62849024,
      "heapUsed": 13087448,
      "heapTotal": 20316160,
      "external": 1969741
    },
    "startupTime": 514.28625,
    "cpuUsage": 189.076,
    "timestamp": 1774538699824
  },
  "violations": [],
  "recommendations": [
    "Largest file (index.js) is 100.0% of bundle - consider splitting or optimizing"
  ],
  "overallStatus": "pass"
}