{
  "timestamp": 1774005781248,
  "bundleSize": {
    "totalSize": 916,
    "gzippedSize": 423,
    "fileCount": 1,
    "largestFile": {
      "name": "index.js",
      "size": 916,
      "gzippedSize": 423
    },
    "breakdown": [
      {
        "name": "index.js",
        "size": 916,
        "gzippedSize": 423,
        "percentage": 100
      }
    ]
  },
  "webVitals": {
    "firstContentfulPaint": 1029.1198222885382,
    "timeToInteractive": 2546.1486332731633,
    "largestContentfulPaint": 2326.065071809738,
    "cumulativeLayoutShift": 0.08281668734630832,
    "firstInputDelay": 33.480692935738944,
    "timestamp": 1774005781248
  },
  "runtime": {
    "memoryUsage": {
      "rss": 61702144,
      "heapUsed": 12658712,
      "heapTotal": 19857408,
      "external": 1970211
    },
    "startupTime": 655.59075,
    "cpuUsage": 191.015,
    "timestamp": 1774005781248
  },
  "violations": [],
  "recommendations": [
    "Largest file (index.js) is 100.0% of bundle - consider splitting or optimizing"
  ],
  "overallStatus": "pass"
}