{
  "timestamp": 1774543937878,
  "bundleSize": {
    "totalSize": 916,
    "gzippedSize": 423,
    "fileCount": 1,
    "largestFile": {
      "name": "index.js",
      "size": 916,
      "gzippedSize": 423
    },
    "breakdown": [
      {
        "name": "index.js",
        "size": 916,
        "gzippedSize": 423,
        "percentage": 100
      }
    ]
  },
  "webVitals": {
    "firstContentfulPaint": 1436.6469818565192,
    "timeToInteractive": 2695.697408483537,
    "largestContentfulPaint": 1829.748020824829,
    "cumulativeLayoutShift": 0.09932128131148826,
    "firstInputDelay": 47.73533861867374,
    "timestamp": 1774543937878
  },
  "runtime": {
    "memoryUsage": {
      "rss": 60014592,
      "heapUsed": 12559752,
      "heapTotal": 20119552,
      "external": 1966360
    },
    "startupTime": 3118.350459,
    "cpuUsage": 185.784,
    "timestamp": 1774543937878
  },
  "violations": [],
  "recommendations": [
    "Largest file (index.js) is 100.0% of bundle - consider splitting or optimizing"
  ],
  "overallStatus": "pass"
}