{
  "timestamp": 1774467522416,
  "bundleSize": {
    "totalSize": 916,
    "gzippedSize": 423,
    "fileCount": 1,
    "largestFile": {
      "name": "index.js",
      "size": 916,
      "gzippedSize": 423
    },
    "breakdown": [
      {
        "name": "index.js",
        "size": 916,
        "gzippedSize": 423,
        "percentage": 100
      }
    ]
  },
  "webVitals": {
    "firstContentfulPaint": 543.3206336074843,
    "timeToInteractive": 2891.7163265920462,
    "largestContentfulPaint": 1534.6071058465002,
    "cumulativeLayoutShift": 0.05232456918103084,
    "firstInputDelay": 34.68975268075553,
    "timestamp": 1774467522416
  },
  "runtime": {
    "memoryUsage": {
      "rss": 61865984,
      "heapUsed": 12547872,
      "heapTotal": 19857408,
      "external": 1971431
    },
    "startupTime": 217.586458,
    "cpuUsage": 138.028,
    "timestamp": 1774467522416
  },
  "violations": [],
  "recommendations": [
    "Largest file (index.js) is 100.0% of bundle - consider splitting or optimizing"
  ],
  "overallStatus": "pass"
}