{
  "timestamp": 1774223509538,
  "bundleSize": {
    "totalSize": 916,
    "gzippedSize": 423,
    "fileCount": 1,
    "largestFile": {
      "name": "index.js",
      "size": 916,
      "gzippedSize": 423
    },
    "breakdown": [
      {
        "name": "index.js",
        "size": 916,
        "gzippedSize": 423,
        "percentage": 100
      }
    ]
  },
  "webVitals": {
    "firstContentfulPaint": 1073.294010390342,
    "timeToInteractive": 2065.463513897801,
    "largestContentfulPaint": 1614.9601376604671,
    "cumulativeLayoutShift": 0.025822238208964787,
    "firstInputDelay": 74.98327271595403,
    "timestamp": 1774223509538
  },
  "runtime": {
    "memoryUsage": {
      "rss": 62652416,
      "heapUsed": 12889936,
      "heapTotal": 20217856,
      "external": 1965854
    },
    "startupTime": 180.287417,
    "cpuUsage": 122.044,
    "timestamp": 1774223509538
  },
  "violations": [],
  "recommendations": [
    "Largest file (index.js) is 100.0% of bundle - consider splitting or optimizing"
  ],
  "overallStatus": "pass"
}