{
  "timestamp": 1774315204142,
  "bundleSize": {
    "totalSize": 916,
    "gzippedSize": 423,
    "fileCount": 1,
    "largestFile": {
      "name": "index.js",
      "size": 916,
      "gzippedSize": 423
    },
    "breakdown": [
      {
        "name": "index.js",
        "size": 916,
        "gzippedSize": 423,
        "percentage": 100
      }
    ]
  },
  "webVitals": {
    "firstContentfulPaint": 1025.5204492051107,
    "timeToInteractive": 2781.707114055076,
    "largestContentfulPaint": 2457.8836074539786,
    "cumulativeLayoutShift": 0.023863132865448722,
    "firstInputDelay": 32.99791740303656,
    "timestamp": 1774315204142
  },
  "runtime": {
    "memoryUsage": {
      "rss": 61931520,
      "heapUsed": 12550736,
      "heapTotal": 19857408,
      "external": 1970223
    },
    "startupTime": 246.961125,
    "cpuUsage": 146.715,
    "timestamp": 1774315204142
  },
  "violations": [],
  "recommendations": [
    "Largest file (index.js) is 100.0% of bundle - consider splitting or optimizing"
  ],
  "overallStatus": "pass"
}