{
  "timestamp": 1774280201645,
  "bundleSize": {
    "totalSize": 916,
    "gzippedSize": 423,
    "fileCount": 1,
    "largestFile": {
      "name": "index.js",
      "size": 916,
      "gzippedSize": 423
    },
    "breakdown": [
      {
        "name": "index.js",
        "size": 916,
        "gzippedSize": 423,
        "percentage": 100
      }
    ]
  },
  "webVitals": {
    "firstContentfulPaint": 1087.6908188459684,
    "timeToInteractive": 2221.722505401389,
    "largestContentfulPaint": 2247.0648536334575,
    "cumulativeLayoutShift": 0.026499818290262312,
    "firstInputDelay": 25.778412797577555,
    "timestamp": 1774280201645
  },
  "runtime": {
    "memoryUsage": {
      "rss": 59736064,
      "heapUsed": 12686760,
      "heapTotal": 19857408,
      "external": 1965320
    },
    "startupTime": 3345.237125,
    "cpuUsage": 201.697,
    "timestamp": 1774280201645
  },
  "violations": [],
  "recommendations": [
    "Largest file (index.js) is 100.0% of bundle - consider splitting or optimizing"
  ],
  "overallStatus": "pass"
}