{
  "timestamp": 1773686765477,
  "bundleSize": {
    "totalSize": 916,
    "gzippedSize": 423,
    "fileCount": 1,
    "largestFile": {
      "name": "index.js",
      "size": 916,
      "gzippedSize": 423
    },
    "breakdown": [
      {
        "name": "index.js",
        "size": 916,
        "gzippedSize": 423,
        "percentage": 100
      }
    ]
  },
  "webVitals": {
    "firstContentfulPaint": 1164.0258296631432,
    "timeToInteractive": 2253.1763894618935,
    "largestContentfulPaint": 2425.0319476035265,
    "cumulativeLayoutShift": 0.017821107861830467,
    "firstInputDelay": 46.97032983361097,
    "timestamp": 1773686765477
  },
  "runtime": {
    "memoryUsage": {
      "rss": 61997056,
      "heapUsed": 12223544,
      "heapTotal": 19595264,
      "external": 1969708
    },
    "startupTime": 310.364792,
    "cpuUsage": 174.917,
    "timestamp": 1773686765477
  },
  "violations": [],
  "recommendations": [
    "Largest file (index.js) is 100.0% of bundle - consider splitting or optimizing"
  ],
  "overallStatus": "pass"
}