{
  "timestamp": 1773943110940,
  "bundleSize": {
    "totalSize": 916,
    "gzippedSize": 423,
    "fileCount": 1,
    "largestFile": {
      "name": "index.js",
      "size": 916,
      "gzippedSize": 423
    },
    "breakdown": [
      {
        "name": "index.js",
        "size": 916,
        "gzippedSize": 423,
        "percentage": 100
      }
    ]
  },
  "webVitals": {
    "firstContentfulPaint": 784.7254844575289,
    "timeToInteractive": 2988.0256098315267,
    "largestContentfulPaint": 1668.1049007978293,
    "cumulativeLayoutShift": 0.03712753106169591,
    "firstInputDelay": 61.089377402470866,
    "timestamp": 1773943110939
  },
  "runtime": {
    "memoryUsage": {
      "rss": 59785216,
      "heapUsed": 12349432,
      "heapTotal": 19595264,
      "external": 1970223
    },
    "startupTime": 432.893875,
    "cpuUsage": 176.431,
    "timestamp": 1773943110940
  },
  "violations": [],
  "recommendations": [
    "Largest file (index.js) is 100.0% of bundle - consider splitting or optimizing"
  ],
  "overallStatus": "pass"
}