{
  "timestamp": 1774226146401,
  "bundleSize": {
    "totalSize": 916,
    "gzippedSize": 423,
    "fileCount": 1,
    "largestFile": {
      "name": "index.js",
      "size": 916,
      "gzippedSize": 423
    },
    "breakdown": [
      {
        "name": "index.js",
        "size": 916,
        "gzippedSize": 423,
        "percentage": 100
      }
    ]
  },
  "webVitals": {
    "firstContentfulPaint": 1157.9021553338885,
    "timeToInteractive": 2131.852754582836,
    "largestContentfulPaint": 1955.8554646762782,
    "cumulativeLayoutShift": 0.022051803587521592,
    "firstInputDelay": 74.10628627236453,
    "timestamp": 1774226146401
  },
  "runtime": {
    "memoryUsage": {
      "rss": 59375616,
      "heapUsed": 12584824,
      "heapTotal": 20119552,
      "external": 1966360
    },
    "startupTime": 3180.891417,
    "cpuUsage": 207.252,
    "timestamp": 1774226146401
  },
  "violations": [],
  "recommendations": [
    "Largest file (index.js) is 100.0% of bundle - consider splitting or optimizing"
  ],
  "overallStatus": "pass"
}