{
  "timestamp": 1774277719631,
  "bundleSize": {
    "totalSize": 916,
    "gzippedSize": 423,
    "fileCount": 1,
    "largestFile": {
      "name": "index.js",
      "size": 916,
      "gzippedSize": 423
    },
    "breakdown": [
      {
        "name": "index.js",
        "size": 916,
        "gzippedSize": 423,
        "percentage": 100
      }
    ]
  },
  "webVitals": {
    "firstContentfulPaint": 1112.9589334097702,
    "timeToInteractive": 2144.86205133865,
    "largestContentfulPaint": 2081.7231063479057,
    "cumulativeLayoutShift": 0.0062572310864019935,
    "firstInputDelay": 30.300823594446168,
    "timestamp": 1774277719631
  },
  "runtime": {
    "memoryUsage": {
      "rss": 61767680,
      "heapUsed": 12467016,
      "heapTotal": 19857408,
      "external": 1965854
    },
    "startupTime": 188.124875,
    "cpuUsage": 134.151,
    "timestamp": 1774277719631
  },
  "violations": [],
  "recommendations": [
    "Largest file (index.js) is 100.0% of bundle - consider splitting or optimizing"
  ],
  "overallStatus": "pass"
}