{
  "timestamp": 1773942147954,
  "bundleSize": {
    "totalSize": 916,
    "gzippedSize": 423,
    "fileCount": 1,
    "largestFile": {
      "name": "index.js",
      "size": 916,
      "gzippedSize": 423
    },
    "breakdown": [
      {
        "name": "index.js",
        "size": 916,
        "gzippedSize": 423,
        "percentage": 100
      }
    ]
  },
  "webVitals": {
    "firstContentfulPaint": 1033.3901533295339,
    "timeToInteractive": 2726.7591593748043,
    "largestContentfulPaint": 2011.1035515400608,
    "cumulativeLayoutShift": 0.020168828053356715,
    "firstInputDelay": 53.40039804858403,
    "timestamp": 1773942147954
  },
  "runtime": {
    "memoryUsage": {
      "rss": 61587456,
      "heapUsed": 12756704,
      "heapTotal": 19857408,
      "external": 1970435
    },
    "startupTime": 844.89375,
    "cpuUsage": 195.738,
    "timestamp": 1773942147954
  },
  "violations": [],
  "recommendations": [
    "Largest file (index.js) is 100.0% of bundle - consider splitting or optimizing"
  ],
  "overallStatus": "pass"
}