{
  "timestamp": 1774304849291,
  "bundleSize": {
    "totalSize": 916,
    "gzippedSize": 423,
    "fileCount": 1,
    "largestFile": {
      "name": "index.js",
      "size": 916,
      "gzippedSize": 423
    },
    "breakdown": [
      {
        "name": "index.js",
        "size": 916,
        "gzippedSize": 423,
        "percentage": 100
      }
    ]
  },
  "webVitals": {
    "firstContentfulPaint": 518.6700822972385,
    "timeToInteractive": 2012.1281116474222,
    "largestContentfulPaint": 1734.1879898326988,
    "cumulativeLayoutShift": 0.041847650025656026,
    "firstInputDelay": 48.84174565695892,
    "timestamp": 1774304849291
  },
  "runtime": {
    "memoryUsage": {
      "rss": 62259200,
      "heapUsed": 12607144,
      "heapTotal": 19857408,
      "external": 1970223
    },
    "startupTime": 242.519042,
    "cpuUsage": 142.014,
    "timestamp": 1774304849291
  },
  "violations": [],
  "recommendations": [
    "Largest file (index.js) is 100.0% of bundle - consider splitting or optimizing"
  ],
  "overallStatus": "pass"
}