{
  "timestamp": 1773852738335,
  "bundleSize": {
    "totalSize": 916,
    "gzippedSize": 423,
    "fileCount": 1,
    "largestFile": {
      "name": "index.js",
      "size": 916,
      "gzippedSize": 423
    },
    "breakdown": [
      {
        "name": "index.js",
        "size": 916,
        "gzippedSize": 423,
        "percentage": 100
      }
    ]
  },
  "webVitals": {
    "firstContentfulPaint": 1199.6751754322167,
    "timeToInteractive": 2232.728028122085,
    "largestContentfulPaint": 1753.4077083853747,
    "cumulativeLayoutShift": 0.031233597680731376,
    "firstInputDelay": 73.80996921002902,
    "timestamp": 1773852738335
  },
  "runtime": {
    "memoryUsage": {
      "rss": 60325888,
      "heapUsed": 11980400,
      "heapTotal": 20119552,
      "external": 1965858
    },
    "startupTime": 1206.171042,
    "cpuUsage": 194.045,
    "timestamp": 1773852738335
  },
  "violations": [],
  "recommendations": [
    "Largest file (index.js) is 100.0% of bundle - consider splitting or optimizing"
  ],
  "overallStatus": "pass"
}