{
  "timestamp": 1773842729452,
  "bundleSize": {
    "totalSize": 916,
    "gzippedSize": 423,
    "fileCount": 1,
    "largestFile": {
      "name": "index.js",
      "size": 916,
      "gzippedSize": 423
    },
    "breakdown": [
      {
        "name": "index.js",
        "size": 916,
        "gzippedSize": 423,
        "percentage": 100
      }
    ]
  },
  "webVitals": {
    "firstContentfulPaint": 555.8519626400322,
    "timeToInteractive": 2995.9529476908037,
    "largestContentfulPaint": 2319.3350585806584,
    "cumulativeLayoutShift": 0.039610717242524164,
    "firstInputDelay": 70.66408612483602,
    "timestamp": 1773842729452
  },
  "runtime": {
    "memoryUsage": {
      "rss": 62013440,
      "heapUsed": 12222952,
      "heapTotal": 19595264,
      "external": 1969696
    },
    "startupTime": 293.518958,
    "cpuUsage": 153.303,
    "timestamp": 1773842729452
  },
  "violations": [],
  "recommendations": [
    "Largest file (index.js) is 100.0% of bundle - consider splitting or optimizing"
  ],
  "overallStatus": "pass"
}