{
  "timestamp": 1774309349544,
  "bundleSize": {
    "totalSize": 916,
    "gzippedSize": 423,
    "fileCount": 1,
    "largestFile": {
      "name": "index.js",
      "size": 916,
      "gzippedSize": 423
    },
    "breakdown": [
      {
        "name": "index.js",
        "size": 916,
        "gzippedSize": 423,
        "percentage": 100
      }
    ]
  },
  "webVitals": {
    "firstContentfulPaint": 846.2691365221528,
    "timeToInteractive": 2866.4077079383237,
    "largestContentfulPaint": 1775.3088996866309,
    "cumulativeLayoutShift": 0.007096054903873328,
    "firstInputDelay": 35.576608089291454,
    "timestamp": 1774309349544
  },
  "runtime": {
    "memoryUsage": {
      "rss": 61816832,
      "heapUsed": 12523424,
      "heapTotal": 20119552,
      "external": 1970672
    },
    "startupTime": 831.761667,
    "cpuUsage": 189.308,
    "timestamp": 1774309349544
  },
  "violations": [],
  "recommendations": [
    "Largest file (index.js) is 100.0% of bundle - consider splitting or optimizing"
  ],
  "overallStatus": "pass"
}