{
  "timestamp": 1774612970378,
  "bundleSize": {
    "totalSize": 916,
    "gzippedSize": 423,
    "fileCount": 1,
    "largestFile": {
      "name": "index.js",
      "size": 916,
      "gzippedSize": 423
    },
    "breakdown": [
      {
        "name": "index.js",
        "size": 916,
        "gzippedSize": 423,
        "percentage": 100
      }
    ]
  },
  "webVitals": {
    "firstContentfulPaint": 1433.7483386000968,
    "timeToInteractive": 2954.9658835123496,
    "largestContentfulPaint": 1996.7239993265243,
    "cumulativeLayoutShift": 0.08992615803783575,
    "firstInputDelay": 48.99025493755338,
    "timestamp": 1774612970378
  },
  "runtime": {
    "memoryUsage": {
      "rss": 61915136,
      "heapUsed": 12903448,
      "heapTotal": 19857408,
      "external": 1970223
    },
    "startupTime": 275.24625,
    "cpuUsage": 151.554,
    "timestamp": 1774612970378
  },
  "violations": [],
  "recommendations": [
    "Largest file (index.js) is 100.0% of bundle - consider splitting or optimizing"
  ],
  "overallStatus": "pass"
}