{
  "timestamp": 1774227124164,
  "bundleSize": {
    "totalSize": 916,
    "gzippedSize": 423,
    "fileCount": 1,
    "largestFile": {
      "name": "index.js",
      "size": 916,
      "gzippedSize": 423
    },
    "breakdown": [
      {
        "name": "index.js",
        "size": 916,
        "gzippedSize": 423,
        "percentage": 100
      }
    ]
  },
  "webVitals": {
    "firstContentfulPaint": 1410.7667479397728,
    "timeToInteractive": 2561.8494910711934,
    "largestContentfulPaint": 2246.3924967768066,
    "cumulativeLayoutShift": 0.06243818286715992,
    "firstInputDelay": 48.9190361160411,
    "timestamp": 1774227124163
  },
  "runtime": {
    "memoryUsage": {
      "rss": 59244544,
      "heapUsed": 13004368,
      "heapTotal": 20185088,
      "external": 1966360
    },
    "startupTime": 1907.165042,
    "cpuUsage": 191.348,
    "timestamp": 1774227124164
  },
  "violations": [],
  "recommendations": [
    "Largest file (index.js) is 100.0% of bundle - consider splitting or optimizing"
  ],
  "overallStatus": "pass"
}