{
  "timestamp": 1774199037604,
  "bundleSize": {
    "totalSize": 916,
    "gzippedSize": 423,
    "fileCount": 1,
    "largestFile": {
      "name": "index.js",
      "size": 916,
      "gzippedSize": 423
    },
    "breakdown": [
      {
        "name": "index.js",
        "size": 916,
        "gzippedSize": 423,
        "percentage": 100
      }
    ]
  },
  "webVitals": {
    "firstContentfulPaint": 940.9680688479057,
    "timeToInteractive": 2551.6943964173747,
    "largestContentfulPaint": 1631.7712179252164,
    "cumulativeLayoutShift": 0.05949672457824724,
    "firstInputDelay": 33.749977248282235,
    "timestamp": 1774199037604
  },
  "runtime": {
    "memoryUsage": {
      "rss": 61685760,
      "heapUsed": 12403528,
      "heapTotal": 20119552,
      "external": 1965854
    },
    "startupTime": 184.425333,
    "cpuUsage": 128.976,
    "timestamp": 1774199037604
  },
  "violations": [],
  "recommendations": [
    "Largest file (index.js) is 100.0% of bundle - consider splitting or optimizing"
  ],
  "overallStatus": "pass"
}