{
  "timestamp": 1774543675371,
  "bundleSize": {
    "totalSize": 916,
    "gzippedSize": 423,
    "fileCount": 1,
    "largestFile": {
      "name": "index.js",
      "size": 916,
      "gzippedSize": 423
    },
    "breakdown": [
      {
        "name": "index.js",
        "size": 916,
        "gzippedSize": 423,
        "percentage": 100
      }
    ]
  },
  "webVitals": {
    "firstContentfulPaint": 1409.4817269968864,
    "timeToInteractive": 2035.229901267113,
    "largestContentfulPaint": 2232.360165177171,
    "cumulativeLayoutShift": 0.02774975267017321,
    "firstInputDelay": 30.15344082552315,
    "timestamp": 1774543675371
  },
  "runtime": {
    "memoryUsage": {
      "rss": 57245696,
      "heapUsed": 12712008,
      "heapTotal": 19857408,
      "external": 1970096
    },
    "startupTime": 4549.500042,
    "cpuUsage": 195.695,
    "timestamp": 1774543675371
  },
  "violations": [],
  "recommendations": [
    "Largest file (index.js) is 100.0% of bundle - consider splitting or optimizing"
  ],
  "overallStatus": "pass"
}