{
  "timestamp": 1774226036611,
  "bundleSize": {
    "totalSize": 916,
    "gzippedSize": 423,
    "fileCount": 1,
    "largestFile": {
      "name": "index.js",
      "size": 916,
      "gzippedSize": 423
    },
    "breakdown": [
      {
        "name": "index.js",
        "size": 916,
        "gzippedSize": 423,
        "percentage": 100
      }
    ]
  },
  "webVitals": {
    "firstContentfulPaint": 1393.6807573062001,
    "timeToInteractive": 2564.558330118603,
    "largestContentfulPaint": 2483.1674505180345,
    "cumulativeLayoutShift": 0.03004704709607471,
    "firstInputDelay": 61.25279699393891,
    "timestamp": 1774226036611
  },
  "runtime": {
    "memoryUsage": {
      "rss": 60325888,
      "heapUsed": 13553152,
      "heapTotal": 20447232,
      "external": 1966360
    },
    "startupTime": 1853.787042,
    "cpuUsage": 210.929,
    "timestamp": 1774226036611
  },
  "violations": [],
  "recommendations": [
    "Largest file (index.js) is 100.0% of bundle - consider splitting or optimizing"
  ],
  "overallStatus": "pass"
}