{
  "timestamp": 1775267546024,
  "bundleSize": {
    "totalSize": 952,
    "gzippedSize": 439,
    "fileCount": 1,
    "largestFile": {
      "name": "index.js",
      "size": 952,
      "gzippedSize": 439
    },
    "breakdown": [
      {
        "name": "index.js",
        "size": 952,
        "gzippedSize": 439,
        "percentage": 100
      }
    ]
  },
  "webVitals": {
    "firstContentfulPaint": 1065.1336389112366,
    "timeToInteractive": 2217.3785000011794,
    "largestContentfulPaint": 2300.316128702143,
    "cumulativeLayoutShift": 0.07761304460047712,
    "firstInputDelay": 35.92020416914813,
    "timestamp": 1775267546024
  },
  "runtime": {
    "memoryUsage": {
      "rss": 59506688,
      "heapUsed": 11713400,
      "heapTotal": 19709952,
      "external": 1970451
    },
    "startupTime": 368.451208,
    "cpuUsage": 139.814,
    "timestamp": 1775267546024
  },
  "violations": [],
  "recommendations": [
    "Largest file (index.js) is 100.0% of bundle - consider splitting or optimizing"
  ],
  "overallStatus": "pass"
}