{
  "timestamp": 1775922064112,
  "bundleSize": {
    "totalSize": 952,
    "gzippedSize": 439,
    "fileCount": 1,
    "largestFile": {
      "name": "index.js",
      "size": 952,
      "gzippedSize": 439
    },
    "breakdown": [
      {
        "name": "index.js",
        "size": 952,
        "gzippedSize": 439,
        "percentage": 100
      }
    ]
  },
  "webVitals": {
    "firstContentfulPaint": 1176.9942054163093,
    "timeToInteractive": 2624.5437227996963,
    "largestContentfulPaint": 2189.159670296757,
    "cumulativeLayoutShift": 0.08283781016018665,
    "firstInputDelay": 34.72073873793218,
    "timestamp": 1775922064112
  },
  "runtime": {
    "memoryUsage": {
      "rss": 59179008,
      "heapUsed": 11714176,
      "heapTotal": 19972096,
      "external": 1968957
    },
    "startupTime": 574.937584,
    "cpuUsage": 173.438,
    "timestamp": 1775922064112
  },
  "violations": [],
  "recommendations": [
    "Largest file (index.js) is 100.0% of bundle - consider splitting or optimizing"
  ],
  "overallStatus": "pass"
}