{
  "timestamp": 1774298727829,
  "bundleSize": {
    "totalSize": 916,
    "gzippedSize": 423,
    "fileCount": 1,
    "largestFile": {
      "name": "index.js",
      "size": 916,
      "gzippedSize": 423
    },
    "breakdown": [
      {
        "name": "index.js",
        "size": 916,
        "gzippedSize": 423,
        "percentage": 100
      }
    ]
  },
  "webVitals": {
    "firstContentfulPaint": 1401.7090263748141,
    "timeToInteractive": 2923.3020143417725,
    "largestContentfulPaint": 2269.0642271655397,
    "cumulativeLayoutShift": 0.003311142079111651,
    "firstInputDelay": 30.037640531560406,
    "timestamp": 1774298727829
  },
  "runtime": {
    "memoryUsage": {
      "rss": 61440000,
      "heapUsed": 12660528,
      "heapTotal": 19857408,
      "external": 1971431
    },
    "startupTime": 236.717916,
    "cpuUsage": 151.298,
    "timestamp": 1774298727829
  },
  "violations": [],
  "recommendations": [
    "Largest file (index.js) is 100.0% of bundle - consider splitting or optimizing"
  ],
  "overallStatus": "pass"
}