{
  "timestamp": 1774279627892,
  "bundleSize": {
    "totalSize": 916,
    "gzippedSize": 423,
    "fileCount": 1,
    "largestFile": {
      "name": "index.js",
      "size": 916,
      "gzippedSize": 423
    },
    "breakdown": [
      {
        "name": "index.js",
        "size": 916,
        "gzippedSize": 423,
        "percentage": 100
      }
    ]
  },
  "webVitals": {
    "firstContentfulPaint": 1110.077152379909,
    "timeToInteractive": 2127.9920874227028,
    "largestContentfulPaint": 2031.9311639194484,
    "cumulativeLayoutShift": 0.05129757053737427,
    "firstInputDelay": 71.35566412849045,
    "timestamp": 1774279627892
  },
  "runtime": {
    "memoryUsage": {
      "rss": 60227584,
      "heapUsed": 13597376,
      "heapTotal": 20578304,
      "external": 1965320
    },
    "startupTime": 2148.012792,
    "cpuUsage": 196.005,
    "timestamp": 1774279627892
  },
  "violations": [],
  "recommendations": [
    "Largest file (index.js) is 100.0% of bundle - consider splitting or optimizing"
  ],
  "overallStatus": "pass"
}