{
  "timestamp": 1773834456223,
  "bundleSize": {
    "totalSize": 916,
    "gzippedSize": 423,
    "fileCount": 1,
    "largestFile": {
      "name": "index.js",
      "size": 916,
      "gzippedSize": 423
    },
    "breakdown": [
      {
        "name": "index.js",
        "size": 916,
        "gzippedSize": 423,
        "percentage": 100
      }
    ]
  },
  "webVitals": {
    "firstContentfulPaint": 1341.476985904421,
    "timeToInteractive": 2725.6350850790905,
    "largestContentfulPaint": 1954.0369509215002,
    "cumulativeLayoutShift": 0.06959071881077745,
    "firstInputDelay": 46.57601510164281,
    "timestamp": 1773834456223
  },
  "runtime": {
    "memoryUsage": {
      "rss": 62095360,
      "heapUsed": 12085328,
      "heapTotal": 19595264,
      "external": 1965384
    },
    "startupTime": 561.364542,
    "cpuUsage": 172.349,
    "timestamp": 1773834456223
  },
  "violations": [],
  "recommendations": [
    "Largest file (index.js) is 100.0% of bundle - consider splitting or optimizing"
  ],
  "overallStatus": "pass"
}