{
  "timestamp": 1774017963604,
  "bundleSize": {
    "totalSize": 916,
    "gzippedSize": 423,
    "fileCount": 1,
    "largestFile": {
      "name": "index.js",
      "size": 916,
      "gzippedSize": 423
    },
    "breakdown": [
      {
        "name": "index.js",
        "size": 916,
        "gzippedSize": 423,
        "percentage": 100
      }
    ]
  },
  "webVitals": {
    "firstContentfulPaint": 851.219591657842,
    "timeToInteractive": 2544.1316662555464,
    "largestContentfulPaint": 1550.8182129378827,
    "cumulativeLayoutShift": 0.0021979606252271913,
    "firstInputDelay": 33.75449265446826,
    "timestamp": 1774017963604
  },
  "runtime": {
    "memoryUsage": {
      "rss": 62291968,
      "heapUsed": 12873824,
      "heapTotal": 19857408,
      "external": 1970211
    },
    "startupTime": 301.732167,
    "cpuUsage": 161.856,
    "timestamp": 1774017963604
  },
  "violations": [],
  "recommendations": [
    "Largest file (index.js) is 100.0% of bundle - consider splitting or optimizing"
  ],
  "overallStatus": "pass"
}