{
  "timestamp": 1774535003823,
  "bundleSize": {
    "totalSize": 916,
    "gzippedSize": 423,
    "fileCount": 1,
    "largestFile": {
      "name": "index.js",
      "size": 916,
      "gzippedSize": 423
    },
    "breakdown": [
      {
        "name": "index.js",
        "size": 916,
        "gzippedSize": 423,
        "percentage": 100
      }
    ]
  },
  "webVitals": {
    "firstContentfulPaint": 1436.1782057268579,
    "timeToInteractive": 2581.8059019324196,
    "largestContentfulPaint": 2426.626239392023,
    "cumulativeLayoutShift": 0.011667641744349911,
    "firstInputDelay": 34.977494272985886,
    "timestamp": 1774535003822
  },
  "runtime": {
    "memoryUsage": {
      "rss": 59310080,
      "heapUsed": 12898976,
      "heapTotal": 19595264,
      "external": 1966360
    },
    "startupTime": 2377.804083,
    "cpuUsage": 186.93,
    "timestamp": 1774535003823
  },
  "violations": [],
  "recommendations": [
    "Largest file (index.js) is 100.0% of bundle - consider splitting or optimizing"
  ],
  "overallStatus": "pass"
}