{
  "timestamp": 1774223307281,
  "bundleSize": {
    "totalSize": 916,
    "gzippedSize": 423,
    "fileCount": 1,
    "largestFile": {
      "name": "index.js",
      "size": 916,
      "gzippedSize": 423
    },
    "breakdown": [
      {
        "name": "index.js",
        "size": 916,
        "gzippedSize": 423,
        "percentage": 100
      }
    ]
  },
  "webVitals": {
    "firstContentfulPaint": 893.5969901960734,
    "timeToInteractive": 2793.6464384902965,
    "largestContentfulPaint": 2138.391212664676,
    "cumulativeLayoutShift": 0.0010347576982775665,
    "firstInputDelay": 41.41551232385572,
    "timestamp": 1774223307281
  },
  "runtime": {
    "memoryUsage": {
      "rss": 63029248,
      "heapUsed": 13312632,
      "heapTotal": 20348928,
      "external": 1970672
    },
    "startupTime": 697.481208,
    "cpuUsage": 174.725,
    "timestamp": 1774223307281
  },
  "violations": [],
  "recommendations": [
    "Largest file (index.js) is 100.0% of bundle - consider splitting or optimizing"
  ],
  "overallStatus": "pass"
}