{
  "timestamp": 1773843391461,
  "bundleSize": {
    "totalSize": 916,
    "gzippedSize": 423,
    "fileCount": 1,
    "largestFile": {
      "name": "index.js",
      "size": 916,
      "gzippedSize": 423
    },
    "breakdown": [
      {
        "name": "index.js",
        "size": 916,
        "gzippedSize": 423,
        "percentage": 100
      }
    ]
  },
  "webVitals": {
    "firstContentfulPaint": 1488.5834542732339,
    "timeToInteractive": 2584.6094017972136,
    "largestContentfulPaint": 2053.2025370507704,
    "cumulativeLayoutShift": 0.06663144146316582,
    "firstInputDelay": 64.4288833934357,
    "timestamp": 1773843391461
  },
  "runtime": {
    "memoryUsage": {
      "rss": 61210624,
      "heapUsed": 12112848,
      "heapTotal": 19857408,
      "external": 1969696
    },
    "startupTime": 322.372041,
    "cpuUsage": 167.871,
    "timestamp": 1773843391461
  },
  "violations": [],
  "recommendations": [
    "Largest file (index.js) is 100.0% of bundle - consider splitting or optimizing"
  ],
  "overallStatus": "pass"
}