{
  "timestamp": 1774542879350,
  "bundleSize": {
    "totalSize": 916,
    "gzippedSize": 423,
    "fileCount": 1,
    "largestFile": {
      "name": "index.js",
      "size": 916,
      "gzippedSize": 423
    },
    "breakdown": [
      {
        "name": "index.js",
        "size": 916,
        "gzippedSize": 423,
        "percentage": 100
      }
    ]
  },
  "webVitals": {
    "firstContentfulPaint": 1305.230312470328,
    "timeToInteractive": 2879.3810619631913,
    "largestContentfulPaint": 2389.542742205436,
    "cumulativeLayoutShift": 0.09945565972840793,
    "firstInputDelay": 62.870036735636404,
    "timestamp": 1774542879350
  },
  "runtime": {
    "memoryUsage": {
      "rss": 45580288,
      "heapUsed": 11556056,
      "heapTotal": 12779520,
      "external": 1963569
    },
    "startupTime": 18457.742667,
    "cpuUsage": 277.554,
    "timestamp": 1774542879350
  },
  "violations": [],
  "recommendations": [
    "Largest file (index.js) is 100.0% of bundle - consider splitting or optimizing"
  ],
  "overallStatus": "pass"
}