{
  "timestamp": 1774032572057,
  "bundleSize": {
    "totalSize": 916,
    "gzippedSize": 423,
    "fileCount": 1,
    "largestFile": {
      "name": "index.js",
      "size": 916,
      "gzippedSize": 423
    },
    "breakdown": [
      {
        "name": "index.js",
        "size": 916,
        "gzippedSize": 423,
        "percentage": 100
      }
    ]
  },
  "webVitals": {
    "firstContentfulPaint": 959.2096139305995,
    "timeToInteractive": 2059.904885921843,
    "largestContentfulPaint": 2159.877759771368,
    "cumulativeLayoutShift": 0.06017050991327351,
    "firstInputDelay": 51.442537957904435,
    "timestamp": 1774032572057
  },
  "runtime": {
    "memoryUsage": {
      "rss": 59162624,
      "heapUsed": 12627952,
      "heapTotal": 20119552,
      "external": 1968503
    },
    "startupTime": 1089.418833,
    "cpuUsage": 210.391,
    "timestamp": 1774032572057
  },
  "violations": [],
  "recommendations": [
    "Largest file (index.js) is 100.0% of bundle - consider splitting or optimizing"
  ],
  "overallStatus": "pass"
}