{
  "timestamp": 1773853070088,
  "bundleSize": {
    "totalSize": 916,
    "gzippedSize": 423,
    "fileCount": 1,
    "largestFile": {
      "name": "index.js",
      "size": 916,
      "gzippedSize": 423
    },
    "breakdown": [
      {
        "name": "index.js",
        "size": 916,
        "gzippedSize": 423,
        "percentage": 100
      }
    ]
  },
  "webVitals": {
    "firstContentfulPaint": 1339.6353790703934,
    "timeToInteractive": 2510.9502238218183,
    "largestContentfulPaint": 2492.2650351979187,
    "cumulativeLayoutShift": 0.0939583100340534,
    "firstInputDelay": 47.84909175808343,
    "timestamp": 1773853070088
  },
  "runtime": {
    "memoryUsage": {
      "rss": 61816832,
      "heapUsed": 12111968,
      "heapTotal": 19857408,
      "external": 1969696
    },
    "startupTime": 340.391083,
    "cpuUsage": 169.675,
    "timestamp": 1773853070088
  },
  "violations": [],
  "recommendations": [
    "Largest file (index.js) is 100.0% of bundle - consider splitting or optimizing"
  ],
  "overallStatus": "pass"
}