{
  "timestamp": 1774212300987,
  "bundleSize": {
    "totalSize": 916,
    "gzippedSize": 423,
    "fileCount": 1,
    "largestFile": {
      "name": "index.js",
      "size": 916,
      "gzippedSize": 423
    },
    "breakdown": [
      {
        "name": "index.js",
        "size": 916,
        "gzippedSize": 423,
        "percentage": 100
      }
    ]
  },
  "webVitals": {
    "firstContentfulPaint": 525.9621457380392,
    "timeToInteractive": 2455.364215817638,
    "largestContentfulPaint": 2259.2432492855814,
    "cumulativeLayoutShift": 0.027175161127049808,
    "firstInputDelay": 73.17388917822198,
    "timestamp": 1774212300982
  },
  "runtime": {
    "memoryUsage": {
      "rss": 60702720,
      "heapUsed": 13841120,
      "heapTotal": 20578304,
      "external": 1966361
    },
    "startupTime": 4853.997542,
    "cpuUsage": 209.908,
    "timestamp": 1774212300987
  },
  "violations": [],
  "recommendations": [
    "Largest file (index.js) is 100.0% of bundle - consider splitting or optimizing"
  ],
  "overallStatus": "pass"
}