{
  "timestamp": 1774441188214,
  "bundleSize": {
    "totalSize": 916,
    "gzippedSize": 423,
    "fileCount": 1,
    "largestFile": {
      "name": "index.js",
      "size": 916,
      "gzippedSize": 423
    },
    "breakdown": [
      {
        "name": "index.js",
        "size": 916,
        "gzippedSize": 423,
        "percentage": 100
      }
    ]
  },
  "webVitals": {
    "firstContentfulPaint": 1257.5486538936025,
    "timeToInteractive": 2684.8323760514745,
    "largestContentfulPaint": 1620.0440567870166,
    "cumulativeLayoutShift": 0.0639816870375498,
    "firstInputDelay": 31.087128127810736,
    "timestamp": 1774441188214
  },
  "runtime": {
    "memoryUsage": {
      "rss": 62029824,
      "heapUsed": 12918888,
      "heapTotal": 19857408,
      "external": 1970211
    },
    "startupTime": 269.476792,
    "cpuUsage": 155.589,
    "timestamp": 1774441188214
  },
  "violations": [],
  "recommendations": [
    "Largest file (index.js) is 100.0% of bundle - consider splitting or optimizing"
  ],
  "overallStatus": "pass"
}