{
  "timestamp": 1773967271776,
  "bundleSize": {
    "totalSize": 916,
    "gzippedSize": 423,
    "fileCount": 1,
    "largestFile": {
      "name": "index.js",
      "size": 916,
      "gzippedSize": 423
    },
    "breakdown": [
      {
        "name": "index.js",
        "size": 916,
        "gzippedSize": 423,
        "percentage": 100
      }
    ]
  },
  "webVitals": {
    "firstContentfulPaint": 1129.6912223340191,
    "timeToInteractive": 2563.0997554703376,
    "largestContentfulPaint": 1690.7708467751486,
    "cumulativeLayoutShift": 0.08064975397198826,
    "firstInputDelay": 46.09899862319743,
    "timestamp": 1773967271776
  },
  "runtime": {
    "memoryUsage": {
      "rss": 62652416,
      "heapUsed": 13434904,
      "heapTotal": 20643840,
      "external": 1970672
    },
    "startupTime": 634.605959,
    "cpuUsage": 191.868,
    "timestamp": 1773967271776
  },
  "violations": [],
  "recommendations": [
    "Largest file (index.js) is 100.0% of bundle - consider splitting or optimizing"
  ],
  "overallStatus": "pass"
}