{
  "timestamp": 1773850556084,
  "bundleSize": {
    "totalSize": 916,
    "gzippedSize": 423,
    "fileCount": 1,
    "largestFile": {
      "name": "index.js",
      "size": 916,
      "gzippedSize": 423
    },
    "breakdown": [
      {
        "name": "index.js",
        "size": 916,
        "gzippedSize": 423,
        "percentage": 100
      }
    ]
  },
  "webVitals": {
    "firstContentfulPaint": 1206.4423737248435,
    "timeToInteractive": 2521.626991285366,
    "largestContentfulPaint": 1697.7081021782433,
    "cumulativeLayoutShift": 0.0019928748374518747,
    "firstInputDelay": 40.73421598966945,
    "timestamp": 1773850556084
  },
  "runtime": {
    "memoryUsage": {
      "rss": 59834368,
      "heapUsed": 12236384,
      "heapTotal": 19857408,
      "external": 1970114
    },
    "startupTime": 891.094333,
    "cpuUsage": 188.121,
    "timestamp": 1773850556084
  },
  "violations": [],
  "recommendations": [
    "Largest file (index.js) is 100.0% of bundle - consider splitting or optimizing"
  ],
  "overallStatus": "pass"
}