{
  "timestamp": 1773692588227,
  "bundleSize": {
    "totalSize": 916,
    "gzippedSize": 423,
    "fileCount": 1,
    "largestFile": {
      "name": "index.js",
      "size": 916,
      "gzippedSize": 423
    },
    "breakdown": [
      {
        "name": "index.js",
        "size": 916,
        "gzippedSize": 423,
        "percentage": 100
      }
    ]
  },
  "webVitals": {
    "firstContentfulPaint": 965.5627687423507,
    "timeToInteractive": 2156.3703071776163,
    "largestContentfulPaint": 1547.4173347744606,
    "cumulativeLayoutShift": 0.07616425579680473,
    "firstInputDelay": 57.843693507316715,
    "timestamp": 1773692588226
  },
  "runtime": {
    "memoryUsage": {
      "rss": 62455808,
      "heapUsed": 12153344,
      "heapTotal": 19857408,
      "external": 1969696
    },
    "startupTime": 540.610625,
    "cpuUsage": 185.562,
    "timestamp": 1773692588226
  },
  "violations": [],
  "recommendations": [
    "Largest file (index.js) is 100.0% of bundle - consider splitting or optimizing"
  ],
  "overallStatus": "pass"
}