{
  "timestamp": 1774013304343,
  "bundleSize": {
    "totalSize": 916,
    "gzippedSize": 423,
    "fileCount": 1,
    "largestFile": {
      "name": "index.js",
      "size": 916,
      "gzippedSize": 423
    },
    "breakdown": [
      {
        "name": "index.js",
        "size": 916,
        "gzippedSize": 423,
        "percentage": 100
      }
    ]
  },
  "webVitals": {
    "firstContentfulPaint": 1414.6536241989788,
    "timeToInteractive": 2214.2999539738857,
    "largestContentfulPaint": 2333.6844612580576,
    "cumulativeLayoutShift": 0.06777217851435889,
    "firstInputDelay": 48.19815193377532,
    "timestamp": 1774013304343
  },
  "runtime": {
    "memoryUsage": {
      "rss": 61685760,
      "heapUsed": 12610608,
      "heapTotal": 19857408,
      "external": 1970211
    },
    "startupTime": 319.903167,
    "cpuUsage": 182.575,
    "timestamp": 1774013304343
  },
  "violations": [],
  "recommendations": [
    "Largest file (index.js) is 100.0% of bundle - consider splitting or optimizing"
  ],
  "overallStatus": "pass"
}