{
  "timestamp": 1774195873329,
  "bundleSize": {
    "totalSize": 916,
    "gzippedSize": 423,
    "fileCount": 1,
    "largestFile": {
      "name": "index.js",
      "size": 916,
      "gzippedSize": 423
    },
    "breakdown": [
      {
        "name": "index.js",
        "size": 916,
        "gzippedSize": 423,
        "percentage": 100
      }
    ]
  },
  "webVitals": {
    "firstContentfulPaint": 1353.2736739073002,
    "timeToInteractive": 2207.492663920615,
    "largestContentfulPaint": 1709.2062185726297,
    "cumulativeLayoutShift": 0.07538533136194525,
    "firstInputDelay": 30.72423879608955,
    "timestamp": 1774195873329
  },
  "runtime": {
    "memoryUsage": {
      "rss": 59621376,
      "heapUsed": 13083584,
      "heapTotal": 19955712,
      "external": 1966360
    },
    "startupTime": 2262.486542,
    "cpuUsage": 204.126,
    "timestamp": 1774195873329
  },
  "violations": [],
  "recommendations": [
    "Largest file (index.js) is 100.0% of bundle - consider splitting or optimizing"
  ],
  "overallStatus": "pass"
}