{
  "timestamp": 1774543624605,
  "bundleSize": {
    "totalSize": 916,
    "gzippedSize": 423,
    "fileCount": 1,
    "largestFile": {
      "name": "index.js",
      "size": 916,
      "gzippedSize": 423
    },
    "breakdown": [
      {
        "name": "index.js",
        "size": 916,
        "gzippedSize": 423,
        "percentage": 100
      }
    ]
  },
  "webVitals": {
    "firstContentfulPaint": 1154.8775887873835,
    "timeToInteractive": 2955.220159673182,
    "largestContentfulPaint": 2091.73170225675,
    "cumulativeLayoutShift": 0.0015016190197361336,
    "firstInputDelay": 31.083402305947782,
    "timestamp": 1774543624604
  },
  "runtime": {
    "memoryUsage": {
      "rss": 56475648,
      "heapUsed": 12435544,
      "heapTotal": 20119552,
      "external": 1967747
    },
    "startupTime": 4382.139917,
    "cpuUsage": 187.095,
    "timestamp": 1774543624605
  },
  "violations": [],
  "recommendations": [
    "Largest file (index.js) is 100.0% of bundle - consider splitting or optimizing"
  ],
  "overallStatus": "pass"
}