{
  "timestamp": 1774112593007,
  "bundleSize": {
    "totalSize": 916,
    "gzippedSize": 423,
    "fileCount": 1,
    "largestFile": {
      "name": "index.js",
      "size": 916,
      "gzippedSize": 423
    },
    "breakdown": [
      {
        "name": "index.js",
        "size": 916,
        "gzippedSize": 423,
        "percentage": 100
      }
    ]
  },
  "webVitals": {
    "firstContentfulPaint": 706.0374545241534,
    "timeToInteractive": 2363.310358825455,
    "largestContentfulPaint": 1704.0535425821695,
    "cumulativeLayoutShift": 0.022696770757952844,
    "firstInputDelay": 26.115662128723137,
    "timestamp": 1774112593007
  },
  "runtime": {
    "memoryUsage": {
      "rss": 62341120,
      "heapUsed": 12935672,
      "heapTotal": 20119552,
      "external": 1971431
    },
    "startupTime": 268.462542,
    "cpuUsage": 160.214,
    "timestamp": 1774112593007
  },
  "violations": [],
  "recommendations": [
    "Largest file (index.js) is 100.0% of bundle - consider splitting or optimizing"
  ],
  "overallStatus": "pass"
}