{
  "timestamp": 1774014283886,
  "bundleSize": {
    "totalSize": 916,
    "gzippedSize": 423,
    "fileCount": 1,
    "largestFile": {
      "name": "index.js",
      "size": 916,
      "gzippedSize": 423
    },
    "breakdown": [
      {
        "name": "index.js",
        "size": 916,
        "gzippedSize": 423,
        "percentage": 100
      }
    ]
  },
  "webVitals": {
    "firstContentfulPaint": 744.9564182708295,
    "timeToInteractive": 2346.4823576781364,
    "largestContentfulPaint": 1544.8280692020073,
    "cumulativeLayoutShift": 0.04374658208644433,
    "firstInputDelay": 37.287529428218235,
    "timestamp": 1774014283885
  },
  "runtime": {
    "memoryUsage": {
      "rss": 63750144,
      "heapUsed": 13966000,
      "heapTotal": 19070976,
      "external": 2731271
    },
    "startupTime": 414.509208,
    "cpuUsage": 164.482,
    "timestamp": 1774014283886
  },
  "violations": [],
  "recommendations": [
    "Largest file (index.js) is 100.0% of bundle - consider splitting or optimizing"
  ],
  "overallStatus": "pass"
}