{
  "timestamp": 1774525220844,
  "bundleSize": {
    "totalSize": 916,
    "gzippedSize": 423,
    "fileCount": 1,
    "largestFile": {
      "name": "index.js",
      "size": 916,
      "gzippedSize": 423
    },
    "breakdown": [
      {
        "name": "index.js",
        "size": 916,
        "gzippedSize": 423,
        "percentage": 100
      }
    ]
  },
  "webVitals": {
    "firstContentfulPaint": 751.3812783968115,
    "timeToInteractive": 2400.2460313747924,
    "largestContentfulPaint": 1537.7457713626104,
    "cumulativeLayoutShift": 0.015210403333663103,
    "firstInputDelay": 43.021830616315356,
    "timestamp": 1774525220843
  },
  "runtime": {
    "memoryUsage": {
      "rss": 62603264,
      "heapUsed": 13339344,
      "heapTotal": 20430848,
      "external": 1970512
    },
    "startupTime": 248.235041,
    "cpuUsage": 145.355,
    "timestamp": 1774525220844
  },
  "violations": [],
  "recommendations": [
    "Largest file (index.js) is 100.0% of bundle - consider splitting or optimizing"
  ],
  "overallStatus": "pass"
}