{
  "timestamp": 1773923075927,
  "bundleSize": {
    "totalSize": 916,
    "gzippedSize": 423,
    "fileCount": 1,
    "largestFile": {
      "name": "index.js",
      "size": 916,
      "gzippedSize": 423
    },
    "breakdown": [
      {
        "name": "index.js",
        "size": 916,
        "gzippedSize": 423,
        "percentage": 100
      }
    ]
  },
  "webVitals": {
    "firstContentfulPaint": 1440.0934512282288,
    "timeToInteractive": 2398.6838559071375,
    "largestContentfulPaint": 2411.8758639401103,
    "cumulativeLayoutShift": 0.02207567556675798,
    "firstInputDelay": 42.31627307268029,
    "timestamp": 1773923075927
  },
  "runtime": {
    "memoryUsage": {
      "rss": 61947904,
      "heapUsed": 12897296,
      "heapTotal": 19857408,
      "external": 1970223
    },
    "startupTime": 232.085708,
    "cpuUsage": 145.482,
    "timestamp": 1773923075927
  },
  "violations": [],
  "recommendations": [
    "Largest file (index.js) is 100.0% of bundle - consider splitting or optimizing"
  ],
  "overallStatus": "pass"
}