{
  "timestamp": 1773917775797,
  "bundleSize": {
    "totalSize": 916,
    "gzippedSize": 423,
    "fileCount": 1,
    "largestFile": {
      "name": "index.js",
      "size": 916,
      "gzippedSize": 423
    },
    "breakdown": [
      {
        "name": "index.js",
        "size": 916,
        "gzippedSize": 423,
        "percentage": 100
      }
    ]
  },
  "webVitals": {
    "firstContentfulPaint": 1491.5887686949518,
    "timeToInteractive": 2823.5410113731914,
    "largestContentfulPaint": 2089.1286145786125,
    "cumulativeLayoutShift": 0.03293428029707577,
    "firstInputDelay": 28.131340876895074,
    "timestamp": 1773917775797
  },
  "runtime": {
    "memoryUsage": {
      "rss": 63389696,
      "heapUsed": 13460352,
      "heapTotal": 20938752,
      "external": 1970211
    },
    "startupTime": 369.060875,
    "cpuUsage": 174.812,
    "timestamp": 1773917775797
  },
  "violations": [],
  "recommendations": [
    "Largest file (index.js) is 100.0% of bundle - consider splitting or optimizing"
  ],
  "overallStatus": "pass"
}