{
  "timestamp": 1773971428645,
  "bundleSize": {
    "totalSize": 916,
    "gzippedSize": 423,
    "fileCount": 1,
    "largestFile": {
      "name": "index.js",
      "size": 916,
      "gzippedSize": 423
    },
    "breakdown": [
      {
        "name": "index.js",
        "size": 916,
        "gzippedSize": 423,
        "percentage": 100
      }
    ]
  },
  "webVitals": {
    "firstContentfulPaint": 1420.4673155879036,
    "timeToInteractive": 2638.549990922835,
    "largestContentfulPaint": 1698.0413834921071,
    "cumulativeLayoutShift": 0.08598246272077888,
    "firstInputDelay": 45.161530598650785,
    "timestamp": 1773971428645
  },
  "runtime": {
    "memoryUsage": {
      "rss": 62128128,
      "heapUsed": 12911840,
      "heapTotal": 19857408,
      "external": 1971725
    },
    "startupTime": 780.547208,
    "cpuUsage": 182.17,
    "timestamp": 1773971428645
  },
  "violations": [],
  "recommendations": [
    "Largest file (index.js) is 100.0% of bundle - consider splitting or optimizing"
  ],
  "overallStatus": "pass"
}