{
  "timestamp": 1774266997505,
  "bundleSize": {
    "totalSize": 916,
    "gzippedSize": 423,
    "fileCount": 1,
    "largestFile": {
      "name": "index.js",
      "size": 916,
      "gzippedSize": 423
    },
    "breakdown": [
      {
        "name": "index.js",
        "size": 916,
        "gzippedSize": 423,
        "percentage": 100
      }
    ]
  },
  "webVitals": {
    "firstContentfulPaint": 1103.5951619730395,
    "timeToInteractive": 2169.9768780292807,
    "largestContentfulPaint": 1991.3468298261369,
    "cumulativeLayoutShift": 0.08575849176917386,
    "firstInputDelay": 49.49932608704803,
    "timestamp": 1774266997502
  },
  "runtime": {
    "memoryUsage": {
      "rss": 60375040,
      "heapUsed": 13403576,
      "heapTotal": 20381696,
      "external": 1967162
    },
    "startupTime": 2553.317875,
    "cpuUsage": 181.055,
    "timestamp": 1774266997505
  },
  "violations": [],
  "recommendations": [
    "Largest file (index.js) is 100.0% of bundle - consider splitting or optimizing"
  ],
  "overallStatus": "pass"
}