{
  "timestamp": 1774048350342,
  "bundleSize": {
    "totalSize": 916,
    "gzippedSize": 423,
    "fileCount": 1,
    "largestFile": {
      "name": "index.js",
      "size": 916,
      "gzippedSize": 423
    },
    "breakdown": [
      {
        "name": "index.js",
        "size": 916,
        "gzippedSize": 423,
        "percentage": 100
      }
    ]
  },
  "webVitals": {
    "firstContentfulPaint": 1006.433220467009,
    "timeToInteractive": 2968.322903206351,
    "largestContentfulPaint": 1985.0056797708005,
    "cumulativeLayoutShift": 0.049635582826609896,
    "firstInputDelay": 73.73794304891828,
    "timestamp": 1774048350342
  },
  "runtime": {
    "memoryUsage": {
      "rss": 62865408,
      "heapUsed": 13172616,
      "heapTotal": 20611072,
      "external": 1970223
    },
    "startupTime": 271.950875,
    "cpuUsage": 159.068,
    "timestamp": 1774048350342
  },
  "violations": [],
  "recommendations": [
    "Largest file (index.js) is 100.0% of bundle - consider splitting or optimizing"
  ],
  "overallStatus": "pass"
}