{
  "timestamp": 1774272324541,
  "bundleSize": {
    "totalSize": 916,
    "gzippedSize": 423,
    "fileCount": 1,
    "largestFile": {
      "name": "index.js",
      "size": 916,
      "gzippedSize": 423
    },
    "breakdown": [
      {
        "name": "index.js",
        "size": 916,
        "gzippedSize": 423,
        "percentage": 100
      }
    ]
  },
  "webVitals": {
    "firstContentfulPaint": 768.3029389494791,
    "timeToInteractive": 2042.2661197302668,
    "largestContentfulPaint": 1670.8257694197464,
    "cumulativeLayoutShift": 0.022768963342614114,
    "firstInputDelay": 39.349730884220236,
    "timestamp": 1774272324541
  },
  "runtime": {
    "memoryUsage": {
      "rss": 62062592,
      "heapUsed": 12722632,
      "heapTotal": 19595264,
      "external": 1971431
    },
    "startupTime": 204.591084,
    "cpuUsage": 135.574,
    "timestamp": 1774272324541
  },
  "violations": [],
  "recommendations": [
    "Largest file (index.js) is 100.0% of bundle - consider splitting or optimizing"
  ],
  "overallStatus": "pass"
}