{
  "timestamp": 1773835637653,
  "bundleSize": {
    "totalSize": 916,
    "gzippedSize": 423,
    "fileCount": 1,
    "largestFile": {
      "name": "index.js",
      "size": 916,
      "gzippedSize": 423
    },
    "breakdown": [
      {
        "name": "index.js",
        "size": 916,
        "gzippedSize": 423,
        "percentage": 100
      }
    ]
  },
  "webVitals": {
    "firstContentfulPaint": 1157.410815578682,
    "timeToInteractive": 2739.672797813953,
    "largestContentfulPaint": 2425.2659204645056,
    "cumulativeLayoutShift": 0.008967884095690227,
    "firstInputDelay": 37.64461117307189,
    "timestamp": 1773835637653
  },
  "runtime": {
    "memoryUsage": {
      "rss": 61784064,
      "heapUsed": 12057720,
      "heapTotal": 19857408,
      "external": 1970916
    },
    "startupTime": 267.648167,
    "cpuUsage": 165.094,
    "timestamp": 1773835637653
  },
  "violations": [],
  "recommendations": [
    "Largest file (index.js) is 100.0% of bundle - consider splitting or optimizing"
  ],
  "overallStatus": "pass"
}