{
  "timestamp": 1774370530161,
  "bundleSize": {
    "totalSize": 916,
    "gzippedSize": 423,
    "fileCount": 1,
    "largestFile": {
      "name": "index.js",
      "size": 916,
      "gzippedSize": 423
    },
    "breakdown": [
      {
        "name": "index.js",
        "size": 916,
        "gzippedSize": 423,
        "percentage": 100
      }
    ]
  },
  "webVitals": {
    "firstContentfulPaint": 1461.5176183492235,
    "timeToInteractive": 2914.007784784813,
    "largestContentfulPaint": 2279.297503338016,
    "cumulativeLayoutShift": 0.001734873236012935,
    "firstInputDelay": 59.0560402180425,
    "timestamp": 1774370530161
  },
  "runtime": {
    "memoryUsage": {
      "rss": 59277312,
      "heapUsed": 12599488,
      "heapTotal": 19857408,
      "external": 1966360
    },
    "startupTime": 1218.332083,
    "cpuUsage": 183.008,
    "timestamp": 1774370530161
  },
  "violations": [],
  "recommendations": [
    "Largest file (index.js) is 100.0% of bundle - consider splitting or optimizing"
  ],
  "overallStatus": "pass"
}