{
  "timestamp": 1774541296186,
  "bundleSize": {
    "totalSize": 916,
    "gzippedSize": 423,
    "fileCount": 1,
    "largestFile": {
      "name": "index.js",
      "size": 916,
      "gzippedSize": 423
    },
    "breakdown": [
      {
        "name": "index.js",
        "size": 916,
        "gzippedSize": 423,
        "percentage": 100
      }
    ]
  },
  "webVitals": {
    "firstContentfulPaint": 1464.2046918528047,
    "timeToInteractive": 2509.564977481185,
    "largestContentfulPaint": 1949.6502601312984,
    "cumulativeLayoutShift": 0.07401884269671602,
    "firstInputDelay": 30.78690068231117,
    "timestamp": 1774541296186
  },
  "runtime": {
    "memoryUsage": {
      "rss": 56999936,
      "heapUsed": 12672928,
      "heapTotal": 20119552,
      "external": 1967702
    },
    "startupTime": 4567.382584,
    "cpuUsage": 199.154,
    "timestamp": 1774541296186
  },
  "violations": [],
  "recommendations": [
    "Largest file (index.js) is 100.0% of bundle - consider splitting or optimizing"
  ],
  "overallStatus": "pass"
}