{
  "timestamp": 1773860031437,
  "bundleSize": {
    "totalSize": 916,
    "gzippedSize": 423,
    "fileCount": 1,
    "largestFile": {
      "name": "index.js",
      "size": 916,
      "gzippedSize": 423
    },
    "breakdown": [
      {
        "name": "index.js",
        "size": 916,
        "gzippedSize": 423,
        "percentage": 100
      }
    ]
  },
  "webVitals": {
    "firstContentfulPaint": 1454.9989947613676,
    "timeToInteractive": 2383.5413947911725,
    "largestContentfulPaint": 1819.0092541186086,
    "cumulativeLayoutShift": 0.02234195887854449,
    "firstInputDelay": 70.80428307201133,
    "timestamp": 1773860031437
  },
  "runtime": {
    "memoryUsage": {
      "rss": 61849600,
      "heapUsed": 12098904,
      "heapTotal": 19857408,
      "external": 1970473
    },
    "startupTime": 245.660709,
    "cpuUsage": 152.642,
    "timestamp": 1773860031437
  },
  "violations": [],
  "recommendations": [
    "Largest file (index.js) is 100.0% of bundle - consider splitting or optimizing"
  ],
  "overallStatus": "pass"
}