{
  "timestamp": 1773916582114,
  "bundleSize": {
    "totalSize": 916,
    "gzippedSize": 423,
    "fileCount": 1,
    "largestFile": {
      "name": "index.js",
      "size": 916,
      "gzippedSize": 423
    },
    "breakdown": [
      {
        "name": "index.js",
        "size": 916,
        "gzippedSize": 423,
        "percentage": 100
      }
    ]
  },
  "webVitals": {
    "firstContentfulPaint": 1064.9918558871236,
    "timeToInteractive": 2700.885813319746,
    "largestContentfulPaint": 1570.2013787472217,
    "cumulativeLayoutShift": 0.047033657886238436,
    "firstInputDelay": 29.313620914267336,
    "timestamp": 1773916582114
  },
  "runtime": {
    "memoryUsage": {
      "rss": 63324160,
      "heapUsed": 13624208,
      "heapTotal": 20742144,
      "external": 1965899
    },
    "startupTime": 340.330791,
    "cpuUsage": 172.728,
    "timestamp": 1773916582114
  },
  "violations": [],
  "recommendations": [
    "Largest file (index.js) is 100.0% of bundle - consider splitting or optimizing"
  ],
  "overallStatus": "pass"
}