{
  "timestamp": 1773850759356,
  "bundleSize": {
    "totalSize": 916,
    "gzippedSize": 423,
    "fileCount": 1,
    "largestFile": {
      "name": "index.js",
      "size": 916,
      "gzippedSize": 423
    },
    "breakdown": [
      {
        "name": "index.js",
        "size": 916,
        "gzippedSize": 423,
        "percentage": 100
      }
    ]
  },
  "webVitals": {
    "firstContentfulPaint": 821.9411352043533,
    "timeToInteractive": 2026.048334025884,
    "largestContentfulPaint": 2309.6775554442465,
    "cumulativeLayoutShift": 0.03385914092632549,
    "firstInputDelay": 32.025317709724135,
    "timestamp": 1773850759356
  },
  "runtime": {
    "memoryUsage": {
      "rss": 58851328,
      "heapUsed": 12270440,
      "heapTotal": 19857408,
      "external": 1968966
    },
    "startupTime": 987.854583,
    "cpuUsage": 176.518,
    "timestamp": 1773850759356
  },
  "violations": [],
  "recommendations": [
    "Largest file (index.js) is 100.0% of bundle - consider splitting or optimizing"
  ],
  "overallStatus": "pass"
}