{
  "timestamp": 1773840953779,
  "bundleSize": {
    "totalSize": 916,
    "gzippedSize": 423,
    "fileCount": 1,
    "largestFile": {
      "name": "index.js",
      "size": 916,
      "gzippedSize": 423
    },
    "breakdown": [
      {
        "name": "index.js",
        "size": 916,
        "gzippedSize": 423,
        "percentage": 100
      }
    ]
  },
  "webVitals": {
    "firstContentfulPaint": 1457.744147439989,
    "timeToInteractive": 2622.2540013101075,
    "largestContentfulPaint": 1974.0547853639778,
    "cumulativeLayoutShift": 0.04501407471285897,
    "firstInputDelay": 67.80765543909109,
    "timestamp": 1773840953779
  },
  "runtime": {
    "memoryUsage": {
      "rss": 62177280,
      "heapUsed": 12054040,
      "heapTotal": 19857408,
      "external": 1964805
    },
    "startupTime": 1003.057583,
    "cpuUsage": 187.752,
    "timestamp": 1773840953779
  },
  "violations": [],
  "recommendations": [
    "Largest file (index.js) is 100.0% of bundle - consider splitting or optimizing"
  ],
  "overallStatus": "pass"
}