{
  "timestamp": 1774446042426,
  "bundleSize": {
    "totalSize": 916,
    "gzippedSize": 423,
    "fileCount": 1,
    "largestFile": {
      "name": "index.js",
      "size": 916,
      "gzippedSize": 423
    },
    "breakdown": [
      {
        "name": "index.js",
        "size": 916,
        "gzippedSize": 423,
        "percentage": 100
      }
    ]
  },
  "webVitals": {
    "firstContentfulPaint": 867.0597262443065,
    "timeToInteractive": 2375.1230455237483,
    "largestContentfulPaint": 2226.2466941480398,
    "cumulativeLayoutShift": 0.09864718268625815,
    "firstInputDelay": 66.13093372335715,
    "timestamp": 1774446042426
  },
  "runtime": {
    "memoryUsage": {
      "rss": 61931520,
      "heapUsed": 12459064,
      "heapTotal": 19857408,
      "external": 1971431
    },
    "startupTime": 220.992959,
    "cpuUsage": 146.577,
    "timestamp": 1774446042426
  },
  "violations": [],
  "recommendations": [
    "Largest file (index.js) is 100.0% of bundle - consider splitting or optimizing"
  ],
  "overallStatus": "pass"
}