{
  "timestamp": 1774043231375,
  "bundleSize": {
    "totalSize": 916,
    "gzippedSize": 423,
    "fileCount": 1,
    "largestFile": {
      "name": "index.js",
      "size": 916,
      "gzippedSize": 423
    },
    "breakdown": [
      {
        "name": "index.js",
        "size": 916,
        "gzippedSize": 423,
        "percentage": 100
      }
    ]
  },
  "webVitals": {
    "firstContentfulPaint": 1416.1970603518957,
    "timeToInteractive": 2052.1568592765107,
    "largestContentfulPaint": 1580.3641046881821,
    "cumulativeLayoutShift": 0.007510173368514184,
    "firstInputDelay": 65.16175740504823,
    "timestamp": 1774043231374
  },
  "runtime": {
    "memoryUsage": {
      "rss": 61718528,
      "heapUsed": 12668080,
      "heapTotal": 19595264,
      "external": 1970223
    },
    "startupTime": 262.707417,
    "cpuUsage": 147.709,
    "timestamp": 1774043231375
  },
  "violations": [],
  "recommendations": [
    "Largest file (index.js) is 100.0% of bundle - consider splitting or optimizing"
  ],
  "overallStatus": "pass"
}