{
  "timestamp": 1773853617202,
  "bundleSize": {
    "totalSize": 916,
    "gzippedSize": 423,
    "fileCount": 1,
    "largestFile": {
      "name": "index.js",
      "size": 916,
      "gzippedSize": 423
    },
    "breakdown": [
      {
        "name": "index.js",
        "size": 916,
        "gzippedSize": 423,
        "percentage": 100
      }
    ]
  },
  "webVitals": {
    "firstContentfulPaint": 1495.3099213672547,
    "timeToInteractive": 2354.117591672134,
    "largestContentfulPaint": 1906.6173711460306,
    "cumulativeLayoutShift": 0.03130236963804285,
    "firstInputDelay": 38.21562220288386,
    "timestamp": 1773853617202
  },
  "runtime": {
    "memoryUsage": {
      "rss": 62636032,
      "heapUsed": 12210168,
      "heapTotal": 19857408,
      "external": 1969708
    },
    "startupTime": 699.867041,
    "cpuUsage": 172.002,
    "timestamp": 1773853617202
  },
  "violations": [],
  "recommendations": [
    "Largest file (index.js) is 100.0% of bundle - consider splitting or optimizing"
  ],
  "overallStatus": "pass"
}