{
  "timestamp": 1774533557430,
  "bundleSize": {
    "totalSize": 916,
    "gzippedSize": 423,
    "fileCount": 1,
    "largestFile": {
      "name": "index.js",
      "size": 916,
      "gzippedSize": 423
    },
    "breakdown": [
      {
        "name": "index.js",
        "size": 916,
        "gzippedSize": 423,
        "percentage": 100
      }
    ]
  },
  "webVitals": {
    "firstContentfulPaint": 636.4318637169262,
    "timeToInteractive": 2808.096585409903,
    "largestContentfulPaint": 1660.9597712341442,
    "cumulativeLayoutShift": 0.02659007358764183,
    "firstInputDelay": 26.108338882677838,
    "timestamp": 1774533557429
  },
  "runtime": {
    "memoryUsage": {
      "rss": 62177280,
      "heapUsed": 12418480,
      "heapTotal": 19857408,
      "external": 1970223
    },
    "startupTime": 259.635917,
    "cpuUsage": 146.555,
    "timestamp": 1774533557430
  },
  "violations": [],
  "recommendations": [
    "Largest file (index.js) is 100.0% of bundle - consider splitting or optimizing"
  ],
  "overallStatus": "pass"
}