{
  "timestamp": 1774266418719,
  "bundleSize": {
    "totalSize": 916,
    "gzippedSize": 423,
    "fileCount": 1,
    "largestFile": {
      "name": "index.js",
      "size": 916,
      "gzippedSize": 423
    },
    "breakdown": [
      {
        "name": "index.js",
        "size": 916,
        "gzippedSize": 423,
        "percentage": 100
      }
    ]
  },
  "webVitals": {
    "firstContentfulPaint": 1209.0197345806805,
    "timeToInteractive": 2430.735112725856,
    "largestContentfulPaint": 1556.9881853707802,
    "cumulativeLayoutShift": 0.07696454509640789,
    "firstInputDelay": 39.85235410751715,
    "timestamp": 1774266418719
  },
  "runtime": {
    "memoryUsage": {
      "rss": 62685184,
      "heapUsed": 13507496,
      "heapTotal": 20447232,
      "external": 1966360
    },
    "startupTime": 1353.554416,
    "cpuUsage": 188.313,
    "timestamp": 1774266418719
  },
  "violations": [],
  "recommendations": [
    "Largest file (index.js) is 100.0% of bundle - consider splitting or optimizing"
  ],
  "overallStatus": "pass"
}