{
  "timestamp": 1773688819841,
  "bundleSize": {
    "totalSize": 916,
    "gzippedSize": 423,
    "fileCount": 1,
    "largestFile": {
      "name": "index.js",
      "size": 916,
      "gzippedSize": 423
    },
    "breakdown": [
      {
        "name": "index.js",
        "size": 916,
        "gzippedSize": 423,
        "percentage": 100
      }
    ]
  },
  "webVitals": {
    "firstContentfulPaint": 1068.9117666184766,
    "timeToInteractive": 2668.571147744351,
    "largestContentfulPaint": 1977.1536281647402,
    "cumulativeLayoutShift": 0.051247330592812994,
    "firstInputDelay": 65.2933431639187,
    "timestamp": 1773688819841
  },
  "runtime": {
    "memoryUsage": {
      "rss": 59899904,
      "heapUsed": 12246976,
      "heapTotal": 19857408,
      "external": 1966416
    },
    "startupTime": 1308.056083,
    "cpuUsage": 198.079,
    "timestamp": 1773688819841
  },
  "violations": [],
  "recommendations": [
    "Largest file (index.js) is 100.0% of bundle - consider splitting or optimizing"
  ],
  "overallStatus": "pass"
}