{
  "timestamp": 1773777720019,
  "bundleSize": {
    "totalSize": 916,
    "gzippedSize": 423,
    "fileCount": 1,
    "largestFile": {
      "name": "index.js",
      "size": 916,
      "gzippedSize": 423
    },
    "breakdown": [
      {
        "name": "index.js",
        "size": 916,
        "gzippedSize": 423,
        "percentage": 100
      }
    ]
  },
  "webVitals": {
    "firstContentfulPaint": 952.0252307379933,
    "timeToInteractive": 2912.3895665966384,
    "largestContentfulPaint": 2079.2548149853046,
    "cumulativeLayoutShift": 0.053935938075325374,
    "firstInputDelay": 49.51499337014206,
    "timestamp": 1773777720019
  },
  "runtime": {
    "memoryUsage": {
      "rss": 61538304,
      "heapUsed": 12108608,
      "heapTotal": 20119552,
      "external": 1965384
    },
    "startupTime": 458.034875,
    "cpuUsage": 175.307,
    "timestamp": 1773777720019
  },
  "violations": [],
  "recommendations": [
    "Largest file (index.js) is 100.0% of bundle - consider splitting or optimizing"
  ],
  "overallStatus": "pass"
}