{
  "timestamp": 1773948643105,
  "bundleSize": {
    "totalSize": 916,
    "gzippedSize": 423,
    "fileCount": 1,
    "largestFile": {
      "name": "index.js",
      "size": 916,
      "gzippedSize": 423
    },
    "breakdown": [
      {
        "name": "index.js",
        "size": 916,
        "gzippedSize": 423,
        "percentage": 100
      }
    ]
  },
  "webVitals": {
    "firstContentfulPaint": 1165.9589154875123,
    "timeToInteractive": 2676.7930132686424,
    "largestContentfulPaint": 2230.865988776892,
    "cumulativeLayoutShift": 0.04307035822308634,
    "firstInputDelay": 38.865659098249985,
    "timestamp": 1773948643105
  },
  "runtime": {
    "memoryUsage": {
      "rss": 61931520,
      "heapUsed": 12669272,
      "heapTotal": 20381696,
      "external": 1970223
    },
    "startupTime": 272.738542,
    "cpuUsage": 165.423,
    "timestamp": 1773948643105
  },
  "violations": [],
  "recommendations": [
    "Largest file (index.js) is 100.0% of bundle - consider splitting or optimizing"
  ],
  "overallStatus": "pass"
}