{
  "timestamp": 1773921602398,
  "bundleSize": {
    "totalSize": 916,
    "gzippedSize": 423,
    "fileCount": 1,
    "largestFile": {
      "name": "index.js",
      "size": 916,
      "gzippedSize": 423
    },
    "breakdown": [
      {
        "name": "index.js",
        "size": 916,
        "gzippedSize": 423,
        "percentage": 100
      }
    ]
  },
  "webVitals": {
    "firstContentfulPaint": 888.9469979330643,
    "timeToInteractive": 2195.0506318557655,
    "largestContentfulPaint": 2304.9747596806064,
    "cumulativeLayoutShift": 0.030609590966490654,
    "firstInputDelay": 53.089952832379495,
    "timestamp": 1773921602398
  },
  "runtime": {
    "memoryUsage": {
      "rss": 62095360,
      "heapUsed": 12155496,
      "heapTotal": 20381696,
      "external": 1969741
    },
    "startupTime": 423.829625,
    "cpuUsage": 189.161,
    "timestamp": 1773921602398
  },
  "violations": [],
  "recommendations": [
    "Largest file (index.js) is 100.0% of bundle - consider splitting or optimizing"
  ],
  "overallStatus": "pass"
}