{
  "timestamp": 1775267189222,
  "bundleSize": {
    "totalSize": 952,
    "gzippedSize": 439,
    "fileCount": 1,
    "largestFile": {
      "name": "index.js",
      "size": 952,
      "gzippedSize": 439
    },
    "breakdown": [
      {
        "name": "index.js",
        "size": 952,
        "gzippedSize": 439,
        "percentage": 100
      }
    ]
  },
  "webVitals": {
    "firstContentfulPaint": 899.0370577642508,
    "timeToInteractive": 2009.7330573291429,
    "largestContentfulPaint": 2201.5460527055807,
    "cumulativeLayoutShift": 0.008332415295178431,
    "firstInputDelay": 64.52217354880551,
    "timestamp": 1775267189222
  },
  "runtime": {
    "memoryUsage": {
      "rss": 59916288,
      "heapUsed": 11726608,
      "heapTotal": 19972096,
      "external": 1968957
    },
    "startupTime": 255.338083,
    "cpuUsage": 136.197,
    "timestamp": 1775267189222
  },
  "violations": [],
  "recommendations": [
    "Largest file (index.js) is 100.0% of bundle - consider splitting or optimizing"
  ],
  "overallStatus": "pass"
}