{
  "timestamp": 1774385115586,
  "bundleSize": {
    "totalSize": 916,
    "gzippedSize": 423,
    "fileCount": 1,
    "largestFile": {
      "name": "index.js",
      "size": 916,
      "gzippedSize": 423
    },
    "breakdown": [
      {
        "name": "index.js",
        "size": 916,
        "gzippedSize": 423,
        "percentage": 100
      }
    ]
  },
  "webVitals": {
    "firstContentfulPaint": 746.5625044864237,
    "timeToInteractive": 2273.8040522652627,
    "largestContentfulPaint": 1658.7656981835921,
    "cumulativeLayoutShift": 0.029892376399696642,
    "firstInputDelay": 46.237319908552955,
    "timestamp": 1774385115585
  },
  "runtime": {
    "memoryUsage": {
      "rss": 61620224,
      "heapUsed": 12278504,
      "heapTotal": 20381696,
      "external": 1966661
    },
    "startupTime": 6484.631958,
    "cpuUsage": 496.045,
    "timestamp": 1774385115586
  },
  "violations": [],
  "recommendations": [
    "Largest file (index.js) is 100.0% of bundle - consider splitting or optimizing"
  ],
  "overallStatus": "pass"
}