{
  "timestamp": 1773847878321,
  "bundleSize": {
    "totalSize": 916,
    "gzippedSize": 423,
    "fileCount": 1,
    "largestFile": {
      "name": "index.js",
      "size": 916,
      "gzippedSize": 423
    },
    "breakdown": [
      {
        "name": "index.js",
        "size": 916,
        "gzippedSize": 423,
        "percentage": 100
      }
    ]
  },
  "webVitals": {
    "firstContentfulPaint": 1136.1858468271625,
    "timeToInteractive": 2408.4343560566113,
    "largestContentfulPaint": 1801.371676724515,
    "cumulativeLayoutShift": 0.04799808280096771,
    "firstInputDelay": 55.980388292681866,
    "timestamp": 1773847878321
  },
  "runtime": {
    "memoryUsage": {
      "rss": 61784064,
      "heapUsed": 12251312,
      "heapTotal": 19333120,
      "external": 1965845
    },
    "startupTime": 1115.085041,
    "cpuUsage": 188.151,
    "timestamp": 1773847878321
  },
  "violations": [],
  "recommendations": [
    "Largest file (index.js) is 100.0% of bundle - consider splitting or optimizing"
  ],
  "overallStatus": "pass"
}