{
  "timestamp": 1773840032733,
  "bundleSize": {
    "totalSize": 916,
    "gzippedSize": 423,
    "fileCount": 1,
    "largestFile": {
      "name": "index.js",
      "size": 916,
      "gzippedSize": 423
    },
    "breakdown": [
      {
        "name": "index.js",
        "size": 916,
        "gzippedSize": 423,
        "percentage": 100
      }
    ]
  },
  "webVitals": {
    "firstContentfulPaint": 770.4478543498619,
    "timeToInteractive": 2180.4174905460322,
    "largestContentfulPaint": 2191.9473274768206,
    "cumulativeLayoutShift": 0.0318717833440477,
    "firstInputDelay": 25.054251424752614,
    "timestamp": 1773840032733
  },
  "runtime": {
    "memoryUsage": {
      "rss": 63619072,
      "heapUsed": 13703656,
      "heapTotal": 19070976,
      "external": 2726859
    },
    "startupTime": 347.347625,
    "cpuUsage": 160.469,
    "timestamp": 1773840032733
  },
  "violations": [],
  "recommendations": [
    "Largest file (index.js) is 100.0% of bundle - consider splitting or optimizing"
  ],
  "overallStatus": "pass"
}