{
  "timestamp": 1774544704461,
  "bundleSize": {
    "totalSize": 916,
    "gzippedSize": 423,
    "fileCount": 1,
    "largestFile": {
      "name": "index.js",
      "size": 916,
      "gzippedSize": 423
    },
    "breakdown": [
      {
        "name": "index.js",
        "size": 916,
        "gzippedSize": 423,
        "percentage": 100
      }
    ]
  },
  "webVitals": {
    "firstContentfulPaint": 1013.931377563261,
    "timeToInteractive": 2592.2971975182163,
    "largestContentfulPaint": 1955.9390232778635,
    "cumulativeLayoutShift": 0.057877119409801385,
    "firstInputDelay": 50.88137025172462,
    "timestamp": 1774544704461
  },
  "runtime": {
    "memoryUsage": {
      "rss": 62455808,
      "heapUsed": 13236080,
      "heapTotal": 20578304,
      "external": 1970223
    },
    "startupTime": 241.514667,
    "cpuUsage": 137.584,
    "timestamp": 1774544704461
  },
  "violations": [],
  "recommendations": [
    "Largest file (index.js) is 100.0% of bundle - consider splitting or optimizing"
  ],
  "overallStatus": "pass"
}