{
  "timestamp": 1773946742866,
  "bundleSize": {
    "totalSize": 916,
    "gzippedSize": 423,
    "fileCount": 1,
    "largestFile": {
      "name": "index.js",
      "size": 916,
      "gzippedSize": 423
    },
    "breakdown": [
      {
        "name": "index.js",
        "size": 916,
        "gzippedSize": 423,
        "percentage": 100
      }
    ]
  },
  "webVitals": {
    "firstContentfulPaint": 1419.0462623034123,
    "timeToInteractive": 2860.848670256085,
    "largestContentfulPaint": 2133.9425031266846,
    "cumulativeLayoutShift": 0.08550896749894327,
    "firstInputDelay": 27.54721319431216,
    "timestamp": 1773946742865
  },
  "runtime": {
    "memoryUsage": {
      "rss": 63619072,
      "heapUsed": 14147192,
      "heapTotal": 19595264,
      "external": 2587935
    },
    "startupTime": 286.930959,
    "cpuUsage": 165.798,
    "timestamp": 1773946742866
  },
  "violations": [],
  "recommendations": [
    "Largest file (index.js) is 100.0% of bundle - consider splitting or optimizing"
  ],
  "overallStatus": "pass"
}