{
  "timestamp": 1774192196453,
  "bundleSize": {
    "totalSize": 916,
    "gzippedSize": 423,
    "fileCount": 1,
    "largestFile": {
      "name": "index.js",
      "size": 916,
      "gzippedSize": 423
    },
    "breakdown": [
      {
        "name": "index.js",
        "size": 916,
        "gzippedSize": 423,
        "percentage": 100
      }
    ]
  },
  "webVitals": {
    "firstContentfulPaint": 980.9667370051283,
    "timeToInteractive": 2106.3819970889062,
    "largestContentfulPaint": 1987.4839831440258,
    "cumulativeLayoutShift": 0.01901448080229853,
    "firstInputDelay": 50.520919607921115,
    "timestamp": 1774192196453
  },
  "runtime": {
    "memoryUsage": {
      "rss": 62504960,
      "heapUsed": 13348088,
      "heapTotal": 20086784,
      "external": 1970223
    },
    "startupTime": 349.468375,
    "cpuUsage": 175.071,
    "timestamp": 1774192196453
  },
  "violations": [],
  "recommendations": [
    "Largest file (index.js) is 100.0% of bundle - consider splitting or optimizing"
  ],
  "overallStatus": "pass"
}