{
  "timestamp": 1773767731866,
  "bundleSize": {
    "totalSize": 916,
    "gzippedSize": 423,
    "fileCount": 1,
    "largestFile": {
      "name": "index.js",
      "size": 916,
      "gzippedSize": 423
    },
    "breakdown": [
      {
        "name": "index.js",
        "size": 916,
        "gzippedSize": 423,
        "percentage": 100
      }
    ]
  },
  "webVitals": {
    "firstContentfulPaint": 1041.613880453121,
    "timeToInteractive": 2573.253311997014,
    "largestContentfulPaint": 2424.3291837190095,
    "cumulativeLayoutShift": 0.008582099537401211,
    "firstInputDelay": 59.635932931174196,
    "timestamp": 1773767731866
  },
  "runtime": {
    "memoryUsage": {
      "rss": 62242816,
      "heapUsed": 11964240,
      "heapTotal": 20381696,
      "external": 1964344
    },
    "startupTime": 395.135917,
    "cpuUsage": 183.828,
    "timestamp": 1773767731866
  },
  "violations": [],
  "recommendations": [
    "Largest file (index.js) is 100.0% of bundle - consider splitting or optimizing"
  ],
  "overallStatus": "pass"
}