{
  "timestamp": 1773674423394,
  "bundleSize": {
    "totalSize": 916,
    "gzippedSize": 423,
    "fileCount": 1,
    "largestFile": {
      "name": "index.js",
      "size": 916,
      "gzippedSize": 423
    },
    "breakdown": [
      {
        "name": "index.js",
        "size": 916,
        "gzippedSize": 423,
        "percentage": 100
      }
    ]
  },
  "webVitals": {
    "firstContentfulPaint": 944.6071023168334,
    "timeToInteractive": 2229.653362970787,
    "largestContentfulPaint": 1595.5850429836137,
    "cumulativeLayoutShift": 0.013520695618697776,
    "firstInputDelay": 44.524397539836755,
    "timestamp": 1773674423394
  },
  "runtime": {
    "memoryUsage": {
      "rss": 61571072,
      "heapUsed": 12081184,
      "heapTotal": 19857408,
      "external": 1965339
    },
    "startupTime": 248.080042,
    "cpuUsage": 160.401,
    "timestamp": 1773674423394
  },
  "violations": [],
  "recommendations": [
    "Largest file (index.js) is 100.0% of bundle - consider splitting or optimizing"
  ],
  "overallStatus": "pass"
}