{
  "timestamp": 1773855114485,
  "bundleSize": {
    "totalSize": 916,
    "gzippedSize": 423,
    "fileCount": 1,
    "largestFile": {
      "name": "index.js",
      "size": 916,
      "gzippedSize": 423
    },
    "breakdown": [
      {
        "name": "index.js",
        "size": 916,
        "gzippedSize": 423,
        "percentage": 100
      }
    ]
  },
  "webVitals": {
    "firstContentfulPaint": 1448.0641499401872,
    "timeToInteractive": 2124.5104555321795,
    "largestContentfulPaint": 2119.9131477214764,
    "cumulativeLayoutShift": 0.008047348529535814,
    "firstInputDelay": 74.72061190590017,
    "timestamp": 1773855114485
  },
  "runtime": {
    "memoryUsage": {
      "rss": 62078976,
      "heapUsed": 12129080,
      "heapTotal": 19857408,
      "external": 1969696
    },
    "startupTime": 331.140416,
    "cpuUsage": 174.94,
    "timestamp": 1773855114485
  },
  "violations": [],
  "recommendations": [
    "Largest file (index.js) is 100.0% of bundle - consider splitting or optimizing"
  ],
  "overallStatus": "pass"
}