{
  "timestamp": 1774271218595,
  "bundleSize": {
    "totalSize": 916,
    "gzippedSize": 423,
    "fileCount": 1,
    "largestFile": {
      "name": "index.js",
      "size": 916,
      "gzippedSize": 423
    },
    "breakdown": [
      {
        "name": "index.js",
        "size": 916,
        "gzippedSize": 423,
        "percentage": 100
      }
    ]
  },
  "webVitals": {
    "firstContentfulPaint": 1437.3770246851711,
    "timeToInteractive": 2357.3768056467893,
    "largestContentfulPaint": 2439.623856338844,
    "cumulativeLayoutShift": 0.0014413341190991692,
    "firstInputDelay": 45.510069146363975,
    "timestamp": 1774271218595
  },
  "runtime": {
    "memoryUsage": {
      "rss": 62570496,
      "heapUsed": 13022368,
      "heapTotal": 19857408,
      "external": 1971431
    },
    "startupTime": 226.144834,
    "cpuUsage": 138.607,
    "timestamp": 1774271218595
  },
  "violations": [],
  "recommendations": [
    "Largest file (index.js) is 100.0% of bundle - consider splitting or optimizing"
  ],
  "overallStatus": "pass"
}