{
  "timestamp": 1774531758178,
  "bundleSize": {
    "totalSize": 916,
    "gzippedSize": 423,
    "fileCount": 1,
    "largestFile": {
      "name": "index.js",
      "size": 916,
      "gzippedSize": 423
    },
    "breakdown": [
      {
        "name": "index.js",
        "size": 916,
        "gzippedSize": 423,
        "percentage": 100
      }
    ]
  },
  "webVitals": {
    "firstContentfulPaint": 588.8276490423063,
    "timeToInteractive": 2449.6010354465234,
    "largestContentfulPaint": 2151.2407704836887,
    "cumulativeLayoutShift": 0.010913461669998605,
    "firstInputDelay": 32.41210339373578,
    "timestamp": 1774531758177
  },
  "runtime": {
    "memoryUsage": {
      "rss": 61489152,
      "heapUsed": 12897344,
      "heapTotal": 19595264,
      "external": 1970223
    },
    "startupTime": 239.828833,
    "cpuUsage": 140.053,
    "timestamp": 1774531758178
  },
  "violations": [],
  "recommendations": [
    "Largest file (index.js) is 100.0% of bundle - consider splitting or optimizing"
  ],
  "overallStatus": "pass"
}