{
  "timestamp": 1774031322795,
  "bundleSize": {
    "totalSize": 916,
    "gzippedSize": 423,
    "fileCount": 1,
    "largestFile": {
      "name": "index.js",
      "size": 916,
      "gzippedSize": 423
    },
    "breakdown": [
      {
        "name": "index.js",
        "size": 916,
        "gzippedSize": 423,
        "percentage": 100
      }
    ]
  },
  "webVitals": {
    "firstContentfulPaint": 1094.225092874374,
    "timeToInteractive": 2399.674452305848,
    "largestContentfulPaint": 1775.0124844329257,
    "cumulativeLayoutShift": 0.05971213493384438,
    "firstInputDelay": 28.452556186583735,
    "timestamp": 1774031322795
  },
  "runtime": {
    "memoryUsage": {
      "rss": 62259200,
      "heapUsed": 12351320,
      "heapTotal": 20381696,
      "external": 1970223
    },
    "startupTime": 264.035291,
    "cpuUsage": 166.173,
    "timestamp": 1774031322795
  },
  "violations": [],
  "recommendations": [
    "Largest file (index.js) is 100.0% of bundle - consider splitting or optimizing"
  ],
  "overallStatus": "pass"
}