{
  "timestamp": 1774294823858,
  "bundleSize": {
    "totalSize": 916,
    "gzippedSize": 423,
    "fileCount": 1,
    "largestFile": {
      "name": "index.js",
      "size": 916,
      "gzippedSize": 423
    },
    "breakdown": [
      {
        "name": "index.js",
        "size": 916,
        "gzippedSize": 423,
        "percentage": 100
      }
    ]
  },
  "webVitals": {
    "firstContentfulPaint": 1229.8976559779273,
    "timeToInteractive": 2263.948528113616,
    "largestContentfulPaint": 2208.8974930402524,
    "cumulativeLayoutShift": 0.03531024227122475,
    "firstInputDelay": 28.03146766052208,
    "timestamp": 1774294823858
  },
  "runtime": {
    "memoryUsage": {
      "rss": 62078976,
      "heapUsed": 12402368,
      "heapTotal": 19857408,
      "external": 1965854
    },
    "startupTime": 217.618958,
    "cpuUsage": 142.001,
    "timestamp": 1774294823858
  },
  "violations": [],
  "recommendations": [
    "Largest file (index.js) is 100.0% of bundle - consider splitting or optimizing"
  ],
  "overallStatus": "pass"
}