{
  "timestamp": 1774293801600,
  "bundleSize": {
    "totalSize": 916,
    "gzippedSize": 423,
    "fileCount": 1,
    "largestFile": {
      "name": "index.js",
      "size": 916,
      "gzippedSize": 423
    },
    "breakdown": [
      {
        "name": "index.js",
        "size": 916,
        "gzippedSize": 423,
        "percentage": 100
      }
    ]
  },
  "webVitals": {
    "firstContentfulPaint": 1266.6023041345122,
    "timeToInteractive": 2569.382161254754,
    "largestContentfulPaint": 2470.6126995658556,
    "cumulativeLayoutShift": 0.045305559196409356,
    "firstInputDelay": 45.799850719039426,
    "timestamp": 1774293801600
  },
  "runtime": {
    "memoryUsage": {
      "rss": 57278464,
      "heapUsed": 12612104,
      "heapTotal": 18022400,
      "external": 2738867
    },
    "startupTime": 154.38625,
    "cpuUsage": 104.807,
    "timestamp": 1774293801600
  },
  "violations": [],
  "recommendations": [
    "Largest file (index.js) is 100.0% of bundle - consider splitting or optimizing"
  ],
  "overallStatus": "pass"
}