{
  "timestamp": 1774030382308,
  "bundleSize": {
    "totalSize": 916,
    "gzippedSize": 423,
    "fileCount": 1,
    "largestFile": {
      "name": "index.js",
      "size": 916,
      "gzippedSize": 423
    },
    "breakdown": [
      {
        "name": "index.js",
        "size": 916,
        "gzippedSize": 423,
        "percentage": 100
      }
    ]
  },
  "webVitals": {
    "firstContentfulPaint": 970.2274362693299,
    "timeToInteractive": 2864.318568277632,
    "largestContentfulPaint": 1891.0058079524208,
    "cumulativeLayoutShift": 0.023649575850129435,
    "firstInputDelay": 52.80869507580994,
    "timestamp": 1774030382308
  },
  "runtime": {
    "memoryUsage": {
      "rss": 61997056,
      "heapUsed": 12337248,
      "heapTotal": 20119552,
      "external": 1969216
    },
    "startupTime": 358.414209,
    "cpuUsage": 187.342,
    "timestamp": 1774030382308
  },
  "violations": [],
  "recommendations": [
    "Largest file (index.js) is 100.0% of bundle - consider splitting or optimizing"
  ],
  "overallStatus": "pass"
}