{
  "timestamp": 1774269210873,
  "bundleSize": {
    "totalSize": 916,
    "gzippedSize": 423,
    "fileCount": 1,
    "largestFile": {
      "name": "index.js",
      "size": 916,
      "gzippedSize": 423
    },
    "breakdown": [
      {
        "name": "index.js",
        "size": 916,
        "gzippedSize": 423,
        "percentage": 100
      }
    ]
  },
  "webVitals": {
    "firstContentfulPaint": 793.5742570261871,
    "timeToInteractive": 2808.2265271621595,
    "largestContentfulPaint": 2031.2690308009014,
    "cumulativeLayoutShift": 0.03538903845077373,
    "firstInputDelay": 50.76510499812338,
    "timestamp": 1774269210873
  },
  "runtime": {
    "memoryUsage": {
      "rss": 64995328,
      "heapUsed": 12487144,
      "heapTotal": 20381696,
      "external": 2721998
    },
    "startupTime": 222.470958,
    "cpuUsage": 135.638,
    "timestamp": 1774269210873
  },
  "violations": [],
  "recommendations": [
    "Largest file (index.js) is 100.0% of bundle - consider splitting or optimizing"
  ],
  "overallStatus": "pass"
}