{
  "timestamp": 1773916188760,
  "bundleSize": {
    "totalSize": 916,
    "gzippedSize": 423,
    "fileCount": 1,
    "largestFile": {
      "name": "index.js",
      "size": 916,
      "gzippedSize": 423
    },
    "breakdown": [
      {
        "name": "index.js",
        "size": 916,
        "gzippedSize": 423,
        "percentage": 100
      }
    ]
  },
  "webVitals": {
    "firstContentfulPaint": 1139.6135883484349,
    "timeToInteractive": 2278.3955319545544,
    "largestContentfulPaint": 1650.0825464978482,
    "cumulativeLayoutShift": 0.08376561197094004,
    "firstInputDelay": 74.72925816020563,
    "timestamp": 1773916188760
  },
  "runtime": {
    "memoryUsage": {
      "rss": 60637184,
      "heapUsed": 13650592,
      "heapTotal": 20480000,
      "external": 1966360
    },
    "startupTime": 1060.152334,
    "cpuUsage": 234.568,
    "timestamp": 1773916188760
  },
  "violations": [],
  "recommendations": [
    "Largest file (index.js) is 100.0% of bundle - consider splitting or optimizing"
  ],
  "overallStatus": "pass"
}