{
  "timestamp": 1774356507204,
  "bundleSize": {
    "totalSize": 916,
    "gzippedSize": 423,
    "fileCount": 1,
    "largestFile": {
      "name": "index.js",
      "size": 916,
      "gzippedSize": 423
    },
    "breakdown": [
      {
        "name": "index.js",
        "size": 916,
        "gzippedSize": 423,
        "percentage": 100
      }
    ]
  },
  "webVitals": {
    "firstContentfulPaint": 1224.6869410872798,
    "timeToInteractive": 2599.3731178775142,
    "largestContentfulPaint": 1677.5361114672214,
    "cumulativeLayoutShift": 0.08052336796694713,
    "firstInputDelay": 39.51152360788801,
    "timestamp": 1774356507204
  },
  "runtime": {
    "memoryUsage": {
      "rss": 61980672,
      "heapUsed": 12699232,
      "heapTotal": 20119552,
      "external": 1971431
    },
    "startupTime": 206.401167,
    "cpuUsage": 131.77,
    "timestamp": 1774356507204
  },
  "violations": [],
  "recommendations": [
    "Largest file (index.js) is 100.0% of bundle - consider splitting or optimizing"
  ],
  "overallStatus": "pass"
}