{
  "timestamp": 1773969270163,
  "bundleSize": {
    "totalSize": 916,
    "gzippedSize": 423,
    "fileCount": 1,
    "largestFile": {
      "name": "index.js",
      "size": 916,
      "gzippedSize": 423
    },
    "breakdown": [
      {
        "name": "index.js",
        "size": 916,
        "gzippedSize": 423,
        "percentage": 100
      }
    ]
  },
  "webVitals": {
    "firstContentfulPaint": 1002.3420747932691,
    "timeToInteractive": 2806.775037130388,
    "largestContentfulPaint": 2057.8974974618504,
    "cumulativeLayoutShift": 0.03108949242169028,
    "firstInputDelay": 63.407391446676485,
    "timestamp": 1773969270163
  },
  "runtime": {
    "memoryUsage": {
      "rss": 62193664,
      "heapUsed": 12395584,
      "heapTotal": 20119552,
      "external": 1971431
    },
    "startupTime": 252.829042,
    "cpuUsage": 142.072,
    "timestamp": 1773969270163
  },
  "violations": [],
  "recommendations": [
    "Largest file (index.js) is 100.0% of bundle - consider splitting or optimizing"
  ],
  "overallStatus": "pass"
}