{
  "timestamp": 1774277020569,
  "bundleSize": {
    "totalSize": 916,
    "gzippedSize": 423,
    "fileCount": 1,
    "largestFile": {
      "name": "index.js",
      "size": 916,
      "gzippedSize": 423
    },
    "breakdown": [
      {
        "name": "index.js",
        "size": 916,
        "gzippedSize": 423,
        "percentage": 100
      }
    ]
  },
  "webVitals": {
    "firstContentfulPaint": 866.4932373079839,
    "timeToInteractive": 2174.3667255943283,
    "largestContentfulPaint": 2367.7017193452966,
    "cumulativeLayoutShift": 0.09789002178754724,
    "firstInputDelay": 60.69130045414967,
    "timestamp": 1774277020569
  },
  "runtime": {
    "memoryUsage": {
      "rss": 61964288,
      "heapUsed": 12503784,
      "heapTotal": 19857408,
      "external": 1965854
    },
    "startupTime": 191.609375,
    "cpuUsage": 138.728,
    "timestamp": 1774277020569
  },
  "violations": [],
  "recommendations": [
    "Largest file (index.js) is 100.0% of bundle - consider splitting or optimizing"
  ],
  "overallStatus": "pass"
}