{
  "timestamp": 1774632275971,
  "bundleSize": {
    "totalSize": 916,
    "gzippedSize": 423,
    "fileCount": 1,
    "largestFile": {
      "name": "index.js",
      "size": 916,
      "gzippedSize": 423
    },
    "breakdown": [
      {
        "name": "index.js",
        "size": 916,
        "gzippedSize": 423,
        "percentage": 100
      }
    ]
  },
  "webVitals": {
    "firstContentfulPaint": 1380.5485529796251,
    "timeToInteractive": 2316.2108897719877,
    "largestContentfulPaint": 2132.126380109782,
    "cumulativeLayoutShift": 0.016383047418297526,
    "firstInputDelay": 54.25278614035906,
    "timestamp": 1774632275971
  },
  "runtime": {
    "memoryUsage": {
      "rss": 62881792,
      "heapUsed": 13182168,
      "heapTotal": 20021248,
      "external": 1971431
    },
    "startupTime": 235.135291,
    "cpuUsage": 145.312,
    "timestamp": 1774632275971
  },
  "violations": [],
  "recommendations": [
    "Largest file (index.js) is 100.0% of bundle - consider splitting or optimizing"
  ],
  "overallStatus": "pass"
}