{
  "timestamp": 1774466473855,
  "bundleSize": {
    "totalSize": 916,
    "gzippedSize": 423,
    "fileCount": 1,
    "largestFile": {
      "name": "index.js",
      "size": 916,
      "gzippedSize": 423
    },
    "breakdown": [
      {
        "name": "index.js",
        "size": 916,
        "gzippedSize": 423,
        "percentage": 100
      }
    ]
  },
  "webVitals": {
    "firstContentfulPaint": 606.1168668131827,
    "timeToInteractive": 2219.698827047758,
    "largestContentfulPaint": 2451.4625019626715,
    "cumulativeLayoutShift": 0.028989108173509262,
    "firstInputDelay": 37.74570210144417,
    "timestamp": 1774466473854
  },
  "runtime": {
    "memoryUsage": {
      "rss": 61997056,
      "heapUsed": 12900576,
      "heapTotal": 20119552,
      "external": 1966360
    },
    "startupTime": 1169.463584,
    "cpuUsage": 181.435,
    "timestamp": 1774466473855
  },
  "violations": [],
  "recommendations": [
    "Largest file (index.js) is 100.0% of bundle - consider splitting or optimizing"
  ],
  "overallStatus": "pass"
}