{
  "timestamp": 1774286937622,
  "bundleSize": {
    "totalSize": 916,
    "gzippedSize": 423,
    "fileCount": 1,
    "largestFile": {
      "name": "index.js",
      "size": 916,
      "gzippedSize": 423
    },
    "breakdown": [
      {
        "name": "index.js",
        "size": 916,
        "gzippedSize": 423,
        "percentage": 100
      }
    ]
  },
  "webVitals": {
    "firstContentfulPaint": 1499.0058256068896,
    "timeToInteractive": 2581.0310908960437,
    "largestContentfulPaint": 1801.5975918765973,
    "cumulativeLayoutShift": 0.032845477177735186,
    "firstInputDelay": 65.05867736935701,
    "timestamp": 1774286937622
  },
  "runtime": {
    "memoryUsage": {
      "rss": 62242816,
      "heapUsed": 13145016,
      "heapTotal": 20250624,
      "external": 1971526
    },
    "startupTime": 230.984875,
    "cpuUsage": 151.215,
    "timestamp": 1774286937622
  },
  "violations": [],
  "recommendations": [
    "Largest file (index.js) is 100.0% of bundle - consider splitting or optimizing"
  ],
  "overallStatus": "pass"
}