{
  "timestamp": 1774212376318,
  "bundleSize": {
    "totalSize": 916,
    "gzippedSize": 423,
    "fileCount": 1,
    "largestFile": {
      "name": "index.js",
      "size": 916,
      "gzippedSize": 423
    },
    "breakdown": [
      {
        "name": "index.js",
        "size": 916,
        "gzippedSize": 423,
        "percentage": 100
      }
    ]
  },
  "webVitals": {
    "firstContentfulPaint": 1467.6720745181938,
    "timeToInteractive": 2213.17670236961,
    "largestContentfulPaint": 1906.1934403366208,
    "cumulativeLayoutShift": 0.008248763236180623,
    "firstInputDelay": 49.21946560220173,
    "timestamp": 1774212376318
  },
  "runtime": {
    "memoryUsage": {
      "rss": 56885248,
      "heapUsed": 12304392,
      "heapTotal": 19857408,
      "external": 1965834
    },
    "startupTime": 5396.857416,
    "cpuUsage": 205.397,
    "timestamp": 1774212376318
  },
  "violations": [],
  "recommendations": [
    "Largest file (index.js) is 100.0% of bundle - consider splitting or optimizing"
  ],
  "overallStatus": "pass"
}