{
  "timestamp": 1773868391754,
  "bundleSize": {
    "totalSize": 916,
    "gzippedSize": 423,
    "fileCount": 1,
    "largestFile": {
      "name": "index.js",
      "size": 916,
      "gzippedSize": 423
    },
    "breakdown": [
      {
        "name": "index.js",
        "size": 916,
        "gzippedSize": 423,
        "percentage": 100
      }
    ]
  },
  "webVitals": {
    "firstContentfulPaint": 731.7647004123362,
    "timeToInteractive": 2343.9935769909926,
    "largestContentfulPaint": 2387.363666889296,
    "cumulativeLayoutShift": 0.09788778078407419,
    "firstInputDelay": 30.882173954166134,
    "timestamp": 1773868391754
  },
  "runtime": {
    "memoryUsage": {
      "rss": 63127552,
      "heapUsed": 13442840,
      "heapTotal": 20381696,
      "external": 1970211
    },
    "startupTime": 325.000125,
    "cpuUsage": 184.268,
    "timestamp": 1773868391754
  },
  "violations": [],
  "recommendations": [
    "Largest file (index.js) is 100.0% of bundle - consider splitting or optimizing"
  ],
  "overallStatus": "pass"
}