{
  "timestamp": 1774618170529,
  "bundleSize": {
    "totalSize": 916,
    "gzippedSize": 423,
    "fileCount": 1,
    "largestFile": {
      "name": "index.js",
      "size": 916,
      "gzippedSize": 423
    },
    "breakdown": [
      {
        "name": "index.js",
        "size": 916,
        "gzippedSize": 423,
        "percentage": 100
      }
    ]
  },
  "webVitals": {
    "firstContentfulPaint": 1325.4539974324862,
    "timeToInteractive": 2248.34186227581,
    "largestContentfulPaint": 1648.2558145311193,
    "cumulativeLayoutShift": 0.08660725241266896,
    "firstInputDelay": 29.161822354625787,
    "timestamp": 1774618170529
  },
  "runtime": {
    "memoryUsage": {
      "rss": 61767680,
      "heapUsed": 12609008,
      "heapTotal": 19595264,
      "external": 1970223
    },
    "startupTime": 402.286041,
    "cpuUsage": 166.273,
    "timestamp": 1774618170529
  },
  "violations": [],
  "recommendations": [
    "Largest file (index.js) is 100.0% of bundle - consider splitting or optimizing"
  ],
  "overallStatus": "pass"
}