{
  "timestamp": 1774193598999,
  "bundleSize": {
    "totalSize": 916,
    "gzippedSize": 423,
    "fileCount": 1,
    "largestFile": {
      "name": "index.js",
      "size": 916,
      "gzippedSize": 423
    },
    "breakdown": [
      {
        "name": "index.js",
        "size": 916,
        "gzippedSize": 423,
        "percentage": 100
      }
    ]
  },
  "webVitals": {
    "firstContentfulPaint": 558.7754927580169,
    "timeToInteractive": 2838.0406089834005,
    "largestContentfulPaint": 2296.769462391498,
    "cumulativeLayoutShift": 0.046684275159838286,
    "firstInputDelay": 55.26663154718058,
    "timestamp": 1774193598999
  },
  "runtime": {
    "memoryUsage": {
      "rss": 63356928,
      "heapUsed": 13514592,
      "heapTotal": 20185088,
      "external": 1970223
    },
    "startupTime": 273.197458,
    "cpuUsage": 171.771,
    "timestamp": 1774193598999
  },
  "violations": [],
  "recommendations": [
    "Largest file (index.js) is 100.0% of bundle - consider splitting or optimizing"
  ],
  "overallStatus": "pass"
}