{
  "timestamp": 1774510602855,
  "bundleSize": {
    "totalSize": 916,
    "gzippedSize": 423,
    "fileCount": 1,
    "largestFile": {
      "name": "index.js",
      "size": 916,
      "gzippedSize": 423
    },
    "breakdown": [
      {
        "name": "index.js",
        "size": 916,
        "gzippedSize": 423,
        "percentage": 100
      }
    ]
  },
  "webVitals": {
    "firstContentfulPaint": 774.5070502433713,
    "timeToInteractive": 2941.753254216867,
    "largestContentfulPaint": 1512.364177919309,
    "cumulativeLayoutShift": 0.004008417664564701,
    "firstInputDelay": 57.21695231294299,
    "timestamp": 1774510602855
  },
  "runtime": {
    "memoryUsage": {
      "rss": 59572224,
      "heapUsed": 12733000,
      "heapTotal": 20119552,
      "external": 1966360
    },
    "startupTime": 3845.078416,
    "cpuUsage": 192.727,
    "timestamp": 1774510602855
  },
  "violations": [],
  "recommendations": [
    "Largest file (index.js) is 100.0% of bundle - consider splitting or optimizing"
  ],
  "overallStatus": "pass"
}