{
  "timestamp": 1774279551691,
  "bundleSize": {
    "totalSize": 916,
    "gzippedSize": 423,
    "fileCount": 1,
    "largestFile": {
      "name": "index.js",
      "size": 916,
      "gzippedSize": 423
    },
    "breakdown": [
      {
        "name": "index.js",
        "size": 916,
        "gzippedSize": 423,
        "percentage": 100
      }
    ]
  },
  "webVitals": {
    "firstContentfulPaint": 856.0906255910868,
    "timeToInteractive": 2785.2725433701544,
    "largestContentfulPaint": 1549.506568829027,
    "cumulativeLayoutShift": 0.06842951509215314,
    "firstInputDelay": 37.36949928180707,
    "timestamp": 1774279551690
  },
  "runtime": {
    "memoryUsage": {
      "rss": 60194816,
      "heapUsed": 12666032,
      "heapTotal": 19857408,
      "external": 1966148
    },
    "startupTime": 1509.761542,
    "cpuUsage": 196.202,
    "timestamp": 1774279551691
  },
  "violations": [],
  "recommendations": [
    "Largest file (index.js) is 100.0% of bundle - consider splitting or optimizing"
  ],
  "overallStatus": "pass"
}