{
  "timestamp": 1774664077906,
  "bundleSize": {
    "totalSize": 916,
    "gzippedSize": 423,
    "fileCount": 1,
    "largestFile": {
      "name": "index.js",
      "size": 916,
      "gzippedSize": 423
    },
    "breakdown": [
      {
        "name": "index.js",
        "size": 916,
        "gzippedSize": 423,
        "percentage": 100
      }
    ]
  },
  "webVitals": {
    "firstContentfulPaint": 1028.7880555999386,
    "timeToInteractive": 2413.6532868245013,
    "largestContentfulPaint": 2198.0063920434955,
    "cumulativeLayoutShift": 0.03466785992454074,
    "firstInputDelay": 58.022745026075796,
    "timestamp": 1774664077906
  },
  "runtime": {
    "memoryUsage": {
      "rss": 60784640,
      "heapUsed": 13080608,
      "heapTotal": 19857408,
      "external": 1970223
    },
    "startupTime": 414.758667,
    "cpuUsage": 172.768,
    "timestamp": 1774664077906
  },
  "violations": [],
  "recommendations": [
    "Largest file (index.js) is 100.0% of bundle - consider splitting or optimizing"
  ],
  "overallStatus": "pass"
}