{
  "timestamp": 1773947838060,
  "bundleSize": {
    "totalSize": 916,
    "gzippedSize": 423,
    "fileCount": 1,
    "largestFile": {
      "name": "index.js",
      "size": 916,
      "gzippedSize": 423
    },
    "breakdown": [
      {
        "name": "index.js",
        "size": 916,
        "gzippedSize": 423,
        "percentage": 100
      }
    ]
  },
  "webVitals": {
    "firstContentfulPaint": 1101.7942709706467,
    "timeToInteractive": 2253.3455650360856,
    "largestContentfulPaint": 1958.6859713576564,
    "cumulativeLayoutShift": 0.059986183632543245,
    "firstInputDelay": 61.706944346591875,
    "timestamp": 1773947838060
  },
  "runtime": {
    "memoryUsage": {
      "rss": 61620224,
      "heapUsed": 12403624,
      "heapTotal": 19595264,
      "external": 1971431
    },
    "startupTime": 239.785875,
    "cpuUsage": 146.034,
    "timestamp": 1773947838060
  },
  "violations": [],
  "recommendations": [
    "Largest file (index.js) is 100.0% of bundle - consider splitting or optimizing"
  ],
  "overallStatus": "pass"
}