{
  "timestamp": 1774435145265,
  "bundleSize": {
    "totalSize": 916,
    "gzippedSize": 423,
    "fileCount": 1,
    "largestFile": {
      "name": "index.js",
      "size": 916,
      "gzippedSize": 423
    },
    "breakdown": [
      {
        "name": "index.js",
        "size": 916,
        "gzippedSize": 423,
        "percentage": 100
      }
    ]
  },
  "webVitals": {
    "firstContentfulPaint": 1484.2419720143687,
    "timeToInteractive": 2040.045783688893,
    "largestContentfulPaint": 2384.455217391683,
    "cumulativeLayoutShift": 0.03530095504051383,
    "firstInputDelay": 47.057895568522966,
    "timestamp": 1774435145265
  },
  "runtime": {
    "memoryUsage": {
      "rss": 62275584,
      "heapUsed": 12693256,
      "heapTotal": 19595264,
      "external": 1965854
    },
    "startupTime": 239.621667,
    "cpuUsage": 152.577,
    "timestamp": 1774435145265
  },
  "violations": [],
  "recommendations": [
    "Largest file (index.js) is 100.0% of bundle - consider splitting or optimizing"
  ],
  "overallStatus": "pass"
}