{
  "timestamp": 1773861320779,
  "bundleSize": {
    "totalSize": 916,
    "gzippedSize": 423,
    "fileCount": 1,
    "largestFile": {
      "name": "index.js",
      "size": 916,
      "gzippedSize": 423
    },
    "breakdown": [
      {
        "name": "index.js",
        "size": 916,
        "gzippedSize": 423,
        "percentage": 100
      }
    ]
  },
  "webVitals": {
    "firstContentfulPaint": 667.3526863189105,
    "timeToInteractive": 2976.272572070324,
    "largestContentfulPaint": 1886.1669548680497,
    "cumulativeLayoutShift": 0.08477723333821602,
    "firstInputDelay": 35.034141142740495,
    "timestamp": 1773861320779
  },
  "runtime": {
    "memoryUsage": {
      "rss": 62554112,
      "heapUsed": 12033616,
      "heapTotal": 20381696,
      "external": 1968713
    },
    "startupTime": 359.507833,
    "cpuUsage": 196.611,
    "timestamp": 1773861320779
  },
  "violations": [],
  "recommendations": [
    "Largest file (index.js) is 100.0% of bundle - consider splitting or optimizing"
  ],
  "overallStatus": "pass"
}