{
  "timestamp": 1774658212594,
  "bundleSize": {
    "totalSize": 916,
    "gzippedSize": 423,
    "fileCount": 1,
    "largestFile": {
      "name": "index.js",
      "size": 916,
      "gzippedSize": 423
    },
    "breakdown": [
      {
        "name": "index.js",
        "size": 916,
        "gzippedSize": 423,
        "percentage": 100
      }
    ]
  },
  "webVitals": {
    "firstContentfulPaint": 1197.9867945412748,
    "timeToInteractive": 2982.520797112765,
    "largestContentfulPaint": 2200.2028805080135,
    "cumulativeLayoutShift": 0.007572673162570687,
    "firstInputDelay": 66.22725397388638,
    "timestamp": 1774658212594
  },
  "runtime": {
    "memoryUsage": {
      "rss": 62685184,
      "heapUsed": 13278560,
      "heapTotal": 20414464,
      "external": 1969741
    },
    "startupTime": 389.241583,
    "cpuUsage": 162.504,
    "timestamp": 1774658212594
  },
  "violations": [],
  "recommendations": [
    "Largest file (index.js) is 100.0% of bundle - consider splitting or optimizing"
  ],
  "overallStatus": "pass"
}