{
  "timestamp": 1774381337764,
  "bundleSize": {
    "totalSize": 916,
    "gzippedSize": 423,
    "fileCount": 1,
    "largestFile": {
      "name": "index.js",
      "size": 916,
      "gzippedSize": 423
    },
    "breakdown": [
      {
        "name": "index.js",
        "size": 916,
        "gzippedSize": 423,
        "percentage": 100
      }
    ]
  },
  "webVitals": {
    "firstContentfulPaint": 633.5313339561303,
    "timeToInteractive": 2184.089125310646,
    "largestContentfulPaint": 1890.4189273257825,
    "cumulativeLayoutShift": 0.038577605347432466,
    "firstInputDelay": 62.724511327361476,
    "timestamp": 1774381337764
  },
  "runtime": {
    "memoryUsage": {
      "rss": 62291968,
      "heapUsed": 12800824,
      "heapTotal": 20119552,
      "external": 1971431
    },
    "startupTime": 210.275833,
    "cpuUsage": 129.399,
    "timestamp": 1774381337764
  },
  "violations": [],
  "recommendations": [
    "Largest file (index.js) is 100.0% of bundle - consider splitting or optimizing"
  ],
  "overallStatus": "pass"
}