{
  "timestamp": 1773850502719,
  "bundleSize": {
    "totalSize": 916,
    "gzippedSize": 423,
    "fileCount": 1,
    "largestFile": {
      "name": "index.js",
      "size": 916,
      "gzippedSize": 423
    },
    "breakdown": [
      {
        "name": "index.js",
        "size": 916,
        "gzippedSize": 423,
        "percentage": 100
      }
    ]
  },
  "webVitals": {
    "firstContentfulPaint": 1041.7091098690557,
    "timeToInteractive": 2370.105447763875,
    "largestContentfulPaint": 2434.383427144875,
    "cumulativeLayoutShift": 0.07142997340713886,
    "firstInputDelay": 50.37197973654026,
    "timestamp": 1773850502719
  },
  "runtime": {
    "memoryUsage": {
      "rss": 59310080,
      "heapUsed": 12242400,
      "heapTotal": 19857408,
      "external": 1965845
    },
    "startupTime": 1156.183292,
    "cpuUsage": 198.928,
    "timestamp": 1773850502719
  },
  "violations": [],
  "recommendations": [
    "Largest file (index.js) is 100.0% of bundle - consider splitting or optimizing"
  ],
  "overallStatus": "pass"
}