{
  "timestamp": 1773841027478,
  "bundleSize": {
    "totalSize": 916,
    "gzippedSize": 423,
    "fileCount": 1,
    "largestFile": {
      "name": "index.js",
      "size": 916,
      "gzippedSize": 423
    },
    "breakdown": [
      {
        "name": "index.js",
        "size": 916,
        "gzippedSize": 423,
        "percentage": 100
      }
    ]
  },
  "webVitals": {
    "firstContentfulPaint": 1350.563454003288,
    "timeToInteractive": 2121.0542470881414,
    "largestContentfulPaint": 1562.6258583659371,
    "cumulativeLayoutShift": 0.015478542113579064,
    "firstInputDelay": 45.979543699871286,
    "timestamp": 1773841027478
  },
  "runtime": {
    "memoryUsage": {
      "rss": 62455808,
      "heapUsed": 11986728,
      "heapTotal": 20119552,
      "external": 1968713
    },
    "startupTime": 357.918833,
    "cpuUsage": 170.414,
    "timestamp": 1773841027478
  },
  "violations": [],
  "recommendations": [
    "Largest file (index.js) is 100.0% of bundle - consider splitting or optimizing"
  ],
  "overallStatus": "pass"
}