{
  "timestamp": 1773884947043,
  "bundleSize": {
    "totalSize": 916,
    "gzippedSize": 423,
    "fileCount": 1,
    "largestFile": {
      "name": "index.js",
      "size": 916,
      "gzippedSize": 423
    },
    "breakdown": [
      {
        "name": "index.js",
        "size": 916,
        "gzippedSize": 423,
        "percentage": 100
      }
    ]
  },
  "webVitals": {
    "firstContentfulPaint": 1456.8140082682403,
    "timeToInteractive": 2610.005689116792,
    "largestContentfulPaint": 2047.8728071981382,
    "cumulativeLayoutShift": 0.02538523090367517,
    "firstInputDelay": 71.55740938349572,
    "timestamp": 1773884947043
  },
  "runtime": {
    "memoryUsage": {
      "rss": 63848448,
      "heapUsed": 13698528,
      "heapTotal": 20480000,
      "external": 1967413
    },
    "startupTime": 419.985625,
    "cpuUsage": 171.553,
    "timestamp": 1773884947043
  },
  "violations": [],
  "recommendations": [
    "Largest file (index.js) is 100.0% of bundle - consider splitting or optimizing"
  ],
  "overallStatus": "pass"
}