{
  "timestamp": 1774551287026,
  "bundleSize": {
    "totalSize": 916,
    "gzippedSize": 423,
    "fileCount": 1,
    "largestFile": {
      "name": "index.js",
      "size": 916,
      "gzippedSize": 423
    },
    "breakdown": [
      {
        "name": "index.js",
        "size": 916,
        "gzippedSize": 423,
        "percentage": 100
      }
    ]
  },
  "webVitals": {
    "firstContentfulPaint": 1463.2436467530629,
    "timeToInteractive": 2809.9079281618797,
    "largestContentfulPaint": 2047.7265254807273,
    "cumulativeLayoutShift": 0.056478351123414684,
    "firstInputDelay": 56.07739993717037,
    "timestamp": 1774551287026
  },
  "runtime": {
    "memoryUsage": {
      "rss": 62767104,
      "heapUsed": 12991200,
      "heapTotal": 20709376,
      "external": 1970223
    },
    "startupTime": 507.457292,
    "cpuUsage": 177.257,
    "timestamp": 1774551287026
  },
  "violations": [],
  "recommendations": [
    "Largest file (index.js) is 100.0% of bundle - consider splitting or optimizing"
  ],
  "overallStatus": "pass"
}