{
  "timestamp": 1774522759166,
  "bundleSize": {
    "totalSize": 916,
    "gzippedSize": 423,
    "fileCount": 1,
    "largestFile": {
      "name": "index.js",
      "size": 916,
      "gzippedSize": 423
    },
    "breakdown": [
      {
        "name": "index.js",
        "size": 916,
        "gzippedSize": 423,
        "percentage": 100
      }
    ]
  },
  "webVitals": {
    "firstContentfulPaint": 1002.2080906974966,
    "timeToInteractive": 2419.0167621611354,
    "largestContentfulPaint": 1889.440755594222,
    "cumulativeLayoutShift": 0.025223148917235805,
    "firstInputDelay": 67.84644705476165,
    "timestamp": 1774522759165
  },
  "runtime": {
    "memoryUsage": {
      "rss": 62472192,
      "heapUsed": 12184080,
      "heapTotal": 20119552,
      "external": 1964859
    },
    "startupTime": 413.958375,
    "cpuUsage": 182.162,
    "timestamp": 1774522759166
  },
  "violations": [],
  "recommendations": [
    "Largest file (index.js) is 100.0% of bundle - consider splitting or optimizing"
  ],
  "overallStatus": "pass"
}