{
  "timestamp": 1773863463201,
  "bundleSize": {
    "totalSize": 916,
    "gzippedSize": 423,
    "fileCount": 1,
    "largestFile": {
      "name": "index.js",
      "size": 916,
      "gzippedSize": 423
    },
    "breakdown": [
      {
        "name": "index.js",
        "size": 916,
        "gzippedSize": 423,
        "percentage": 100
      }
    ]
  },
  "webVitals": {
    "firstContentfulPaint": 1423.6633646696923,
    "timeToInteractive": 2056.5335814187897,
    "largestContentfulPaint": 2337.106613918238,
    "cumulativeLayoutShift": 0.09597617558947227,
    "firstInputDelay": 54.55742899030106,
    "timestamp": 1773863463201
  },
  "runtime": {
    "memoryUsage": {
      "rss": 62537728,
      "heapUsed": 12038592,
      "heapTotal": 20119552,
      "external": 1964805
    },
    "startupTime": 896.883583,
    "cpuUsage": 178.113,
    "timestamp": 1773863463201
  },
  "violations": [],
  "recommendations": [
    "Largest file (index.js) is 100.0% of bundle - consider splitting or optimizing"
  ],
  "overallStatus": "pass"
}