{
  "timestamp": 1774384938119,
  "bundleSize": {
    "totalSize": 916,
    "gzippedSize": 423,
    "fileCount": 1,
    "largestFile": {
      "name": "index.js",
      "size": 916,
      "gzippedSize": 423
    },
    "breakdown": [
      {
        "name": "index.js",
        "size": 916,
        "gzippedSize": 423,
        "percentage": 100
      }
    ]
  },
  "webVitals": {
    "firstContentfulPaint": 1053.1206639013108,
    "timeToInteractive": 2500.7276266595827,
    "largestContentfulPaint": 2199.108540761068,
    "cumulativeLayoutShift": 0.07767824177651479,
    "firstInputDelay": 27.38111298705883,
    "timestamp": 1774384938113
  },
  "runtime": {
    "memoryUsage": {
      "rss": 63340544,
      "heapUsed": 13611704,
      "heapTotal": 21102592,
      "external": 1966756
    },
    "startupTime": 5082.346833,
    "cpuUsage": 542.426,
    "timestamp": 1774384938118
  },
  "violations": [],
  "recommendations": [
    "Largest file (index.js) is 100.0% of bundle - consider splitting or optimizing"
  ],
  "overallStatus": "pass"
}