{
  "timestamp": 1774225263256,
  "bundleSize": {
    "totalSize": 916,
    "gzippedSize": 423,
    "fileCount": 1,
    "largestFile": {
      "name": "index.js",
      "size": 916,
      "gzippedSize": 423
    },
    "breakdown": [
      {
        "name": "index.js",
        "size": 916,
        "gzippedSize": 423,
        "percentage": 100
      }
    ]
  },
  "webVitals": {
    "firstContentfulPaint": 1005.3773897333915,
    "timeToInteractive": 2161.195782000035,
    "largestContentfulPaint": 1917.893051739572,
    "cumulativeLayoutShift": 0.058092307063356774,
    "firstInputDelay": 41.94930588236136,
    "timestamp": 1774225263256
  },
  "runtime": {
    "memoryUsage": {
      "rss": 58343424,
      "heapUsed": 13538792,
      "heapTotal": 20447232,
      "external": 1967657
    },
    "startupTime": 9914.554125,
    "cpuUsage": 241.111,
    "timestamp": 1774225263256
  },
  "violations": [],
  "recommendations": [
    "Largest file (index.js) is 100.0% of bundle - consider splitting or optimizing"
  ],
  "overallStatus": "pass"
}