{
  "timestamp": 1774607984744,
  "bundleSize": {
    "totalSize": 916,
    "gzippedSize": 423,
    "fileCount": 1,
    "largestFile": {
      "name": "index.js",
      "size": 916,
      "gzippedSize": 423
    },
    "breakdown": [
      {
        "name": "index.js",
        "size": 916,
        "gzippedSize": 423,
        "percentage": 100
      }
    ]
  },
  "webVitals": {
    "firstContentfulPaint": 1133.6278011066452,
    "timeToInteractive": 2397.236713009834,
    "largestContentfulPaint": 2229.1234928604185,
    "cumulativeLayoutShift": 0.0967372476986481,
    "firstInputDelay": 38.11521563076498,
    "timestamp": 1774607984744
  },
  "runtime": {
    "memoryUsage": {
      "rss": 61407232,
      "heapUsed": 13321248,
      "heapTotal": 20676608,
      "external": 1965320
    },
    "startupTime": 3918.692166,
    "cpuUsage": 188.123,
    "timestamp": 1774607984744
  },
  "violations": [],
  "recommendations": [
    "Largest file (index.js) is 100.0% of bundle - consider splitting or optimizing"
  ],
  "overallStatus": "pass"
}