{
  "timestamp": 1774197262229,
  "bundleSize": {
    "totalSize": 916,
    "gzippedSize": 423,
    "fileCount": 1,
    "largestFile": {
      "name": "index.js",
      "size": 916,
      "gzippedSize": 423
    },
    "breakdown": [
      {
        "name": "index.js",
        "size": 916,
        "gzippedSize": 423,
        "percentage": 100
      }
    ]
  },
  "webVitals": {
    "firstContentfulPaint": 1474.7448029284735,
    "timeToInteractive": 2463.8027771500233,
    "largestContentfulPaint": 2486.9909577502276,
    "cumulativeLayoutShift": 0.0495473471065746,
    "firstInputDelay": 25.27557320621382,
    "timestamp": 1774197262229
  },
  "runtime": {
    "memoryUsage": {
      "rss": 61882368,
      "heapUsed": 12401960,
      "heapTotal": 20381696,
      "external": 1971431
    },
    "startupTime": 222.935875,
    "cpuUsage": 134.261,
    "timestamp": 1774197262229
  },
  "violations": [],
  "recommendations": [
    "Largest file (index.js) is 100.0% of bundle - consider splitting or optimizing"
  ],
  "overallStatus": "pass"
}