{
  "timestamp": 1774632936976,
  "bundleSize": {
    "totalSize": 916,
    "gzippedSize": 423,
    "fileCount": 1,
    "largestFile": {
      "name": "index.js",
      "size": 916,
      "gzippedSize": 423
    },
    "breakdown": [
      {
        "name": "index.js",
        "size": 916,
        "gzippedSize": 423,
        "percentage": 100
      }
    ]
  },
  "webVitals": {
    "firstContentfulPaint": 1281.5829783191589,
    "timeToInteractive": 2651.2397069393282,
    "largestContentfulPaint": 1662.5436185026404,
    "cumulativeLayoutShift": 0.04538768599574932,
    "firstInputDelay": 63.74167567031481,
    "timestamp": 1774632936976
  },
  "runtime": {
    "memoryUsage": {
      "rss": 62783488,
      "heapUsed": 13232432,
      "heapTotal": 20316160,
      "external": 1965854
    },
    "startupTime": 207.668333,
    "cpuUsage": 133.371,
    "timestamp": 1774632936976
  },
  "violations": [],
  "recommendations": [
    "Largest file (index.js) is 100.0% of bundle - consider splitting or optimizing"
  ],
  "overallStatus": "pass"
}