{
  "timestamp": 1774314706639,
  "bundleSize": {
    "totalSize": 916,
    "gzippedSize": 423,
    "fileCount": 1,
    "largestFile": {
      "name": "index.js",
      "size": 916,
      "gzippedSize": 423
    },
    "breakdown": [
      {
        "name": "index.js",
        "size": 916,
        "gzippedSize": 423,
        "percentage": 100
      }
    ]
  },
  "webVitals": {
    "firstContentfulPaint": 643.8243072615055,
    "timeToInteractive": 2659.222526662723,
    "largestContentfulPaint": 2032.0519174064884,
    "cumulativeLayoutShift": 0.006801078339892697,
    "firstInputDelay": 70.49019601445754,
    "timestamp": 1774314706639
  },
  "runtime": {
    "memoryUsage": {
      "rss": 63275008,
      "heapUsed": 12676576,
      "heapTotal": 20414464,
      "external": 1965108
    },
    "startupTime": 570.390375,
    "cpuUsage": 199.059,
    "timestamp": 1774314706639
  },
  "violations": [],
  "recommendations": [
    "Largest file (index.js) is 100.0% of bundle - consider splitting or optimizing"
  ],
  "overallStatus": "pass"
}