{
  "timestamp": 1774548374707,
  "bundleSize": {
    "totalSize": 916,
    "gzippedSize": 423,
    "fileCount": 1,
    "largestFile": {
      "name": "index.js",
      "size": 916,
      "gzippedSize": 423
    },
    "breakdown": [
      {
        "name": "index.js",
        "size": 916,
        "gzippedSize": 423,
        "percentage": 100
      }
    ]
  },
  "webVitals": {
    "firstContentfulPaint": 1063.0344090509016,
    "timeToInteractive": 2130.386750384291,
    "largestContentfulPaint": 2099.522483494246,
    "cumulativeLayoutShift": 0.060942054809212845,
    "firstInputDelay": 38.52306157971341,
    "timestamp": 1774548374707
  },
  "runtime": {
    "memoryUsage": {
      "rss": 62324736,
      "heapUsed": 12432232,
      "heapTotal": 19857408,
      "external": 1971431
    },
    "startupTime": 222.982291,
    "cpuUsage": 132.034,
    "timestamp": 1774548374707
  },
  "violations": [],
  "recommendations": [
    "Largest file (index.js) is 100.0% of bundle - consider splitting or optimizing"
  ],
  "overallStatus": "pass"
}