{
  "timestamp": 1774198481749,
  "bundleSize": {
    "totalSize": 916,
    "gzippedSize": 423,
    "fileCount": 1,
    "largestFile": {
      "name": "index.js",
      "size": 916,
      "gzippedSize": 423
    },
    "breakdown": [
      {
        "name": "index.js",
        "size": 916,
        "gzippedSize": 423,
        "percentage": 100
      }
    ]
  },
  "webVitals": {
    "firstContentfulPaint": 1241.904098048027,
    "timeToInteractive": 2236.466880858907,
    "largestContentfulPaint": 2398.9307012123354,
    "cumulativeLayoutShift": 0.019959673820336032,
    "firstInputDelay": 43.99739328043739,
    "timestamp": 1774198481746
  },
  "runtime": {
    "memoryUsage": {
      "rss": 58703872,
      "heapUsed": 12905120,
      "heapTotal": 20119552,
      "external": 1970672
    },
    "startupTime": 2251.408333,
    "cpuUsage": 204.942,
    "timestamp": 1774198481749
  },
  "violations": [],
  "recommendations": [
    "Largest file (index.js) is 100.0% of bundle - consider splitting or optimizing"
  ],
  "overallStatus": "pass"
}