{
  "timestamp": 1774113728233,
  "bundleSize": {
    "totalSize": 916,
    "gzippedSize": 423,
    "fileCount": 1,
    "largestFile": {
      "name": "index.js",
      "size": 916,
      "gzippedSize": 423
    },
    "breakdown": [
      {
        "name": "index.js",
        "size": 916,
        "gzippedSize": 423,
        "percentage": 100
      }
    ]
  },
  "webVitals": {
    "firstContentfulPaint": 1361.0797428473252,
    "timeToInteractive": 2063.9077763483474,
    "largestContentfulPaint": 2202.973175662915,
    "cumulativeLayoutShift": 0.006872626126365633,
    "firstInputDelay": 45.12079221703371,
    "timestamp": 1774113728233
  },
  "runtime": {
    "memoryUsage": {
      "rss": 61849600,
      "heapUsed": 12555112,
      "heapTotal": 19857408,
      "external": 1970672
    },
    "startupTime": 1091.411542,
    "cpuUsage": 187.355,
    "timestamp": 1774113728233
  },
  "violations": [],
  "recommendations": [
    "Largest file (index.js) is 100.0% of bundle - consider splitting or optimizing"
  ],
  "overallStatus": "pass"
}