{
  "timestamp": 1774370200956,
  "bundleSize": {
    "totalSize": 916,
    "gzippedSize": 423,
    "fileCount": 1,
    "largestFile": {
      "name": "index.js",
      "size": 916,
      "gzippedSize": 423
    },
    "breakdown": [
      {
        "name": "index.js",
        "size": 916,
        "gzippedSize": 423,
        "percentage": 100
      }
    ]
  },
  "webVitals": {
    "firstContentfulPaint": 1103.0490387249645,
    "timeToInteractive": 2428.3725917904408,
    "largestContentfulPaint": 2021.3358596730602,
    "cumulativeLayoutShift": 0.060892846074472255,
    "firstInputDelay": 55.21021793191081,
    "timestamp": 1774370200956
  },
  "runtime": {
    "memoryUsage": {
      "rss": 61702144,
      "heapUsed": 12229664,
      "heapTotal": 20381696,
      "external": 1964859
    },
    "startupTime": 404.650792,
    "cpuUsage": 153.751,
    "timestamp": 1774370200956
  },
  "violations": [],
  "recommendations": [
    "Largest file (index.js) is 100.0% of bundle - consider splitting or optimizing"
  ],
  "overallStatus": "pass"
}