{
  "timestamp": 1773971794035,
  "bundleSize": {
    "totalSize": 916,
    "gzippedSize": 423,
    "fileCount": 1,
    "largestFile": {
      "name": "index.js",
      "size": 916,
      "gzippedSize": 423
    },
    "breakdown": [
      {
        "name": "index.js",
        "size": 916,
        "gzippedSize": 423,
        "percentage": 100
      }
    ]
  },
  "webVitals": {
    "firstContentfulPaint": 664.7268094847283,
    "timeToInteractive": 2394.1846112052053,
    "largestContentfulPaint": 1584.2405621950443,
    "cumulativeLayoutShift": 0.004364969431638311,
    "firstInputDelay": 33.89110684453466,
    "timestamp": 1773971794035
  },
  "runtime": {
    "memoryUsage": {
      "rss": 62767104,
      "heapUsed": 13019248,
      "heapTotal": 20217856,
      "external": 1970223
    },
    "startupTime": 791.242792,
    "cpuUsage": 168.968,
    "timestamp": 1773971794035
  },
  "violations": [],
  "recommendations": [
    "Largest file (index.js) is 100.0% of bundle - consider splitting or optimizing"
  ],
  "overallStatus": "pass"
}