{
  "timestamp": 1774013415351,
  "bundleSize": {
    "totalSize": 916,
    "gzippedSize": 423,
    "fileCount": 1,
    "largestFile": {
      "name": "index.js",
      "size": 916,
      "gzippedSize": 423
    },
    "breakdown": [
      {
        "name": "index.js",
        "size": 916,
        "gzippedSize": 423,
        "percentage": 100
      }
    ]
  },
  "webVitals": {
    "firstContentfulPaint": 858.8172898396296,
    "timeToInteractive": 2322.693706200143,
    "largestContentfulPaint": 2169.8039592830073,
    "cumulativeLayoutShift": 0.0043566648413932985,
    "firstInputDelay": 57.36949457535818,
    "timestamp": 1774013415351
  },
  "runtime": {
    "memoryUsage": {
      "rss": 62488576,
      "heapUsed": 13333232,
      "heapTotal": 20348928,
      "external": 1970211
    },
    "startupTime": 304.440917,
    "cpuUsage": 153.908,
    "timestamp": 1774013415351
  },
  "violations": [],
  "recommendations": [
    "Largest file (index.js) is 100.0% of bundle - consider splitting or optimizing"
  ],
  "overallStatus": "pass"
}