{
  "timestamp": 1774484029043,
  "bundleSize": {
    "totalSize": 916,
    "gzippedSize": 423,
    "fileCount": 1,
    "largestFile": {
      "name": "index.js",
      "size": 916,
      "gzippedSize": 423
    },
    "breakdown": [
      {
        "name": "index.js",
        "size": 916,
        "gzippedSize": 423,
        "percentage": 100
      }
    ]
  },
  "webVitals": {
    "firstContentfulPaint": 1380.050034960212,
    "timeToInteractive": 2761.496505550399,
    "largestContentfulPaint": 1813.7048261650614,
    "cumulativeLayoutShift": 0.019780051875082805,
    "firstInputDelay": 67.25425558931508,
    "timestamp": 1774484029043
  },
  "runtime": {
    "memoryUsage": {
      "rss": 61489152,
      "heapUsed": 12656296,
      "heapTotal": 19857408,
      "external": 1965899
    },
    "startupTime": 366.500958,
    "cpuUsage": 182.908,
    "timestamp": 1774484029043
  },
  "violations": [],
  "recommendations": [
    "Largest file (index.js) is 100.0% of bundle - consider splitting or optimizing"
  ],
  "overallStatus": "pass"
}