{
  "timestamp": 1774279681774,
  "bundleSize": {
    "totalSize": 916,
    "gzippedSize": 423,
    "fileCount": 1,
    "largestFile": {
      "name": "index.js",
      "size": 916,
      "gzippedSize": 423
    },
    "breakdown": [
      {
        "name": "index.js",
        "size": 916,
        "gzippedSize": 423,
        "percentage": 100
      }
    ]
  },
  "webVitals": {
    "firstContentfulPaint": 1432.9887888214075,
    "timeToInteractive": 2276.002396892418,
    "largestContentfulPaint": 2371.5791788779898,
    "cumulativeLayoutShift": 0.033398624220668104,
    "firstInputDelay": 30.369469939826754,
    "timestamp": 1774279681773
  },
  "runtime": {
    "memoryUsage": {
      "rss": 47595520,
      "heapUsed": 11597440,
      "heapTotal": 12517376,
      "external": 1963536
    },
    "startupTime": 13389.922208,
    "cpuUsage": 309.113,
    "timestamp": 1774279681774
  },
  "violations": [],
  "recommendations": [
    "Largest file (index.js) is 100.0% of bundle - consider splitting or optimizing"
  ],
  "overallStatus": "pass"
}