{
  "timestamp": 1774544275503,
  "bundleSize": {
    "totalSize": 916,
    "gzippedSize": 423,
    "fileCount": 1,
    "largestFile": {
      "name": "index.js",
      "size": 916,
      "gzippedSize": 423
    },
    "breakdown": [
      {
        "name": "index.js",
        "size": 916,
        "gzippedSize": 423,
        "percentage": 100
      }
    ]
  },
  "webVitals": {
    "firstContentfulPaint": 792.1540782678192,
    "timeToInteractive": 2301.7856596548827,
    "largestContentfulPaint": 2027.5540255961769,
    "cumulativeLayoutShift": 0.06650892551664687,
    "firstInputDelay": 66.45875556953723,
    "timestamp": 1774544275503
  },
  "runtime": {
    "memoryUsage": {
      "rss": 62308352,
      "heapUsed": 12607888,
      "heapTotal": 20119552,
      "external": 1971431
    },
    "startupTime": 219.341667,
    "cpuUsage": 138.915,
    "timestamp": 1774544275503
  },
  "violations": [],
  "recommendations": [
    "Largest file (index.js) is 100.0% of bundle - consider splitting or optimizing"
  ],
  "overallStatus": "pass"
}