{
  "timestamp": 1774222983993,
  "bundleSize": {
    "totalSize": 916,
    "gzippedSize": 423,
    "fileCount": 1,
    "largestFile": {
      "name": "index.js",
      "size": 916,
      "gzippedSize": 423
    },
    "breakdown": [
      {
        "name": "index.js",
        "size": 916,
        "gzippedSize": 423,
        "percentage": 100
      }
    ]
  },
  "webVitals": {
    "firstContentfulPaint": 603.0352358348968,
    "timeToInteractive": 2050.277951513233,
    "largestContentfulPaint": 2379.666327147387,
    "cumulativeLayoutShift": 0.030057485945195042,
    "firstInputDelay": 61.98823490729824,
    "timestamp": 1774222983993
  },
  "runtime": {
    "memoryUsage": {
      "rss": 58654720,
      "heapUsed": 12330368,
      "heapTotal": 20119552,
      "external": 1965320
    },
    "startupTime": 3052.409042,
    "cpuUsage": 192.483,
    "timestamp": 1774222983993
  },
  "violations": [],
  "recommendations": [
    "Largest file (index.js) is 100.0% of bundle - consider splitting or optimizing"
  ],
  "overallStatus": "pass"
}