{
  "timestamp": 1774455721021,
  "bundleSize": {
    "totalSize": 916,
    "gzippedSize": 423,
    "fileCount": 1,
    "largestFile": {
      "name": "index.js",
      "size": 916,
      "gzippedSize": 423
    },
    "breakdown": [
      {
        "name": "index.js",
        "size": 916,
        "gzippedSize": 423,
        "percentage": 100
      }
    ]
  },
  "webVitals": {
    "firstContentfulPaint": 1474.3024827057163,
    "timeToInteractive": 2080.3586098099768,
    "largestContentfulPaint": 2296.357658220033,
    "cumulativeLayoutShift": 0.007698998699713244,
    "firstInputDelay": 55.162061797994035,
    "timestamp": 1774455721021
  },
  "runtime": {
    "memoryUsage": {
      "rss": 62177280,
      "heapUsed": 12387992,
      "heapTotal": 19857408,
      "external": 1971431
    },
    "startupTime": 218.966375,
    "cpuUsage": 133.943,
    "timestamp": 1774455721021
  },
  "violations": [],
  "recommendations": [
    "Largest file (index.js) is 100.0% of bundle - consider splitting or optimizing"
  ],
  "overallStatus": "pass"
}