{
  "timestamp": 1774213676207,
  "bundleSize": {
    "totalSize": 916,
    "gzippedSize": 423,
    "fileCount": 1,
    "largestFile": {
      "name": "index.js",
      "size": 916,
      "gzippedSize": 423
    },
    "breakdown": [
      {
        "name": "index.js",
        "size": 916,
        "gzippedSize": 423,
        "percentage": 100
      }
    ]
  },
  "webVitals": {
    "firstContentfulPaint": 1164.7281083136863,
    "timeToInteractive": 2339.5632013385125,
    "largestContentfulPaint": 1926.2560514071997,
    "cumulativeLayoutShift": 0.07608283183878187,
    "firstInputDelay": 37.04281194242688,
    "timestamp": 1774213676207
  },
  "runtime": {
    "memoryUsage": {
      "rss": 59965440,
      "heapUsed": 11812880,
      "heapTotal": 20119552,
      "external": 1964254
    },
    "startupTime": 196.340334,
    "cpuUsage": 122.083,
    "timestamp": 1774213676207
  },
  "violations": [],
  "recommendations": [
    "Largest file (index.js) is 100.0% of bundle - consider splitting or optimizing"
  ],
  "overallStatus": "pass"
}