{
  "timestamp": 1774541347378,
  "bundleSize": {
    "totalSize": 916,
    "gzippedSize": 423,
    "fileCount": 1,
    "largestFile": {
      "name": "index.js",
      "size": 916,
      "gzippedSize": 423
    },
    "breakdown": [
      {
        "name": "index.js",
        "size": 916,
        "gzippedSize": 423,
        "percentage": 100
      }
    ]
  },
  "webVitals": {
    "firstContentfulPaint": 872.9477959126328,
    "timeToInteractive": 2724.6266920680446,
    "largestContentfulPaint": 1548.8478016202064,
    "cumulativeLayoutShift": 0.0491866371439806,
    "firstInputDelay": 60.18314224863608,
    "timestamp": 1774541347378
  },
  "runtime": {
    "memoryUsage": {
      "rss": 57376768,
      "heapUsed": 12382472,
      "heapTotal": 19857408,
      "external": 1966361
    },
    "startupTime": 7446.178584,
    "cpuUsage": 205.827,
    "timestamp": 1774541347378
  },
  "violations": [],
  "recommendations": [
    "Largest file (index.js) is 100.0% of bundle - consider splitting or optimizing"
  ],
  "overallStatus": "pass"
}