{
  "timestamp": 1774508558741,
  "bundleSize": {
    "totalSize": 916,
    "gzippedSize": 423,
    "fileCount": 1,
    "largestFile": {
      "name": "index.js",
      "size": 916,
      "gzippedSize": 423
    },
    "breakdown": [
      {
        "name": "index.js",
        "size": 916,
        "gzippedSize": 423,
        "percentage": 100
      }
    ]
  },
  "webVitals": {
    "firstContentfulPaint": 767.6564101312895,
    "timeToInteractive": 2318.8067578032637,
    "largestContentfulPaint": 1674.0913693120033,
    "cumulativeLayoutShift": 0.033070746854142574,
    "firstInputDelay": 40.14645939937731,
    "timestamp": 1774508558740
  },
  "runtime": {
    "memoryUsage": {
      "rss": 61554688,
      "heapUsed": 12900800,
      "heapTotal": 19857408,
      "external": 1966360
    },
    "startupTime": 1473.459666,
    "cpuUsage": 223.533,
    "timestamp": 1774508558741
  },
  "violations": [],
  "recommendations": [
    "Largest file (index.js) is 100.0% of bundle - consider splitting or optimizing"
  ],
  "overallStatus": "pass"
}