{
  "timestamp": 1774282144198,
  "bundleSize": {
    "totalSize": 916,
    "gzippedSize": 423,
    "fileCount": 1,
    "largestFile": {
      "name": "index.js",
      "size": 916,
      "gzippedSize": 423
    },
    "breakdown": [
      {
        "name": "index.js",
        "size": 916,
        "gzippedSize": 423,
        "percentage": 100
      }
    ]
  },
  "webVitals": {
    "firstContentfulPaint": 763.7404828076022,
    "timeToInteractive": 2732.6216167592265,
    "largestContentfulPaint": 1881.0716270510516,
    "cumulativeLayoutShift": 0.04360688123438899,
    "firstInputDelay": 35.81605687059306,
    "timestamp": 1774282144198
  },
  "runtime": {
    "memoryUsage": {
      "rss": 62373888,
      "heapUsed": 12499512,
      "heapTotal": 19857408,
      "external": 1971431
    },
    "startupTime": 239.465292,
    "cpuUsage": 144.615,
    "timestamp": 1774282144198
  },
  "violations": [],
  "recommendations": [
    "Largest file (index.js) is 100.0% of bundle - consider splitting or optimizing"
  ],
  "overallStatus": "pass"
}