{
  "timestamp": 1774446063370,
  "bundleSize": {
    "totalSize": 916,
    "gzippedSize": 423,
    "fileCount": 1,
    "largestFile": {
      "name": "index.js",
      "size": 916,
      "gzippedSize": 423
    },
    "breakdown": [
      {
        "name": "index.js",
        "size": 916,
        "gzippedSize": 423,
        "percentage": 100
      }
    ]
  },
  "webVitals": {
    "firstContentfulPaint": 1121.162151992833,
    "timeToInteractive": 2438.0070056241802,
    "largestContentfulPaint": 2119.5688515593183,
    "cumulativeLayoutShift": 0.027826987285595628,
    "firstInputDelay": 29.91394252821953,
    "timestamp": 1774446063370
  },
  "runtime": {
    "memoryUsage": {
      "rss": 61865984,
      "heapUsed": 12528152,
      "heapTotal": 19857408,
      "external": 1971431
    },
    "startupTime": 233.33375,
    "cpuUsage": 148.235,
    "timestamp": 1774446063370
  },
  "violations": [],
  "recommendations": [
    "Largest file (index.js) is 100.0% of bundle - consider splitting or optimizing"
  ],
  "overallStatus": "pass"
}