{
  "timestamp": 1773922706171,
  "bundleSize": {
    "totalSize": 916,
    "gzippedSize": 423,
    "fileCount": 1,
    "largestFile": {
      "name": "index.js",
      "size": 916,
      "gzippedSize": 423
    },
    "breakdown": [
      {
        "name": "index.js",
        "size": 916,
        "gzippedSize": 423,
        "percentage": 100
      }
    ]
  },
  "webVitals": {
    "firstContentfulPaint": 1054.8857443884406,
    "timeToInteractive": 2603.5412784325003,
    "largestContentfulPaint": 2434.296032592649,
    "cumulativeLayoutShift": 0.08234406042092851,
    "firstInputDelay": 39.254888638897455,
    "timestamp": 1773922706170
  },
  "runtime": {
    "memoryUsage": {
      "rss": 61915136,
      "heapUsed": 12499360,
      "heapTotal": 19857408,
      "external": 1970211
    },
    "startupTime": 359.935833,
    "cpuUsage": 175.504,
    "timestamp": 1773922706171
  },
  "violations": [],
  "recommendations": [
    "Largest file (index.js) is 100.0% of bundle - consider splitting or optimizing"
  ],
  "overallStatus": "pass"
}