{
  "timestamp": 1774734363501,
  "bundleSize": {
    "totalSize": 916,
    "gzippedSize": 423,
    "fileCount": 1,
    "largestFile": {
      "name": "index.js",
      "size": 916,
      "gzippedSize": 423
    },
    "breakdown": [
      {
        "name": "index.js",
        "size": 916,
        "gzippedSize": 423,
        "percentage": 100
      }
    ]
  },
  "webVitals": {
    "firstContentfulPaint": 989.6410719081698,
    "timeToInteractive": 2038.0194996145087,
    "largestContentfulPaint": 1799.1537102819138,
    "cumulativeLayoutShift": 0.03607602212912926,
    "firstInputDelay": 61.943475480903274,
    "timestamp": 1774734363501
  },
  "runtime": {
    "memoryUsage": {
      "rss": 62275584,
      "heapUsed": 12672936,
      "heapTotal": 19857408,
      "external": 1970244
    },
    "startupTime": 442.457292,
    "cpuUsage": 181.912,
    "timestamp": 1774734363501
  },
  "violations": [],
  "recommendations": [
    "Largest file (index.js) is 100.0% of bundle - consider splitting or optimizing"
  ],
  "overallStatus": "pass"
}