{
  "timestamp": 1774541265924,
  "bundleSize": {
    "totalSize": 916,
    "gzippedSize": 423,
    "fileCount": 1,
    "largestFile": {
      "name": "index.js",
      "size": 916,
      "gzippedSize": 423
    },
    "breakdown": [
      {
        "name": "index.js",
        "size": 916,
        "gzippedSize": 423,
        "percentage": 100
      }
    ]
  },
  "webVitals": {
    "firstContentfulPaint": 1376.2654758352473,
    "timeToInteractive": 2923.2343566044233,
    "largestContentfulPaint": 2181.0349487466383,
    "cumulativeLayoutShift": 0.0948782463834058,
    "firstInputDelay": 42.11431767572418,
    "timestamp": 1774541265924
  },
  "runtime": {
    "memoryUsage": {
      "rss": 61587456,
      "heapUsed": 12416152,
      "heapTotal": 19595264,
      "external": 1967413
    },
    "startupTime": 693.800375,
    "cpuUsage": 184.913,
    "timestamp": 1774541265924
  },
  "violations": [],
  "recommendations": [
    "Largest file (index.js) is 100.0% of bundle - consider splitting or optimizing"
  ],
  "overallStatus": "pass"
}