{
  "timestamp": 1774542602936,
  "bundleSize": {
    "totalSize": 916,
    "gzippedSize": 423,
    "fileCount": 1,
    "largestFile": {
      "name": "index.js",
      "size": 916,
      "gzippedSize": 423
    },
    "breakdown": [
      {
        "name": "index.js",
        "size": 916,
        "gzippedSize": 423,
        "percentage": 100
      }
    ]
  },
  "webVitals": {
    "firstContentfulPaint": 741.789298493499,
    "timeToInteractive": 2023.0948660061802,
    "largestContentfulPaint": 2496.1391389729533,
    "cumulativeLayoutShift": 0.021513507277510557,
    "firstInputDelay": 46.268073584903156,
    "timestamp": 1774542602936
  },
  "runtime": {
    "memoryUsage": {
      "rss": 49070080,
      "heapUsed": 11421952,
      "heapTotal": 13565952,
      "external": 1962805
    },
    "startupTime": 11532.612875,
    "cpuUsage": 278.405,
    "timestamp": 1774542602936
  },
  "violations": [],
  "recommendations": [
    "Largest file (index.js) is 100.0% of bundle - consider splitting or optimizing"
  ],
  "overallStatus": "pass"
}