{
  "timestamp": 1773688024270,
  "bundleSize": {
    "totalSize": 916,
    "gzippedSize": 423,
    "fileCount": 1,
    "largestFile": {
      "name": "index.js",
      "size": 916,
      "gzippedSize": 423
    },
    "breakdown": [
      {
        "name": "index.js",
        "size": 916,
        "gzippedSize": 423,
        "percentage": 100
      }
    ]
  },
  "webVitals": {
    "firstContentfulPaint": 1049.4272879275327,
    "timeToInteractive": 2720.1225120320346,
    "largestContentfulPaint": 2147.5896189290006,
    "cumulativeLayoutShift": 0.013752101120275695,
    "firstInputDelay": 32.32356690601655,
    "timestamp": 1773688024270
  },
  "runtime": {
    "memoryUsage": {
      "rss": 61931520,
      "heapUsed": 12088776,
      "heapTotal": 20119552,
      "external": 1966898
    },
    "startupTime": 371.422458,
    "cpuUsage": 167.312,
    "timestamp": 1773688024270
  },
  "violations": [],
  "recommendations": [
    "Largest file (index.js) is 100.0% of bundle - consider splitting or optimizing"
  ],
  "overallStatus": "pass"
}