{
  "timestamp": 1774266349683,
  "bundleSize": {
    "totalSize": 916,
    "gzippedSize": 423,
    "fileCount": 1,
    "largestFile": {
      "name": "index.js",
      "size": 916,
      "gzippedSize": 423
    },
    "breakdown": [
      {
        "name": "index.js",
        "size": 916,
        "gzippedSize": 423,
        "percentage": 100
      }
    ]
  },
  "webVitals": {
    "firstContentfulPaint": 714.5809158170871,
    "timeToInteractive": 2873.5808292879083,
    "largestContentfulPaint": 1678.0518836664774,
    "cumulativeLayoutShift": 0.02315251198609336,
    "firstInputDelay": 32.86568668156953,
    "timestamp": 1774266349682
  },
  "runtime": {
    "memoryUsage": {
      "rss": 60358656,
      "heapUsed": 13531152,
      "heapTotal": 20676608,
      "external": 1967162
    },
    "startupTime": 2533.572875,
    "cpuUsage": 212.022,
    "timestamp": 1774266349683
  },
  "violations": [],
  "recommendations": [
    "Largest file (index.js) is 100.0% of bundle - consider splitting or optimizing"
  ],
  "overallStatus": "pass"
}