{
  "timestamp": 1774437244338,
  "bundleSize": {
    "totalSize": 916,
    "gzippedSize": 423,
    "fileCount": 1,
    "largestFile": {
      "name": "index.js",
      "size": 916,
      "gzippedSize": 423
    },
    "breakdown": [
      {
        "name": "index.js",
        "size": 916,
        "gzippedSize": 423,
        "percentage": 100
      }
    ]
  },
  "webVitals": {
    "firstContentfulPaint": 681.4302439423375,
    "timeToInteractive": 2251.5951354278673,
    "largestContentfulPaint": 1718.6401159246557,
    "cumulativeLayoutShift": 0.03312957598888027,
    "firstInputDelay": 49.59898066638901,
    "timestamp": 1774437244338
  },
  "runtime": {
    "memoryUsage": {
      "rss": 62357504,
      "heapUsed": 12970152,
      "heapTotal": 20185088,
      "external": 1970223
    },
    "startupTime": 254.630959,
    "cpuUsage": 146.998,
    "timestamp": 1774437244338
  },
  "violations": [],
  "recommendations": [
    "Largest file (index.js) is 100.0% of bundle - consider splitting or optimizing"
  ],
  "overallStatus": "pass"
}