{
  "timestamp": 1774373376543,
  "bundleSize": {
    "totalSize": 916,
    "gzippedSize": 423,
    "fileCount": 1,
    "largestFile": {
      "name": "index.js",
      "size": 916,
      "gzippedSize": 423
    },
    "breakdown": [
      {
        "name": "index.js",
        "size": 916,
        "gzippedSize": 423,
        "percentage": 100
      }
    ]
  },
  "webVitals": {
    "firstContentfulPaint": 531.7204641349554,
    "timeToInteractive": 2201.1037075593777,
    "largestContentfulPaint": 1583.8189147583669,
    "cumulativeLayoutShift": 0.09466967576051795,
    "firstInputDelay": 44.918826288260526,
    "timestamp": 1774373376543
  },
  "runtime": {
    "memoryUsage": {
      "rss": 62226432,
      "heapUsed": 13116304,
      "heapTotal": 19988480,
      "external": 1965854
    },
    "startupTime": 201.611584,
    "cpuUsage": 131.902,
    "timestamp": 1774373376543
  },
  "violations": [],
  "recommendations": [
    "Largest file (index.js) is 100.0% of bundle - consider splitting or optimizing"
  ],
  "overallStatus": "pass"
}