{
  "timestamp": 1774301549847,
  "bundleSize": {
    "totalSize": 916,
    "gzippedSize": 423,
    "fileCount": 1,
    "largestFile": {
      "name": "index.js",
      "size": 916,
      "gzippedSize": 423
    },
    "breakdown": [
      {
        "name": "index.js",
        "size": 916,
        "gzippedSize": 423,
        "percentage": 100
      }
    ]
  },
  "webVitals": {
    "firstContentfulPaint": 1115.8429567062976,
    "timeToInteractive": 2897.6419995926667,
    "largestContentfulPaint": 2197.402997778195,
    "cumulativeLayoutShift": 0.09940226367121596,
    "firstInputDelay": 53.829180435750324,
    "timestamp": 1774301549846
  },
  "runtime": {
    "memoryUsage": {
      "rss": 63012864,
      "heapUsed": 13321096,
      "heapTotal": 20348928,
      "external": 1970223
    },
    "startupTime": 254.501208,
    "cpuUsage": 148.892,
    "timestamp": 1774301549847
  },
  "violations": [],
  "recommendations": [
    "Largest file (index.js) is 100.0% of bundle - consider splitting or optimizing"
  ],
  "overallStatus": "pass"
}