{
  "timestamp": 1774368948384,
  "bundleSize": {
    "totalSize": 916,
    "gzippedSize": 423,
    "fileCount": 1,
    "largestFile": {
      "name": "index.js",
      "size": 916,
      "gzippedSize": 423
    },
    "breakdown": [
      {
        "name": "index.js",
        "size": 916,
        "gzippedSize": 423,
        "percentage": 100
      }
    ]
  },
  "webVitals": {
    "firstContentfulPaint": 1032.5377587776927,
    "timeToInteractive": 2038.5151028303885,
    "largestContentfulPaint": 2151.3068871686232,
    "cumulativeLayoutShift": 0.09335651754744122,
    "firstInputDelay": 60.519158784303485,
    "timestamp": 1774368948383
  },
  "runtime": {
    "memoryUsage": {
      "rss": 63193088,
      "heapUsed": 13622832,
      "heapTotal": 20185088,
      "external": 1970438
    },
    "startupTime": 984.124833,
    "cpuUsage": 189.3,
    "timestamp": 1774368948383
  },
  "violations": [],
  "recommendations": [
    "Largest file (index.js) is 100.0% of bundle - consider splitting or optimizing"
  ],
  "overallStatus": "pass"
}