{
  "timestamp": 1774047854702,
  "bundleSize": {
    "totalSize": 916,
    "gzippedSize": 423,
    "fileCount": 1,
    "largestFile": {
      "name": "index.js",
      "size": 916,
      "gzippedSize": 423
    },
    "breakdown": [
      {
        "name": "index.js",
        "size": 916,
        "gzippedSize": 423,
        "percentage": 100
      }
    ]
  },
  "webVitals": {
    "firstContentfulPaint": 1131.8219429417015,
    "timeToInteractive": 2350.075416428073,
    "largestContentfulPaint": 1925.5176641139483,
    "cumulativeLayoutShift": 0.018645136784944595,
    "firstInputDelay": 48.4565152624053,
    "timestamp": 1774047854702
  },
  "runtime": {
    "memoryUsage": {
      "rss": 61964288,
      "heapUsed": 12288520,
      "heapTotal": 19857408,
      "external": 1971431
    },
    "startupTime": 273.956834,
    "cpuUsage": 158.715,
    "timestamp": 1774047854702
  },
  "violations": [],
  "recommendations": [
    "Largest file (index.js) is 100.0% of bundle - consider splitting or optimizing"
  ],
  "overallStatus": "pass"
}