{
  "timestamp": 1774512602571,
  "bundleSize": {
    "totalSize": 916,
    "gzippedSize": 423,
    "fileCount": 1,
    "largestFile": {
      "name": "index.js",
      "size": 916,
      "gzippedSize": 423
    },
    "breakdown": [
      {
        "name": "index.js",
        "size": 916,
        "gzippedSize": 423,
        "percentage": 100
      }
    ]
  },
  "webVitals": {
    "firstContentfulPaint": 1198.6768674713007,
    "timeToInteractive": 2915.3695610365166,
    "largestContentfulPaint": 1922.1542681998924,
    "cumulativeLayoutShift": 0.01627542006660281,
    "firstInputDelay": 43.35426148621828,
    "timestamp": 1774512602570
  },
  "runtime": {
    "memoryUsage": {
      "rss": 61947904,
      "heapUsed": 12461120,
      "heapTotal": 20119552,
      "external": 1965372
    },
    "startupTime": 413.850333,
    "cpuUsage": 194.219,
    "timestamp": 1774512602571
  },
  "violations": [],
  "recommendations": [
    "Largest file (index.js) is 100.0% of bundle - consider splitting or optimizing"
  ],
  "overallStatus": "pass"
}