{
  "timestamp": 1774536732411,
  "bundleSize": {
    "totalSize": 916,
    "gzippedSize": 423,
    "fileCount": 1,
    "largestFile": {
      "name": "index.js",
      "size": 916,
      "gzippedSize": 423
    },
    "breakdown": [
      {
        "name": "index.js",
        "size": 916,
        "gzippedSize": 423,
        "percentage": 100
      }
    ]
  },
  "webVitals": {
    "firstContentfulPaint": 949.2031924869626,
    "timeToInteractive": 2964.2427079017075,
    "largestContentfulPaint": 2302.9020745749285,
    "cumulativeLayoutShift": 0.05061075945680833,
    "firstInputDelay": 28.71934396840581,
    "timestamp": 1774536732411
  },
  "runtime": {
    "memoryUsage": {
      "rss": 60850176,
      "heapUsed": 12734616,
      "heapTotal": 19857408,
      "external": 1970211
    },
    "startupTime": 568.893208,
    "cpuUsage": 182.224,
    "timestamp": 1774536732411
  },
  "violations": [],
  "recommendations": [
    "Largest file (index.js) is 100.0% of bundle - consider splitting or optimizing"
  ],
  "overallStatus": "pass"
}