{
  "timestamp": 1773840934198,
  "bundleSize": {
    "totalSize": 916,
    "gzippedSize": 423,
    "fileCount": 1,
    "largestFile": {
      "name": "index.js",
      "size": 916,
      "gzippedSize": 423
    },
    "breakdown": [
      {
        "name": "index.js",
        "size": 916,
        "gzippedSize": 423,
        "percentage": 100
      }
    ]
  },
  "webVitals": {
    "firstContentfulPaint": 713.4155942312011,
    "timeToInteractive": 2509.3393475420417,
    "largestContentfulPaint": 2387.5947690853345,
    "cumulativeLayoutShift": 0.010706290294781163,
    "firstInputDelay": 69.47405999275355,
    "timestamp": 1773840934198
  },
  "runtime": {
    "memoryUsage": {
      "rss": 62226432,
      "heapUsed": 12246272,
      "heapTotal": 20119552,
      "external": 1969708
    },
    "startupTime": 294.26925,
    "cpuUsage": 164.078,
    "timestamp": 1773840934198
  },
  "violations": [],
  "recommendations": [
    "Largest file (index.js) is 100.0% of bundle - consider splitting or optimizing"
  ],
  "overallStatus": "pass"
}