{
  "timestamp": 1774540216396,
  "bundleSize": {
    "totalSize": 916,
    "gzippedSize": 423,
    "fileCount": 1,
    "largestFile": {
      "name": "index.js",
      "size": 916,
      "gzippedSize": 423
    },
    "breakdown": [
      {
        "name": "index.js",
        "size": 916,
        "gzippedSize": 423,
        "percentage": 100
      }
    ]
  },
  "webVitals": {
    "firstContentfulPaint": 1425.6048988608413,
    "timeToInteractive": 2885.4931338906495,
    "largestContentfulPaint": 1898.4884003307102,
    "cumulativeLayoutShift": 0.04327827066268844,
    "firstInputDelay": 35.4298605975746,
    "timestamp": 1774540216396
  },
  "runtime": {
    "memoryUsage": {
      "rss": 62373888,
      "heapUsed": 13192384,
      "heapTotal": 20283392,
      "external": 1970223
    },
    "startupTime": 474.709125,
    "cpuUsage": 176.098,
    "timestamp": 1774540216396
  },
  "violations": [],
  "recommendations": [
    "Largest file (index.js) is 100.0% of bundle - consider splitting or optimizing"
  ],
  "overallStatus": "pass"
}