{
  "timestamp": 1774541526670,
  "bundleSize": {
    "totalSize": 916,
    "gzippedSize": 423,
    "fileCount": 1,
    "largestFile": {
      "name": "index.js",
      "size": 916,
      "gzippedSize": 423
    },
    "breakdown": [
      {
        "name": "index.js",
        "size": 916,
        "gzippedSize": 423,
        "percentage": 100
      }
    ]
  },
  "webVitals": {
    "firstContentfulPaint": 1146.0079198094218,
    "timeToInteractive": 2887.77413898719,
    "largestContentfulPaint": 2169.6016190857945,
    "cumulativeLayoutShift": 0.040362629183431364,
    "firstInputDelay": 52.334036114568875,
    "timestamp": 1774541526665
  },
  "runtime": {
    "memoryUsage": {
      "rss": 60719104,
      "heapUsed": 12880680,
      "heapTotal": 20643840,
      "external": 2651546
    },
    "startupTime": 2296.411541,
    "cpuUsage": 169.405,
    "timestamp": 1774541526670
  },
  "violations": [],
  "recommendations": [
    "Largest file (index.js) is 100.0% of bundle - consider splitting or optimizing"
  ],
  "overallStatus": "pass"
}