{
  "timestamp": 1774399220355,
  "bundleSize": {
    "totalSize": 916,
    "gzippedSize": 423,
    "fileCount": 1,
    "largestFile": {
      "name": "index.js",
      "size": 916,
      "gzippedSize": 423
    },
    "breakdown": [
      {
        "name": "index.js",
        "size": 916,
        "gzippedSize": 423,
        "percentage": 100
      }
    ]
  },
  "webVitals": {
    "firstContentfulPaint": 1185.3652997881072,
    "timeToInteractive": 2503.1704670235836,
    "largestContentfulPaint": 1674.5099740785638,
    "cumulativeLayoutShift": 0.03776625452538001,
    "firstInputDelay": 53.81812973778616,
    "timestamp": 1774399220355
  },
  "runtime": {
    "memoryUsage": {
      "rss": 62930944,
      "heapUsed": 13067768,
      "heapTotal": 20480000,
      "external": 1970223
    },
    "startupTime": 266.900167,
    "cpuUsage": 154.716,
    "timestamp": 1774399220355
  },
  "violations": [],
  "recommendations": [
    "Largest file (index.js) is 100.0% of bundle - consider splitting or optimizing"
  ],
  "overallStatus": "pass"
}