{
  "timestamp": 1774621883158,
  "bundleSize": {
    "totalSize": 916,
    "gzippedSize": 423,
    "fileCount": 1,
    "largestFile": {
      "name": "index.js",
      "size": 916,
      "gzippedSize": 423
    },
    "breakdown": [
      {
        "name": "index.js",
        "size": 916,
        "gzippedSize": 423,
        "percentage": 100
      }
    ]
  },
  "webVitals": {
    "firstContentfulPaint": 1038.9714153944697,
    "timeToInteractive": 2593.375392076224,
    "largestContentfulPaint": 1520.5694173015927,
    "cumulativeLayoutShift": 0.01061999004314056,
    "firstInputDelay": 72.62535052692121,
    "timestamp": 1774621883158
  },
  "runtime": {
    "memoryUsage": {
      "rss": 57982976,
      "heapUsed": 12866504,
      "heapTotal": 18022400,
      "external": 2762070
    },
    "startupTime": 195.284875,
    "cpuUsage": 122.218,
    "timestamp": 1774621883158
  },
  "violations": [],
  "recommendations": [
    "Largest file (index.js) is 100.0% of bundle - consider splitting or optimizing"
  ],
  "overallStatus": "pass"
}