{
  "timestamp": 1774551496715,
  "bundleSize": {
    "totalSize": 916,
    "gzippedSize": 423,
    "fileCount": 1,
    "largestFile": {
      "name": "index.js",
      "size": 916,
      "gzippedSize": 423
    },
    "breakdown": [
      {
        "name": "index.js",
        "size": 916,
        "gzippedSize": 423,
        "percentage": 100
      }
    ]
  },
  "webVitals": {
    "firstContentfulPaint": 652.0872260536139,
    "timeToInteractive": 2725.4122764426875,
    "largestContentfulPaint": 2217.660403602775,
    "cumulativeLayoutShift": 0.016506823950343176,
    "firstInputDelay": 27.810594895967633,
    "timestamp": 1774551496715
  },
  "runtime": {
    "memoryUsage": {
      "rss": 61046784,
      "heapUsed": 12897576,
      "heapTotal": 19595264,
      "external": 1965899
    },
    "startupTime": 724.410834,
    "cpuUsage": 197.31,
    "timestamp": 1774551496715
  },
  "violations": [],
  "recommendations": [
    "Largest file (index.js) is 100.0% of bundle - consider splitting or optimizing"
  ],
  "overallStatus": "pass"
}