{
  "timestamp": 1773870544308,
  "bundleSize": {
    "totalSize": 916,
    "gzippedSize": 423,
    "fileCount": 1,
    "largestFile": {
      "name": "index.js",
      "size": 916,
      "gzippedSize": 423
    },
    "breakdown": [
      {
        "name": "index.js",
        "size": 916,
        "gzippedSize": 423,
        "percentage": 100
      }
    ]
  },
  "webVitals": {
    "firstContentfulPaint": 1431.876047835802,
    "timeToInteractive": 2736.5182545441094,
    "largestContentfulPaint": 2401.8758936587797,
    "cumulativeLayoutShift": 0.02824351717328837,
    "firstInputDelay": 27.91471258396615,
    "timestamp": 1773870544308
  },
  "runtime": {
    "memoryUsage": {
      "rss": 61751296,
      "heapUsed": 12478640,
      "heapTotal": 19595264,
      "external": 1970211
    },
    "startupTime": 309.088667,
    "cpuUsage": 178.088,
    "timestamp": 1773870544308
  },
  "violations": [],
  "recommendations": [
    "Largest file (index.js) is 100.0% of bundle - consider splitting or optimizing"
  ],
  "overallStatus": "pass"
}