{
  "timestamp": 1773853919283,
  "bundleSize": {
    "totalSize": 916,
    "gzippedSize": 423,
    "fileCount": 1,
    "largestFile": {
      "name": "index.js",
      "size": 916,
      "gzippedSize": 423
    },
    "breakdown": [
      {
        "name": "index.js",
        "size": 916,
        "gzippedSize": 423,
        "percentage": 100
      }
    ]
  },
  "webVitals": {
    "firstContentfulPaint": 660.724115363384,
    "timeToInteractive": 2831.3950944469643,
    "largestContentfulPaint": 2316.1814900803683,
    "cumulativeLayoutShift": 0.01968041104191709,
    "firstInputDelay": 47.851452753746436,
    "timestamp": 1773853919283
  },
  "runtime": {
    "memoryUsage": {
      "rss": 59375616,
      "heapUsed": 12005168,
      "heapTotal": 20381696,
      "external": 1965858
    },
    "startupTime": 699.362459,
    "cpuUsage": 195.367,
    "timestamp": 1773853919283
  },
  "violations": [],
  "recommendations": [
    "Largest file (index.js) is 100.0% of bundle - consider splitting or optimizing"
  ],
  "overallStatus": "pass"
}