{
  "timestamp": 1773942977603,
  "bundleSize": {
    "totalSize": 916,
    "gzippedSize": 423,
    "fileCount": 1,
    "largestFile": {
      "name": "index.js",
      "size": 916,
      "gzippedSize": 423
    },
    "breakdown": [
      {
        "name": "index.js",
        "size": 916,
        "gzippedSize": 423,
        "percentage": 100
      }
    ]
  },
  "webVitals": {
    "firstContentfulPaint": 599.0591378989492,
    "timeToInteractive": 2104.6934303246394,
    "largestContentfulPaint": 1733.4040626833264,
    "cumulativeLayoutShift": 0.06116876202601307,
    "firstInputDelay": 59.95558550780468,
    "timestamp": 1773942977603
  },
  "runtime": {
    "memoryUsage": {
      "rss": 59654144,
      "heapUsed": 12563192,
      "heapTotal": 19595264,
      "external": 1967413
    },
    "startupTime": 953.327167,
    "cpuUsage": 199.602,
    "timestamp": 1773942977603
  },
  "violations": [],
  "recommendations": [
    "Largest file (index.js) is 100.0% of bundle - consider splitting or optimizing"
  ],
  "overallStatus": "pass"
}