{
  "timestamp": 1774537237944,
  "bundleSize": {
    "totalSize": 916,
    "gzippedSize": 423,
    "fileCount": 1,
    "largestFile": {
      "name": "index.js",
      "size": 916,
      "gzippedSize": 423
    },
    "breakdown": [
      {
        "name": "index.js",
        "size": 916,
        "gzippedSize": 423,
        "percentage": 100
      }
    ]
  },
  "webVitals": {
    "firstContentfulPaint": 1210.408141721999,
    "timeToInteractive": 2858.5940061461215,
    "largestContentfulPaint": 2360.3366632092693,
    "cumulativeLayoutShift": 0.01462946630393236,
    "firstInputDelay": 47.59736384714678,
    "timestamp": 1774537237944
  },
  "runtime": {
    "memoryUsage": {
      "rss": 56164352,
      "heapUsed": 12574688,
      "heapTotal": 19857408,
      "external": 1968503
    },
    "startupTime": 3967.985792,
    "cpuUsage": 233.209,
    "timestamp": 1774537237944
  },
  "violations": [],
  "recommendations": [
    "Largest file (index.js) is 100.0% of bundle - consider splitting or optimizing"
  ],
  "overallStatus": "pass"
}