{
  "timestamp": 1774514590207,
  "bundleSize": {
    "totalSize": 916,
    "gzippedSize": 423,
    "fileCount": 1,
    "largestFile": {
      "name": "index.js",
      "size": 916,
      "gzippedSize": 423
    },
    "breakdown": [
      {
        "name": "index.js",
        "size": 916,
        "gzippedSize": 423,
        "percentage": 100
      }
    ]
  },
  "webVitals": {
    "firstContentfulPaint": 1109.4785692715004,
    "timeToInteractive": 2780.399093846547,
    "largestContentfulPaint": 1547.1668187269038,
    "cumulativeLayoutShift": 0.010718780221872405,
    "firstInputDelay": 39.36705214260385,
    "timestamp": 1774514590207
  },
  "runtime": {
    "memoryUsage": {
      "rss": 59146240,
      "heapUsed": 12449264,
      "heapTotal": 19857408,
      "external": 1965320
    },
    "startupTime": 1193.523042,
    "cpuUsage": 176.115,
    "timestamp": 1774514590207
  },
  "violations": [],
  "recommendations": [
    "Largest file (index.js) is 100.0% of bundle - consider splitting or optimizing"
  ],
  "overallStatus": "pass"
}