{
  "timestamp": 1773754314609,
  "bundleSize": {
    "totalSize": 916,
    "gzippedSize": 423,
    "fileCount": 1,
    "largestFile": {
      "name": "index.js",
      "size": 916,
      "gzippedSize": 423
    },
    "breakdown": [
      {
        "name": "index.js",
        "size": 916,
        "gzippedSize": 423,
        "percentage": 100
      }
    ]
  },
  "webVitals": {
    "firstContentfulPaint": 1436.842841888563,
    "timeToInteractive": 2845.556365491373,
    "largestContentfulPaint": 1799.8161088601146,
    "cumulativeLayoutShift": 0.023169876433350913,
    "firstInputDelay": 73.43784308908832,
    "timestamp": 1773754314609
  },
  "runtime": {
    "memoryUsage": {
      "rss": 62521344,
      "heapUsed": 12030304,
      "heapTotal": 20119552,
      "external": 1968713
    },
    "startupTime": 360.491416,
    "cpuUsage": 183.677,
    "timestamp": 1773754314609
  },
  "violations": [],
  "recommendations": [
    "Largest file (index.js) is 100.0% of bundle - consider splitting or optimizing"
  ],
  "overallStatus": "pass"
}