{
  "timestamp": 1774543135056,
  "bundleSize": {
    "totalSize": 916,
    "gzippedSize": 423,
    "fileCount": 1,
    "largestFile": {
      "name": "index.js",
      "size": 916,
      "gzippedSize": 423
    },
    "breakdown": [
      {
        "name": "index.js",
        "size": 916,
        "gzippedSize": 423,
        "percentage": 100
      }
    ]
  },
  "webVitals": {
    "firstContentfulPaint": 1284.474339201589,
    "timeToInteractive": 2239.3974378476064,
    "largestContentfulPaint": 2455.824510557003,
    "cumulativeLayoutShift": 0.09634407892299496,
    "firstInputDelay": 52.35684248671515,
    "timestamp": 1774543135056
  },
  "runtime": {
    "memoryUsage": {
      "rss": 57163776,
      "heapUsed": 12522336,
      "heapTotal": 20119552,
      "external": 1966361
    },
    "startupTime": 4961.633166,
    "cpuUsage": 203.593,
    "timestamp": 1774543135056
  },
  "violations": [],
  "recommendations": [
    "Largest file (index.js) is 100.0% of bundle - consider splitting or optimizing"
  ],
  "overallStatus": "pass"
}