{
  "timestamp": 1774473822087,
  "bundleSize": {
    "totalSize": 916,
    "gzippedSize": 423,
    "fileCount": 1,
    "largestFile": {
      "name": "index.js",
      "size": 916,
      "gzippedSize": 423
    },
    "breakdown": [
      {
        "name": "index.js",
        "size": 916,
        "gzippedSize": 423,
        "percentage": 100
      }
    ]
  },
  "webVitals": {
    "firstContentfulPaint": 950.0005644038521,
    "timeToInteractive": 2590.236108591561,
    "largestContentfulPaint": 2264.770624911721,
    "cumulativeLayoutShift": 0.018260403302654972,
    "firstInputDelay": 44.337049463331745,
    "timestamp": 1774473822087
  },
  "runtime": {
    "memoryUsage": {
      "rss": 62341120,
      "heapUsed": 13020696,
      "heapTotal": 19857408,
      "external": 1970223
    },
    "startupTime": 263.162666,
    "cpuUsage": 149.428,
    "timestamp": 1774473822087
  },
  "violations": [],
  "recommendations": [
    "Largest file (index.js) is 100.0% of bundle - consider splitting or optimizing"
  ],
  "overallStatus": "pass"
}