{
  "timestamp": 1773834337119,
  "bundleSize": {
    "totalSize": 916,
    "gzippedSize": 423,
    "fileCount": 1,
    "largestFile": {
      "name": "index.js",
      "size": 916,
      "gzippedSize": 423
    },
    "breakdown": [
      {
        "name": "index.js",
        "size": 916,
        "gzippedSize": 423,
        "percentage": 100
      }
    ]
  },
  "webVitals": {
    "firstContentfulPaint": 903.4998606193685,
    "timeToInteractive": 2804.3097963415667,
    "largestContentfulPaint": 1615.2340307737718,
    "cumulativeLayoutShift": 0.09969893119831097,
    "firstInputDelay": 49.27973519177906,
    "timestamp": 1773834337117
  },
  "runtime": {
    "memoryUsage": {
      "rss": 60014592,
      "heapUsed": 11977152,
      "heapTotal": 20119552,
      "external": 1964805
    },
    "startupTime": 1654.088917,
    "cpuUsage": 191.321,
    "timestamp": 1773834337119
  },
  "violations": [],
  "recommendations": [
    "Largest file (index.js) is 100.0% of bundle - consider splitting or optimizing"
  ],
  "overallStatus": "pass"
}