{
  "timestamp": 1774202799228,
  "bundleSize": {
    "totalSize": 916,
    "gzippedSize": 423,
    "fileCount": 1,
    "largestFile": {
      "name": "index.js",
      "size": 916,
      "gzippedSize": 423
    },
    "breakdown": [
      {
        "name": "index.js",
        "size": 916,
        "gzippedSize": 423,
        "percentage": 100
      }
    ]
  },
  "webVitals": {
    "firstContentfulPaint": 515.6829942746992,
    "timeToInteractive": 2571.9454516041246,
    "largestContentfulPaint": 2032.5878585604596,
    "cumulativeLayoutShift": 0.08547077307820182,
    "firstInputDelay": 57.433306905238325,
    "timestamp": 1774202799228
  },
  "runtime": {
    "memoryUsage": {
      "rss": 62832640,
      "heapUsed": 12992280,
      "heapTotal": 20512768,
      "external": 1965854
    },
    "startupTime": 186.543708,
    "cpuUsage": 129.015,
    "timestamp": 1774202799228
  },
  "violations": [],
  "recommendations": [
    "Largest file (index.js) is 100.0% of bundle - consider splitting or optimizing"
  ],
  "overallStatus": "pass"
}