{
  "timestamp": 1774312257112,
  "bundleSize": {
    "totalSize": 916,
    "gzippedSize": 423,
    "fileCount": 1,
    "largestFile": {
      "name": "index.js",
      "size": 916,
      "gzippedSize": 423
    },
    "breakdown": [
      {
        "name": "index.js",
        "size": 916,
        "gzippedSize": 423,
        "percentage": 100
      }
    ]
  },
  "webVitals": {
    "firstContentfulPaint": 878.3533487965453,
    "timeToInteractive": 2092.7902696926694,
    "largestContentfulPaint": 2244.7081606920483,
    "cumulativeLayoutShift": 0.06627299920315448,
    "firstInputDelay": 49.02595533193153,
    "timestamp": 1774312257112
  },
  "runtime": {
    "memoryUsage": {
      "rss": 62849024,
      "heapUsed": 13333920,
      "heapTotal": 20348928,
      "external": 1971431
    },
    "startupTime": 233.003625,
    "cpuUsage": 151.657,
    "timestamp": 1774312257112
  },
  "violations": [],
  "recommendations": [
    "Largest file (index.js) is 100.0% of bundle - consider splitting or optimizing"
  ],
  "overallStatus": "pass"
}