{
  "timestamp": 1774542730032,
  "bundleSize": {
    "totalSize": 916,
    "gzippedSize": 423,
    "fileCount": 1,
    "largestFile": {
      "name": "index.js",
      "size": 916,
      "gzippedSize": 423
    },
    "breakdown": [
      {
        "name": "index.js",
        "size": 916,
        "gzippedSize": 423,
        "percentage": 100
      }
    ]
  },
  "webVitals": {
    "firstContentfulPaint": 654.818664753533,
    "timeToInteractive": 2106.9454895170647,
    "largestContentfulPaint": 2495.9277906006837,
    "cumulativeLayoutShift": 0.02739495883661971,
    "firstInputDelay": 70.13378962301928,
    "timestamp": 1774542730032
  },
  "runtime": {
    "memoryUsage": {
      "rss": 51331072,
      "heapUsed": 12644152,
      "heapTotal": 20119552,
      "external": 1967702
    },
    "startupTime": 9818.012625,
    "cpuUsage": 274.461,
    "timestamp": 1774542730032
  },
  "violations": [],
  "recommendations": [
    "Largest file (index.js) is 100.0% of bundle - consider splitting or optimizing"
  ],
  "overallStatus": "pass"
}