{
  "timestamp": 1773863337507,
  "bundleSize": {
    "totalSize": 916,
    "gzippedSize": 423,
    "fileCount": 1,
    "largestFile": {
      "name": "index.js",
      "size": 916,
      "gzippedSize": 423
    },
    "breakdown": [
      {
        "name": "index.js",
        "size": 916,
        "gzippedSize": 423,
        "percentage": 100
      }
    ]
  },
  "webVitals": {
    "firstContentfulPaint": 1004.9715792337761,
    "timeToInteractive": 2845.7409869804915,
    "largestContentfulPaint": 1705.7404339720815,
    "cumulativeLayoutShift": 0.0263061536334976,
    "firstInputDelay": 31.310500757178072,
    "timestamp": 1773863337507
  },
  "runtime": {
    "memoryUsage": {
      "rss": 58425344,
      "heapUsed": 12245992,
      "heapTotal": 19595264,
      "external": 1970157
    },
    "startupTime": 1693.126792,
    "cpuUsage": 167.417,
    "timestamp": 1773863337507
  },
  "violations": [],
  "recommendations": [
    "Largest file (index.js) is 100.0% of bundle - consider splitting or optimizing"
  ],
  "overallStatus": "pass"
}