{
  "timestamp": 1773888149979,
  "bundleSize": {
    "totalSize": 916,
    "gzippedSize": 423,
    "fileCount": 1,
    "largestFile": {
      "name": "index.js",
      "size": 916,
      "gzippedSize": 423
    },
    "breakdown": [
      {
        "name": "index.js",
        "size": 916,
        "gzippedSize": 423,
        "percentage": 100
      }
    ]
  },
  "webVitals": {
    "firstContentfulPaint": 1199.1987482336908,
    "timeToInteractive": 2905.500586124744,
    "largestContentfulPaint": 1553.3492326247401,
    "cumulativeLayoutShift": 0.036515213698585236,
    "firstInputDelay": 59.14266105078537,
    "timestamp": 1773888149978
  },
  "runtime": {
    "memoryUsage": {
      "rss": 62816256,
      "heapUsed": 13664696,
      "heapTotal": 20480000,
      "external": 1970223
    },
    "startupTime": 338.479583,
    "cpuUsage": 181.644,
    "timestamp": 1773888149979
  },
  "violations": [],
  "recommendations": [
    "Largest file (index.js) is 100.0% of bundle - consider splitting or optimizing"
  ],
  "overallStatus": "pass"
}