{
  "timestamp": 1774633252473,
  "bundleSize": {
    "totalSize": 916,
    "gzippedSize": 423,
    "fileCount": 1,
    "largestFile": {
      "name": "index.js",
      "size": 916,
      "gzippedSize": 423
    },
    "breakdown": [
      {
        "name": "index.js",
        "size": 916,
        "gzippedSize": 423,
        "percentage": 100
      }
    ]
  },
  "webVitals": {
    "firstContentfulPaint": 1154.403927087746,
    "timeToInteractive": 2803.283293131086,
    "largestContentfulPaint": 1840.7587513455555,
    "cumulativeLayoutShift": 0.053581902047423614,
    "firstInputDelay": 70.86321238322282,
    "timestamp": 1774633252473
  },
  "runtime": {
    "memoryUsage": {
      "rss": 62029824,
      "heapUsed": 13001104,
      "heapTotal": 20185088,
      "external": 1971431
    },
    "startupTime": 239.827375,
    "cpuUsage": 143.876,
    "timestamp": 1774633252473
  },
  "violations": [],
  "recommendations": [
    "Largest file (index.js) is 100.0% of bundle - consider splitting or optimizing"
  ],
  "overallStatus": "pass"
}