{
  "timestamp": 1774399908072,
  "bundleSize": {
    "totalSize": 916,
    "gzippedSize": 423,
    "fileCount": 1,
    "largestFile": {
      "name": "index.js",
      "size": 916,
      "gzippedSize": 423
    },
    "breakdown": [
      {
        "name": "index.js",
        "size": 916,
        "gzippedSize": 423,
        "percentage": 100
      }
    ]
  },
  "webVitals": {
    "firstContentfulPaint": 1031.1080790745766,
    "timeToInteractive": 2707.1875244976354,
    "largestContentfulPaint": 1959.4039511443802,
    "cumulativeLayoutShift": 0.011621465667536968,
    "firstInputDelay": 25.546839334830118,
    "timestamp": 1774399908072
  },
  "runtime": {
    "memoryUsage": {
      "rss": 61882368,
      "heapUsed": 13240432,
      "heapTotal": 20054016,
      "external": 1967701
    },
    "startupTime": 4444.009667,
    "cpuUsage": 617.275,
    "timestamp": 1774399908072
  },
  "violations": [],
  "recommendations": [
    "Largest file (index.js) is 100.0% of bundle - consider splitting or optimizing"
  ],
  "overallStatus": "pass"
}