{
  "timestamp": 1774437667703,
  "bundleSize": {
    "totalSize": 916,
    "gzippedSize": 423,
    "fileCount": 1,
    "largestFile": {
      "name": "index.js",
      "size": 916,
      "gzippedSize": 423
    },
    "breakdown": [
      {
        "name": "index.js",
        "size": 916,
        "gzippedSize": 423,
        "percentage": 100
      }
    ]
  },
  "webVitals": {
    "firstContentfulPaint": 1310.7598072292008,
    "timeToInteractive": 2150.6340181258884,
    "largestContentfulPaint": 1546.4824247977026,
    "cumulativeLayoutShift": 0.0603485883620559,
    "firstInputDelay": 68.97624397393352,
    "timestamp": 1774437667703
  },
  "runtime": {
    "memoryUsage": {
      "rss": 62504960,
      "heapUsed": 13199768,
      "heapTotal": 20283392,
      "external": 1970211
    },
    "startupTime": 563.244125,
    "cpuUsage": 195.054,
    "timestamp": 1774437667703
  },
  "violations": [],
  "recommendations": [
    "Largest file (index.js) is 100.0% of bundle - consider splitting or optimizing"
  ],
  "overallStatus": "pass"
}