{
  "timestamp": 1774212198600,
  "bundleSize": {
    "totalSize": 916,
    "gzippedSize": 423,
    "fileCount": 1,
    "largestFile": {
      "name": "index.js",
      "size": 916,
      "gzippedSize": 423
    },
    "breakdown": [
      {
        "name": "index.js",
        "size": 916,
        "gzippedSize": 423,
        "percentage": 100
      }
    ]
  },
  "webVitals": {
    "firstContentfulPaint": 995.1873158406157,
    "timeToInteractive": 2203.6238640239817,
    "largestContentfulPaint": 2087.4144969061044,
    "cumulativeLayoutShift": 0.009346730802948877,
    "firstInputDelay": 66.42288168879941,
    "timestamp": 1774212198600
  },
  "runtime": {
    "memoryUsage": {
      "rss": 56344576,
      "heapUsed": 12665376,
      "heapTotal": 20119552,
      "external": 1967175
    },
    "startupTime": 7232.401375,
    "cpuUsage": 226.113,
    "timestamp": 1774212198600
  },
  "violations": [],
  "recommendations": [
    "Largest file (index.js) is 100.0% of bundle - consider splitting or optimizing"
  ],
  "overallStatus": "pass"
}