{
  "timestamp": 1774448367169,
  "bundleSize": {
    "totalSize": 916,
    "gzippedSize": 423,
    "fileCount": 1,
    "largestFile": {
      "name": "index.js",
      "size": 916,
      "gzippedSize": 423
    },
    "breakdown": [
      {
        "name": "index.js",
        "size": 916,
        "gzippedSize": 423,
        "percentage": 100
      }
    ]
  },
  "webVitals": {
    "firstContentfulPaint": 1110.6206816003469,
    "timeToInteractive": 2894.5671906054577,
    "largestContentfulPaint": 2001.1247911485252,
    "cumulativeLayoutShift": 0.01031879077825635,
    "firstInputDelay": 67.33608401570969,
    "timestamp": 1774448367169
  },
  "runtime": {
    "memoryUsage": {
      "rss": 61652992,
      "heapUsed": 12866704,
      "heapTotal": 20119552,
      "external": 1965899
    },
    "startupTime": 291.500667,
    "cpuUsage": 145.479,
    "timestamp": 1774448367169
  },
  "violations": [],
  "recommendations": [
    "Largest file (index.js) is 100.0% of bundle - consider splitting or optimizing"
  ],
  "overallStatus": "pass"
}