{
  "timestamp": 1774512089516,
  "bundleSize": {
    "totalSize": 916,
    "gzippedSize": 423,
    "fileCount": 1,
    "largestFile": {
      "name": "index.js",
      "size": 916,
      "gzippedSize": 423
    },
    "breakdown": [
      {
        "name": "index.js",
        "size": 916,
        "gzippedSize": 423,
        "percentage": 100
      }
    ]
  },
  "webVitals": {
    "firstContentfulPaint": 1100.086285117868,
    "timeToInteractive": 2031.9348043471027,
    "largestContentfulPaint": 2450.6104508514827,
    "cumulativeLayoutShift": 0.020843848682311462,
    "firstInputDelay": 45.39142060967799,
    "timestamp": 1774512089508
  },
  "runtime": {
    "memoryUsage": {
      "rss": 59260928,
      "heapUsed": 12331392,
      "heapTotal": 20381696,
      "external": 1966662
    },
    "startupTime": 7053.3235,
    "cpuUsage": 227.519,
    "timestamp": 1774512089516
  },
  "violations": [],
  "recommendations": [
    "Largest file (index.js) is 100.0% of bundle - consider splitting or optimizing"
  ],
  "overallStatus": "pass"
}