{
  "timestamp": 1774624273662,
  "bundleSize": {
    "totalSize": 916,
    "gzippedSize": 423,
    "fileCount": 1,
    "largestFile": {
      "name": "index.js",
      "size": 916,
      "gzippedSize": 423
    },
    "breakdown": [
      {
        "name": "index.js",
        "size": 916,
        "gzippedSize": 423,
        "percentage": 100
      }
    ]
  },
  "webVitals": {
    "firstContentfulPaint": 864.5825123336147,
    "timeToInteractive": 2746.4543609238694,
    "largestContentfulPaint": 1789.3317084803143,
    "cumulativeLayoutShift": 0.0965874896781177,
    "firstInputDelay": 52.855838551237476,
    "timestamp": 1774624273662
  },
  "runtime": {
    "memoryUsage": {
      "rss": 62242816,
      "heapUsed": 12568848,
      "heapTotal": 19857408,
      "external": 1970223
    },
    "startupTime": 228.962333,
    "cpuUsage": 133.652,
    "timestamp": 1774624273662
  },
  "violations": [],
  "recommendations": [
    "Largest file (index.js) is 100.0% of bundle - consider splitting or optimizing"
  ],
  "overallStatus": "pass"
}