{
  "timestamp": 1773866505482,
  "bundleSize": {
    "totalSize": 916,
    "gzippedSize": 423,
    "fileCount": 1,
    "largestFile": {
      "name": "index.js",
      "size": 916,
      "gzippedSize": 423
    },
    "breakdown": [
      {
        "name": "index.js",
        "size": 916,
        "gzippedSize": 423,
        "percentage": 100
      }
    ]
  },
  "webVitals": {
    "firstContentfulPaint": 1458.1410299904032,
    "timeToInteractive": 2337.487095538218,
    "largestContentfulPaint": 1742.3249336190097,
    "cumulativeLayoutShift": 0.07090407166260553,
    "firstInputDelay": 70.85148918636281,
    "timestamp": 1773866505482
  },
  "runtime": {
    "memoryUsage": {
      "rss": 62013440,
      "heapUsed": 12090352,
      "heapTotal": 19857408,
      "external": 1969708
    },
    "startupTime": 322.586833,
    "cpuUsage": 174.458,
    "timestamp": 1773866505482
  },
  "violations": [],
  "recommendations": [
    "Largest file (index.js) is 100.0% of bundle - consider splitting or optimizing"
  ],
  "overallStatus": "pass"
}