{
  "timestamp": 1774008696132,
  "bundleSize": {
    "totalSize": 916,
    "gzippedSize": 423,
    "fileCount": 1,
    "largestFile": {
      "name": "index.js",
      "size": 916,
      "gzippedSize": 423
    },
    "breakdown": [
      {
        "name": "index.js",
        "size": 916,
        "gzippedSize": 423,
        "percentage": 100
      }
    ]
  },
  "webVitals": {
    "firstContentfulPaint": 1052.0469884425024,
    "timeToInteractive": 2423.936058808016,
    "largestContentfulPaint": 1673.566173529155,
    "cumulativeLayoutShift": 0.08338176977563504,
    "firstInputDelay": 54.474576934018444,
    "timestamp": 1774008696132
  },
  "runtime": {
    "memoryUsage": {
      "rss": 62062592,
      "heapUsed": 12543264,
      "heapTotal": 20119552,
      "external": 1965320
    },
    "startupTime": 612.416583,
    "cpuUsage": 209.436,
    "timestamp": 1774008696132
  },
  "violations": [],
  "recommendations": [
    "Largest file (index.js) is 100.0% of bundle - consider splitting or optimizing"
  ],
  "overallStatus": "pass"
}