{
  "timestamp": 1773761871854,
  "bundleSize": {
    "totalSize": 916,
    "gzippedSize": 423,
    "fileCount": 1,
    "largestFile": {
      "name": "index.js",
      "size": 916,
      "gzippedSize": 423
    },
    "breakdown": [
      {
        "name": "index.js",
        "size": 916,
        "gzippedSize": 423,
        "percentage": 100
      }
    ]
  },
  "webVitals": {
    "firstContentfulPaint": 1154.4395682268384,
    "timeToInteractive": 2924.7744222709057,
    "largestContentfulPaint": 2233.0544490819743,
    "cumulativeLayoutShift": 0.0764016277332317,
    "firstInputDelay": 33.60172706213059,
    "timestamp": 1773761871854
  },
  "runtime": {
    "memoryUsage": {
      "rss": 61767680,
      "heapUsed": 12288512,
      "heapTotal": 19857408,
      "external": 1969696
    },
    "startupTime": 301.125458,
    "cpuUsage": 163.037,
    "timestamp": 1773761871854
  },
  "violations": [],
  "recommendations": [
    "Largest file (index.js) is 100.0% of bundle - consider splitting or optimizing"
  ],
  "overallStatus": "pass"
}