{
  "timestamp": 1775922094547,
  "bundleSize": {
    "totalSize": 952,
    "gzippedSize": 439,
    "fileCount": 1,
    "largestFile": {
      "name": "index.js",
      "size": 952,
      "gzippedSize": 439
    },
    "breakdown": [
      {
        "name": "index.js",
        "size": 952,
        "gzippedSize": 439,
        "percentage": 100
      }
    ]
  },
  "webVitals": {
    "firstContentfulPaint": 522.4102557409153,
    "timeToInteractive": 2747.8768025737686,
    "largestContentfulPaint": 2498.293357709903,
    "cumulativeLayoutShift": 0.025059388580292774,
    "firstInputDelay": 27.33508768162315,
    "timestamp": 1775922094547
  },
  "runtime": {
    "memoryUsage": {
      "rss": 59604992,
      "heapUsed": 11872712,
      "heapTotal": 19709952,
      "external": 1965447
    },
    "startupTime": 604.561417,
    "cpuUsage": 179.551,
    "timestamp": 1775922094547
  },
  "violations": [],
  "recommendations": [
    "Largest file (index.js) is 100.0% of bundle - consider splitting or optimizing"
  ],
  "overallStatus": "pass"
}