{
  "timestamp": 1774547497319,
  "bundleSize": {
    "totalSize": 916,
    "gzippedSize": 423,
    "fileCount": 1,
    "largestFile": {
      "name": "index.js",
      "size": 916,
      "gzippedSize": 423
    },
    "breakdown": [
      {
        "name": "index.js",
        "size": 916,
        "gzippedSize": 423,
        "percentage": 100
      }
    ]
  },
  "webVitals": {
    "firstContentfulPaint": 751.6165247002948,
    "timeToInteractive": 2136.3600689448544,
    "largestContentfulPaint": 1991.1298959765927,
    "cumulativeLayoutShift": 0.06205019886102641,
    "firstInputDelay": 25.426875830131447,
    "timestamp": 1774547497318
  },
  "runtime": {
    "memoryUsage": {
      "rss": 61685760,
      "heapUsed": 12515032,
      "heapTotal": 19595264,
      "external": 1970223
    },
    "startupTime": 306.384458,
    "cpuUsage": 167.333,
    "timestamp": 1774547497318
  },
  "violations": [],
  "recommendations": [
    "Largest file (index.js) is 100.0% of bundle - consider splitting or optimizing"
  ],
  "overallStatus": "pass"
}