{
  "timestamp": 1774631785165,
  "bundleSize": {
    "totalSize": 916,
    "gzippedSize": 423,
    "fileCount": 1,
    "largestFile": {
      "name": "index.js",
      "size": 916,
      "gzippedSize": 423
    },
    "breakdown": [
      {
        "name": "index.js",
        "size": 916,
        "gzippedSize": 423,
        "percentage": 100
      }
    ]
  },
  "webVitals": {
    "firstContentfulPaint": 847.7259800185228,
    "timeToInteractive": 2033.7664955061068,
    "largestContentfulPaint": 2310.4471648980334,
    "cumulativeLayoutShift": 0.06652279353712034,
    "firstInputDelay": 26.406308310687464,
    "timestamp": 1774631785165
  },
  "runtime": {
    "memoryUsage": {
      "rss": 63078400,
      "heapUsed": 13051608,
      "heapTotal": 20217856,
      "external": 1970949
    },
    "startupTime": 233.931833,
    "cpuUsage": 141.219,
    "timestamp": 1774631785165
  },
  "violations": [],
  "recommendations": [
    "Largest file (index.js) is 100.0% of bundle - consider splitting or optimizing"
  ],
  "overallStatus": "pass"
}