{
  "timestamp": 1775267192708,
  "bundleSize": {
    "totalSize": 952,
    "gzippedSize": 439,
    "fileCount": 1,
    "largestFile": {
      "name": "index.js",
      "size": 952,
      "gzippedSize": 439
    },
    "breakdown": [
      {
        "name": "index.js",
        "size": 952,
        "gzippedSize": 439,
        "percentage": 100
      }
    ]
  },
  "webVitals": {
    "firstContentfulPaint": 1171.3708353562624,
    "timeToInteractive": 2607.3385472483656,
    "largestContentfulPaint": 2353.1344216403777,
    "cumulativeLayoutShift": 0.08179388375692427,
    "firstInputDelay": 39.375741840366544,
    "timestamp": 1775267192708
  },
  "runtime": {
    "memoryUsage": {
      "rss": 60588032,
      "heapUsed": 13402248,
      "heapTotal": 19447808,
      "external": 2728031
    },
    "startupTime": 398.888417,
    "cpuUsage": 136.248,
    "timestamp": 1775267192708
  },
  "violations": [],
  "recommendations": [
    "Largest file (index.js) is 100.0% of bundle - consider splitting or optimizing"
  ],
  "overallStatus": "pass"
}