{
  "timestamp": 1774283173779,
  "bundleSize": {
    "totalSize": 916,
    "gzippedSize": 423,
    "fileCount": 1,
    "largestFile": {
      "name": "index.js",
      "size": 916,
      "gzippedSize": 423
    },
    "breakdown": [
      {
        "name": "index.js",
        "size": 916,
        "gzippedSize": 423,
        "percentage": 100
      }
    ]
  },
  "webVitals": {
    "firstContentfulPaint": 799.8914280079696,
    "timeToInteractive": 2023.208142338496,
    "largestContentfulPaint": 1793.9673687733823,
    "cumulativeLayoutShift": 0.07846624261702129,
    "firstInputDelay": 57.973165328078345,
    "timestamp": 1774283173779
  },
  "runtime": {
    "memoryUsage": {
      "rss": 62193664,
      "heapUsed": 12442016,
      "heapTotal": 20119552,
      "external": 1965320
    },
    "startupTime": 1186.595834,
    "cpuUsage": 192.505,
    "timestamp": 1774283173779
  },
  "violations": [],
  "recommendations": [
    "Largest file (index.js) is 100.0% of bundle - consider splitting or optimizing"
  ],
  "overallStatus": "pass"
}