{
  "timestamp": 1774523401972,
  "bundleSize": {
    "totalSize": 916,
    "gzippedSize": 423,
    "fileCount": 1,
    "largestFile": {
      "name": "index.js",
      "size": 916,
      "gzippedSize": 423
    },
    "breakdown": [
      {
        "name": "index.js",
        "size": 916,
        "gzippedSize": 423,
        "percentage": 100
      }
    ]
  },
  "webVitals": {
    "firstContentfulPaint": 1003.9155136602208,
    "timeToInteractive": 2745.539995571239,
    "largestContentfulPaint": 1802.3843257763137,
    "cumulativeLayoutShift": 0.0638023935871996,
    "firstInputDelay": 55.67734509655564,
    "timestamp": 1774523401972
  },
  "runtime": {
    "memoryUsage": {
      "rss": 62078976,
      "heapUsed": 12606080,
      "heapTotal": 19857408,
      "external": 1970672
    },
    "startupTime": 1019.806292,
    "cpuUsage": 180.314,
    "timestamp": 1774523401972
  },
  "violations": [],
  "recommendations": [
    "Largest file (index.js) is 100.0% of bundle - consider splitting or optimizing"
  ],
  "overallStatus": "pass"
}