{
  "timestamp": 1774466799101,
  "bundleSize": {
    "totalSize": 916,
    "gzippedSize": 423,
    "fileCount": 1,
    "largestFile": {
      "name": "index.js",
      "size": 916,
      "gzippedSize": 423
    },
    "breakdown": [
      {
        "name": "index.js",
        "size": 916,
        "gzippedSize": 423,
        "percentage": 100
      }
    ]
  },
  "webVitals": {
    "firstContentfulPaint": 1234.0995502300652,
    "timeToInteractive": 2007.4275979993067,
    "largestContentfulPaint": 2044.1932903168859,
    "cumulativeLayoutShift": 0.08392086464246383,
    "firstInputDelay": 70.22496298989628,
    "timestamp": 1774466799101
  },
  "runtime": {
    "memoryUsage": {
      "rss": 62898176,
      "heapUsed": 13235888,
      "heapTotal": 20545536,
      "external": 1970211
    },
    "startupTime": 271.974084,
    "cpuUsage": 150.97,
    "timestamp": 1774466799101
  },
  "violations": [],
  "recommendations": [
    "Largest file (index.js) is 100.0% of bundle - consider splitting or optimizing"
  ],
  "overallStatus": "pass"
}