{
  "timestamp": 1774276778304,
  "bundleSize": {
    "totalSize": 916,
    "gzippedSize": 423,
    "fileCount": 1,
    "largestFile": {
      "name": "index.js",
      "size": 916,
      "gzippedSize": 423
    },
    "breakdown": [
      {
        "name": "index.js",
        "size": 916,
        "gzippedSize": 423,
        "percentage": 100
      }
    ]
  },
  "webVitals": {
    "firstContentfulPaint": 1306.6507119268072,
    "timeToInteractive": 2083.416956834857,
    "largestContentfulPaint": 1836.7044414042095,
    "cumulativeLayoutShift": 0.03784082216449827,
    "firstInputDelay": 34.33788477290065,
    "timestamp": 1774276778304
  },
  "runtime": {
    "memoryUsage": {
      "rss": 62226432,
      "heapUsed": 12609648,
      "heapTotal": 20381696,
      "external": 1964859
    },
    "startupTime": 234.554667,
    "cpuUsage": 155.867,
    "timestamp": 1774276778304
  },
  "violations": [],
  "recommendations": [
    "Largest file (index.js) is 100.0% of bundle - consider splitting or optimizing"
  ],
  "overallStatus": "pass"
}