{
  "timestamp": 1774280043241,
  "bundleSize": {
    "totalSize": 916,
    "gzippedSize": 423,
    "fileCount": 1,
    "largestFile": {
      "name": "index.js",
      "size": 916,
      "gzippedSize": 423
    },
    "breakdown": [
      {
        "name": "index.js",
        "size": 916,
        "gzippedSize": 423,
        "percentage": 100
      }
    ]
  },
  "webVitals": {
    "firstContentfulPaint": 1157.9013185961676,
    "timeToInteractive": 2449.754139370705,
    "largestContentfulPaint": 2311.081930236326,
    "cumulativeLayoutShift": 0.06471496017647389,
    "firstInputDelay": 40.91363091601367,
    "timestamp": 1774280043241
  },
  "runtime": {
    "memoryUsage": {
      "rss": 43859968,
      "heapUsed": 10299152,
      "heapTotal": 11993088,
      "external": 1961518
    },
    "startupTime": 23869.090458,
    "cpuUsage": 327.737,
    "timestamp": 1774280043241
  },
  "violations": [],
  "recommendations": [
    "Largest file (index.js) is 100.0% of bundle - consider splitting or optimizing"
  ],
  "overallStatus": "pass"
}