{
  "timestamp": 1774281672430,
  "bundleSize": {
    "totalSize": 916,
    "gzippedSize": 423,
    "fileCount": 1,
    "largestFile": {
      "name": "index.js",
      "size": 916,
      "gzippedSize": 423
    },
    "breakdown": [
      {
        "name": "index.js",
        "size": 916,
        "gzippedSize": 423,
        "percentage": 100
      }
    ]
  },
  "webVitals": {
    "firstContentfulPaint": 1172.1957744399165,
    "timeToInteractive": 2397.9230246321968,
    "largestContentfulPaint": 2353.8794836162397,
    "cumulativeLayoutShift": 0.0495190452195444,
    "firstInputDelay": 36.65182962968695,
    "timestamp": 1774281672430
  },
  "runtime": {
    "memoryUsage": {
      "rss": 62160896,
      "heapUsed": 12744344,
      "heapTotal": 19857408,
      "external": 1970223
    },
    "startupTime": 240.408792,
    "cpuUsage": 146.162,
    "timestamp": 1774281672430
  },
  "violations": [],
  "recommendations": [
    "Largest file (index.js) is 100.0% of bundle - consider splitting or optimizing"
  ],
  "overallStatus": "pass"
}