{
  "timestamp": 1774627946365,
  "bundleSize": {
    "totalSize": 916,
    "gzippedSize": 423,
    "fileCount": 1,
    "largestFile": {
      "name": "index.js",
      "size": 916,
      "gzippedSize": 423
    },
    "breakdown": [
      {
        "name": "index.js",
        "size": 916,
        "gzippedSize": 423,
        "percentage": 100
      }
    ]
  },
  "webVitals": {
    "firstContentfulPaint": 1075.8357626235133,
    "timeToInteractive": 2822.817750030744,
    "largestContentfulPaint": 2486.4038260409734,
    "cumulativeLayoutShift": 0.09339651441241417,
    "firstInputDelay": 61.591509933856635,
    "timestamp": 1774627946365
  },
  "runtime": {
    "memoryUsage": {
      "rss": 62455808,
      "heapUsed": 13153928,
      "heapTotal": 20021248,
      "external": 1970223
    },
    "startupTime": 232.419208,
    "cpuUsage": 140.287,
    "timestamp": 1774627946365
  },
  "violations": [],
  "recommendations": [
    "Largest file (index.js) is 100.0% of bundle - consider splitting or optimizing"
  ],
  "overallStatus": "pass"
}