{
  "timestamp": 1773853667556,
  "bundleSize": {
    "totalSize": 916,
    "gzippedSize": 423,
    "fileCount": 1,
    "largestFile": {
      "name": "index.js",
      "size": 916,
      "gzippedSize": 423
    },
    "breakdown": [
      {
        "name": "index.js",
        "size": 916,
        "gzippedSize": 423,
        "percentage": 100
      }
    ]
  },
  "webVitals": {
    "firstContentfulPaint": 1451.4930342158432,
    "timeToInteractive": 2567.9911910459236,
    "largestContentfulPaint": 1530.5437729530925,
    "cumulativeLayoutShift": 0.09088856763242244,
    "firstInputDelay": 47.92732359184928,
    "timestamp": 1773853667556
  },
  "runtime": {
    "memoryUsage": {
      "rss": 62423040,
      "heapUsed": 11975680,
      "heapTotal": 20119552,
      "external": 1964344
    },
    "startupTime": 349.598375,
    "cpuUsage": 161.609,
    "timestamp": 1773853667556
  },
  "violations": [],
  "recommendations": [
    "Largest file (index.js) is 100.0% of bundle - consider splitting or optimizing"
  ],
  "overallStatus": "pass"
}