{
  "timestamp": 1773776781590,
  "bundleSize": {
    "totalSize": 916,
    "gzippedSize": 423,
    "fileCount": 1,
    "largestFile": {
      "name": "index.js",
      "size": 916,
      "gzippedSize": 423
    },
    "breakdown": [
      {
        "name": "index.js",
        "size": 916,
        "gzippedSize": 423,
        "percentage": 100
      }
    ]
  },
  "webVitals": {
    "firstContentfulPaint": 731.1011320702819,
    "timeToInteractive": 2187.7897645944176,
    "largestContentfulPaint": 2322.740190544261,
    "cumulativeLayoutShift": 0.029415649262197353,
    "firstInputDelay": 60.17316686381315,
    "timestamp": 1773776781590
  },
  "runtime": {
    "memoryUsage": {
      "rss": 62291968,
      "heapUsed": 12135920,
      "heapTotal": 20119552,
      "external": 1965339
    },
    "startupTime": 228.557167,
    "cpuUsage": 146.839,
    "timestamp": 1773776781590
  },
  "violations": [],
  "recommendations": [
    "Largest file (index.js) is 100.0% of bundle - consider splitting or optimizing"
  ],
  "overallStatus": "pass"
}