{
  "timestamp": 1774512234008,
  "bundleSize": {
    "totalSize": 916,
    "gzippedSize": 423,
    "fileCount": 1,
    "largestFile": {
      "name": "index.js",
      "size": 916,
      "gzippedSize": 423
    },
    "breakdown": [
      {
        "name": "index.js",
        "size": 916,
        "gzippedSize": 423,
        "percentage": 100
      }
    ]
  },
  "webVitals": {
    "firstContentfulPaint": 672.1681400655897,
    "timeToInteractive": 2262.7303225021924,
    "largestContentfulPaint": 1689.6802472128277,
    "cumulativeLayoutShift": 0.02265191268286848,
    "firstInputDelay": 40.272416343402305,
    "timestamp": 1774512233999
  },
  "runtime": {
    "memoryUsage": {
      "rss": 54444032,
      "heapUsed": 11827296,
      "heapTotal": 14614528,
      "external": 1963482
    },
    "startupTime": 10346.806167,
    "cpuUsage": 240.007,
    "timestamp": 1774512234008
  },
  "violations": [],
  "recommendations": [
    "Largest file (index.js) is 100.0% of bundle - consider splitting or optimizing"
  ],
  "overallStatus": "pass"
}