{
  "timestamp": 1774356007741,
  "bundleSize": {
    "totalSize": 916,
    "gzippedSize": 423,
    "fileCount": 1,
    "largestFile": {
      "name": "index.js",
      "size": 916,
      "gzippedSize": 423
    },
    "breakdown": [
      {
        "name": "index.js",
        "size": 916,
        "gzippedSize": 423,
        "percentage": 100
      }
    ]
  },
  "webVitals": {
    "firstContentfulPaint": 1339.3744833899304,
    "timeToInteractive": 2398.7398625269325,
    "largestContentfulPaint": 2240.2866298430777,
    "cumulativeLayoutShift": 0.08382531814804753,
    "firstInputDelay": 46.843731514274964,
    "timestamp": 1774356007741
  },
  "runtime": {
    "memoryUsage": {
      "rss": 62341120,
      "heapUsed": 12928840,
      "heapTotal": 19857408,
      "external": 1971431
    },
    "startupTime": 246.259833,
    "cpuUsage": 159.585,
    "timestamp": 1774356007741
  },
  "violations": [],
  "recommendations": [
    "Largest file (index.js) is 100.0% of bundle - consider splitting or optimizing"
  ],
  "overallStatus": "pass"
}