{
  "timestamp": 1773887801240,
  "bundleSize": {
    "totalSize": 916,
    "gzippedSize": 423,
    "fileCount": 1,
    "largestFile": {
      "name": "index.js",
      "size": 916,
      "gzippedSize": 423
    },
    "breakdown": [
      {
        "name": "index.js",
        "size": 916,
        "gzippedSize": 423,
        "percentage": 100
      }
    ]
  },
  "webVitals": {
    "firstContentfulPaint": 689.0831313696995,
    "timeToInteractive": 2880.5888874579114,
    "largestContentfulPaint": 2017.5829847877617,
    "cumulativeLayoutShift": 0.05288668215886905,
    "firstInputDelay": 50.02183625466604,
    "timestamp": 1773887801239
  },
  "runtime": {
    "memoryUsage": {
      "rss": 63520768,
      "heapUsed": 13687288,
      "heapTotal": 20480000,
      "external": 1970223
    },
    "startupTime": 358.748041,
    "cpuUsage": 172.822,
    "timestamp": 1773887801240
  },
  "violations": [],
  "recommendations": [
    "Largest file (index.js) is 100.0% of bundle - consider splitting or optimizing"
  ],
  "overallStatus": "pass"
}