{
  "timestamp": 1773769447471,
  "bundleSize": {
    "totalSize": 916,
    "gzippedSize": 423,
    "fileCount": 1,
    "largestFile": {
      "name": "index.js",
      "size": 916,
      "gzippedSize": 423
    },
    "breakdown": [
      {
        "name": "index.js",
        "size": 916,
        "gzippedSize": 423,
        "percentage": 100
      }
    ]
  },
  "webVitals": {
    "firstContentfulPaint": 1256.2100400181087,
    "timeToInteractive": 2351.5866831344824,
    "largestContentfulPaint": 1877.8838571938127,
    "cumulativeLayoutShift": 0.0820710614159937,
    "firstInputDelay": 34.81034935941176,
    "timestamp": 1773769447471
  },
  "runtime": {
    "memoryUsage": {
      "rss": 61964288,
      "heapUsed": 12083160,
      "heapTotal": 19595264,
      "external": 1969708
    },
    "startupTime": 253.786875,
    "cpuUsage": 153.074,
    "timestamp": 1773769447471
  },
  "violations": [],
  "recommendations": [
    "Largest file (index.js) is 100.0% of bundle - consider splitting or optimizing"
  ],
  "overallStatus": "pass"
}