{
  "timestamp": 1774533278640,
  "bundleSize": {
    "totalSize": 916,
    "gzippedSize": 423,
    "fileCount": 1,
    "largestFile": {
      "name": "index.js",
      "size": 916,
      "gzippedSize": 423
    },
    "breakdown": [
      {
        "name": "index.js",
        "size": 916,
        "gzippedSize": 423,
        "percentage": 100
      }
    ]
  },
  "webVitals": {
    "firstContentfulPaint": 1388.374760493777,
    "timeToInteractive": 2815.6785541980353,
    "largestContentfulPaint": 1587.2708099550737,
    "cumulativeLayoutShift": 0.02117901183821194,
    "firstInputDelay": 55.25328355188495,
    "timestamp": 1774533278640
  },
  "runtime": {
    "memoryUsage": {
      "rss": 62226432,
      "heapUsed": 12517520,
      "heapTotal": 20119552,
      "external": 1970223
    },
    "startupTime": 238.889958,
    "cpuUsage": 136.318,
    "timestamp": 1774533278640
  },
  "violations": [],
  "recommendations": [
    "Largest file (index.js) is 100.0% of bundle - consider splitting or optimizing"
  ],
  "overallStatus": "pass"
}