{
  "timestamp": 1774399596520,
  "bundleSize": {
    "totalSize": 916,
    "gzippedSize": 423,
    "fileCount": 1,
    "largestFile": {
      "name": "index.js",
      "size": 916,
      "gzippedSize": 423
    },
    "breakdown": [
      {
        "name": "index.js",
        "size": 916,
        "gzippedSize": 423,
        "percentage": 100
      }
    ]
  },
  "webVitals": {
    "firstContentfulPaint": 1330.4539866088421,
    "timeToInteractive": 2363.7850605587482,
    "largestContentfulPaint": 1815.6343301620263,
    "cumulativeLayoutShift": 0.02336563195807644,
    "firstInputDelay": 40.69801706955835,
    "timestamp": 1774399596520
  },
  "runtime": {
    "memoryUsage": {
      "rss": 61915136,
      "heapUsed": 12296704,
      "heapTotal": 20381696,
      "external": 1971431
    },
    "startupTime": 224.678583,
    "cpuUsage": 148.128,
    "timestamp": 1774399596520
  },
  "violations": [],
  "recommendations": [
    "Largest file (index.js) is 100.0% of bundle - consider splitting or optimizing"
  ],
  "overallStatus": "pass"
}