{
  "timestamp": 1774631843038,
  "bundleSize": {
    "totalSize": 916,
    "gzippedSize": 423,
    "fileCount": 1,
    "largestFile": {
      "name": "index.js",
      "size": 916,
      "gzippedSize": 423
    },
    "breakdown": [
      {
        "name": "index.js",
        "size": 916,
        "gzippedSize": 423,
        "percentage": 100
      }
    ]
  },
  "webVitals": {
    "firstContentfulPaint": 1097.4911336186399,
    "timeToInteractive": 2734.280609667032,
    "largestContentfulPaint": 2322.194467973427,
    "cumulativeLayoutShift": 0.05242890164667527,
    "firstInputDelay": 62.289630869140176,
    "timestamp": 1774631843038
  },
  "runtime": {
    "memoryUsage": {
      "rss": 62341120,
      "heapUsed": 12730320,
      "heapTotal": 19595264,
      "external": 1970211
    },
    "startupTime": 243.112833,
    "cpuUsage": 138.875,
    "timestamp": 1774631843038
  },
  "violations": [],
  "recommendations": [
    "Largest file (index.js) is 100.0% of bundle - consider splitting or optimizing"
  ],
  "overallStatus": "pass"
}