{
  "timestamp": 1773771577159,
  "bundleSize": {
    "totalSize": 916,
    "gzippedSize": 423,
    "fileCount": 1,
    "largestFile": {
      "name": "index.js",
      "size": 916,
      "gzippedSize": 423
    },
    "breakdown": [
      {
        "name": "index.js",
        "size": 916,
        "gzippedSize": 423,
        "percentage": 100
      }
    ]
  },
  "webVitals": {
    "firstContentfulPaint": 1018.3895583486668,
    "timeToInteractive": 2130.7016502833435,
    "largestContentfulPaint": 2412.627636306336,
    "cumulativeLayoutShift": 0.0010476110368140557,
    "firstInputDelay": 42.3537594228861,
    "timestamp": 1773771577159
  },
  "runtime": {
    "memoryUsage": {
      "rss": 61652992,
      "heapUsed": 12086840,
      "heapTotal": 19857408,
      "external": 1969696
    },
    "startupTime": 381.812625,
    "cpuUsage": 183.852,
    "timestamp": 1773771577159
  },
  "violations": [],
  "recommendations": [
    "Largest file (index.js) is 100.0% of bundle - consider splitting or optimizing"
  ],
  "overallStatus": "pass"
}