{
  "timestamp": 1774621244400,
  "bundleSize": {
    "totalSize": 916,
    "gzippedSize": 423,
    "fileCount": 1,
    "largestFile": {
      "name": "index.js",
      "size": 916,
      "gzippedSize": 423
    },
    "breakdown": [
      {
        "name": "index.js",
        "size": 916,
        "gzippedSize": 423,
        "percentage": 100
      }
    ]
  },
  "webVitals": {
    "firstContentfulPaint": 1049.4068346026017,
    "timeToInteractive": 2751.888852929577,
    "largestContentfulPaint": 1778.9222802949564,
    "cumulativeLayoutShift": 0.031827383773793974,
    "firstInputDelay": 35.65775231802806,
    "timestamp": 1774621244400
  },
  "runtime": {
    "memoryUsage": {
      "rss": 59424768,
      "heapUsed": 12033848,
      "heapTotal": 19595264,
      "external": 1969831
    },
    "startupTime": 218.228125,
    "cpuUsage": 126.216,
    "timestamp": 1774621244400
  },
  "violations": [],
  "recommendations": [
    "Largest file (index.js) is 100.0% of bundle - consider splitting or optimizing"
  ],
  "overallStatus": "pass"
}