{
  "timestamp": 1773923485896,
  "bundleSize": {
    "totalSize": 916,
    "gzippedSize": 423,
    "fileCount": 1,
    "largestFile": {
      "name": "index.js",
      "size": 916,
      "gzippedSize": 423
    },
    "breakdown": [
      {
        "name": "index.js",
        "size": 916,
        "gzippedSize": 423,
        "percentage": 100
      }
    ]
  },
  "webVitals": {
    "firstContentfulPaint": 638.3851561790297,
    "timeToInteractive": 2605.639392939351,
    "largestContentfulPaint": 2489.8405762189996,
    "cumulativeLayoutShift": 0.020215386298449614,
    "firstInputDelay": 67.16411172595446,
    "timestamp": 1773923485896
  },
  "runtime": {
    "memoryUsage": {
      "rss": 62373888,
      "heapUsed": 12764928,
      "heapTotal": 19890176,
      "external": 1971431
    },
    "startupTime": 267.088833,
    "cpuUsage": 162.045,
    "timestamp": 1773923485896
  },
  "violations": [],
  "recommendations": [
    "Largest file (index.js) is 100.0% of bundle - consider splitting or optimizing"
  ],
  "overallStatus": "pass"
}