{
  "timestamp": 1774027752201,
  "bundleSize": {
    "totalSize": 916,
    "gzippedSize": 423,
    "fileCount": 1,
    "largestFile": {
      "name": "index.js",
      "size": 916,
      "gzippedSize": 423
    },
    "breakdown": [
      {
        "name": "index.js",
        "size": 916,
        "gzippedSize": 423,
        "percentage": 100
      }
    ]
  },
  "webVitals": {
    "firstContentfulPaint": 887.1621959077943,
    "timeToInteractive": 2617.0418294319543,
    "largestContentfulPaint": 2165.6931077832137,
    "cumulativeLayoutShift": 0.061721116051212443,
    "firstInputDelay": 66.31329003552513,
    "timestamp": 1774027752200
  },
  "runtime": {
    "memoryUsage": {
      "rss": 62341120,
      "heapUsed": 12321352,
      "heapTotal": 20119552,
      "external": 1964859
    },
    "startupTime": 423.683291,
    "cpuUsage": 207.06,
    "timestamp": 1774027752201
  },
  "violations": [],
  "recommendations": [
    "Largest file (index.js) is 100.0% of bundle - consider splitting or optimizing"
  ],
  "overallStatus": "pass"
}