{
  "timestamp": 1774436727646,
  "bundleSize": {
    "totalSize": 916,
    "gzippedSize": 423,
    "fileCount": 1,
    "largestFile": {
      "name": "index.js",
      "size": 916,
      "gzippedSize": 423
    },
    "breakdown": [
      {
        "name": "index.js",
        "size": 916,
        "gzippedSize": 423,
        "percentage": 100
      }
    ]
  },
  "webVitals": {
    "firstContentfulPaint": 881.4528768757295,
    "timeToInteractive": 2795.2971676051093,
    "largestContentfulPaint": 2138.0847278982033,
    "cumulativeLayoutShift": 0.05642774509648707,
    "firstInputDelay": 59.01852615653645,
    "timestamp": 1774436727646
  },
  "runtime": {
    "memoryUsage": {
      "rss": 63782912,
      "heapUsed": 13605528,
      "heapTotal": 21102592,
      "external": 1971431
    },
    "startupTime": 287.999792,
    "cpuUsage": 159.957,
    "timestamp": 1774436727646
  },
  "violations": [],
  "recommendations": [
    "Largest file (index.js) is 100.0% of bundle - consider splitting or optimizing"
  ],
  "overallStatus": "pass"
}