{
  "timestamp": 1774264392039,
  "bundleSize": {
    "totalSize": 916,
    "gzippedSize": 423,
    "fileCount": 1,
    "largestFile": {
      "name": "index.js",
      "size": 916,
      "gzippedSize": 423
    },
    "breakdown": [
      {
        "name": "index.js",
        "size": 916,
        "gzippedSize": 423,
        "percentage": 100
      }
    ]
  },
  "webVitals": {
    "firstContentfulPaint": 1191.1628654394538,
    "timeToInteractive": 2590.9441348190626,
    "largestContentfulPaint": 2076.60524956027,
    "cumulativeLayoutShift": 0.05530683201175673,
    "firstInputDelay": 72.94492673716653,
    "timestamp": 1774264392039
  },
  "runtime": {
    "memoryUsage": {
      "rss": 47841280,
      "heapUsed": 11161976,
      "heapTotal": 15138816,
      "external": 1962207
    },
    "startupTime": 13332.350208,
    "cpuUsage": 295.379,
    "timestamp": 1774264392039
  },
  "violations": [],
  "recommendations": [
    "Largest file (index.js) is 100.0% of bundle - consider splitting or optimizing"
  ],
  "overallStatus": "pass"
}