{
  "timestamp": 1774268028241,
  "bundleSize": {
    "totalSize": 916,
    "gzippedSize": 423,
    "fileCount": 1,
    "largestFile": {
      "name": "index.js",
      "size": 916,
      "gzippedSize": 423
    },
    "breakdown": [
      {
        "name": "index.js",
        "size": 916,
        "gzippedSize": 423,
        "percentage": 100
      }
    ]
  },
  "webVitals": {
    "firstContentfulPaint": 715.3401784058935,
    "timeToInteractive": 2478.8786487232765,
    "largestContentfulPaint": 2437.3098488883975,
    "cumulativeLayoutShift": 0.003983829568246011,
    "firstInputDelay": 47.845563693505156,
    "timestamp": 1774268028241
  },
  "runtime": {
    "memoryUsage": {
      "rss": 62078976,
      "heapUsed": 13445432,
      "heapTotal": 20119552,
      "external": 1967162
    },
    "startupTime": 1480.464291,
    "cpuUsage": 181.828,
    "timestamp": 1774268028241
  },
  "violations": [],
  "recommendations": [
    "Largest file (index.js) is 100.0% of bundle - consider splitting or optimizing"
  ],
  "overallStatus": "pass"
}