{
  "timestamp": 1774524617296,
  "bundleSize": {
    "totalSize": 916,
    "gzippedSize": 423,
    "fileCount": 1,
    "largestFile": {
      "name": "index.js",
      "size": 916,
      "gzippedSize": 423
    },
    "breakdown": [
      {
        "name": "index.js",
        "size": 916,
        "gzippedSize": 423,
        "percentage": 100
      }
    ]
  },
  "webVitals": {
    "firstContentfulPaint": 1476.4559079683236,
    "timeToInteractive": 2657.5614891256782,
    "largestContentfulPaint": 2464.512152236981,
    "cumulativeLayoutShift": 0.08815657214411698,
    "firstInputDelay": 48.05691468729286,
    "timestamp": 1774524617296
  },
  "runtime": {
    "memoryUsage": {
      "rss": 62455808,
      "heapUsed": 12958552,
      "heapTotal": 20185088,
      "external": 1970223
    },
    "startupTime": 247.169833,
    "cpuUsage": 139.727,
    "timestamp": 1774524617296
  },
  "violations": [],
  "recommendations": [
    "Largest file (index.js) is 100.0% of bundle - consider splitting or optimizing"
  ],
  "overallStatus": "pass"
}