{
  "timestamp": 1774049430752,
  "bundleSize": {
    "totalSize": 916,
    "gzippedSize": 423,
    "fileCount": 1,
    "largestFile": {
      "name": "index.js",
      "size": 916,
      "gzippedSize": 423
    },
    "breakdown": [
      {
        "name": "index.js",
        "size": 916,
        "gzippedSize": 423,
        "percentage": 100
      }
    ]
  },
  "webVitals": {
    "firstContentfulPaint": 1445.9035383819999,
    "timeToInteractive": 2167.1417666477723,
    "largestContentfulPaint": 2073.4886478495046,
    "cumulativeLayoutShift": 0.017703564972673648,
    "firstInputDelay": 36.14800289666586,
    "timestamp": 1774049430752
  },
  "runtime": {
    "memoryUsage": {
      "rss": 62062592,
      "heapUsed": 12571472,
      "heapTotal": 19595264,
      "external": 1970211
    },
    "startupTime": 414.284417,
    "cpuUsage": 194.234,
    "timestamp": 1774049430752
  },
  "violations": [],
  "recommendations": [
    "Largest file (index.js) is 100.0% of bundle - consider splitting or optimizing"
  ],
  "overallStatus": "pass"
}