{
  "timestamp": 1774452458649,
  "bundleSize": {
    "totalSize": 916,
    "gzippedSize": 423,
    "fileCount": 1,
    "largestFile": {
      "name": "index.js",
      "size": 916,
      "gzippedSize": 423
    },
    "breakdown": [
      {
        "name": "index.js",
        "size": 916,
        "gzippedSize": 423,
        "percentage": 100
      }
    ]
  },
  "webVitals": {
    "firstContentfulPaint": 1141.8496740525502,
    "timeToInteractive": 2915.95881119374,
    "largestContentfulPaint": 2490.4138058878616,
    "cumulativeLayoutShift": 0.09031502527677698,
    "firstInputDelay": 28.346067937567888,
    "timestamp": 1774452458649
  },
  "runtime": {
    "memoryUsage": {
      "rss": 61521920,
      "heapUsed": 12570032,
      "heapTotal": 19857408,
      "external": 1965899
    },
    "startupTime": 679.672375,
    "cpuUsage": 174.402,
    "timestamp": 1774452458649
  },
  "violations": [],
  "recommendations": [
    "Largest file (index.js) is 100.0% of bundle - consider splitting or optimizing"
  ],
  "overallStatus": "pass"
}