{
  "timestamp": 1773682661676,
  "bundleSize": {
    "totalSize": 916,
    "gzippedSize": 423,
    "fileCount": 1,
    "largestFile": {
      "name": "index.js",
      "size": 916,
      "gzippedSize": 423
    },
    "breakdown": [
      {
        "name": "index.js",
        "size": 916,
        "gzippedSize": 423,
        "percentage": 100
      }
    ]
  },
  "webVitals": {
    "firstContentfulPaint": 1232.3029357665746,
    "timeToInteractive": 2768.7589220151513,
    "largestContentfulPaint": 2035.0697421904267,
    "cumulativeLayoutShift": 0.03448271392153939,
    "firstInputDelay": 58.25090693561331,
    "timestamp": 1773682661676
  },
  "runtime": {
    "memoryUsage": {
      "rss": 62128128,
      "heapUsed": 12224936,
      "heapTotal": 19857408,
      "external": 1965633
    },
    "startupTime": 541.71625,
    "cpuUsage": 177.473,
    "timestamp": 1773682661676
  },
  "violations": [],
  "recommendations": [
    "Largest file (index.js) is 100.0% of bundle - consider splitting or optimizing"
  ],
  "overallStatus": "pass"
}