{
  "timestamp": 1774279073522,
  "bundleSize": {
    "totalSize": 916,
    "gzippedSize": 423,
    "fileCount": 1,
    "largestFile": {
      "name": "index.js",
      "size": 916,
      "gzippedSize": 423
    },
    "breakdown": [
      {
        "name": "index.js",
        "size": 916,
        "gzippedSize": 423,
        "percentage": 100
      }
    ]
  },
  "webVitals": {
    "firstContentfulPaint": 1116.813616692291,
    "timeToInteractive": 2329.7988373132694,
    "largestContentfulPaint": 2246.6720384329305,
    "cumulativeLayoutShift": 0.044708691882121565,
    "firstInputDelay": 45.55472518374732,
    "timestamp": 1774279073522
  },
  "runtime": {
    "memoryUsage": {
      "rss": 63143936,
      "heapUsed": 13472896,
      "heapTotal": 20414464,
      "external": 1966360
    },
    "startupTime": 598.341084,
    "cpuUsage": 164.365,
    "timestamp": 1774279073522
  },
  "violations": [],
  "recommendations": [
    "Largest file (index.js) is 100.0% of bundle - consider splitting or optimizing"
  ],
  "overallStatus": "pass"
}