{
  "timestamp": 1774471241992,
  "bundleSize": {
    "totalSize": 916,
    "gzippedSize": 423,
    "fileCount": 1,
    "largestFile": {
      "name": "index.js",
      "size": 916,
      "gzippedSize": 423
    },
    "breakdown": [
      {
        "name": "index.js",
        "size": 916,
        "gzippedSize": 423,
        "percentage": 100
      }
    ]
  },
  "webVitals": {
    "firstContentfulPaint": 988.3120921144298,
    "timeToInteractive": 2819.2182285825047,
    "largestContentfulPaint": 1570.5558098013134,
    "cumulativeLayoutShift": 0.009470848875431549,
    "firstInputDelay": 45.0240458526242,
    "timestamp": 1774471241991
  },
  "runtime": {
    "memoryUsage": {
      "rss": 62210048,
      "heapUsed": 13233408,
      "heapTotal": 20381696,
      "external": 1970892
    },
    "startupTime": 245.581041,
    "cpuUsage": 149.276,
    "timestamp": 1774471241992
  },
  "violations": [],
  "recommendations": [
    "Largest file (index.js) is 100.0% of bundle - consider splitting or optimizing"
  ],
  "overallStatus": "pass"
}