{
  "timestamp": 1774467925783,
  "bundleSize": {
    "totalSize": 916,
    "gzippedSize": 423,
    "fileCount": 1,
    "largestFile": {
      "name": "index.js",
      "size": 916,
      "gzippedSize": 423
    },
    "breakdown": [
      {
        "name": "index.js",
        "size": 916,
        "gzippedSize": 423,
        "percentage": 100
      }
    ]
  },
  "webVitals": {
    "firstContentfulPaint": 958.8844044786842,
    "timeToInteractive": 2358.3903313423693,
    "largestContentfulPaint": 2437.1505637245427,
    "cumulativeLayoutShift": 0.09662678490486779,
    "firstInputDelay": 47.64755021904878,
    "timestamp": 1774467925783
  },
  "runtime": {
    "memoryUsage": {
      "rss": 62750720,
      "heapUsed": 12996984,
      "heapTotal": 20185088,
      "external": 1970166
    },
    "startupTime": 268.939333,
    "cpuUsage": 157.015,
    "timestamp": 1774467925783
  },
  "violations": [],
  "recommendations": [
    "Largest file (index.js) is 100.0% of bundle - consider splitting or optimizing"
  ],
  "overallStatus": "pass"
}