{
  "timestamp": 1774052979740,
  "bundleSize": {
    "totalSize": 916,
    "gzippedSize": 423,
    "fileCount": 1,
    "largestFile": {
      "name": "index.js",
      "size": 916,
      "gzippedSize": 423
    },
    "breakdown": [
      {
        "name": "index.js",
        "size": 916,
        "gzippedSize": 423,
        "percentage": 100
      }
    ]
  },
  "webVitals": {
    "firstContentfulPaint": 788.3602573877047,
    "timeToInteractive": 2785.0960313847536,
    "largestContentfulPaint": 2425.1985258709237,
    "cumulativeLayoutShift": 0.09697499800932251,
    "firstInputDelay": 36.383510725939516,
    "timestamp": 1774052979739
  },
  "runtime": {
    "memoryUsage": {
      "rss": 62078976,
      "heapUsed": 12732160,
      "heapTotal": 19595264,
      "external": 1970223
    },
    "startupTime": 323.626333,
    "cpuUsage": 157.151,
    "timestamp": 1774052979739
  },
  "violations": [],
  "recommendations": [
    "Largest file (index.js) is 100.0% of bundle - consider splitting or optimizing"
  ],
  "overallStatus": "pass"
}