{
  "timestamp": 1773753930365,
  "bundleSize": {
    "totalSize": 916,
    "gzippedSize": 423,
    "fileCount": 1,
    "largestFile": {
      "name": "index.js",
      "size": 916,
      "gzippedSize": 423
    },
    "breakdown": [
      {
        "name": "index.js",
        "size": 916,
        "gzippedSize": 423,
        "percentage": 100
      }
    ]
  },
  "webVitals": {
    "firstContentfulPaint": 551.0999046242755,
    "timeToInteractive": 2582.5130002452142,
    "largestContentfulPaint": 2271.3013305020254,
    "cumulativeLayoutShift": 0.0957846341099675,
    "firstInputDelay": 62.040356125087804,
    "timestamp": 1773753930365
  },
  "runtime": {
    "memoryUsage": {
      "rss": 61685760,
      "heapUsed": 12072320,
      "heapTotal": 20119552,
      "external": 1969708
    },
    "startupTime": 313.930667,
    "cpuUsage": 157.645,
    "timestamp": 1773753930365
  },
  "violations": [],
  "recommendations": [
    "Largest file (index.js) is 100.0% of bundle - consider splitting or optimizing"
  ],
  "overallStatus": "pass"
}