{
  "timestamp": 1774536576743,
  "bundleSize": {
    "totalSize": 916,
    "gzippedSize": 423,
    "fileCount": 1,
    "largestFile": {
      "name": "index.js",
      "size": 916,
      "gzippedSize": 423
    },
    "breakdown": [
      {
        "name": "index.js",
        "size": 916,
        "gzippedSize": 423,
        "percentage": 100
      }
    ]
  },
  "webVitals": {
    "firstContentfulPaint": 1182.0742545978949,
    "timeToInteractive": 2299.170856704616,
    "largestContentfulPaint": 2464.3545737651816,
    "cumulativeLayoutShift": 0.06786500798346073,
    "firstInputDelay": 67.38375728917937,
    "timestamp": 1774536576743
  },
  "runtime": {
    "memoryUsage": {
      "rss": 62078976,
      "heapUsed": 12771928,
      "heapTotal": 19857408,
      "external": 1969729
    },
    "startupTime": 465.124625,
    "cpuUsage": 186.375,
    "timestamp": 1774536576743
  },
  "violations": [],
  "recommendations": [
    "Largest file (index.js) is 100.0% of bundle - consider splitting or optimizing"
  ],
  "overallStatus": "pass"
}