{
  "timestamp": 1774617168144,
  "bundleSize": {
    "totalSize": 916,
    "gzippedSize": 423,
    "fileCount": 1,
    "largestFile": {
      "name": "index.js",
      "size": 916,
      "gzippedSize": 423
    },
    "breakdown": [
      {
        "name": "index.js",
        "size": 916,
        "gzippedSize": 423,
        "percentage": 100
      }
    ]
  },
  "webVitals": {
    "firstContentfulPaint": 1213.0252617120814,
    "timeToInteractive": 2797.272421315135,
    "largestContentfulPaint": 2413.4475259671517,
    "cumulativeLayoutShift": 0.09662527407174835,
    "firstInputDelay": 33.133090827311506,
    "timestamp": 1774617168144
  },
  "runtime": {
    "memoryUsage": {
      "rss": 62865408,
      "heapUsed": 12992040,
      "heapTotal": 20447232,
      "external": 1970223
    },
    "startupTime": 304.035167,
    "cpuUsage": 159.568,
    "timestamp": 1774617168144
  },
  "violations": [],
  "recommendations": [
    "Largest file (index.js) is 100.0% of bundle - consider splitting or optimizing"
  ],
  "overallStatus": "pass"
}