{
  "timestamp": 1774028558257,
  "bundleSize": {
    "totalSize": 916,
    "gzippedSize": 423,
    "fileCount": 1,
    "largestFile": {
      "name": "index.js",
      "size": 916,
      "gzippedSize": 423
    },
    "breakdown": [
      {
        "name": "index.js",
        "size": 916,
        "gzippedSize": 423,
        "percentage": 100
      }
    ]
  },
  "webVitals": {
    "firstContentfulPaint": 625.5405221941393,
    "timeToInteractive": 2605.6301529636676,
    "largestContentfulPaint": 2427.936256010357,
    "cumulativeLayoutShift": 0.010274204345011896,
    "firstInputDelay": 43.71664319371958,
    "timestamp": 1774028558257
  },
  "runtime": {
    "memoryUsage": {
      "rss": 62373888,
      "heapUsed": 12616688,
      "heapTotal": 19857408,
      "external": 1970211
    },
    "startupTime": 306.777166,
    "cpuUsage": 171.428,
    "timestamp": 1774028558257
  },
  "violations": [],
  "recommendations": [
    "Largest file (index.js) is 100.0% of bundle - consider splitting or optimizing"
  ],
  "overallStatus": "pass"
}