{
  "timestamp": 1774267825121,
  "bundleSize": {
    "totalSize": 916,
    "gzippedSize": 423,
    "fileCount": 1,
    "largestFile": {
      "name": "index.js",
      "size": 916,
      "gzippedSize": 423
    },
    "breakdown": [
      {
        "name": "index.js",
        "size": 916,
        "gzippedSize": 423,
        "percentage": 100
      }
    ]
  },
  "webVitals": {
    "firstContentfulPaint": 1202.1477398252587,
    "timeToInteractive": 2414.0378477201484,
    "largestContentfulPaint": 1590.0686459176252,
    "cumulativeLayoutShift": 0.09049398621350405,
    "firstInputDelay": 29.303430921249085,
    "timestamp": 1774267825120
  },
  "runtime": {
    "memoryUsage": {
      "rss": 62095360,
      "heapUsed": 12313080,
      "heapTotal": 20119552,
      "external": 1965320
    },
    "startupTime": 1053.74225,
    "cpuUsage": 211.369,
    "timestamp": 1774267825121
  },
  "violations": [],
  "recommendations": [
    "Largest file (index.js) is 100.0% of bundle - consider splitting or optimizing"
  ],
  "overallStatus": "pass"
}