{
  "timestamp": 1773922236836,
  "bundleSize": {
    "totalSize": 916,
    "gzippedSize": 423,
    "fileCount": 1,
    "largestFile": {
      "name": "index.js",
      "size": 916,
      "gzippedSize": 423
    },
    "breakdown": [
      {
        "name": "index.js",
        "size": 916,
        "gzippedSize": 423,
        "percentage": 100
      }
    ]
  },
  "webVitals": {
    "firstContentfulPaint": 1214.4862098799956,
    "timeToInteractive": 2294.0661391084914,
    "largestContentfulPaint": 2005.4230774553998,
    "cumulativeLayoutShift": 0.06344397099063313,
    "firstInputDelay": 38.25132476205057,
    "timestamp": 1773922236836
  },
  "runtime": {
    "memoryUsage": {
      "rss": 61980672,
      "heapUsed": 12428408,
      "heapTotal": 20381696,
      "external": 1971105
    },
    "startupTime": 241.176667,
    "cpuUsage": 157.281,
    "timestamp": 1773922236836
  },
  "violations": [],
  "recommendations": [
    "Largest file (index.js) is 100.0% of bundle - consider splitting or optimizing"
  ],
  "overallStatus": "pass"
}