{
  "timestamp": 1774280789483,
  "bundleSize": {
    "totalSize": 916,
    "gzippedSize": 423,
    "fileCount": 1,
    "largestFile": {
      "name": "index.js",
      "size": 916,
      "gzippedSize": 423
    },
    "breakdown": [
      {
        "name": "index.js",
        "size": 916,
        "gzippedSize": 423,
        "percentage": 100
      }
    ]
  },
  "webVitals": {
    "firstContentfulPaint": 1329.8952405527868,
    "timeToInteractive": 2121.8125747801014,
    "largestContentfulPaint": 1505.262595941531,
    "cumulativeLayoutShift": 0.024150838847725176,
    "firstInputDelay": 51.994792901416155,
    "timestamp": 1774280789483
  },
  "runtime": {
    "memoryUsage": {
      "rss": 44023808,
      "heapUsed": 10497968,
      "heapTotal": 13303808,
      "external": 1963694
    },
    "startupTime": 40324.124417,
    "cpuUsage": 267.932,
    "timestamp": 1774280789483
  },
  "violations": [],
  "recommendations": [
    "Largest file (index.js) is 100.0% of bundle - consider splitting or optimizing"
  ],
  "overallStatus": "pass"
}