{
  "timestamp": 1773851507237,
  "bundleSize": {
    "totalSize": 916,
    "gzippedSize": 423,
    "fileCount": 1,
    "largestFile": {
      "name": "index.js",
      "size": 916,
      "gzippedSize": 423
    },
    "breakdown": [
      {
        "name": "index.js",
        "size": 916,
        "gzippedSize": 423,
        "percentage": 100
      }
    ]
  },
  "webVitals": {
    "firstContentfulPaint": 1143.3035360461663,
    "timeToInteractive": 2162.936571464374,
    "largestContentfulPaint": 2278.9559918990226,
    "cumulativeLayoutShift": 0.058076551888341425,
    "firstInputDelay": 36.179884778652905,
    "timestamp": 1773851507237
  },
  "runtime": {
    "memoryUsage": {
      "rss": 61849600,
      "heapUsed": 12248632,
      "heapTotal": 19857408,
      "external": 1965845
    },
    "startupTime": 1020.830791,
    "cpuUsage": 191.576,
    "timestamp": 1773851507237
  },
  "violations": [],
  "recommendations": [
    "Largest file (index.js) is 100.0% of bundle - consider splitting or optimizing"
  ],
  "overallStatus": "pass"
}