{
  "timestamp": 1773916137527,
  "bundleSize": {
    "totalSize": 916,
    "gzippedSize": 423,
    "fileCount": 1,
    "largestFile": {
      "name": "index.js",
      "size": 916,
      "gzippedSize": 423
    },
    "breakdown": [
      {
        "name": "index.js",
        "size": 916,
        "gzippedSize": 423,
        "percentage": 100
      }
    ]
  },
  "webVitals": {
    "firstContentfulPaint": 859.1750868208645,
    "timeToInteractive": 2970.376443507417,
    "largestContentfulPaint": 2116.5412338779893,
    "cumulativeLayoutShift": 0.016680023601649663,
    "firstInputDelay": 53.14617248926263,
    "timestamp": 1773916137526
  },
  "runtime": {
    "memoryUsage": {
      "rss": 61833216,
      "heapUsed": 13409904,
      "heapTotal": 20742144,
      "external": 1965320
    },
    "startupTime": 1758.127875,
    "cpuUsage": 264.869,
    "timestamp": 1773916137527
  },
  "violations": [],
  "recommendations": [
    "Largest file (index.js) is 100.0% of bundle - consider splitting or optimizing"
  ],
  "overallStatus": "pass"
}