{
  "timestamp": 1774514807831,
  "bundleSize": {
    "totalSize": 916,
    "gzippedSize": 423,
    "fileCount": 1,
    "largestFile": {
      "name": "index.js",
      "size": 916,
      "gzippedSize": 423
    },
    "breakdown": [
      {
        "name": "index.js",
        "size": 916,
        "gzippedSize": 423,
        "percentage": 100
      }
    ]
  },
  "webVitals": {
    "firstContentfulPaint": 1233.181767928831,
    "timeToInteractive": 2615.8808691804825,
    "largestContentfulPaint": 1608.6316028010876,
    "cumulativeLayoutShift": 0.021039228177328596,
    "firstInputDelay": 46.62857802305446,
    "timestamp": 1774514807831
  },
  "runtime": {
    "memoryUsage": {
      "rss": 62865408,
      "heapUsed": 13130200,
      "heapTotal": 19988480,
      "external": 1971431
    },
    "startupTime": 242.609292,
    "cpuUsage": 138.235,
    "timestamp": 1774514807831
  },
  "violations": [],
  "recommendations": [
    "Largest file (index.js) is 100.0% of bundle - consider splitting or optimizing"
  ],
  "overallStatus": "pass"
}