{
  "timestamp": 1774035056808,
  "bundleSize": {
    "totalSize": 916,
    "gzippedSize": 423,
    "fileCount": 1,
    "largestFile": {
      "name": "index.js",
      "size": 916,
      "gzippedSize": 423
    },
    "breakdown": [
      {
        "name": "index.js",
        "size": 916,
        "gzippedSize": 423,
        "percentage": 100
      }
    ]
  },
  "webVitals": {
    "firstContentfulPaint": 1453.9636116985876,
    "timeToInteractive": 2224.380616316805,
    "largestContentfulPaint": 1595.2867199279497,
    "cumulativeLayoutShift": 0.03621713334786434,
    "firstInputDelay": 50.819371661249114,
    "timestamp": 1774035056808
  },
  "runtime": {
    "memoryUsage": {
      "rss": 62078976,
      "heapUsed": 12338928,
      "heapTotal": 20119552,
      "external": 1970211
    },
    "startupTime": 304.915083,
    "cpuUsage": 178.515,
    "timestamp": 1774035056808
  },
  "violations": [],
  "recommendations": [
    "Largest file (index.js) is 100.0% of bundle - consider splitting or optimizing"
  ],
  "overallStatus": "pass"
}