{
  "timestamp": 1774509938962,
  "bundleSize": {
    "totalSize": 916,
    "gzippedSize": 423,
    "fileCount": 1,
    "largestFile": {
      "name": "index.js",
      "size": 916,
      "gzippedSize": 423
    },
    "breakdown": [
      {
        "name": "index.js",
        "size": 916,
        "gzippedSize": 423,
        "percentage": 100
      }
    ]
  },
  "webVitals": {
    "firstContentfulPaint": 1255.1285562310618,
    "timeToInteractive": 2931.590144270082,
    "largestContentfulPaint": 1865.5546810385072,
    "cumulativeLayoutShift": 0.04047366740239973,
    "firstInputDelay": 36.83088437199172,
    "timestamp": 1774509938962
  },
  "runtime": {
    "memoryUsage": {
      "rss": 61833216,
      "heapUsed": 12278208,
      "heapTotal": 20381696,
      "external": 1969729
    },
    "startupTime": 320.847375,
    "cpuUsage": 183.061,
    "timestamp": 1774509938962
  },
  "violations": [],
  "recommendations": [
    "Largest file (index.js) is 100.0% of bundle - consider splitting or optimizing"
  ],
  "overallStatus": "pass"
}