{
  "timestamp": 1774611377354,
  "bundleSize": {
    "totalSize": 916,
    "gzippedSize": 423,
    "fileCount": 1,
    "largestFile": {
      "name": "index.js",
      "size": 916,
      "gzippedSize": 423
    },
    "breakdown": [
      {
        "name": "index.js",
        "size": 916,
        "gzippedSize": 423,
        "percentage": 100
      }
    ]
  },
  "webVitals": {
    "firstContentfulPaint": 662.6680678437671,
    "timeToInteractive": 2166.8842807893648,
    "largestContentfulPaint": 2225.734176669469,
    "cumulativeLayoutShift": 0.055907727942786756,
    "firstInputDelay": 27.61482735416594,
    "timestamp": 1774611377354
  },
  "runtime": {
    "memoryUsage": {
      "rss": 60702720,
      "heapUsed": 12910728,
      "heapTotal": 21037056,
      "external": 1965320
    },
    "startupTime": 1875.765458,
    "cpuUsage": 196.64,
    "timestamp": 1774611377354
  },
  "violations": [],
  "recommendations": [
    "Largest file (index.js) is 100.0% of bundle - consider splitting or optimizing"
  ],
  "overallStatus": "pass"
}