{
  "timestamp": 1774612660461,
  "bundleSize": {
    "totalSize": 916,
    "gzippedSize": 423,
    "fileCount": 1,
    "largestFile": {
      "name": "index.js",
      "size": 916,
      "gzippedSize": 423
    },
    "breakdown": [
      {
        "name": "index.js",
        "size": 916,
        "gzippedSize": 423,
        "percentage": 100
      }
    ]
  },
  "webVitals": {
    "firstContentfulPaint": 735.2300709793726,
    "timeToInteractive": 2863.3727586412965,
    "largestContentfulPaint": 2301.4592675439217,
    "cumulativeLayoutShift": 0.016422909947171438,
    "firstInputDelay": 37.001507597270944,
    "timestamp": 1774612660461
  },
  "runtime": {
    "memoryUsage": {
      "rss": 61505536,
      "heapUsed": 12347152,
      "heapTotal": 20119552,
      "external": 1970223
    },
    "startupTime": 440.176042,
    "cpuUsage": 179.942,
    "timestamp": 1774612660461
  },
  "violations": [],
  "recommendations": [
    "Largest file (index.js) is 100.0% of bundle - consider splitting or optimizing"
  ],
  "overallStatus": "pass"
}