{
  "timestamp": 1774534258904,
  "bundleSize": {
    "totalSize": 916,
    "gzippedSize": 423,
    "fileCount": 1,
    "largestFile": {
      "name": "index.js",
      "size": 916,
      "gzippedSize": 423
    },
    "breakdown": [
      {
        "name": "index.js",
        "size": 916,
        "gzippedSize": 423,
        "percentage": 100
      }
    ]
  },
  "webVitals": {
    "firstContentfulPaint": 727.9205654518535,
    "timeToInteractive": 2353.1772026260187,
    "largestContentfulPaint": 1708.1310908069327,
    "cumulativeLayoutShift": 0.09588844687778156,
    "firstInputDelay": 37.28424307957576,
    "timestamp": 1774534258904
  },
  "runtime": {
    "memoryUsage": {
      "rss": 62095360,
      "heapUsed": 12690120,
      "heapTotal": 19857408,
      "external": 1970512
    },
    "startupTime": 242.944458,
    "cpuUsage": 140.615,
    "timestamp": 1774534258904
  },
  "violations": [],
  "recommendations": [
    "Largest file (index.js) is 100.0% of bundle - consider splitting or optimizing"
  ],
  "overallStatus": "pass"
}