{
  "timestamp": 1774275605974,
  "bundleSize": {
    "totalSize": 916,
    "gzippedSize": 423,
    "fileCount": 1,
    "largestFile": {
      "name": "index.js",
      "size": 916,
      "gzippedSize": 423
    },
    "breakdown": [
      {
        "name": "index.js",
        "size": 916,
        "gzippedSize": 423,
        "percentage": 100
      }
    ]
  },
  "webVitals": {
    "firstContentfulPaint": 947.0902419900831,
    "timeToInteractive": 2872.5004237237467,
    "largestContentfulPaint": 2453.2320396348596,
    "cumulativeLayoutShift": 0.03138314243371356,
    "firstInputDelay": 26.95171045326856,
    "timestamp": 1774275605974
  },
  "runtime": {
    "memoryUsage": {
      "rss": 61980672,
      "heapUsed": 12467888,
      "heapTotal": 20381696,
      "external": 1965854
    },
    "startupTime": 210.002584,
    "cpuUsage": 151.652,
    "timestamp": 1774275605974
  },
  "violations": [],
  "recommendations": [
    "Largest file (index.js) is 100.0% of bundle - consider splitting or optimizing"
  ],
  "overallStatus": "pass"
}