{
  "timestamp": 1774212234783,
  "bundleSize": {
    "totalSize": 916,
    "gzippedSize": 423,
    "fileCount": 1,
    "largestFile": {
      "name": "index.js",
      "size": 916,
      "gzippedSize": 423
    },
    "breakdown": [
      {
        "name": "index.js",
        "size": 916,
        "gzippedSize": 423,
        "percentage": 100
      }
    ]
  },
  "webVitals": {
    "firstContentfulPaint": 718.4879850198109,
    "timeToInteractive": 2516.2812660506033,
    "largestContentfulPaint": 1575.0862838535018,
    "cumulativeLayoutShift": 0.0585745068670924,
    "firstInputDelay": 68.60252232193342,
    "timestamp": 1774212234782
  },
  "runtime": {
    "memoryUsage": {
      "rss": 60014592,
      "heapUsed": 12718776,
      "heapTotal": 19595264,
      "external": 1967701
    },
    "startupTime": 3895.010917,
    "cpuUsage": 195.778,
    "timestamp": 1774212234783
  },
  "violations": [],
  "recommendations": [
    "Largest file (index.js) is 100.0% of bundle - consider splitting or optimizing"
  ],
  "overallStatus": "pass"
}