{
  "timestamp": 1773917322080,
  "bundleSize": {
    "totalSize": 916,
    "gzippedSize": 423,
    "fileCount": 1,
    "largestFile": {
      "name": "index.js",
      "size": 916,
      "gzippedSize": 423
    },
    "breakdown": [
      {
        "name": "index.js",
        "size": 916,
        "gzippedSize": 423,
        "percentage": 100
      }
    ]
  },
  "webVitals": {
    "firstContentfulPaint": 1204.108856212697,
    "timeToInteractive": 2055.2953588897794,
    "largestContentfulPaint": 1737.3341990499396,
    "cumulativeLayoutShift": 0.051324364202803424,
    "firstInputDelay": 62.867608625996986,
    "timestamp": 1773917322078
  },
  "runtime": {
    "memoryUsage": {
      "rss": 57540608,
      "heapUsed": 13647064,
      "heapTotal": 20512768,
      "external": 1967162
    },
    "startupTime": 3476.784708,
    "cpuUsage": 201.609,
    "timestamp": 1773917322080
  },
  "violations": [],
  "recommendations": [
    "Largest file (index.js) is 100.0% of bundle - consider splitting or optimizing"
  ],
  "overallStatus": "pass"
}