{
  "timestamp": 1773967183695,
  "bundleSize": {
    "totalSize": 916,
    "gzippedSize": 423,
    "fileCount": 1,
    "largestFile": {
      "name": "index.js",
      "size": 916,
      "gzippedSize": 423
    },
    "breakdown": [
      {
        "name": "index.js",
        "size": 916,
        "gzippedSize": 423,
        "percentage": 100
      }
    ]
  },
  "webVitals": {
    "firstContentfulPaint": 1094.7864704767644,
    "timeToInteractive": 2032.8829171868538,
    "largestContentfulPaint": 1504.5232313537863,
    "cumulativeLayoutShift": 0.09881774158654766,
    "firstInputDelay": 30.90673023681981,
    "timestamp": 1773967183695
  },
  "runtime": {
    "memoryUsage": {
      "rss": 62586880,
      "heapUsed": 12816424,
      "heapTotal": 20643840,
      "external": 1966373
    },
    "startupTime": 618.937833,
    "cpuUsage": 177.778,
    "timestamp": 1773967183695
  },
  "violations": [],
  "recommendations": [
    "Largest file (index.js) is 100.0% of bundle - consider splitting or optimizing"
  ],
  "overallStatus": "pass"
}