{
  "timestamp": 1773675790913,
  "bundleSize": {
    "totalSize": 916,
    "gzippedSize": 423,
    "fileCount": 1,
    "largestFile": {
      "name": "index.js",
      "size": 916,
      "gzippedSize": 423
    },
    "breakdown": [
      {
        "name": "index.js",
        "size": 916,
        "gzippedSize": 423,
        "percentage": 100
      }
    ]
  },
  "webVitals": {
    "firstContentfulPaint": 684.5382443028758,
    "timeToInteractive": 2648.859623023196,
    "largestContentfulPaint": 2192.1376945099482,
    "cumulativeLayoutShift": 0.021930561681462325,
    "firstInputDelay": 38.89018777025769,
    "timestamp": 1773675790913
  },
  "runtime": {
    "memoryUsage": {
      "rss": 61931520,
      "heapUsed": 12247128,
      "heapTotal": 19857408,
      "external": 1965633
    },
    "startupTime": 641.438917,
    "cpuUsage": 177.837,
    "timestamp": 1773675790913
  },
  "violations": [],
  "recommendations": [
    "Largest file (index.js) is 100.0% of bundle - consider splitting or optimizing"
  ],
  "overallStatus": "pass"
}