{
  "timestamp": 1774554514154,
  "bundleSize": {
    "totalSize": 916,
    "gzippedSize": 423,
    "fileCount": 1,
    "largestFile": {
      "name": "index.js",
      "size": 916,
      "gzippedSize": 423
    },
    "breakdown": [
      {
        "name": "index.js",
        "size": 916,
        "gzippedSize": 423,
        "percentage": 100
      }
    ]
  },
  "webVitals": {
    "firstContentfulPaint": 1339.6640330238224,
    "timeToInteractive": 2331.8519162791677,
    "largestContentfulPaint": 2158.6460266614695,
    "cumulativeLayoutShift": 0.04160861859050407,
    "firstInputDelay": 65.82920595704432,
    "timestamp": 1774554514154
  },
  "runtime": {
    "memoryUsage": {
      "rss": 62930944,
      "heapUsed": 13114912,
      "heapTotal": 20316160,
      "external": 1970223
    },
    "startupTime": 310.150833,
    "cpuUsage": 165.305,
    "timestamp": 1774554514154
  },
  "violations": [],
  "recommendations": [
    "Largest file (index.js) is 100.0% of bundle - consider splitting or optimizing"
  ],
  "overallStatus": "pass"
}