{
  "timestamp": 1774265016628,
  "bundleSize": {
    "totalSize": 916,
    "gzippedSize": 423,
    "fileCount": 1,
    "largestFile": {
      "name": "index.js",
      "size": 916,
      "gzippedSize": 423
    },
    "breakdown": [
      {
        "name": "index.js",
        "size": 916,
        "gzippedSize": 423,
        "percentage": 100
      }
    ]
  },
  "webVitals": {
    "firstContentfulPaint": 998.9455787130655,
    "timeToInteractive": 2519.5161109880855,
    "largestContentfulPaint": 1557.3724747710867,
    "cumulativeLayoutShift": 0.05454554294458838,
    "firstInputDelay": 50.16108764961275,
    "timestamp": 1774265016628
  },
  "runtime": {
    "memoryUsage": {
      "rss": 59523072,
      "heapUsed": 12778328,
      "heapTotal": 20381696,
      "external": 1966662
    },
    "startupTime": 6430.702916,
    "cpuUsage": 210.558,
    "timestamp": 1774265016628
  },
  "violations": [],
  "recommendations": [
    "Largest file (index.js) is 100.0% of bundle - consider splitting or optimizing"
  ],
  "overallStatus": "pass"
}