{
  "timestamp": 1773967210110,
  "bundleSize": {
    "totalSize": 916,
    "gzippedSize": 423,
    "fileCount": 1,
    "largestFile": {
      "name": "index.js",
      "size": 916,
      "gzippedSize": 423
    },
    "breakdown": [
      {
        "name": "index.js",
        "size": 916,
        "gzippedSize": 423,
        "percentage": 100
      }
    ]
  },
  "webVitals": {
    "firstContentfulPaint": 705.9764619701085,
    "timeToInteractive": 2819.895132589927,
    "largestContentfulPaint": 2392.9246332810835,
    "cumulativeLayoutShift": 0.06545741762794104,
    "firstInputDelay": 51.41545991027563,
    "timestamp": 1773967210109
  },
  "runtime": {
    "memoryUsage": {
      "rss": 62046208,
      "heapUsed": 12930240,
      "heapTotal": 19890176,
      "external": 1970672
    },
    "startupTime": 1839.297084,
    "cpuUsage": 179.861,
    "timestamp": 1773967210110
  },
  "violations": [],
  "recommendations": [
    "Largest file (index.js) is 100.0% of bundle - consider splitting or optimizing"
  ],
  "overallStatus": "pass"
}