{
  "timestamp": 1773967411417,
  "bundleSize": {
    "totalSize": 916,
    "gzippedSize": 423,
    "fileCount": 1,
    "largestFile": {
      "name": "index.js",
      "size": 916,
      "gzippedSize": 423
    },
    "breakdown": [
      {
        "name": "index.js",
        "size": 916,
        "gzippedSize": 423,
        "percentage": 100
      }
    ]
  },
  "webVitals": {
    "firstContentfulPaint": 1109.274242168786,
    "timeToInteractive": 2157.1623082741125,
    "largestContentfulPaint": 2488.201314172361,
    "cumulativeLayoutShift": 0.048907823386873495,
    "firstInputDelay": 54.83884273643547,
    "timestamp": 1773967411417
  },
  "runtime": {
    "memoryUsage": {
      "rss": 65159168,
      "heapUsed": 12853192,
      "heapTotal": 21168128,
      "external": 2637260
    },
    "startupTime": 703.605916,
    "cpuUsage": 177.147,
    "timestamp": 1773967411417
  },
  "violations": [],
  "recommendations": [
    "Largest file (index.js) is 100.0% of bundle - consider splitting or optimizing"
  ],
  "overallStatus": "pass"
}