{
  "timestamp": 1774383939383,
  "bundleSize": {
    "totalSize": 916,
    "gzippedSize": 423,
    "fileCount": 1,
    "largestFile": {
      "name": "index.js",
      "size": 916,
      "gzippedSize": 423
    },
    "breakdown": [
      {
        "name": "index.js",
        "size": 916,
        "gzippedSize": 423,
        "percentage": 100
      }
    ]
  },
  "webVitals": {
    "firstContentfulPaint": 1420.903932163942,
    "timeToInteractive": 2651.8955106625517,
    "largestContentfulPaint": 1904.7380532968405,
    "cumulativeLayoutShift": 0.029805892362522537,
    "firstInputDelay": 73.34993398656701,
    "timestamp": 1774383939383
  },
  "runtime": {
    "memoryUsage": {
      "rss": 61521920,
      "heapUsed": 12645128,
      "heapTotal": 19857408,
      "external": 1967162
    },
    "startupTime": 3068.705791,
    "cpuUsage": 644.053,
    "timestamp": 1774383939383
  },
  "violations": [],
  "recommendations": [
    "Largest file (index.js) is 100.0% of bundle - consider splitting or optimizing"
  ],
  "overallStatus": "pass"
}