{
  "timestamp": 1774663900022,
  "bundleSize": {
    "totalSize": 916,
    "gzippedSize": 423,
    "fileCount": 1,
    "largestFile": {
      "name": "index.js",
      "size": 916,
      "gzippedSize": 423
    },
    "breakdown": [
      {
        "name": "index.js",
        "size": 916,
        "gzippedSize": 423,
        "percentage": 100
      }
    ]
  },
  "webVitals": {
    "firstContentfulPaint": 1308.3292593418014,
    "timeToInteractive": 2540.719739346163,
    "largestContentfulPaint": 2130.7622392796534,
    "cumulativeLayoutShift": 0.02534944585834109,
    "firstInputDelay": 46.03814804393622,
    "timestamp": 1774663900022
  },
  "runtime": {
    "memoryUsage": {
      "rss": 62898176,
      "heapUsed": 13397808,
      "heapTotal": 20217856,
      "external": 1970223
    },
    "startupTime": 241.452667,
    "cpuUsage": 135.803,
    "timestamp": 1774663900022
  },
  "violations": [],
  "recommendations": [
    "Largest file (index.js) is 100.0% of bundle - consider splitting or optimizing"
  ],
  "overallStatus": "pass"
}