{
  "timestamp": 1773761680233,
  "bundleSize": {
    "totalSize": 916,
    "gzippedSize": 423,
    "fileCount": 1,
    "largestFile": {
      "name": "index.js",
      "size": 916,
      "gzippedSize": 423
    },
    "breakdown": [
      {
        "name": "index.js",
        "size": 916,
        "gzippedSize": 423,
        "percentage": 100
      }
    ]
  },
  "webVitals": {
    "firstContentfulPaint": 1232.1221376105616,
    "timeToInteractive": 2397.0991578951935,
    "largestContentfulPaint": 2416.1528810814443,
    "cumulativeLayoutShift": 0.02926582781202629,
    "firstInputDelay": 42.64934645601109,
    "timestamp": 1773761680233
  },
  "runtime": {
    "memoryUsage": {
      "rss": 62177280,
      "heapUsed": 11994096,
      "heapTotal": 20643840,
      "external": 1968713
    },
    "startupTime": 343.081875,
    "cpuUsage": 170.747,
    "timestamp": 1773761680233
  },
  "violations": [],
  "recommendations": [
    "Largest file (index.js) is 100.0% of bundle - consider splitting or optimizing"
  ],
  "overallStatus": "pass"
}