{
  "timestamp": 1774360819626,
  "bundleSize": {
    "totalSize": 916,
    "gzippedSize": 423,
    "fileCount": 1,
    "largestFile": {
      "name": "index.js",
      "size": 916,
      "gzippedSize": 423
    },
    "breakdown": [
      {
        "name": "index.js",
        "size": 916,
        "gzippedSize": 423,
        "percentage": 100
      }
    ]
  },
  "webVitals": {
    "firstContentfulPaint": 1128.2235577874808,
    "timeToInteractive": 2916.3338855724505,
    "largestContentfulPaint": 2466.492549962446,
    "cumulativeLayoutShift": 0.09683498692536735,
    "firstInputDelay": 39.15780356520679,
    "timestamp": 1774360819626
  },
  "runtime": {
    "memoryUsage": {
      "rss": 61538304,
      "heapUsed": 12402504,
      "heapTotal": 20119552,
      "external": 1965854
    },
    "startupTime": 200.463125,
    "cpuUsage": 136.111,
    "timestamp": 1774360819626
  },
  "violations": [],
  "recommendations": [
    "Largest file (index.js) is 100.0% of bundle - consider splitting or optimizing"
  ],
  "overallStatus": "pass"
}