{
  "timestamp": 1774198639324,
  "bundleSize": {
    "totalSize": 916,
    "gzippedSize": 423,
    "fileCount": 1,
    "largestFile": {
      "name": "index.js",
      "size": 916,
      "gzippedSize": 423
    },
    "breakdown": [
      {
        "name": "index.js",
        "size": 916,
        "gzippedSize": 423,
        "percentage": 100
      }
    ]
  },
  "webVitals": {
    "firstContentfulPaint": 832.1847563026677,
    "timeToInteractive": 2398.4743101228705,
    "largestContentfulPaint": 2299.1046507833626,
    "cumulativeLayoutShift": 0.06846865791972814,
    "firstInputDelay": 61.76229640665395,
    "timestamp": 1774198639323
  },
  "runtime": {
    "memoryUsage": {
      "rss": 58245120,
      "heapUsed": 12450184,
      "heapTotal": 20381696,
      "external": 1966145
    },
    "startupTime": 6590.896791,
    "cpuUsage": 198.041,
    "timestamp": 1774198639324
  },
  "violations": [],
  "recommendations": [
    "Largest file (index.js) is 100.0% of bundle - consider splitting or optimizing"
  ],
  "overallStatus": "pass"
}