{
  "timestamp": 1774049355297,
  "bundleSize": {
    "totalSize": 916,
    "gzippedSize": 423,
    "fileCount": 1,
    "largestFile": {
      "name": "index.js",
      "size": 916,
      "gzippedSize": 423
    },
    "breakdown": [
      {
        "name": "index.js",
        "size": 916,
        "gzippedSize": 423,
        "percentage": 100
      }
    ]
  },
  "webVitals": {
    "firstContentfulPaint": 630.4068035758645,
    "timeToInteractive": 2062.8717887956445,
    "largestContentfulPaint": 2011.0879744038655,
    "cumulativeLayoutShift": 0.011676211247480217,
    "firstInputDelay": 55.153733615760785,
    "timestamp": 1774049355297
  },
  "runtime": {
    "memoryUsage": {
      "rss": 59752448,
      "heapUsed": 11996968,
      "heapTotal": 20119552,
      "external": 1969831
    },
    "startupTime": 230.178042,
    "cpuUsage": 135.91,
    "timestamp": 1774049355297
  },
  "violations": [],
  "recommendations": [
    "Largest file (index.js) is 100.0% of bundle - consider splitting or optimizing"
  ],
  "overallStatus": "pass"
}