{
  "timestamp": 1773940207890,
  "bundleSize": {
    "totalSize": 916,
    "gzippedSize": 423,
    "fileCount": 1,
    "largestFile": {
      "name": "index.js",
      "size": 916,
      "gzippedSize": 423
    },
    "breakdown": [
      {
        "name": "index.js",
        "size": 916,
        "gzippedSize": 423,
        "percentage": 100
      }
    ]
  },
  "webVitals": {
    "firstContentfulPaint": 1271.4418054504965,
    "timeToInteractive": 2336.219823279977,
    "largestContentfulPaint": 2164.5758470215683,
    "cumulativeLayoutShift": 0.07485027605239623,
    "firstInputDelay": 53.01709535550543,
    "timestamp": 1773940207890
  },
  "runtime": {
    "memoryUsage": {
      "rss": 61636608,
      "heapUsed": 12918064,
      "heapTotal": 19595264,
      "external": 1970223
    },
    "startupTime": 294.025166,
    "cpuUsage": 169.989,
    "timestamp": 1773940207890
  },
  "violations": [],
  "recommendations": [
    "Largest file (index.js) is 100.0% of bundle - consider splitting or optimizing"
  ],
  "overallStatus": "pass"
}