{
  "timestamp": 1774012696227,
  "bundleSize": {
    "totalSize": 916,
    "gzippedSize": 423,
    "fileCount": 1,
    "largestFile": {
      "name": "index.js",
      "size": 916,
      "gzippedSize": 423
    },
    "breakdown": [
      {
        "name": "index.js",
        "size": 916,
        "gzippedSize": 423,
        "percentage": 100
      }
    ]
  },
  "webVitals": {
    "firstContentfulPaint": 703.3360670245798,
    "timeToInteractive": 2806.1583089784754,
    "largestContentfulPaint": 1887.0131001722607,
    "cumulativeLayoutShift": 0.08043715701354724,
    "firstInputDelay": 42.58529518130676,
    "timestamp": 1774012696227
  },
  "runtime": {
    "memoryUsage": {
      "rss": 62750720,
      "heapUsed": 13150224,
      "heapTotal": 20283392,
      "external": 1965899
    },
    "startupTime": 314.510208,
    "cpuUsage": 171.081,
    "timestamp": 1774012696227
  },
  "violations": [],
  "recommendations": [
    "Largest file (index.js) is 100.0% of bundle - consider splitting or optimizing"
  ],
  "overallStatus": "pass"
}