{
  "timestamp": 1774447289612,
  "bundleSize": {
    "totalSize": 916,
    "gzippedSize": 423,
    "fileCount": 1,
    "largestFile": {
      "name": "index.js",
      "size": 916,
      "gzippedSize": 423
    },
    "breakdown": [
      {
        "name": "index.js",
        "size": 916,
        "gzippedSize": 423,
        "percentage": 100
      }
    ]
  },
  "webVitals": {
    "firstContentfulPaint": 1423.9306941522054,
    "timeToInteractive": 2746.0643494712103,
    "largestContentfulPaint": 2170.6084126291667,
    "cumulativeLayoutShift": 0.04628124845501998,
    "firstInputDelay": 48.58410146756232,
    "timestamp": 1774447289612
  },
  "runtime": {
    "memoryUsage": {
      "rss": 62636032,
      "heapUsed": 12849552,
      "heapTotal": 20742144,
      "external": 1969216
    },
    "startupTime": 339.28125,
    "cpuUsage": 163.798,
    "timestamp": 1774447289612
  },
  "violations": [],
  "recommendations": [
    "Largest file (index.js) is 100.0% of bundle - consider splitting or optimizing"
  ],
  "overallStatus": "pass"
}