{
  "timestamp": 1773692559929,
  "bundleSize": {
    "totalSize": 916,
    "gzippedSize": 423,
    "fileCount": 1,
    "largestFile": {
      "name": "index.js",
      "size": 916,
      "gzippedSize": 423
    },
    "breakdown": [
      {
        "name": "index.js",
        "size": 916,
        "gzippedSize": 423,
        "percentage": 100
      }
    ]
  },
  "webVitals": {
    "firstContentfulPaint": 1246.3188998012624,
    "timeToInteractive": 2762.4626080199423,
    "largestContentfulPaint": 1809.618302544244,
    "cumulativeLayoutShift": 0.03262732612743753,
    "firstInputDelay": 61.004773634852995,
    "timestamp": 1773692559929
  },
  "runtime": {
    "memoryUsage": {
      "rss": 61931520,
      "heapUsed": 12063496,
      "heapTotal": 20119552,
      "external": 1965339
    },
    "startupTime": 225.33625,
    "cpuUsage": 144.268,
    "timestamp": 1773692559929
  },
  "violations": [],
  "recommendations": [
    "Largest file (index.js) is 100.0% of bundle - consider splitting or optimizing"
  ],
  "overallStatus": "pass"
}