{
  "timestamp": 1774659102915,
  "bundleSize": {
    "totalSize": 916,
    "gzippedSize": 423,
    "fileCount": 1,
    "largestFile": {
      "name": "index.js",
      "size": 916,
      "gzippedSize": 423
    },
    "breakdown": [
      {
        "name": "index.js",
        "size": 916,
        "gzippedSize": 423,
        "percentage": 100
      }
    ]
  },
  "webVitals": {
    "firstContentfulPaint": 1313.3618172197548,
    "timeToInteractive": 2156.3978109567674,
    "largestContentfulPaint": 1587.6071240375372,
    "cumulativeLayoutShift": 0.09189835680503838,
    "firstInputDelay": 74.67892774045553,
    "timestamp": 1774659102915
  },
  "runtime": {
    "memoryUsage": {
      "rss": 61964288,
      "heapUsed": 12473888,
      "heapTotal": 19595264,
      "external": 1970467
    },
    "startupTime": 352.056292,
    "cpuUsage": 168.646,
    "timestamp": 1774659102915
  },
  "violations": [],
  "recommendations": [
    "Largest file (index.js) is 100.0% of bundle - consider splitting or optimizing"
  ],
  "overallStatus": "pass"
}