{
  "timestamp": 1774279054783,
  "bundleSize": {
    "totalSize": 916,
    "gzippedSize": 423,
    "fileCount": 1,
    "largestFile": {
      "name": "index.js",
      "size": 916,
      "gzippedSize": 423
    },
    "breakdown": [
      {
        "name": "index.js",
        "size": 916,
        "gzippedSize": 423,
        "percentage": 100
      }
    ]
  },
  "webVitals": {
    "firstContentfulPaint": 832.6552461190184,
    "timeToInteractive": 2925.4582774622722,
    "largestContentfulPaint": 2492.6392870256986,
    "cumulativeLayoutShift": 0.008223099885369024,
    "firstInputDelay": 50.93059204112073,
    "timestamp": 1774279054783
  },
  "runtime": {
    "memoryUsage": {
      "rss": 57409536,
      "heapUsed": 12725864,
      "heapTotal": 18284544,
      "external": 2819607
    },
    "startupTime": 242.269792,
    "cpuUsage": 121.926,
    "timestamp": 1774279054783
  },
  "violations": [],
  "recommendations": [
    "Largest file (index.js) is 100.0% of bundle - consider splitting or optimizing"
  ],
  "overallStatus": "pass"
}