{
  "timestamp": 1773869864919,
  "bundleSize": {
    "totalSize": 916,
    "gzippedSize": 423,
    "fileCount": 1,
    "largestFile": {
      "name": "index.js",
      "size": 916,
      "gzippedSize": 423
    },
    "breakdown": [
      {
        "name": "index.js",
        "size": 916,
        "gzippedSize": 423,
        "percentage": 100
      }
    ]
  },
  "webVitals": {
    "firstContentfulPaint": 701.1004361047887,
    "timeToInteractive": 2433.5741891196653,
    "largestContentfulPaint": 2284.8456860223014,
    "cumulativeLayoutShift": 0.008308207002184776,
    "firstInputDelay": 34.41170411234013,
    "timestamp": 1773869864919
  },
  "runtime": {
    "memoryUsage": {
      "rss": 63553536,
      "heapUsed": 13697984,
      "heapTotal": 20480000,
      "external": 1970211
    },
    "startupTime": 327.496583,
    "cpuUsage": 167.409,
    "timestamp": 1773869864919
  },
  "violations": [],
  "recommendations": [
    "Largest file (index.js) is 100.0% of bundle - consider splitting or optimizing"
  ],
  "overallStatus": "pass"
}