{
  "timestamp": 1773761535176,
  "bundleSize": {
    "totalSize": 916,
    "gzippedSize": 423,
    "fileCount": 1,
    "largestFile": {
      "name": "index.js",
      "size": 916,
      "gzippedSize": 423
    },
    "breakdown": [
      {
        "name": "index.js",
        "size": 916,
        "gzippedSize": 423,
        "percentage": 100
      }
    ]
  },
  "webVitals": {
    "firstContentfulPaint": 863.9708343071841,
    "timeToInteractive": 2466.9389177385187,
    "largestContentfulPaint": 2218.0632135047636,
    "cumulativeLayoutShift": 0.006730945276863443,
    "firstInputDelay": 62.67640232241871,
    "timestamp": 1773761535176
  },
  "runtime": {
    "memoryUsage": {
      "rss": 62455808,
      "heapUsed": 12058328,
      "heapTotal": 20643840,
      "external": 1969226
    },
    "startupTime": 328.16975,
    "cpuUsage": 169.392,
    "timestamp": 1773761535176
  },
  "violations": [],
  "recommendations": [
    "Largest file (index.js) is 100.0% of bundle - consider splitting or optimizing"
  ],
  "overallStatus": "pass"
}