{
  "timestamp": 1774510502530,
  "bundleSize": {
    "totalSize": 916,
    "gzippedSize": 423,
    "fileCount": 1,
    "largestFile": {
      "name": "index.js",
      "size": 916,
      "gzippedSize": 423
    },
    "breakdown": [
      {
        "name": "index.js",
        "size": 916,
        "gzippedSize": 423,
        "percentage": 100
      }
    ]
  },
  "webVitals": {
    "firstContentfulPaint": 1170.820689596429,
    "timeToInteractive": 2798.6628883638923,
    "largestContentfulPaint": 1508.4877981213738,
    "cumulativeLayoutShift": 0.0564280981376794,
    "firstInputDelay": 73.45062145700953,
    "timestamp": 1774510502530
  },
  "runtime": {
    "memoryUsage": {
      "rss": 53018624,
      "heapUsed": 12921648,
      "heapTotal": 19857408,
      "external": 1966361
    },
    "startupTime": 5729.854333,
    "cpuUsage": 203.195,
    "timestamp": 1774510502530
  },
  "violations": [],
  "recommendations": [
    "Largest file (index.js) is 100.0% of bundle - consider splitting or optimizing"
  ],
  "overallStatus": "pass"
}