{
  "timestamp": 1773843574370,
  "bundleSize": {
    "totalSize": 916,
    "gzippedSize": 423,
    "fileCount": 1,
    "largestFile": {
      "name": "index.js",
      "size": 916,
      "gzippedSize": 423
    },
    "breakdown": [
      {
        "name": "index.js",
        "size": 916,
        "gzippedSize": 423,
        "percentage": 100
      }
    ]
  },
  "webVitals": {
    "firstContentfulPaint": 1277.7645831169802,
    "timeToInteractive": 2229.273008852701,
    "largestContentfulPaint": 1895.5981428857976,
    "cumulativeLayoutShift": 0.04675037933981377,
    "firstInputDelay": 68.70245815171982,
    "timestamp": 1773843574370
  },
  "runtime": {
    "memoryUsage": {
      "rss": 61947904,
      "heapUsed": 12094208,
      "heapTotal": 19857408,
      "external": 1970916
    },
    "startupTime": 251.272333,
    "cpuUsage": 157.953,
    "timestamp": 1773843574370
  },
  "violations": [],
  "recommendations": [
    "Largest file (index.js) is 100.0% of bundle - consider splitting or optimizing"
  ],
  "overallStatus": "pass"
}