{
  "timestamp": 1773851850713,
  "bundleSize": {
    "totalSize": 916,
    "gzippedSize": 423,
    "fileCount": 1,
    "largestFile": {
      "name": "index.js",
      "size": 916,
      "gzippedSize": 423
    },
    "breakdown": [
      {
        "name": "index.js",
        "size": 916,
        "gzippedSize": 423,
        "percentage": 100
      }
    ]
  },
  "webVitals": {
    "firstContentfulPaint": 1368.520480844901,
    "timeToInteractive": 2904.0392867422024,
    "largestContentfulPaint": 1586.4405314213534,
    "cumulativeLayoutShift": 0.02027333185271667,
    "firstInputDelay": 72.01146384363021,
    "timestamp": 1773851850713
  },
  "runtime": {
    "memoryUsage": {
      "rss": 61997056,
      "heapUsed": 12239904,
      "heapTotal": 19857408,
      "external": 1969696
    },
    "startupTime": 316.026334,
    "cpuUsage": 160.879,
    "timestamp": 1773851850713
  },
  "violations": [],
  "recommendations": [
    "Largest file (index.js) is 100.0% of bundle - consider splitting or optimizing"
  ],
  "overallStatus": "pass"
}