{
  "timestamp": 1774437487892,
  "bundleSize": {
    "totalSize": 916,
    "gzippedSize": 423,
    "fileCount": 1,
    "largestFile": {
      "name": "index.js",
      "size": 916,
      "gzippedSize": 423
    },
    "breakdown": [
      {
        "name": "index.js",
        "size": 916,
        "gzippedSize": 423,
        "percentage": 100
      }
    ]
  },
  "webVitals": {
    "firstContentfulPaint": 1292.9301663701794,
    "timeToInteractive": 2552.263320607928,
    "largestContentfulPaint": 1788.2415976048205,
    "cumulativeLayoutShift": 0.013143446243899582,
    "firstInputDelay": 27.733763436892332,
    "timestamp": 1774437487892
  },
  "runtime": {
    "memoryUsage": {
      "rss": 61702144,
      "heapUsed": 12617440,
      "heapTotal": 19857408,
      "external": 1971431
    },
    "startupTime": 219.774791,
    "cpuUsage": 133.744,
    "timestamp": 1774437487892
  },
  "violations": [],
  "recommendations": [
    "Largest file (index.js) is 100.0% of bundle - consider splitting or optimizing"
  ],
  "overallStatus": "pass"
}