{
  "timestamp": 1774436753028,
  "bundleSize": {
    "totalSize": 916,
    "gzippedSize": 423,
    "fileCount": 1,
    "largestFile": {
      "name": "index.js",
      "size": 916,
      "gzippedSize": 423
    },
    "breakdown": [
      {
        "name": "index.js",
        "size": 916,
        "gzippedSize": 423,
        "percentage": 100
      }
    ]
  },
  "webVitals": {
    "firstContentfulPaint": 527.0929950839585,
    "timeToInteractive": 2369.6858714133355,
    "largestContentfulPaint": 2260.7912921765765,
    "cumulativeLayoutShift": 0.047225887582938136,
    "firstInputDelay": 36.80962040830485,
    "timestamp": 1774436753028
  },
  "runtime": {
    "memoryUsage": {
      "rss": 63586304,
      "heapUsed": 13829904,
      "heapTotal": 20840448,
      "external": 1965854
    },
    "startupTime": 208.360041,
    "cpuUsage": 135.041,
    "timestamp": 1774436753028
  },
  "violations": [],
  "recommendations": [
    "Largest file (index.js) is 100.0% of bundle - consider splitting or optimizing"
  ],
  "overallStatus": "pass"
}