{
  "timestamp": 1774561017784,
  "bundleSize": {
    "totalSize": 916,
    "gzippedSize": 423,
    "fileCount": 1,
    "largestFile": {
      "name": "index.js",
      "size": 916,
      "gzippedSize": 423
    },
    "breakdown": [
      {
        "name": "index.js",
        "size": 916,
        "gzippedSize": 423,
        "percentage": 100
      }
    ]
  },
  "webVitals": {
    "firstContentfulPaint": 1450.8326941739247,
    "timeToInteractive": 2566.9440660406244,
    "largestContentfulPaint": 1607.3994191947372,
    "cumulativeLayoutShift": 0.08423193117142505,
    "firstInputDelay": 44.174061318977664,
    "timestamp": 1774561017784
  },
  "runtime": {
    "memoryUsage": {
      "rss": 57556992,
      "heapUsed": 12862688,
      "heapTotal": 18022400,
      "external": 2752700
    },
    "startupTime": 184.92225,
    "cpuUsage": 101.932,
    "timestamp": 1774561017784
  },
  "violations": [],
  "recommendations": [
    "Largest file (index.js) is 100.0% of bundle - consider splitting or optimizing"
  ],
  "overallStatus": "pass"
}