{
  "timestamp": 1773918186556,
  "bundleSize": {
    "totalSize": 916,
    "gzippedSize": 423,
    "fileCount": 1,
    "largestFile": {
      "name": "index.js",
      "size": 916,
      "gzippedSize": 423
    },
    "breakdown": [
      {
        "name": "index.js",
        "size": 916,
        "gzippedSize": 423,
        "percentage": 100
      }
    ]
  },
  "webVitals": {
    "firstContentfulPaint": 1236.6674825222105,
    "timeToInteractive": 2712.0079007913973,
    "largestContentfulPaint": 2245.5774962062887,
    "cumulativeLayoutShift": 0.021124718520332597,
    "firstInputDelay": 68.74925101193477,
    "timestamp": 1773918186556
  },
  "runtime": {
    "memoryUsage": {
      "rss": 63373312,
      "heapUsed": 13620984,
      "heapTotal": 20512768,
      "external": 1970223
    },
    "startupTime": 241.864708,
    "cpuUsage": 144.165,
    "timestamp": 1773918186556
  },
  "violations": [],
  "recommendations": [
    "Largest file (index.js) is 100.0% of bundle - consider splitting or optimizing"
  ],
  "overallStatus": "pass"
}