{
  "timestamp": 1773675526642,
  "bundleSize": {
    "totalSize": 916,
    "gzippedSize": 423,
    "fileCount": 1,
    "largestFile": {
      "name": "index.js",
      "size": 916,
      "gzippedSize": 423
    },
    "breakdown": [
      {
        "name": "index.js",
        "size": 916,
        "gzippedSize": 423,
        "percentage": 100
      }
    ]
  },
  "webVitals": {
    "firstContentfulPaint": 1309.1397331004596,
    "timeToInteractive": 2034.8830869381911,
    "largestContentfulPaint": 1657.6404436777846,
    "cumulativeLayoutShift": 0.04959657578067005,
    "firstInputDelay": 37.75669988216279,
    "timestamp": 1773675526642
  },
  "runtime": {
    "memoryUsage": {
      "rss": 62013440,
      "heapUsed": 12077448,
      "heapTotal": 19857408,
      "external": 1969708
    },
    "startupTime": 283.608042,
    "cpuUsage": 156.168,
    "timestamp": 1773675526642
  },
  "violations": [],
  "recommendations": [
    "Largest file (index.js) is 100.0% of bundle - consider splitting or optimizing"
  ],
  "overallStatus": "pass"
}