{
  "timestamp": 1774297793811,
  "bundleSize": {
    "totalSize": 916,
    "gzippedSize": 423,
    "fileCount": 1,
    "largestFile": {
      "name": "index.js",
      "size": 916,
      "gzippedSize": 423
    },
    "breakdown": [
      {
        "name": "index.js",
        "size": 916,
        "gzippedSize": 423,
        "percentage": 100
      }
    ]
  },
  "webVitals": {
    "firstContentfulPaint": 786.3046249733752,
    "timeToInteractive": 2693.824765654334,
    "largestContentfulPaint": 1751.5583419632676,
    "cumulativeLayoutShift": 0.042308026035595914,
    "firstInputDelay": 29.57057494918025,
    "timestamp": 1774297793811
  },
  "runtime": {
    "memoryUsage": {
      "rss": 62046208,
      "heapUsed": 12736320,
      "heapTotal": 19857408,
      "external": 1970223
    },
    "startupTime": 266.086375,
    "cpuUsage": 155.411,
    "timestamp": 1774297793811
  },
  "violations": [],
  "recommendations": [
    "Largest file (index.js) is 100.0% of bundle - consider splitting or optimizing"
  ],
  "overallStatus": "pass"
}