{
  "timestamp": 1774351261385,
  "bundleSize": {
    "totalSize": 916,
    "gzippedSize": 423,
    "fileCount": 1,
    "largestFile": {
      "name": "index.js",
      "size": 916,
      "gzippedSize": 423
    },
    "breakdown": [
      {
        "name": "index.js",
        "size": 916,
        "gzippedSize": 423,
        "percentage": 100
      }
    ]
  },
  "webVitals": {
    "firstContentfulPaint": 1228.6666976191163,
    "timeToInteractive": 2830.055256884061,
    "largestContentfulPaint": 2006.5166135861741,
    "cumulativeLayoutShift": 0.08855766100478024,
    "firstInputDelay": 71.49390310682693,
    "timestamp": 1774351261385
  },
  "runtime": {
    "memoryUsage": {
      "rss": 57540608,
      "heapUsed": 12864416,
      "heapTotal": 18022400,
      "external": 2759012
    },
    "startupTime": 198.761875,
    "cpuUsage": 127.791,
    "timestamp": 1774351261385
  },
  "violations": [],
  "recommendations": [
    "Largest file (index.js) is 100.0% of bundle - consider splitting or optimizing"
  ],
  "overallStatus": "pass"
}