{
  "timestamp": 1774222788902,
  "bundleSize": {
    "totalSize": 916,
    "gzippedSize": 423,
    "fileCount": 1,
    "largestFile": {
      "name": "index.js",
      "size": 916,
      "gzippedSize": 423
    },
    "breakdown": [
      {
        "name": "index.js",
        "size": 916,
        "gzippedSize": 423,
        "percentage": 100
      }
    ]
  },
  "webVitals": {
    "firstContentfulPaint": 673.7603476910779,
    "timeToInteractive": 2071.1734774891393,
    "largestContentfulPaint": 1792.142681629165,
    "cumulativeLayoutShift": 0.06451371791526876,
    "firstInputDelay": 48.79957191192754,
    "timestamp": 1774222788902
  },
  "runtime": {
    "memoryUsage": {
      "rss": 62488576,
      "heapUsed": 12741640,
      "heapTotal": 19857408,
      "external": 1966361
    },
    "startupTime": 4152.972625,
    "cpuUsage": 209.075,
    "timestamp": 1774222788902
  },
  "violations": [],
  "recommendations": [
    "Largest file (index.js) is 100.0% of bundle - consider splitting or optimizing"
  ],
  "overallStatus": "pass"
}