{
  "timestamp": 1773884957710,
  "bundleSize": {
    "totalSize": 916,
    "gzippedSize": 423,
    "fileCount": 1,
    "largestFile": {
      "name": "index.js",
      "size": 916,
      "gzippedSize": 423
    },
    "breakdown": [
      {
        "name": "index.js",
        "size": 916,
        "gzippedSize": 423,
        "percentage": 100
      }
    ]
  },
  "webVitals": {
    "firstContentfulPaint": 688.6536176503998,
    "timeToInteractive": 2282.685020076029,
    "largestContentfulPaint": 1811.8241260365346,
    "cumulativeLayoutShift": 0.011591881062553266,
    "firstInputDelay": 53.095041905907024,
    "timestamp": 1773884957710
  },
  "runtime": {
    "memoryUsage": {
      "rss": 63225856,
      "heapUsed": 13678712,
      "heapTotal": 20217856,
      "external": 1970211
    },
    "startupTime": 550.474583,
    "cpuUsage": 177.566,
    "timestamp": 1773884957710
  },
  "violations": [],
  "recommendations": [
    "Largest file (index.js) is 100.0% of bundle - consider splitting or optimizing"
  ],
  "overallStatus": "pass"
}