{
  "timestamp": 1774212405445,
  "bundleSize": {
    "totalSize": 916,
    "gzippedSize": 423,
    "fileCount": 1,
    "largestFile": {
      "name": "index.js",
      "size": 916,
      "gzippedSize": 423
    },
    "breakdown": [
      {
        "name": "index.js",
        "size": 916,
        "gzippedSize": 423,
        "percentage": 100
      }
    ]
  },
  "webVitals": {
    "firstContentfulPaint": 1221.0953831020643,
    "timeToInteractive": 2212.224628416319,
    "largestContentfulPaint": 2143.629315991661,
    "cumulativeLayoutShift": 0.058846785560901574,
    "firstInputDelay": 58.87942088513911,
    "timestamp": 1774212405445
  },
  "runtime": {
    "memoryUsage": {
      "rss": 58818560,
      "heapUsed": 12742184,
      "heapTotal": 19857408,
      "external": 1966361
    },
    "startupTime": 4410.731959,
    "cpuUsage": 198.285,
    "timestamp": 1774212405445
  },
  "violations": [],
  "recommendations": [
    "Largest file (index.js) is 100.0% of bundle - consider splitting or optimizing"
  ],
  "overallStatus": "pass"
}