{
  "timestamp": 1774514686072,
  "bundleSize": {
    "totalSize": 916,
    "gzippedSize": 423,
    "fileCount": 1,
    "largestFile": {
      "name": "index.js",
      "size": 916,
      "gzippedSize": 423
    },
    "breakdown": [
      {
        "name": "index.js",
        "size": 916,
        "gzippedSize": 423,
        "percentage": 100
      }
    ]
  },
  "webVitals": {
    "firstContentfulPaint": 1438.0929794055442,
    "timeToInteractive": 2062.341054450936,
    "largestContentfulPaint": 2479.0510002048604,
    "cumulativeLayoutShift": 0.09608356992848016,
    "firstInputDelay": 27.371418557414128,
    "timestamp": 1774514686072
  },
  "runtime": {
    "memoryUsage": {
      "rss": 61734912,
      "heapUsed": 12317952,
      "heapTotal": 20119552,
      "external": 1970223
    },
    "startupTime": 288.404708,
    "cpuUsage": 159.666,
    "timestamp": 1774514686072
  },
  "violations": [],
  "recommendations": [
    "Largest file (index.js) is 100.0% of bundle - consider splitting or optimizing"
  ],
  "overallStatus": "pass"
}