{
  "timestamp": 1774465694574,
  "bundleSize": {
    "totalSize": 916,
    "gzippedSize": 423,
    "fileCount": 1,
    "largestFile": {
      "name": "index.js",
      "size": 916,
      "gzippedSize": 423
    },
    "breakdown": [
      {
        "name": "index.js",
        "size": 916,
        "gzippedSize": 423,
        "percentage": 100
      }
    ]
  },
  "webVitals": {
    "firstContentfulPaint": 1050.383383801115,
    "timeToInteractive": 2341.5952252271027,
    "largestContentfulPaint": 2174.232846021121,
    "cumulativeLayoutShift": 0.09860939361733981,
    "firstInputDelay": 27.528323887590055,
    "timestamp": 1774465694574
  },
  "runtime": {
    "memoryUsage": {
      "rss": 62275584,
      "heapUsed": 12633624,
      "heapTotal": 20119552,
      "external": 1971526
    },
    "startupTime": 201.391041,
    "cpuUsage": 133.884,
    "timestamp": 1774465694574
  },
  "violations": [],
  "recommendations": [
    "Largest file (index.js) is 100.0% of bundle - consider splitting or optimizing"
  ],
  "overallStatus": "pass"
}