{
  "timestamp": 1774276943144,
  "bundleSize": {
    "totalSize": 916,
    "gzippedSize": 423,
    "fileCount": 1,
    "largestFile": {
      "name": "index.js",
      "size": 916,
      "gzippedSize": 423
    },
    "breakdown": [
      {
        "name": "index.js",
        "size": 916,
        "gzippedSize": 423,
        "percentage": 100
      }
    ]
  },
  "webVitals": {
    "firstContentfulPaint": 1044.4858127505868,
    "timeToInteractive": 2491.959912793931,
    "largestContentfulPaint": 2060.0606477739693,
    "cumulativeLayoutShift": 0.025671946263296965,
    "firstInputDelay": 59.96483261378744,
    "timestamp": 1774276943144
  },
  "runtime": {
    "memoryUsage": {
      "rss": 62668800,
      "heapUsed": 13401824,
      "heapTotal": 20381696,
      "external": 1965854
    },
    "startupTime": 193.547375,
    "cpuUsage": 137.046,
    "timestamp": 1774276943144
  },
  "violations": [],
  "recommendations": [
    "Largest file (index.js) is 100.0% of bundle - consider splitting or optimizing"
  ],
  "overallStatus": "pass"
}