{
  "timestamp": 1774018353973,
  "bundleSize": {
    "totalSize": 916,
    "gzippedSize": 423,
    "fileCount": 1,
    "largestFile": {
      "name": "index.js",
      "size": 916,
      "gzippedSize": 423
    },
    "breakdown": [
      {
        "name": "index.js",
        "size": 916,
        "gzippedSize": 423,
        "percentage": 100
      }
    ]
  },
  "webVitals": {
    "firstContentfulPaint": 1017.7404206272704,
    "timeToInteractive": 2273.548710705437,
    "largestContentfulPaint": 1894.06237164815,
    "cumulativeLayoutShift": 0.0036627329192314042,
    "firstInputDelay": 30.358013299678955,
    "timestamp": 1774018353973
  },
  "runtime": {
    "memoryUsage": {
      "rss": 59490304,
      "heapUsed": 11760560,
      "heapTotal": 19857408,
      "external": 1968912
    },
    "startupTime": 327.564334,
    "cpuUsage": 172.644,
    "timestamp": 1774018353973
  },
  "violations": [],
  "recommendations": [
    "Largest file (index.js) is 100.0% of bundle - consider splitting or optimizing"
  ],
  "overallStatus": "pass"
}