{
  "timestamp": 1774278989117,
  "bundleSize": {
    "totalSize": 916,
    "gzippedSize": 423,
    "fileCount": 1,
    "largestFile": {
      "name": "index.js",
      "size": 916,
      "gzippedSize": 423
    },
    "breakdown": [
      {
        "name": "index.js",
        "size": 916,
        "gzippedSize": 423,
        "percentage": 100
      }
    ]
  },
  "webVitals": {
    "firstContentfulPaint": 575.6256269320293,
    "timeToInteractive": 2613.5695067718025,
    "largestContentfulPaint": 2350.321950616238,
    "cumulativeLayoutShift": 0.044266079667020675,
    "firstInputDelay": 60.593504429726366,
    "timestamp": 1774278989116
  },
  "runtime": {
    "memoryUsage": {
      "rss": 61915136,
      "heapUsed": 12417624,
      "heapTotal": 19857408,
      "external": 1965621
    },
    "startupTime": 534.635834,
    "cpuUsage": 199.245,
    "timestamp": 1774278989117
  },
  "violations": [],
  "recommendations": [
    "Largest file (index.js) is 100.0% of bundle - consider splitting or optimizing"
  ],
  "overallStatus": "pass"
}