{
  "timestamp": 1774279684211,
  "bundleSize": {
    "totalSize": 916,
    "gzippedSize": 423,
    "fileCount": 1,
    "largestFile": {
      "name": "index.js",
      "size": 916,
      "gzippedSize": 423
    },
    "breakdown": [
      {
        "name": "index.js",
        "size": 916,
        "gzippedSize": 423,
        "percentage": 100
      }
    ]
  },
  "webVitals": {
    "firstContentfulPaint": 1371.4847637800347,
    "timeToInteractive": 2977.2046153414067,
    "largestContentfulPaint": 2270.5567364170047,
    "cumulativeLayoutShift": 0.03886673278935935,
    "firstInputDelay": 36.02248202839435,
    "timestamp": 1774279684211
  },
  "runtime": {
    "memoryUsage": {
      "rss": 43958272,
      "heapUsed": 11560376,
      "heapTotal": 15400960,
      "external": 1963362
    },
    "startupTime": 14365.528125,
    "cpuUsage": 340.814,
    "timestamp": 1774279684211
  },
  "violations": [],
  "recommendations": [
    "Largest file (index.js) is 100.0% of bundle - consider splitting or optimizing"
  ],
  "overallStatus": "pass"
}