{
  "timestamp": 1773888623132,
  "bundleSize": {
    "totalSize": 916,
    "gzippedSize": 423,
    "fileCount": 1,
    "largestFile": {
      "name": "index.js",
      "size": 916,
      "gzippedSize": 423
    },
    "breakdown": [
      {
        "name": "index.js",
        "size": 916,
        "gzippedSize": 423,
        "percentage": 100
      }
    ]
  },
  "webVitals": {
    "firstContentfulPaint": 1086.1353164391844,
    "timeToInteractive": 2981.6311243527425,
    "largestContentfulPaint": 2467.8357971979744,
    "cumulativeLayoutShift": 0.04718980727121389,
    "firstInputDelay": 47.5485324038181,
    "timestamp": 1773888623132
  },
  "runtime": {
    "memoryUsage": {
      "rss": 62980096,
      "heapUsed": 13618392,
      "heapTotal": 20217856,
      "external": 1970211
    },
    "startupTime": 317.391708,
    "cpuUsage": 164.929,
    "timestamp": 1773888623132
  },
  "violations": [],
  "recommendations": [
    "Largest file (index.js) is 100.0% of bundle - consider splitting or optimizing"
  ],
  "overallStatus": "pass"
}