{
  "timestamp": 1774541652352,
  "bundleSize": {
    "totalSize": 916,
    "gzippedSize": 423,
    "fileCount": 1,
    "largestFile": {
      "name": "index.js",
      "size": 916,
      "gzippedSize": 423
    },
    "breakdown": [
      {
        "name": "index.js",
        "size": 916,
        "gzippedSize": 423,
        "percentage": 100
      }
    ]
  },
  "webVitals": {
    "firstContentfulPaint": 1246.828847284537,
    "timeToInteractive": 2468.7881063578375,
    "largestContentfulPaint": 2465.050870663164,
    "cumulativeLayoutShift": 0.09996818550424576,
    "firstInputDelay": 73.81232346069494,
    "timestamp": 1774541652352
  },
  "runtime": {
    "memoryUsage": {
      "rss": 61095936,
      "heapUsed": 12189856,
      "heapTotal": 20119552,
      "external": 1966373
    },
    "startupTime": 2146.763875,
    "cpuUsage": 181.317,
    "timestamp": 1774541652352
  },
  "violations": [],
  "recommendations": [
    "Largest file (index.js) is 100.0% of bundle - consider splitting or optimizing"
  ],
  "overallStatus": "pass"
}