{
  "timestamp": 1774512391646,
  "bundleSize": {
    "totalSize": 916,
    "gzippedSize": 423,
    "fileCount": 1,
    "largestFile": {
      "name": "index.js",
      "size": 916,
      "gzippedSize": 423
    },
    "breakdown": [
      {
        "name": "index.js",
        "size": 916,
        "gzippedSize": 423,
        "percentage": 100
      }
    ]
  },
  "webVitals": {
    "firstContentfulPaint": 1342.4364011535608,
    "timeToInteractive": 2099.4955072711714,
    "largestContentfulPaint": 2194.5275565836855,
    "cumulativeLayoutShift": 0.04604978303318255,
    "firstInputDelay": 57.46345748423335,
    "timestamp": 1774512391646
  },
  "runtime": {
    "memoryUsage": {
      "rss": 62029824,
      "heapUsed": 12366104,
      "heapTotal": 20119552,
      "external": 1965320
    },
    "startupTime": 3442.257666,
    "cpuUsage": 183.617,
    "timestamp": 1774512391646
  },
  "violations": [],
  "recommendations": [
    "Largest file (index.js) is 100.0% of bundle - consider splitting or optimizing"
  ],
  "overallStatus": "pass"
}