{
  "timestamp": 1774611401237,
  "bundleSize": {
    "totalSize": 916,
    "gzippedSize": 423,
    "fileCount": 1,
    "largestFile": {
      "name": "index.js",
      "size": 916,
      "gzippedSize": 423
    },
    "breakdown": [
      {
        "name": "index.js",
        "size": 916,
        "gzippedSize": 423,
        "percentage": 100
      }
    ]
  },
  "webVitals": {
    "firstContentfulPaint": 1119.1451734776342,
    "timeToInteractive": 2702.364937874651,
    "largestContentfulPaint": 2116.9847671799394,
    "cumulativeLayoutShift": 0.012896941838323128,
    "firstInputDelay": 51.010997450422295,
    "timestamp": 1774611401237
  },
  "runtime": {
    "memoryUsage": {
      "rss": 62865408,
      "heapUsed": 13474168,
      "heapTotal": 20414464,
      "external": 1971725
    },
    "startupTime": 633.462583,
    "cpuUsage": 195.544,
    "timestamp": 1774611401237
  },
  "violations": [],
  "recommendations": [
    "Largest file (index.js) is 100.0% of bundle - consider splitting or optimizing"
  ],
  "overallStatus": "pass"
}