{
  "timestamp": 1774730988509,
  "bundleSize": {
    "totalSize": 916,
    "gzippedSize": 423,
    "fileCount": 1,
    "largestFile": {
      "name": "index.js",
      "size": 916,
      "gzippedSize": 423
    },
    "breakdown": [
      {
        "name": "index.js",
        "size": 916,
        "gzippedSize": 423,
        "percentage": 100
      }
    ]
  },
  "webVitals": {
    "firstContentfulPaint": 1142.4385218738296,
    "timeToInteractive": 2229.6652302768266,
    "largestContentfulPaint": 1973.9707411591444,
    "cumulativeLayoutShift": 0.05614200735190433,
    "firstInputDelay": 65.93975516624698,
    "timestamp": 1774730988509
  },
  "runtime": {
    "memoryUsage": {
      "rss": 62472192,
      "heapUsed": 12736576,
      "heapTotal": 20381696,
      "external": 1970244
    },
    "startupTime": 521.501792,
    "cpuUsage": 181.765,
    "timestamp": 1774730988509
  },
  "violations": [],
  "recommendations": [
    "Largest file (index.js) is 100.0% of bundle - consider splitting or optimizing"
  ],
  "overallStatus": "pass"
}