{
  "timestamp": 1773753958831,
  "bundleSize": {
    "totalSize": 916,
    "gzippedSize": 423,
    "fileCount": 1,
    "largestFile": {
      "name": "index.js",
      "size": 916,
      "gzippedSize": 423
    },
    "breakdown": [
      {
        "name": "index.js",
        "size": 916,
        "gzippedSize": 423,
        "percentage": 100
      }
    ]
  },
  "webVitals": {
    "firstContentfulPaint": 580.934014581995,
    "timeToInteractive": 2821.0451589126524,
    "largestContentfulPaint": 2332.9724858586405,
    "cumulativeLayoutShift": 0.0059681499090813665,
    "firstInputDelay": 54.80279482267943,
    "timestamp": 1773753958831
  },
  "runtime": {
    "memoryUsage": {
      "rss": 62455808,
      "heapUsed": 11996560,
      "heapTotal": 20119552,
      "external": 1968701
    },
    "startupTime": 391.959625,
    "cpuUsage": 183.258,
    "timestamp": 1773753958831
  },
  "violations": [],
  "recommendations": [
    "Largest file (index.js) is 100.0% of bundle - consider splitting or optimizing"
  ],
  "overallStatus": "pass"
}