{
  "timestamp": 1774445386620,
  "bundleSize": {
    "totalSize": 916,
    "gzippedSize": 423,
    "fileCount": 1,
    "largestFile": {
      "name": "index.js",
      "size": 916,
      "gzippedSize": 423
    },
    "breakdown": [
      {
        "name": "index.js",
        "size": 916,
        "gzippedSize": 423,
        "percentage": 100
      }
    ]
  },
  "webVitals": {
    "firstContentfulPaint": 991.9450014388218,
    "timeToInteractive": 2360.3636722261117,
    "largestContentfulPaint": 2335.8486323458787,
    "cumulativeLayoutShift": 0.06877432222641304,
    "firstInputDelay": 74.04059541618808,
    "timestamp": 1774445386619
  },
  "runtime": {
    "memoryUsage": {
      "rss": 61734912,
      "heapUsed": 12505440,
      "heapTotal": 19857408,
      "external": 1970223
    },
    "startupTime": 244.160834,
    "cpuUsage": 144.117,
    "timestamp": 1774445386620
  },
  "violations": [],
  "recommendations": [
    "Largest file (index.js) is 100.0% of bundle - consider splitting or optimizing"
  ],
  "overallStatus": "pass"
}