{
  "timestamp": 1774309660285,
  "bundleSize": {
    "totalSize": 916,
    "gzippedSize": 423,
    "fileCount": 1,
    "largestFile": {
      "name": "index.js",
      "size": 916,
      "gzippedSize": 423
    },
    "breakdown": [
      {
        "name": "index.js",
        "size": 916,
        "gzippedSize": 423,
        "percentage": 100
      }
    ]
  },
  "webVitals": {
    "firstContentfulPaint": 1031.2479576507044,
    "timeToInteractive": 2654.0097785612106,
    "largestContentfulPaint": 2216.475652130291,
    "cumulativeLayoutShift": 0.09715728891989604,
    "firstInputDelay": 27.04313559572129,
    "timestamp": 1774309660285
  },
  "runtime": {
    "memoryUsage": {
      "rss": 62701568,
      "heapUsed": 12352760,
      "heapTotal": 20381696,
      "external": 1970436
    },
    "startupTime": 264.199625,
    "cpuUsage": 154.172,
    "timestamp": 1774309660285
  },
  "violations": [],
  "recommendations": [
    "Largest file (index.js) is 100.0% of bundle - consider splitting or optimizing"
  ],
  "overallStatus": "pass"
}