{
  "timestamp": 1773775614153,
  "bundleSize": {
    "totalSize": 916,
    "gzippedSize": 423,
    "fileCount": 1,
    "largestFile": {
      "name": "index.js",
      "size": 916,
      "gzippedSize": 423
    },
    "breakdown": [
      {
        "name": "index.js",
        "size": 916,
        "gzippedSize": 423,
        "percentage": 100
      }
    ]
  },
  "webVitals": {
    "firstContentfulPaint": 697.2278707597055,
    "timeToInteractive": 2398.6187971563754,
    "largestContentfulPaint": 2182.891093037182,
    "cumulativeLayoutShift": 0.0025612188202618347,
    "firstInputDelay": 64.61271873104567,
    "timestamp": 1773775614153
  },
  "runtime": {
    "memoryUsage": {
      "rss": 62062592,
      "heapUsed": 12240480,
      "heapTotal": 19857408,
      "external": 1969696
    },
    "startupTime": 325.912333,
    "cpuUsage": 163.681,
    "timestamp": 1773775614153
  },
  "violations": [],
  "recommendations": [
    "Largest file (index.js) is 100.0% of bundle - consider splitting or optimizing"
  ],
  "overallStatus": "pass"
}