{
  "timestamp": 1774538675997,
  "bundleSize": {
    "totalSize": 916,
    "gzippedSize": 423,
    "fileCount": 1,
    "largestFile": {
      "name": "index.js",
      "size": 916,
      "gzippedSize": 423
    },
    "breakdown": [
      {
        "name": "index.js",
        "size": 916,
        "gzippedSize": 423,
        "percentage": 100
      }
    ]
  },
  "webVitals": {
    "firstContentfulPaint": 1242.3496999911285,
    "timeToInteractive": 2960.167345499174,
    "largestContentfulPaint": 2290.1289531326106,
    "cumulativeLayoutShift": 0.06970050347983019,
    "firstInputDelay": 35.82503384165062,
    "timestamp": 1774538675997
  },
  "runtime": {
    "memoryUsage": {
      "rss": 62701568,
      "heapUsed": 12768872,
      "heapTotal": 20742144,
      "external": 1965706
    },
    "startupTime": 671.509833,
    "cpuUsage": 202.318,
    "timestamp": 1774538675997
  },
  "violations": [],
  "recommendations": [
    "Largest file (index.js) is 100.0% of bundle - consider splitting or optimizing"
  ],
  "overallStatus": "pass"
}