{
  "timestamp": 1774511725284,
  "bundleSize": {
    "totalSize": 916,
    "gzippedSize": 423,
    "fileCount": 1,
    "largestFile": {
      "name": "index.js",
      "size": 916,
      "gzippedSize": 423
    },
    "breakdown": [
      {
        "name": "index.js",
        "size": 916,
        "gzippedSize": 423,
        "percentage": 100
      }
    ]
  },
  "webVitals": {
    "firstContentfulPaint": 500.758831545711,
    "timeToInteractive": 2991.673289866483,
    "largestContentfulPaint": 2305.3589691164934,
    "cumulativeLayoutShift": 0.05069319238049641,
    "firstInputDelay": 49.55446241241741,
    "timestamp": 1774511725284
  },
  "runtime": {
    "memoryUsage": {
      "rss": 46727168,
      "heapUsed": 10637136,
      "heapTotal": 11993088,
      "external": 1961861
    },
    "startupTime": 14818.657333,
    "cpuUsage": 241.123,
    "timestamp": 1774511725284
  },
  "violations": [],
  "recommendations": [
    "Largest file (index.js) is 100.0% of bundle - consider splitting or optimizing"
  ],
  "overallStatus": "pass"
}