{
  "timestamp": 1773947538729,
  "bundleSize": {
    "totalSize": 916,
    "gzippedSize": 423,
    "fileCount": 1,
    "largestFile": {
      "name": "index.js",
      "size": 916,
      "gzippedSize": 423
    },
    "breakdown": [
      {
        "name": "index.js",
        "size": 916,
        "gzippedSize": 423,
        "percentage": 100
      }
    ]
  },
  "webVitals": {
    "firstContentfulPaint": 707.7679978442146,
    "timeToInteractive": 2769.0924103683237,
    "largestContentfulPaint": 2316.980186101095,
    "cumulativeLayoutShift": 0.027341162723695158,
    "firstInputDelay": 27.542314535808167,
    "timestamp": 1773947538728
  },
  "runtime": {
    "memoryUsage": {
      "rss": 62423040,
      "heapUsed": 12502088,
      "heapTotal": 19857408,
      "external": 1970223
    },
    "startupTime": 305.336125,
    "cpuUsage": 163.469,
    "timestamp": 1773947538729
  },
  "violations": [],
  "recommendations": [
    "Largest file (index.js) is 100.0% of bundle - consider splitting or optimizing"
  ],
  "overallStatus": "pass"
}