{
  "timestamp": 1774664601571,
  "bundleSize": {
    "totalSize": 916,
    "gzippedSize": 423,
    "fileCount": 1,
    "largestFile": {
      "name": "index.js",
      "size": 916,
      "gzippedSize": 423
    },
    "breakdown": [
      {
        "name": "index.js",
        "size": 916,
        "gzippedSize": 423,
        "percentage": 100
      }
    ]
  },
  "webVitals": {
    "firstContentfulPaint": 753.8722563047411,
    "timeToInteractive": 2245.623109304829,
    "largestContentfulPaint": 1759.1725726749391,
    "cumulativeLayoutShift": 0.034938764774579516,
    "firstInputDelay": 31.072926620231456,
    "timestamp": 1774664601571
  },
  "runtime": {
    "memoryUsage": {
      "rss": 60735488,
      "heapUsed": 12746728,
      "heapTotal": 20119552,
      "external": 1971717
    },
    "startupTime": 416.773042,
    "cpuUsage": 171.577,
    "timestamp": 1774664601571
  },
  "violations": [],
  "recommendations": [
    "Largest file (index.js) is 100.0% of bundle - consider splitting or optimizing"
  ],
  "overallStatus": "pass"
}