{
  "timestamp": 1773920838797,
  "bundleSize": {
    "totalSize": 916,
    "gzippedSize": 423,
    "fileCount": 1,
    "largestFile": {
      "name": "index.js",
      "size": 916,
      "gzippedSize": 423
    },
    "breakdown": [
      {
        "name": "index.js",
        "size": 916,
        "gzippedSize": 423,
        "percentage": 100
      }
    ]
  },
  "webVitals": {
    "firstContentfulPaint": 1150.7167609626308,
    "timeToInteractive": 2838.4576163021916,
    "largestContentfulPaint": 2161.4654532502427,
    "cumulativeLayoutShift": 0.0794348601887291,
    "firstInputDelay": 54.46287367576588,
    "timestamp": 1773920838796
  },
  "runtime": {
    "memoryUsage": {
      "rss": 61898752,
      "heapUsed": 12660624,
      "heapTotal": 19857408,
      "external": 1965899
    },
    "startupTime": 333.105625,
    "cpuUsage": 185.701,
    "timestamp": 1773920838797
  },
  "violations": [],
  "recommendations": [
    "Largest file (index.js) is 100.0% of bundle - consider splitting or optimizing"
  ],
  "overallStatus": "pass"
}