{
  "timestamp": 1773688370737,
  "bundleSize": {
    "totalSize": 916,
    "gzippedSize": 423,
    "fileCount": 1,
    "largestFile": {
      "name": "index.js",
      "size": 916,
      "gzippedSize": 423
    },
    "breakdown": [
      {
        "name": "index.js",
        "size": 916,
        "gzippedSize": 423,
        "percentage": 100
      }
    ]
  },
  "webVitals": {
    "firstContentfulPaint": 1355.4874083272089,
    "timeToInteractive": 2169.241385906087,
    "largestContentfulPaint": 2409.253257523685,
    "cumulativeLayoutShift": 0.02748342432143294,
    "firstInputDelay": 40.343516321445925,
    "timestamp": 1773688370737
  },
  "runtime": {
    "memoryUsage": {
      "rss": 59899904,
      "heapUsed": 12228952,
      "heapTotal": 19595264,
      "external": 1965845
    },
    "startupTime": 2755.254125,
    "cpuUsage": 197.351,
    "timestamp": 1773688370737
  },
  "violations": [],
  "recommendations": [
    "Largest file (index.js) is 100.0% of bundle - consider splitting or optimizing"
  ],
  "overallStatus": "pass"
}