{
  "timestamp": 1773851869671,
  "bundleSize": {
    "totalSize": 916,
    "gzippedSize": 423,
    "fileCount": 1,
    "largestFile": {
      "name": "index.js",
      "size": 916,
      "gzippedSize": 423
    },
    "breakdown": [
      {
        "name": "index.js",
        "size": 916,
        "gzippedSize": 423,
        "percentage": 100
      }
    ]
  },
  "webVitals": {
    "firstContentfulPaint": 1375.9148226753641,
    "timeToInteractive": 2274.199838891686,
    "largestContentfulPaint": 2473.14408153141,
    "cumulativeLayoutShift": 0.024795185285377698,
    "firstInputDelay": 35.321414162003386,
    "timestamp": 1773851869671
  },
  "runtime": {
    "memoryUsage": {
      "rss": 61800448,
      "heapUsed": 12015248,
      "heapTotal": 20381696,
      "external": 1968701
    },
    "startupTime": 404.262542,
    "cpuUsage": 181.117,
    "timestamp": 1773851869671
  },
  "violations": [],
  "recommendations": [
    "Largest file (index.js) is 100.0% of bundle - consider splitting or optimizing"
  ],
  "overallStatus": "pass"
}