{
  "timestamp": 1774008368031,
  "bundleSize": {
    "totalSize": 916,
    "gzippedSize": 423,
    "fileCount": 1,
    "largestFile": {
      "name": "index.js",
      "size": 916,
      "gzippedSize": 423
    },
    "breakdown": [
      {
        "name": "index.js",
        "size": 916,
        "gzippedSize": 423,
        "percentage": 100
      }
    ]
  },
  "webVitals": {
    "firstContentfulPaint": 525.7676186316667,
    "timeToInteractive": 2343.8536819256133,
    "largestContentfulPaint": 1873.440916188137,
    "cumulativeLayoutShift": 0.024230114259623337,
    "firstInputDelay": 43.366219093732916,
    "timestamp": 1774008368031
  },
  "runtime": {
    "memoryUsage": {
      "rss": 63111168,
      "heapUsed": 13413312,
      "heapTotal": 20119552,
      "external": 1970223
    },
    "startupTime": 330.390542,
    "cpuUsage": 176.647,
    "timestamp": 1774008368031
  },
  "violations": [],
  "recommendations": [
    "Largest file (index.js) is 100.0% of bundle - consider splitting or optimizing"
  ],
  "overallStatus": "pass"
}