{
  "timestamp": 1774197953142,
  "bundleSize": {
    "totalSize": 916,
    "gzippedSize": 423,
    "fileCount": 1,
    "largestFile": {
      "name": "index.js",
      "size": 916,
      "gzippedSize": 423
    },
    "breakdown": [
      {
        "name": "index.js",
        "size": 916,
        "gzippedSize": 423,
        "percentage": 100
      }
    ]
  },
  "webVitals": {
    "firstContentfulPaint": 1250.5801661301357,
    "timeToInteractive": 2652.1195659396317,
    "largestContentfulPaint": 2374.466454850135,
    "cumulativeLayoutShift": 0.005704838142139979,
    "firstInputDelay": 68.33434730296344,
    "timestamp": 1774197953142
  },
  "runtime": {
    "memoryUsage": {
      "rss": 62734336,
      "heapUsed": 12933336,
      "heapTotal": 20152320,
      "external": 1971431
    },
    "startupTime": 255.94625,
    "cpuUsage": 165.801,
    "timestamp": 1774197953142
  },
  "violations": [],
  "recommendations": [
    "Largest file (index.js) is 100.0% of bundle - consider splitting or optimizing"
  ],
  "overallStatus": "pass"
}