{
  "timestamp": 1774559697726,
  "bundleSize": {
    "totalSize": 916,
    "gzippedSize": 423,
    "fileCount": 1,
    "largestFile": {
      "name": "index.js",
      "size": 916,
      "gzippedSize": 423
    },
    "breakdown": [
      {
        "name": "index.js",
        "size": 916,
        "gzippedSize": 423,
        "percentage": 100
      }
    ]
  },
  "webVitals": {
    "firstContentfulPaint": 502.4363414440882,
    "timeToInteractive": 2044.9846300230913,
    "largestContentfulPaint": 1596.51864967752,
    "cumulativeLayoutShift": 0.021767558660738984,
    "firstInputDelay": 56.929424695270455,
    "timestamp": 1774559697726
  },
  "runtime": {
    "memoryUsage": {
      "rss": 62210048,
      "heapUsed": 12485888,
      "heapTotal": 19857408,
      "external": 1965854
    },
    "startupTime": 207.628708,
    "cpuUsage": 134.754,
    "timestamp": 1774559697726
  },
  "violations": [],
  "recommendations": [
    "Largest file (index.js) is 100.0% of bundle - consider splitting or optimizing"
  ],
  "overallStatus": "pass"
}