{
  "timestamp": 1774198095739,
  "bundleSize": {
    "totalSize": 916,
    "gzippedSize": 423,
    "fileCount": 1,
    "largestFile": {
      "name": "index.js",
      "size": 916,
      "gzippedSize": 423
    },
    "breakdown": [
      {
        "name": "index.js",
        "size": 916,
        "gzippedSize": 423,
        "percentage": 100
      }
    ]
  },
  "webVitals": {
    "firstContentfulPaint": 1330.9272331205607,
    "timeToInteractive": 2705.129578187899,
    "largestContentfulPaint": 1598.4012595265428,
    "cumulativeLayoutShift": 0.005073944458149216,
    "firstInputDelay": 64.37618649422237,
    "timestamp": 1774198095739
  },
  "runtime": {
    "memoryUsage": {
      "rss": 57311232,
      "heapUsed": 12866080,
      "heapTotal": 18022400,
      "external": 2741828
    },
    "startupTime": 175.287333,
    "cpuUsage": 115.519,
    "timestamp": 1774198095739
  },
  "violations": [],
  "recommendations": [
    "Largest file (index.js) is 100.0% of bundle - consider splitting or optimizing"
  ],
  "overallStatus": "pass"
}