{
  "timestamp": 1774268176569,
  "bundleSize": {
    "totalSize": 916,
    "gzippedSize": 423,
    "fileCount": 1,
    "largestFile": {
      "name": "index.js",
      "size": 916,
      "gzippedSize": 423
    },
    "breakdown": [
      {
        "name": "index.js",
        "size": 916,
        "gzippedSize": 423,
        "percentage": 100
      }
    ]
  },
  "webVitals": {
    "firstContentfulPaint": 1352.113399126113,
    "timeToInteractive": 2561.3793557279278,
    "largestContentfulPaint": 1763.9365039908944,
    "cumulativeLayoutShift": 0.009493781441377469,
    "firstInputDelay": 39.68261519771029,
    "timestamp": 1774268176562
  },
  "runtime": {
    "memoryUsage": {
      "rss": 59752448,
      "heapUsed": 12660032,
      "heapTotal": 20119552,
      "external": 1966360
    },
    "startupTime": 3548.844625,
    "cpuUsage": 192.386,
    "timestamp": 1774268176563
  },
  "violations": [],
  "recommendations": [
    "Largest file (index.js) is 100.0% of bundle - consider splitting or optimizing"
  ],
  "overallStatus": "pass"
}