{
  "timestamp": 1774035171458,
  "bundleSize": {
    "totalSize": 916,
    "gzippedSize": 423,
    "fileCount": 1,
    "largestFile": {
      "name": "index.js",
      "size": 916,
      "gzippedSize": 423
    },
    "breakdown": [
      {
        "name": "index.js",
        "size": 916,
        "gzippedSize": 423,
        "percentage": 100
      }
    ]
  },
  "webVitals": {
    "firstContentfulPaint": 500.8241806638396,
    "timeToInteractive": 2295.3295769913134,
    "largestContentfulPaint": 2352.274060172792,
    "cumulativeLayoutShift": 0.07861929194194939,
    "firstInputDelay": 64.32780535459614,
    "timestamp": 1774035171458
  },
  "runtime": {
    "memoryUsage": {
      "rss": 58507264,
      "heapUsed": 12757976,
      "heapTotal": 19857408,
      "external": 1966360
    },
    "startupTime": 2210.233333,
    "cpuUsage": 227.049,
    "timestamp": 1774035171458
  },
  "violations": [],
  "recommendations": [
    "Largest file (index.js) is 100.0% of bundle - consider splitting or optimizing"
  ],
  "overallStatus": "pass"
}