{
  "timestamp": 1774437747028,
  "bundleSize": {
    "totalSize": 916,
    "gzippedSize": 423,
    "fileCount": 1,
    "largestFile": {
      "name": "index.js",
      "size": 916,
      "gzippedSize": 423
    },
    "breakdown": [
      {
        "name": "index.js",
        "size": 916,
        "gzippedSize": 423,
        "percentage": 100
      }
    ]
  },
  "webVitals": {
    "firstContentfulPaint": 1390.4404517427927,
    "timeToInteractive": 2868.0008682354123,
    "largestContentfulPaint": 1667.0769034763844,
    "cumulativeLayoutShift": 0.023524135067383403,
    "firstInputDelay": 25.142998021891174,
    "timestamp": 1774437747028
  },
  "runtime": {
    "memoryUsage": {
      "rss": 61800448,
      "heapUsed": 12456736,
      "heapTotal": 19595264,
      "external": 1965854
    },
    "startupTime": 214.431417,
    "cpuUsage": 143.314,
    "timestamp": 1774437747028
  },
  "violations": [],
  "recommendations": [
    "Largest file (index.js) is 100.0% of bundle - consider splitting or optimizing"
  ],
  "overallStatus": "pass"
}