{
  "timestamp": 1774620252166,
  "bundleSize": {
    "totalSize": 916,
    "gzippedSize": 423,
    "fileCount": 1,
    "largestFile": {
      "name": "index.js",
      "size": 916,
      "gzippedSize": 423
    },
    "breakdown": [
      {
        "name": "index.js",
        "size": 916,
        "gzippedSize": 423,
        "percentage": 100
      }
    ]
  },
  "webVitals": {
    "firstContentfulPaint": 873.2194782961031,
    "timeToInteractive": 2811.4553343581365,
    "largestContentfulPaint": 1941.8536765947879,
    "cumulativeLayoutShift": 0.03437660107184808,
    "firstInputDelay": 37.92885195419453,
    "timestamp": 1774620252166
  },
  "runtime": {
    "memoryUsage": {
      "rss": 62193664,
      "heapUsed": 12532064,
      "heapTotal": 19857408,
      "external": 1970223
    },
    "startupTime": 242.283042,
    "cpuUsage": 145.032,
    "timestamp": 1774620252166
  },
  "violations": [],
  "recommendations": [
    "Largest file (index.js) is 100.0% of bundle - consider splitting or optimizing"
  ],
  "overallStatus": "pass"
}