{
  "timestamp": 1774008808448,
  "bundleSize": {
    "totalSize": 916,
    "gzippedSize": 423,
    "fileCount": 1,
    "largestFile": {
      "name": "index.js",
      "size": 916,
      "gzippedSize": 423
    },
    "breakdown": [
      {
        "name": "index.js",
        "size": 916,
        "gzippedSize": 423,
        "percentage": 100
      }
    ]
  },
  "webVitals": {
    "firstContentfulPaint": 1111.3804611036016,
    "timeToInteractive": 2155.3610493740407,
    "largestContentfulPaint": 2423.1192335437127,
    "cumulativeLayoutShift": 0.041732580466298665,
    "firstInputDelay": 35.28750357582943,
    "timestamp": 1774008808448
  },
  "runtime": {
    "memoryUsage": {
      "rss": 61587456,
      "heapUsed": 12928360,
      "heapTotal": 20381696,
      "external": 1971725
    },
    "startupTime": 433.297666,
    "cpuUsage": 199.805,
    "timestamp": 1774008808448
  },
  "violations": [],
  "recommendations": [
    "Largest file (index.js) is 100.0% of bundle - consider splitting or optimizing"
  ],
  "overallStatus": "pass"
}