{
  "timestamp": 1774225702694,
  "bundleSize": {
    "totalSize": 916,
    "gzippedSize": 423,
    "fileCount": 1,
    "largestFile": {
      "name": "index.js",
      "size": 916,
      "gzippedSize": 423
    },
    "breakdown": [
      {
        "name": "index.js",
        "size": 916,
        "gzippedSize": 423,
        "percentage": 100
      }
    ]
  },
  "webVitals": {
    "firstContentfulPaint": 831.0414145400694,
    "timeToInteractive": 2458.7357165094263,
    "largestContentfulPaint": 1624.9682241853423,
    "cumulativeLayoutShift": 0.045935813375829304,
    "firstInputDelay": 57.37442857684376,
    "timestamp": 1774225702694
  },
  "runtime": {
    "memoryUsage": {
      "rss": 60178432,
      "heapUsed": 13776880,
      "heapTotal": 20578304,
      "external": 1967701
    },
    "startupTime": 1601.876625,
    "cpuUsage": 189.335,
    "timestamp": 1774225702694
  },
  "violations": [],
  "recommendations": [
    "Largest file (index.js) is 100.0% of bundle - consider splitting or optimizing"
  ],
  "overallStatus": "pass"
}