{
  "timestamp": 1774535146240,
  "bundleSize": {
    "totalSize": 916,
    "gzippedSize": 423,
    "fileCount": 1,
    "largestFile": {
      "name": "index.js",
      "size": 916,
      "gzippedSize": 423
    },
    "breakdown": [
      {
        "name": "index.js",
        "size": 916,
        "gzippedSize": 423,
        "percentage": 100
      }
    ]
  },
  "webVitals": {
    "firstContentfulPaint": 505.41328395026653,
    "timeToInteractive": 2161.752517260416,
    "largestContentfulPaint": 1981.7739047631417,
    "cumulativeLayoutShift": 0.08753228857910383,
    "firstInputDelay": 53.417611360727435,
    "timestamp": 1774535146240
  },
  "runtime": {
    "memoryUsage": {
      "rss": 58834944,
      "heapUsed": 12596424,
      "heapTotal": 19857408,
      "external": 1966360
    },
    "startupTime": 3114.067125,
    "cpuUsage": 203.807,
    "timestamp": 1774535146240
  },
  "violations": [],
  "recommendations": [
    "Largest file (index.js) is 100.0% of bundle - consider splitting or optimizing"
  ],
  "overallStatus": "pass"
}