{
  "timestamp": 1774449467232,
  "bundleSize": {
    "totalSize": 916,
    "gzippedSize": 423,
    "fileCount": 1,
    "largestFile": {
      "name": "index.js",
      "size": 916,
      "gzippedSize": 423
    },
    "breakdown": [
      {
        "name": "index.js",
        "size": 916,
        "gzippedSize": 423,
        "percentage": 100
      }
    ]
  },
  "webVitals": {
    "firstContentfulPaint": 1085.750738736599,
    "timeToInteractive": 2292.8928835517618,
    "largestContentfulPaint": 1641.4236522874598,
    "cumulativeLayoutShift": 0.014600111737945799,
    "firstInputDelay": 71.07961128289875,
    "timestamp": 1774449467231
  },
  "runtime": {
    "memoryUsage": {
      "rss": 62930944,
      "heapUsed": 13005912,
      "heapTotal": 20709376,
      "external": 1970949
    },
    "startupTime": 245.804166,
    "cpuUsage": 151.571,
    "timestamp": 1774449467232
  },
  "violations": [],
  "recommendations": [
    "Largest file (index.js) is 100.0% of bundle - consider splitting or optimizing"
  ],
  "overallStatus": "pass"
}