{
  "timestamp": 1774216833262,
  "bundleSize": {
    "totalSize": 916,
    "gzippedSize": 423,
    "fileCount": 1,
    "largestFile": {
      "name": "index.js",
      "size": 916,
      "gzippedSize": 423
    },
    "breakdown": [
      {
        "name": "index.js",
        "size": 916,
        "gzippedSize": 423,
        "percentage": 100
      }
    ]
  },
  "webVitals": {
    "firstContentfulPaint": 1197.843632619934,
    "timeToInteractive": 2742.2507432287857,
    "largestContentfulPaint": 1851.2361889244776,
    "cumulativeLayoutShift": 0.09408607437302648,
    "firstInputDelay": 61.13629974883139,
    "timestamp": 1774216833262
  },
  "runtime": {
    "memoryUsage": {
      "rss": 62144512,
      "heapUsed": 12448248,
      "heapTotal": 19595264,
      "external": 1970223
    },
    "startupTime": 251.283583,
    "cpuUsage": 140.535,
    "timestamp": 1774216833262
  },
  "violations": [],
  "recommendations": [
    "Largest file (index.js) is 100.0% of bundle - consider splitting or optimizing"
  ],
  "overallStatus": "pass"
}