{
  "timestamp": 1774447576880,
  "bundleSize": {
    "totalSize": 916,
    "gzippedSize": 423,
    "fileCount": 1,
    "largestFile": {
      "name": "index.js",
      "size": 916,
      "gzippedSize": 423
    },
    "breakdown": [
      {
        "name": "index.js",
        "size": 916,
        "gzippedSize": 423,
        "percentage": 100
      }
    ]
  },
  "webVitals": {
    "firstContentfulPaint": 1418.5700266951262,
    "timeToInteractive": 2822.296393792254,
    "largestContentfulPaint": 1904.5214531517108,
    "cumulativeLayoutShift": 0.020052209384966213,
    "firstInputDelay": 70.93612402482657,
    "timestamp": 1774447576880
  },
  "runtime": {
    "memoryUsage": {
      "rss": 61997056,
      "heapUsed": 12561624,
      "heapTotal": 20119552,
      "external": 1970223
    },
    "startupTime": 248.150417,
    "cpuUsage": 144.784,
    "timestamp": 1774447576880
  },
  "violations": [],
  "recommendations": [
    "Largest file (index.js) is 100.0% of bundle - consider splitting or optimizing"
  ],
  "overallStatus": "pass"
}