{
  "timestamp": 1774436611187,
  "bundleSize": {
    "totalSize": 916,
    "gzippedSize": 423,
    "fileCount": 1,
    "largestFile": {
      "name": "index.js",
      "size": 916,
      "gzippedSize": 423
    },
    "breakdown": [
      {
        "name": "index.js",
        "size": 916,
        "gzippedSize": 423,
        "percentage": 100
      }
    ]
  },
  "webVitals": {
    "firstContentfulPaint": 1270.2728232057998,
    "timeToInteractive": 2544.4301959395693,
    "largestContentfulPaint": 2206.1095481560837,
    "cumulativeLayoutShift": 0.08097082665863833,
    "firstInputDelay": 74.06796516597285,
    "timestamp": 1774436611187
  },
  "runtime": {
    "memoryUsage": {
      "rss": 62652416,
      "heapUsed": 13025232,
      "heapTotal": 20217856,
      "external": 1970223
    },
    "startupTime": 299.678041,
    "cpuUsage": 164.542,
    "timestamp": 1774436611187
  },
  "violations": [],
  "recommendations": [
    "Largest file (index.js) is 100.0% of bundle - consider splitting or optimizing"
  ],
  "overallStatus": "pass"
}