{
  "timestamp": 1775267385652,
  "bundleSize": {
    "totalSize": 952,
    "gzippedSize": 439,
    "fileCount": 1,
    "largestFile": {
      "name": "index.js",
      "size": 952,
      "gzippedSize": 439
    },
    "breakdown": [
      {
        "name": "index.js",
        "size": 952,
        "gzippedSize": 439,
        "percentage": 100
      }
    ]
  },
  "webVitals": {
    "firstContentfulPaint": 997.2081401847511,
    "timeToInteractive": 2507.1832721146898,
    "largestContentfulPaint": 1586.4477350897232,
    "cumulativeLayoutShift": 0.014355199898620042,
    "firstInputDelay": 67.95145220748115,
    "timestamp": 1775267385652
  },
  "runtime": {
    "memoryUsage": {
      "rss": 59457536,
      "heapUsed": 11705600,
      "heapTotal": 19447808,
      "external": 1964588
    },
    "startupTime": 236.628125,
    "cpuUsage": 137.862,
    "timestamp": 1775267385652
  },
  "violations": [],
  "recommendations": [
    "Largest file (index.js) is 100.0% of bundle - consider splitting or optimizing"
  ],
  "overallStatus": "pass"
}