{
  "timestamp": 1773967817676,
  "bundleSize": {
    "totalSize": 916,
    "gzippedSize": 423,
    "fileCount": 1,
    "largestFile": {
      "name": "index.js",
      "size": 916,
      "gzippedSize": 423
    },
    "breakdown": [
      {
        "name": "index.js",
        "size": 916,
        "gzippedSize": 423,
        "percentage": 100
      }
    ]
  },
  "webVitals": {
    "firstContentfulPaint": 1026.3980566098448,
    "timeToInteractive": 2949.0725210061546,
    "largestContentfulPaint": 2450.677043246951,
    "cumulativeLayoutShift": 0.04139238464741455,
    "firstInputDelay": 36.018637632099555,
    "timestamp": 1773967817676
  },
  "runtime": {
    "memoryUsage": {
      "rss": 62242816,
      "heapUsed": 12873160,
      "heapTotal": 20480000,
      "external": 1971431
    },
    "startupTime": 237.869708,
    "cpuUsage": 155.78,
    "timestamp": 1773967817676
  },
  "violations": [],
  "recommendations": [
    "Largest file (index.js) is 100.0% of bundle - consider splitting or optimizing"
  ],
  "overallStatus": "pass"
}