{
  "timestamp": 1774028489665,
  "bundleSize": {
    "totalSize": 916,
    "gzippedSize": 423,
    "fileCount": 1,
    "largestFile": {
      "name": "index.js",
      "size": 916,
      "gzippedSize": 423
    },
    "breakdown": [
      {
        "name": "index.js",
        "size": 916,
        "gzippedSize": 423,
        "percentage": 100
      }
    ]
  },
  "webVitals": {
    "firstContentfulPaint": 571.1256392790302,
    "timeToInteractive": 2770.5395154611415,
    "largestContentfulPaint": 1821.6247720456224,
    "cumulativeLayoutShift": 0.044838371977373975,
    "firstInputDelay": 30.117960150107905,
    "timestamp": 1774028489665
  },
  "runtime": {
    "memoryUsage": {
      "rss": 62537728,
      "heapUsed": 12485080,
      "heapTotal": 20381696,
      "external": 1969228
    },
    "startupTime": 393.470375,
    "cpuUsage": 206.179,
    "timestamp": 1774028489665
  },
  "violations": [],
  "recommendations": [
    "Largest file (index.js) is 100.0% of bundle - consider splitting or optimizing"
  ],
  "overallStatus": "pass"
}