{
  "timestamp": 1774269958109,
  "bundleSize": {
    "totalSize": 916,
    "gzippedSize": 423,
    "fileCount": 1,
    "largestFile": {
      "name": "index.js",
      "size": 916,
      "gzippedSize": 423
    },
    "breakdown": [
      {
        "name": "index.js",
        "size": 916,
        "gzippedSize": 423,
        "percentage": 100
      }
    ]
  },
  "webVitals": {
    "firstContentfulPaint": 568.6010078454389,
    "timeToInteractive": 2632.8234260998443,
    "largestContentfulPaint": 1658.9591988561294,
    "cumulativeLayoutShift": 0.07604278005211343,
    "firstInputDelay": 51.61054958920429,
    "timestamp": 1774269958109
  },
  "runtime": {
    "memoryUsage": {
      "rss": 61800448,
      "heapUsed": 12397848,
      "heapTotal": 20381696,
      "external": 1965854
    },
    "startupTime": 179.143667,
    "cpuUsage": 118.362,
    "timestamp": 1774269958109
  },
  "violations": [],
  "recommendations": [
    "Largest file (index.js) is 100.0% of bundle - consider splitting or optimizing"
  ],
  "overallStatus": "pass"
}