{
  "timestamp": 1774035269429,
  "bundleSize": {
    "totalSize": 916,
    "gzippedSize": 423,
    "fileCount": 1,
    "largestFile": {
      "name": "index.js",
      "size": 916,
      "gzippedSize": 423
    },
    "breakdown": [
      {
        "name": "index.js",
        "size": 916,
        "gzippedSize": 423,
        "percentage": 100
      }
    ]
  },
  "webVitals": {
    "firstContentfulPaint": 797.6216305067362,
    "timeToInteractive": 2083.3962999560817,
    "largestContentfulPaint": 1595.7254609620668,
    "cumulativeLayoutShift": 0.05872570893184166,
    "firstInputDelay": 51.17951652185259,
    "timestamp": 1774035269428
  },
  "runtime": {
    "memoryUsage": {
      "rss": 62341120,
      "heapUsed": 12898736,
      "heapTotal": 19857408,
      "external": 1970223
    },
    "startupTime": 379.100041,
    "cpuUsage": 194.969,
    "timestamp": 1774035269429
  },
  "violations": [],
  "recommendations": [
    "Largest file (index.js) is 100.0% of bundle - consider splitting or optimizing"
  ],
  "overallStatus": "pass"
}