{
  "timestamp": 1773778326291,
  "bundleSize": {
    "totalSize": 916,
    "gzippedSize": 423,
    "fileCount": 1,
    "largestFile": {
      "name": "index.js",
      "size": 916,
      "gzippedSize": 423
    },
    "breakdown": [
      {
        "name": "index.js",
        "size": 916,
        "gzippedSize": 423,
        "percentage": 100
      }
    ]
  },
  "webVitals": {
    "firstContentfulPaint": 1081.9586660765794,
    "timeToInteractive": 2994.4358196529492,
    "largestContentfulPaint": 1715.312941313357,
    "cumulativeLayoutShift": 0.0036694914662585235,
    "firstInputDelay": 47.19320721591295,
    "timestamp": 1773778326290
  },
  "runtime": {
    "memoryUsage": {
      "rss": 61538304,
      "heapUsed": 12234248,
      "heapTotal": 20119552,
      "external": 1966993
    },
    "startupTime": 412.977334,
    "cpuUsage": 189.312,
    "timestamp": 1773778326290
  },
  "violations": [],
  "recommendations": [
    "Largest file (index.js) is 100.0% of bundle - consider splitting or optimizing"
  ],
  "overallStatus": "pass"
}