{
  "timestamp": 1774016727360,
  "bundleSize": {
    "totalSize": 916,
    "gzippedSize": 423,
    "fileCount": 1,
    "largestFile": {
      "name": "index.js",
      "size": 916,
      "gzippedSize": 423
    },
    "breakdown": [
      {
        "name": "index.js",
        "size": 916,
        "gzippedSize": 423,
        "percentage": 100
      }
    ]
  },
  "webVitals": {
    "firstContentfulPaint": 1435.4049921188325,
    "timeToInteractive": 2709.6462899335033,
    "largestContentfulPaint": 2091.7822284906406,
    "cumulativeLayoutShift": 0.09692591678094852,
    "firstInputDelay": 38.75424361809433,
    "timestamp": 1774016727360
  },
  "runtime": {
    "memoryUsage": {
      "rss": 61734912,
      "heapUsed": 12660024,
      "heapTotal": 19857408,
      "external": 1970211
    },
    "startupTime": 465.467291,
    "cpuUsage": 211.325,
    "timestamp": 1774016727360
  },
  "violations": [],
  "recommendations": [
    "Largest file (index.js) is 100.0% of bundle - consider splitting or optimizing"
  ],
  "overallStatus": "pass"
}