{
  "timestamp": 1774559406010,
  "bundleSize": {
    "totalSize": 916,
    "gzippedSize": 423,
    "fileCount": 1,
    "largestFile": {
      "name": "index.js",
      "size": 916,
      "gzippedSize": 423
    },
    "breakdown": [
      {
        "name": "index.js",
        "size": 916,
        "gzippedSize": 423,
        "percentage": 100
      }
    ]
  },
  "webVitals": {
    "firstContentfulPaint": 534.0490247131393,
    "timeToInteractive": 2988.3743245300693,
    "largestContentfulPaint": 1847.694180538641,
    "cumulativeLayoutShift": 0.001787711823086391,
    "firstInputDelay": 31.506976409681954,
    "timestamp": 1774559406010
  },
  "runtime": {
    "memoryUsage": {
      "rss": 62046208,
      "heapUsed": 12686168,
      "heapTotal": 20119552,
      "external": 1970223
    },
    "startupTime": 485.84625,
    "cpuUsage": 176.865,
    "timestamp": 1774559406010
  },
  "violations": [],
  "recommendations": [
    "Largest file (index.js) is 100.0% of bundle - consider splitting or optimizing"
  ],
  "overallStatus": "pass"
}