{
  "timestamp": 1774659069887,
  "bundleSize": {
    "totalSize": 916,
    "gzippedSize": 423,
    "fileCount": 1,
    "largestFile": {
      "name": "index.js",
      "size": 916,
      "gzippedSize": 423
    },
    "breakdown": [
      {
        "name": "index.js",
        "size": 916,
        "gzippedSize": 423,
        "percentage": 100
      }
    ]
  },
  "webVitals": {
    "firstContentfulPaint": 1012.2189047656707,
    "timeToInteractive": 2842.108642836163,
    "largestContentfulPaint": 1745.6018730104554,
    "cumulativeLayoutShift": 0.07924037723844844,
    "firstInputDelay": 36.49680500023721,
    "timestamp": 1774659069886
  },
  "runtime": {
    "memoryUsage": {
      "rss": 61734912,
      "heapUsed": 12922824,
      "heapTotal": 19857408,
      "external": 1970512
    },
    "startupTime": 355.837208,
    "cpuUsage": 159.104,
    "timestamp": 1774659069887
  },
  "violations": [],
  "recommendations": [
    "Largest file (index.js) is 100.0% of bundle - consider splitting or optimizing"
  ],
  "overallStatus": "pass"
}