{
  "timestamp": 1774484129236,
  "bundleSize": {
    "totalSize": 916,
    "gzippedSize": 423,
    "fileCount": 1,
    "largestFile": {
      "name": "index.js",
      "size": 916,
      "gzippedSize": 423
    },
    "breakdown": [
      {
        "name": "index.js",
        "size": 916,
        "gzippedSize": 423,
        "percentage": 100
      }
    ]
  },
  "webVitals": {
    "firstContentfulPaint": 1274.0383885177444,
    "timeToInteractive": 2237.8348558791317,
    "largestContentfulPaint": 2102.8390238170314,
    "cumulativeLayoutShift": 0.0026399792580540597,
    "firstInputDelay": 39.561556794783705,
    "timestamp": 1774484129236
  },
  "runtime": {
    "memoryUsage": {
      "rss": 57720832,
      "heapUsed": 12872448,
      "heapTotal": 18284544,
      "external": 2740720
    },
    "startupTime": 176.502875,
    "cpuUsage": 106.731,
    "timestamp": 1774484129236
  },
  "violations": [],
  "recommendations": [
    "Largest file (index.js) is 100.0% of bundle - consider splitting or optimizing"
  ],
  "overallStatus": "pass"
}