{
  "timestamp": 1773918795239,
  "bundleSize": {
    "totalSize": 916,
    "gzippedSize": 423,
    "fileCount": 1,
    "largestFile": {
      "name": "index.js",
      "size": 916,
      "gzippedSize": 423
    },
    "breakdown": [
      {
        "name": "index.js",
        "size": 916,
        "gzippedSize": 423,
        "percentage": 100
      }
    ]
  },
  "webVitals": {
    "firstContentfulPaint": 1056.7604006293132,
    "timeToInteractive": 2501.8959378089166,
    "largestContentfulPaint": 1619.0027970868155,
    "cumulativeLayoutShift": 0.02715321908687751,
    "firstInputDelay": 29.806281706104077,
    "timestamp": 1773918795239
  },
  "runtime": {
    "memoryUsage": {
      "rss": 61571072,
      "heapUsed": 12734184,
      "heapTotal": 19857408,
      "external": 1970223
    },
    "startupTime": 293.008333,
    "cpuUsage": 176.833,
    "timestamp": 1773918795239
  },
  "violations": [],
  "recommendations": [
    "Largest file (index.js) is 100.0% of bundle - consider splitting or optimizing"
  ],
  "overallStatus": "pass"
}