{
  "timestamp": 1773887775178,
  "bundleSize": {
    "totalSize": 916,
    "gzippedSize": 423,
    "fileCount": 1,
    "largestFile": {
      "name": "index.js",
      "size": 916,
      "gzippedSize": 423
    },
    "breakdown": [
      {
        "name": "index.js",
        "size": 916,
        "gzippedSize": 423,
        "percentage": 100
      }
    ]
  },
  "webVitals": {
    "firstContentfulPaint": 1404.2567316043096,
    "timeToInteractive": 2883.771627948851,
    "largestContentfulPaint": 1845.8838234249663,
    "cumulativeLayoutShift": 0.0011163135668941892,
    "firstInputDelay": 57.04875584402668,
    "timestamp": 1773887775178
  },
  "runtime": {
    "memoryUsage": {
      "rss": 63520768,
      "heapUsed": 13669128,
      "heapTotal": 20480000,
      "external": 1970223
    },
    "startupTime": 389.224167,
    "cpuUsage": 196.156,
    "timestamp": 1773887775178
  },
  "violations": [],
  "recommendations": [
    "Largest file (index.js) is 100.0% of bundle - consider splitting or optimizing"
  ],
  "overallStatus": "pass"
}