{
  "timestamp": 1773840258986,
  "bundleSize": {
    "totalSize": 916,
    "gzippedSize": 423,
    "fileCount": 1,
    "largestFile": {
      "name": "index.js",
      "size": 916,
      "gzippedSize": 423
    },
    "breakdown": [
      {
        "name": "index.js",
        "size": 916,
        "gzippedSize": 423,
        "percentage": 100
      }
    ]
  },
  "webVitals": {
    "firstContentfulPaint": 1233.7325746063298,
    "timeToInteractive": 2477.056842074592,
    "largestContentfulPaint": 2237.4050887356143,
    "cumulativeLayoutShift": 0.051737082267308956,
    "firstInputDelay": 37.300974277582114,
    "timestamp": 1773840258986
  },
  "runtime": {
    "memoryUsage": {
      "rss": 62357504,
      "heapUsed": 12081864,
      "heapTotal": 19857408,
      "external": 1965384
    },
    "startupTime": 365.714916,
    "cpuUsage": 183.703,
    "timestamp": 1773840258986
  },
  "violations": [],
  "recommendations": [
    "Largest file (index.js) is 100.0% of bundle - consider splitting or optimizing"
  ],
  "overallStatus": "pass"
}