{
  "timestamp": 1773688345456,
  "bundleSize": {
    "totalSize": 916,
    "gzippedSize": 423,
    "fileCount": 1,
    "largestFile": {
      "name": "index.js",
      "size": 916,
      "gzippedSize": 423
    },
    "breakdown": [
      {
        "name": "index.js",
        "size": 916,
        "gzippedSize": 423,
        "percentage": 100
      }
    ]
  },
  "webVitals": {
    "firstContentfulPaint": 946.1770512587216,
    "timeToInteractive": 2454.088061835618,
    "largestContentfulPaint": 1662.9472233215283,
    "cumulativeLayoutShift": 0.06403513775576268,
    "firstInputDelay": 31.019601704133326,
    "timestamp": 1773688345456
  },
  "runtime": {
    "memoryUsage": {
      "rss": 57917440,
      "heapUsed": 12000680,
      "heapTotal": 20381696,
      "external": 1964805
    },
    "startupTime": 1990.224417,
    "cpuUsage": 192.703,
    "timestamp": 1773688345456
  },
  "violations": [],
  "recommendations": [
    "Largest file (index.js) is 100.0% of bundle - consider splitting or optimizing"
  ],
  "overallStatus": "pass"
}