{
  "timestamp": 1773867508299,
  "bundleSize": {
    "totalSize": 916,
    "gzippedSize": 423,
    "fileCount": 1,
    "largestFile": {
      "name": "index.js",
      "size": 916,
      "gzippedSize": 423
    },
    "breakdown": [
      {
        "name": "index.js",
        "size": 916,
        "gzippedSize": 423,
        "percentage": 100
      }
    ]
  },
  "webVitals": {
    "firstContentfulPaint": 1492.5542715394672,
    "timeToInteractive": 2687.2651279660267,
    "largestContentfulPaint": 1582.1361229296772,
    "cumulativeLayoutShift": 0.08451414828405386,
    "firstInputDelay": 67.20282484981189,
    "timestamp": 1773867508299
  },
  "runtime": {
    "memoryUsage": {
      "rss": 62193664,
      "heapUsed": 13089416,
      "heapTotal": 19857408,
      "external": 1970211
    },
    "startupTime": 369.416333,
    "cpuUsage": 199.673,
    "timestamp": 1773867508299
  },
  "violations": [],
  "recommendations": [
    "Largest file (index.js) is 100.0% of bundle - consider splitting or optimizing"
  ],
  "overallStatus": "pass"
}