{
  "timestamp": 1774399624741,
  "bundleSize": {
    "totalSize": 916,
    "gzippedSize": 423,
    "fileCount": 1,
    "largestFile": {
      "name": "index.js",
      "size": 916,
      "gzippedSize": 423
    },
    "breakdown": [
      {
        "name": "index.js",
        "size": 916,
        "gzippedSize": 423,
        "percentage": 100
      }
    ]
  },
  "webVitals": {
    "firstContentfulPaint": 898.0770637074669,
    "timeToInteractive": 2610.7455282984492,
    "largestContentfulPaint": 2160.1448670187206,
    "cumulativeLayoutShift": 0.08914393200075535,
    "firstInputDelay": 68.20363146197383,
    "timestamp": 1774399624741
  },
  "runtime": {
    "memoryUsage": {
      "rss": 59703296,
      "heapUsed": 11781312,
      "heapTotal": 19857408,
      "external": 1969831
    },
    "startupTime": 239.030167,
    "cpuUsage": 135.965,
    "timestamp": 1774399624741
  },
  "violations": [],
  "recommendations": [
    "Largest file (index.js) is 100.0% of bundle - consider splitting or optimizing"
  ],
  "overallStatus": "pass"
}