{
  "timestamp": 1774212753526,
  "bundleSize": {
    "totalSize": 916,
    "gzippedSize": 423,
    "fileCount": 1,
    "largestFile": {
      "name": "index.js",
      "size": 916,
      "gzippedSize": 423
    },
    "breakdown": [
      {
        "name": "index.js",
        "size": 916,
        "gzippedSize": 423,
        "percentage": 100
      }
    ]
  },
  "webVitals": {
    "firstContentfulPaint": 750.7981620633128,
    "timeToInteractive": 2791.6294611599837,
    "largestContentfulPaint": 1595.5502079263724,
    "cumulativeLayoutShift": 0.024371269497019423,
    "firstInputDelay": 62.15651985656577,
    "timestamp": 1774212753526
  },
  "runtime": {
    "memoryUsage": {
      "rss": 60735488,
      "heapUsed": 12260560,
      "heapTotal": 20611072,
      "external": 1963772
    },
    "startupTime": 224.437542,
    "cpuUsage": 121.719,
    "timestamp": 1774212753526
  },
  "violations": [],
  "recommendations": [
    "Largest file (index.js) is 100.0% of bundle - consider splitting or optimizing"
  ],
  "overallStatus": "pass"
}