{
  "timestamp": 1774633237411,
  "bundleSize": {
    "totalSize": 916,
    "gzippedSize": 423,
    "fileCount": 1,
    "largestFile": {
      "name": "index.js",
      "size": 916,
      "gzippedSize": 423
    },
    "breakdown": [
      {
        "name": "index.js",
        "size": 916,
        "gzippedSize": 423,
        "percentage": 100
      }
    ]
  },
  "webVitals": {
    "firstContentfulPaint": 1010.5683686077969,
    "timeToInteractive": 2923.6179302170317,
    "largestContentfulPaint": 2199.7104024881496,
    "cumulativeLayoutShift": 0.06131934346112214,
    "firstInputDelay": 32.905453621404476,
    "timestamp": 1774633237411
  },
  "runtime": {
    "memoryUsage": {
      "rss": 61571072,
      "heapUsed": 12925176,
      "heapTotal": 19595264,
      "external": 1971431
    },
    "startupTime": 224.094084,
    "cpuUsage": 136.377,
    "timestamp": 1774633237411
  },
  "violations": [],
  "recommendations": [
    "Largest file (index.js) is 100.0% of bundle - consider splitting or optimizing"
  ],
  "overallStatus": "pass"
}