{
  "timestamp": 1774560085737,
  "bundleSize": {
    "totalSize": 916,
    "gzippedSize": 423,
    "fileCount": 1,
    "largestFile": {
      "name": "index.js",
      "size": 916,
      "gzippedSize": 423
    },
    "breakdown": [
      {
        "name": "index.js",
        "size": 916,
        "gzippedSize": 423,
        "percentage": 100
      }
    ]
  },
  "webVitals": {
    "firstContentfulPaint": 842.8530485627595,
    "timeToInteractive": 2006.0935761353376,
    "largestContentfulPaint": 2010.7090276422005,
    "cumulativeLayoutShift": 0.026988312947868298,
    "firstInputDelay": 56.68941972738081,
    "timestamp": 1774560085737
  },
  "runtime": {
    "memoryUsage": {
      "rss": 64929792,
      "heapUsed": 12666632,
      "heapTotal": 20119552,
      "external": 2646211
    },
    "startupTime": 212.754292,
    "cpuUsage": 125.365,
    "timestamp": 1774560085737
  },
  "violations": [],
  "recommendations": [
    "Largest file (index.js) is 100.0% of bundle - consider splitting or optimizing"
  ],
  "overallStatus": "pass"
}