{
  "timestamp": 1773674412147,
  "bundleSize": {
    "totalSize": 916,
    "gzippedSize": 423,
    "fileCount": 1,
    "largestFile": {
      "name": "index.js",
      "size": 916,
      "gzippedSize": 423
    },
    "breakdown": [
      {
        "name": "index.js",
        "size": 916,
        "gzippedSize": 423,
        "percentage": 100
      }
    ]
  },
  "webVitals": {
    "firstContentfulPaint": 774.1719411403243,
    "timeToInteractive": 2629.974011049251,
    "largestContentfulPaint": 2062.7656609353744,
    "cumulativeLayoutShift": 0.006319711386160387,
    "firstInputDelay": 43.74998732850949,
    "timestamp": 1773674412147
  },
  "runtime": {
    "memoryUsage": {
      "rss": 61865984,
      "heapUsed": 12076000,
      "heapTotal": 19595264,
      "external": 1965384
    },
    "startupTime": 372.196667,
    "cpuUsage": 181.152,
    "timestamp": 1773674412147
  },
  "violations": [],
  "recommendations": [
    "Largest file (index.js) is 100.0% of bundle - consider splitting or optimizing"
  ],
  "overallStatus": "pass"
}