{
  "timestamp": 1773851178309,
  "bundleSize": {
    "totalSize": 916,
    "gzippedSize": 423,
    "fileCount": 1,
    "largestFile": {
      "name": "index.js",
      "size": 916,
      "gzippedSize": 423
    },
    "breakdown": [
      {
        "name": "index.js",
        "size": 916,
        "gzippedSize": 423,
        "percentage": 100
      }
    ]
  },
  "webVitals": {
    "firstContentfulPaint": 1086.3628010675438,
    "timeToInteractive": 2277.6920189540456,
    "largestContentfulPaint": 1898.011543069467,
    "cumulativeLayoutShift": 0.012310771361196694,
    "firstInputDelay": 38.34798480826732,
    "timestamp": 1773851178309
  },
  "runtime": {
    "memoryUsage": {
      "rss": 59768832,
      "heapUsed": 12123936,
      "heapTotal": 19857408,
      "external": 1966647
    },
    "startupTime": 1445.400625,
    "cpuUsage": 192.098,
    "timestamp": 1773851178309
  },
  "violations": [],
  "recommendations": [
    "Largest file (index.js) is 100.0% of bundle - consider splitting or optimizing"
  ],
  "overallStatus": "pass"
}