{
  "timestamp": 1774195850635,
  "bundleSize": {
    "totalSize": 916,
    "gzippedSize": 423,
    "fileCount": 1,
    "largestFile": {
      "name": "index.js",
      "size": 916,
      "gzippedSize": 423
    },
    "breakdown": [
      {
        "name": "index.js",
        "size": 916,
        "gzippedSize": 423,
        "percentage": 100
      }
    ]
  },
  "webVitals": {
    "firstContentfulPaint": 824.9785512285017,
    "timeToInteractive": 2905.6152480034907,
    "largestContentfulPaint": 2350.8464065598214,
    "cumulativeLayoutShift": 0.013501805470693707,
    "firstInputDelay": 25.796037896591418,
    "timestamp": 1774195850635
  },
  "runtime": {
    "memoryUsage": {
      "rss": 61227008,
      "heapUsed": 12688816,
      "heapTotal": 19595264,
      "external": 1965854
    },
    "startupTime": 190.504583,
    "cpuUsage": 131.164,
    "timestamp": 1774195850635
  },
  "violations": [],
  "recommendations": [
    "Largest file (index.js) is 100.0% of bundle - consider splitting or optimizing"
  ],
  "overallStatus": "pass"
}