{
  "timestamp": 1774267525567,
  "bundleSize": {
    "totalSize": 916,
    "gzippedSize": 423,
    "fileCount": 1,
    "largestFile": {
      "name": "index.js",
      "size": 916,
      "gzippedSize": 423
    },
    "breakdown": [
      {
        "name": "index.js",
        "size": 916,
        "gzippedSize": 423,
        "percentage": 100
      }
    ]
  },
  "webVitals": {
    "firstContentfulPaint": 946.5706126662774,
    "timeToInteractive": 2422.0840812518572,
    "largestContentfulPaint": 1538.9232997011459,
    "cumulativeLayoutShift": 0.08580756058708039,
    "firstInputDelay": 35.78381476498347,
    "timestamp": 1774267525567
  },
  "runtime": {
    "memoryUsage": {
      "rss": 62980096,
      "heapUsed": 13419656,
      "heapTotal": 20381696,
      "external": 1967207
    },
    "startupTime": 975.711125,
    "cpuUsage": 193.863,
    "timestamp": 1774267525567
  },
  "violations": [],
  "recommendations": [
    "Largest file (index.js) is 100.0% of bundle - consider splitting or optimizing"
  ],
  "overallStatus": "pass"
}