{
  "timestamp": 1775267345487,
  "bundleSize": {
    "totalSize": 952,
    "gzippedSize": 439,
    "fileCount": 1,
    "largestFile": {
      "name": "index.js",
      "size": 952,
      "gzippedSize": 439
    },
    "breakdown": [
      {
        "name": "index.js",
        "size": 952,
        "gzippedSize": 439,
        "percentage": 100
      }
    ]
  },
  "webVitals": {
    "firstContentfulPaint": 513.5998179826695,
    "timeToInteractive": 2471.4158865430054,
    "largestContentfulPaint": 1787.636931313624,
    "cumulativeLayoutShift": 0.010651224045717656,
    "firstInputDelay": 36.21713173418952,
    "timestamp": 1775267345487
  },
  "runtime": {
    "memoryUsage": {
      "rss": 59588608,
      "heapUsed": 11707176,
      "heapTotal": 19709952,
      "external": 1970451
    },
    "startupTime": 393.551958,
    "cpuUsage": 151.805,
    "timestamp": 1775267345487
  },
  "violations": [],
  "recommendations": [
    "Largest file (index.js) is 100.0% of bundle - consider splitting or optimizing"
  ],
  "overallStatus": "pass"
}