{
  "timestamp": 1773939395200,
  "bundleSize": {
    "totalSize": 916,
    "gzippedSize": 423,
    "fileCount": 1,
    "largestFile": {
      "name": "index.js",
      "size": 916,
      "gzippedSize": 423
    },
    "breakdown": [
      {
        "name": "index.js",
        "size": 916,
        "gzippedSize": 423,
        "percentage": 100
      }
    ]
  },
  "webVitals": {
    "firstContentfulPaint": 832.1072250824253,
    "timeToInteractive": 2785.946192713156,
    "largestContentfulPaint": 1900.7052588451525,
    "cumulativeLayoutShift": 0.03249266525437631,
    "firstInputDelay": 38.859447541401735,
    "timestamp": 1773939395199
  },
  "runtime": {
    "memoryUsage": {
      "rss": 62324736,
      "heapUsed": 12364024,
      "heapTotal": 20381696,
      "external": 1971374
    },
    "startupTime": 282.240791,
    "cpuUsage": 174.039,
    "timestamp": 1773939395199
  },
  "violations": [],
  "recommendations": [
    "Largest file (index.js) is 100.0% of bundle - consider splitting or optimizing"
  ],
  "overallStatus": "pass"
}