{
  "timestamp": 1774027862373,
  "bundleSize": {
    "totalSize": 916,
    "gzippedSize": 423,
    "fileCount": 1,
    "largestFile": {
      "name": "index.js",
      "size": 916,
      "gzippedSize": 423
    },
    "breakdown": [
      {
        "name": "index.js",
        "size": 916,
        "gzippedSize": 423,
        "percentage": 100
      }
    ]
  },
  "webVitals": {
    "firstContentfulPaint": 1102.401165792582,
    "timeToInteractive": 2397.8110238242225,
    "largestContentfulPaint": 2031.1956625112869,
    "cumulativeLayoutShift": 0.03355775927179503,
    "firstInputDelay": 57.90370987706284,
    "timestamp": 1774027862373
  },
  "runtime": {
    "memoryUsage": {
      "rss": 62816256,
      "heapUsed": 12301672,
      "heapTotal": 20381696,
      "external": 1964904
    },
    "startupTime": 365.711542,
    "cpuUsage": 181.655,
    "timestamp": 1774027862373
  },
  "violations": [],
  "recommendations": [
    "Largest file (index.js) is 100.0% of bundle - consider splitting or optimizing"
  ],
  "overallStatus": "pass"
}