{
  "timestamp": 1774624819026,
  "bundleSize": {
    "totalSize": 916,
    "gzippedSize": 423,
    "fileCount": 1,
    "largestFile": {
      "name": "index.js",
      "size": 916,
      "gzippedSize": 423
    },
    "breakdown": [
      {
        "name": "index.js",
        "size": 916,
        "gzippedSize": 423,
        "percentage": 100
      }
    ]
  },
  "webVitals": {
    "firstContentfulPaint": 1367.5001127015157,
    "timeToInteractive": 2132.727566263576,
    "largestContentfulPaint": 2209.8644353982363,
    "cumulativeLayoutShift": 0.07635964631331774,
    "firstInputDelay": 62.005727266181395,
    "timestamp": 1774624819026
  },
  "runtime": {
    "memoryUsage": {
      "rss": 63111168,
      "heapUsed": 13066656,
      "heapTotal": 20611072,
      "external": 1970730
    },
    "startupTime": 517.422666,
    "cpuUsage": 193.059,
    "timestamp": 1774624819026
  },
  "violations": [],
  "recommendations": [
    "Largest file (index.js) is 100.0% of bundle - consider splitting or optimizing"
  ],
  "overallStatus": "pass"
}