{
  "timestamp": 1774356586100,
  "bundleSize": {
    "totalSize": 916,
    "gzippedSize": 423,
    "fileCount": 1,
    "largestFile": {
      "name": "index.js",
      "size": 916,
      "gzippedSize": 423
    },
    "breakdown": [
      {
        "name": "index.js",
        "size": 916,
        "gzippedSize": 423,
        "percentage": 100
      }
    ]
  },
  "webVitals": {
    "firstContentfulPaint": 1026.6626380754549,
    "timeToInteractive": 2311.6417495024057,
    "largestContentfulPaint": 1591.6230335214386,
    "cumulativeLayoutShift": 0.07801480251958189,
    "firstInputDelay": 44.36791958095216,
    "timestamp": 1774356586100
  },
  "runtime": {
    "memoryUsage": {
      "rss": 62750720,
      "heapUsed": 13408688,
      "heapTotal": 20119552,
      "external": 1965854
    },
    "startupTime": 208.229875,
    "cpuUsage": 139.059,
    "timestamp": 1774356586100
  },
  "violations": [],
  "recommendations": [
    "Largest file (index.js) is 100.0% of bundle - consider splitting or optimizing"
  ],
  "overallStatus": "pass"
}