{
  "timestamp": 1774544329189,
  "bundleSize": {
    "totalSize": 916,
    "gzippedSize": 423,
    "fileCount": 1,
    "largestFile": {
      "name": "index.js",
      "size": 916,
      "gzippedSize": 423
    },
    "breakdown": [
      {
        "name": "index.js",
        "size": 916,
        "gzippedSize": 423,
        "percentage": 100
      }
    ]
  },
  "webVitals": {
    "firstContentfulPaint": 1009.4461505338397,
    "timeToInteractive": 2965.6115998565983,
    "largestContentfulPaint": 2195.799386095454,
    "cumulativeLayoutShift": 0.051785722984084126,
    "firstInputDelay": 34.311605084923734,
    "timestamp": 1774544329188
  },
  "runtime": {
    "memoryUsage": {
      "rss": 62963712,
      "heapUsed": 13030168,
      "heapTotal": 20283392,
      "external": 1965854
    },
    "startupTime": 210.995708,
    "cpuUsage": 132.888,
    "timestamp": 1774544329189
  },
  "violations": [],
  "recommendations": [
    "Largest file (index.js) is 100.0% of bundle - consider splitting or optimizing"
  ],
  "overallStatus": "pass"
}