{
  "timestamp": 1773972275896,
  "bundleSize": {
    "totalSize": 916,
    "gzippedSize": 423,
    "fileCount": 1,
    "largestFile": {
      "name": "index.js",
      "size": 916,
      "gzippedSize": 423
    },
    "breakdown": [
      {
        "name": "index.js",
        "size": 916,
        "gzippedSize": 423,
        "percentage": 100
      }
    ]
  },
  "webVitals": {
    "firstContentfulPaint": 1233.2207986932792,
    "timeToInteractive": 2928.0466413695503,
    "largestContentfulPaint": 1890.2389624139828,
    "cumulativeLayoutShift": 0.08539672865028591,
    "firstInputDelay": 34.36105601929831,
    "timestamp": 1773972275896
  },
  "runtime": {
    "memoryUsage": {
      "rss": 60620800,
      "heapUsed": 12875736,
      "heapTotal": 20119552,
      "external": 1966886
    },
    "startupTime": 714.679875,
    "cpuUsage": 183.541,
    "timestamp": 1773972275896
  },
  "violations": [],
  "recommendations": [
    "Largest file (index.js) is 100.0% of bundle - consider splitting or optimizing"
  ],
  "overallStatus": "pass"
}