{
  "timestamp": 1774360492359,
  "bundleSize": {
    "totalSize": 916,
    "gzippedSize": 423,
    "fileCount": 1,
    "largestFile": {
      "name": "index.js",
      "size": 916,
      "gzippedSize": 423
    },
    "breakdown": [
      {
        "name": "index.js",
        "size": 916,
        "gzippedSize": 423,
        "percentage": 100
      }
    ]
  },
  "webVitals": {
    "firstContentfulPaint": 1296.3543366419672,
    "timeToInteractive": 2606.1291071730275,
    "largestContentfulPaint": 1655.8162726788887,
    "cumulativeLayoutShift": 0.012531903869772232,
    "firstInputDelay": 27.059036807410386,
    "timestamp": 1774360492359
  },
  "runtime": {
    "memoryUsage": {
      "rss": 62472192,
      "heapUsed": 12420216,
      "heapTotal": 19595264,
      "external": 1970211
    },
    "startupTime": 282.66125,
    "cpuUsage": 153.538,
    "timestamp": 1774360492359
  },
  "violations": [],
  "recommendations": [
    "Largest file (index.js) is 100.0% of bundle - consider splitting or optimizing"
  ],
  "overallStatus": "pass"
}