{
  "timestamp": 1774508545088,
  "bundleSize": {
    "totalSize": 916,
    "gzippedSize": 423,
    "fileCount": 1,
    "largestFile": {
      "name": "index.js",
      "size": 916,
      "gzippedSize": 423
    },
    "breakdown": [
      {
        "name": "index.js",
        "size": 916,
        "gzippedSize": 423,
        "percentage": 100
      }
    ]
  },
  "webVitals": {
    "firstContentfulPaint": 850.0737452308003,
    "timeToInteractive": 2237.831011542581,
    "largestContentfulPaint": 2459.8662491602663,
    "cumulativeLayoutShift": 0.08828327701373094,
    "firstInputDelay": 29.655045280913782,
    "timestamp": 1774508545088
  },
  "runtime": {
    "memoryUsage": {
      "rss": 62128128,
      "heapUsed": 12667384,
      "heapTotal": 19857408,
      "external": 1970223
    },
    "startupTime": 316.256542,
    "cpuUsage": 179.294,
    "timestamp": 1774508545088
  },
  "violations": [],
  "recommendations": [
    "Largest file (index.js) is 100.0% of bundle - consider splitting or optimizing"
  ],
  "overallStatus": "pass"
}