{
  "timestamp": 1774026822888,
  "bundleSize": {
    "totalSize": 916,
    "gzippedSize": 423,
    "fileCount": 1,
    "largestFile": {
      "name": "index.js",
      "size": 916,
      "gzippedSize": 423
    },
    "breakdown": [
      {
        "name": "index.js",
        "size": 916,
        "gzippedSize": 423,
        "percentage": 100
      }
    ]
  },
  "webVitals": {
    "firstContentfulPaint": 1413.5929668240517,
    "timeToInteractive": 2806.7701898932874,
    "largestContentfulPaint": 2321.5995267694016,
    "cumulativeLayoutShift": 0.09429848512941726,
    "firstInputDelay": 62.89836692677409,
    "timestamp": 1774026822888
  },
  "runtime": {
    "memoryUsage": {
      "rss": 61587456,
      "heapUsed": 12487160,
      "heapTotal": 19595264,
      "external": 1970223
    },
    "startupTime": 286.739459,
    "cpuUsage": 169.339,
    "timestamp": 1774026822888
  },
  "violations": [],
  "recommendations": [
    "Largest file (index.js) is 100.0% of bundle - consider splitting or optimizing"
  ],
  "overallStatus": "pass"
}