{
  "timestamp": 1773860183454,
  "bundleSize": {
    "totalSize": 916,
    "gzippedSize": 423,
    "fileCount": 1,
    "largestFile": {
      "name": "index.js",
      "size": 916,
      "gzippedSize": 423
    },
    "breakdown": [
      {
        "name": "index.js",
        "size": 916,
        "gzippedSize": 423,
        "percentage": 100
      }
    ]
  },
  "webVitals": {
    "firstContentfulPaint": 629.6268805457039,
    "timeToInteractive": 2141.3729159475297,
    "largestContentfulPaint": 1549.9830543923435,
    "cumulativeLayoutShift": 0.08988244499967457,
    "firstInputDelay": 48.880735425920804,
    "timestamp": 1773860183453
  },
  "runtime": {
    "memoryUsage": {
      "rss": 61816832,
      "heapUsed": 12112472,
      "heapTotal": 20119552,
      "external": 1969696
    },
    "startupTime": 279.291958,
    "cpuUsage": 153.246,
    "timestamp": 1773860183454
  },
  "violations": [],
  "recommendations": [
    "Largest file (index.js) is 100.0% of bundle - consider splitting or optimizing"
  ],
  "overallStatus": "pass"
}