{
  "timestamp": 1774017283655,
  "bundleSize": {
    "totalSize": 916,
    "gzippedSize": 423,
    "fileCount": 1,
    "largestFile": {
      "name": "index.js",
      "size": 916,
      "gzippedSize": 423
    },
    "breakdown": [
      {
        "name": "index.js",
        "size": 916,
        "gzippedSize": 423,
        "percentage": 100
      }
    ]
  },
  "webVitals": {
    "firstContentfulPaint": 753.6158415254313,
    "timeToInteractive": 2908.8953478325666,
    "largestContentfulPaint": 1595.2402562177856,
    "cumulativeLayoutShift": 0.08036131419042206,
    "firstInputDelay": 53.34880512646666,
    "timestamp": 1774017283655
  },
  "runtime": {
    "memoryUsage": {
      "rss": 61849600,
      "heapUsed": 12501464,
      "heapTotal": 20119552,
      "external": 1970223
    },
    "startupTime": 274.100666,
    "cpuUsage": 169.452,
    "timestamp": 1774017283655
  },
  "violations": [],
  "recommendations": [
    "Largest file (index.js) is 100.0% of bundle - consider splitting or optimizing"
  ],
  "overallStatus": "pass"
}