{
  "timestamp": 1774193211563,
  "bundleSize": {
    "totalSize": 916,
    "gzippedSize": 423,
    "fileCount": 1,
    "largestFile": {
      "name": "index.js",
      "size": 916,
      "gzippedSize": 423
    },
    "breakdown": [
      {
        "name": "index.js",
        "size": 916,
        "gzippedSize": 423,
        "percentage": 100
      }
    ]
  },
  "webVitals": {
    "firstContentfulPaint": 998.942134030777,
    "timeToInteractive": 2658.3145527722527,
    "largestContentfulPaint": 1530.0493446562268,
    "cumulativeLayoutShift": 0.04616577801606021,
    "firstInputDelay": 60.019426113554616,
    "timestamp": 1774193211563
  },
  "runtime": {
    "memoryUsage": {
      "rss": 62029824,
      "heapUsed": 12912464,
      "heapTotal": 20119552,
      "external": 1971431
    },
    "startupTime": 206.080625,
    "cpuUsage": 131.051,
    "timestamp": 1774193211563
  },
  "violations": [],
  "recommendations": [
    "Largest file (index.js) is 100.0% of bundle - consider splitting or optimizing"
  ],
  "overallStatus": "pass"
}