{
  "timestamp": 1774274031824,
  "bundleSize": {
    "totalSize": 916,
    "gzippedSize": 423,
    "fileCount": 1,
    "largestFile": {
      "name": "index.js",
      "size": 916,
      "gzippedSize": 423
    },
    "breakdown": [
      {
        "name": "index.js",
        "size": 916,
        "gzippedSize": 423,
        "percentage": 100
      }
    ]
  },
  "webVitals": {
    "firstContentfulPaint": 832.4714429223629,
    "timeToInteractive": 2173.9307834594265,
    "largestContentfulPaint": 2447.6868741989992,
    "cumulativeLayoutShift": 0.09751097101115969,
    "firstInputDelay": 73.76533715495523,
    "timestamp": 1774274031824
  },
  "runtime": {
    "memoryUsage": {
      "rss": 62963712,
      "heapUsed": 13043384,
      "heapTotal": 19955712,
      "external": 1967162
    },
    "startupTime": 2003.07775,
    "cpuUsage": 184.506,
    "timestamp": 1774274031824
  },
  "violations": [],
  "recommendations": [
    "Largest file (index.js) is 100.0% of bundle - consider splitting or optimizing"
  ],
  "overallStatus": "pass"
}