{
  "timestamp": 1774535074227,
  "bundleSize": {
    "totalSize": 916,
    "gzippedSize": 423,
    "fileCount": 1,
    "largestFile": {
      "name": "index.js",
      "size": 916,
      "gzippedSize": 423
    },
    "breakdown": [
      {
        "name": "index.js",
        "size": 916,
        "gzippedSize": 423,
        "percentage": 100
      }
    ]
  },
  "webVitals": {
    "firstContentfulPaint": 1313.073569673049,
    "timeToInteractive": 2575.2390252902887,
    "largestContentfulPaint": 2209.0468611580495,
    "cumulativeLayoutShift": 0.0011846541975210957,
    "firstInputDelay": 65.70497990803977,
    "timestamp": 1774535074227
  },
  "runtime": {
    "memoryUsage": {
      "rss": 59179008,
      "heapUsed": 13003864,
      "heapTotal": 20185088,
      "external": 1966360
    },
    "startupTime": 2454.46925,
    "cpuUsage": 196.555,
    "timestamp": 1774535074227
  },
  "violations": [],
  "recommendations": [
    "Largest file (index.js) is 100.0% of bundle - consider splitting or optimizing"
  ],
  "overallStatus": "pass"
}