{
  "timestamp": 1774049515756,
  "bundleSize": {
    "totalSize": 916,
    "gzippedSize": 423,
    "fileCount": 1,
    "largestFile": {
      "name": "index.js",
      "size": 916,
      "gzippedSize": 423
    },
    "breakdown": [
      {
        "name": "index.js",
        "size": 916,
        "gzippedSize": 423,
        "percentage": 100
      }
    ]
  },
  "webVitals": {
    "firstContentfulPaint": 888.3790080109062,
    "timeToInteractive": 2300.9591790365735,
    "largestContentfulPaint": 2275.8958951019813,
    "cumulativeLayoutShift": 0.09428173384963229,
    "firstInputDelay": 26.843394305371003,
    "timestamp": 1774049515756
  },
  "runtime": {
    "memoryUsage": {
      "rss": 62717952,
      "heapUsed": 12869360,
      "heapTotal": 20676608,
      "external": 1971431
    },
    "startupTime": 244.593375,
    "cpuUsage": 158.434,
    "timestamp": 1774049515756
  },
  "violations": [],
  "recommendations": [
    "Largest file (index.js) is 100.0% of bundle - consider splitting or optimizing"
  ],
  "overallStatus": "pass"
}