{
  "timestamp": 1774511744716,
  "bundleSize": {
    "totalSize": 916,
    "gzippedSize": 423,
    "fileCount": 1,
    "largestFile": {
      "name": "index.js",
      "size": 916,
      "gzippedSize": 423
    },
    "breakdown": [
      {
        "name": "index.js",
        "size": 916,
        "gzippedSize": 423,
        "percentage": 100
      }
    ]
  },
  "webVitals": {
    "firstContentfulPaint": 560.9582498305397,
    "timeToInteractive": 2045.4293586889748,
    "largestContentfulPaint": 1932.1572058462043,
    "cumulativeLayoutShift": 0.045439685840770676,
    "firstInputDelay": 51.73443895944867,
    "timestamp": 1774511744716
  },
  "runtime": {
    "memoryUsage": {
      "rss": 49971200,
      "heapUsed": 11618760,
      "heapTotal": 13565952,
      "external": 1965156
    },
    "startupTime": 30369.283625,
    "cpuUsage": 310.465,
    "timestamp": 1774511744716
  },
  "violations": [],
  "recommendations": [
    "Largest file (index.js) is 100.0% of bundle - consider splitting or optimizing"
  ],
  "overallStatus": "pass"
}