{
  "timestamp": 1774448255089,
  "bundleSize": {
    "totalSize": 916,
    "gzippedSize": 423,
    "fileCount": 1,
    "largestFile": {
      "name": "index.js",
      "size": 916,
      "gzippedSize": 423
    },
    "breakdown": [
      {
        "name": "index.js",
        "size": 916,
        "gzippedSize": 423,
        "percentage": 100
      }
    ]
  },
  "webVitals": {
    "firstContentfulPaint": 1234.9801769509695,
    "timeToInteractive": 2091.2766756651286,
    "largestContentfulPaint": 1517.6417469286732,
    "cumulativeLayoutShift": 0.07666663878751985,
    "firstInputDelay": 31.47397567280641,
    "timestamp": 1774448255088
  },
  "runtime": {
    "memoryUsage": {
      "rss": 62177280,
      "heapUsed": 13057712,
      "heapTotal": 20217856,
      "external": 1970223
    },
    "startupTime": 243.988959,
    "cpuUsage": 152.733,
    "timestamp": 1774448255089
  },
  "violations": [],
  "recommendations": [
    "Largest file (index.js) is 100.0% of bundle - consider splitting or optimizing"
  ],
  "overallStatus": "pass"
}