{
  "timestamp": 1774549748828,
  "bundleSize": {
    "totalSize": 916,
    "gzippedSize": 423,
    "fileCount": 1,
    "largestFile": {
      "name": "index.js",
      "size": 916,
      "gzippedSize": 423
    },
    "breakdown": [
      {
        "name": "index.js",
        "size": 916,
        "gzippedSize": 423,
        "percentage": 100
      }
    ]
  },
  "webVitals": {
    "firstContentfulPaint": 878.1642569711565,
    "timeToInteractive": 2578.8887384324253,
    "largestContentfulPaint": 2063.736167982482,
    "cumulativeLayoutShift": 0.027494378209462392,
    "firstInputDelay": 60.22112598646725,
    "timestamp": 1774549748828
  },
  "runtime": {
    "memoryUsage": {
      "rss": 59604992,
      "heapUsed": 12661240,
      "heapTotal": 19857408,
      "external": 1966360
    },
    "startupTime": 1042.301666,
    "cpuUsage": 208.336,
    "timestamp": 1774549748828
  },
  "violations": [],
  "recommendations": [
    "Largest file (index.js) is 100.0% of bundle - consider splitting or optimizing"
  ],
  "overallStatus": "pass"
}