{
  "timestamp": 1774627159899,
  "bundleSize": {
    "totalSize": 916,
    "gzippedSize": 423,
    "fileCount": 1,
    "largestFile": {
      "name": "index.js",
      "size": 916,
      "gzippedSize": 423
    },
    "breakdown": [
      {
        "name": "index.js",
        "size": 916,
        "gzippedSize": 423,
        "percentage": 100
      }
    ]
  },
  "webVitals": {
    "firstContentfulPaint": 1228.3862150584127,
    "timeToInteractive": 2225.1665685260928,
    "largestContentfulPaint": 2457.438507930684,
    "cumulativeLayoutShift": 0.043933255676642594,
    "firstInputDelay": 54.292381196225065,
    "timestamp": 1774627159899
  },
  "runtime": {
    "memoryUsage": {
      "rss": 62029824,
      "heapUsed": 12727040,
      "heapTotal": 19857408,
      "external": 1965854
    },
    "startupTime": 207.625292,
    "cpuUsage": 135.384,
    "timestamp": 1774627159899
  },
  "violations": [],
  "recommendations": [
    "Largest file (index.js) is 100.0% of bundle - consider splitting or optimizing"
  ],
  "overallStatus": "pass"
}