{
  "timestamp": 1774561184173,
  "bundleSize": {
    "totalSize": 916,
    "gzippedSize": 423,
    "fileCount": 1,
    "largestFile": {
      "name": "index.js",
      "size": 916,
      "gzippedSize": 423
    },
    "breakdown": [
      {
        "name": "index.js",
        "size": 916,
        "gzippedSize": 423,
        "percentage": 100
      }
    ]
  },
  "webVitals": {
    "firstContentfulPaint": 1270.4367629102862,
    "timeToInteractive": 2704.5943424221596,
    "largestContentfulPaint": 2456.5144087339163,
    "cumulativeLayoutShift": 0.018837483173234016,
    "firstInputDelay": 69.08226696146679,
    "timestamp": 1774561184172
  },
  "runtime": {
    "memoryUsage": {
      "rss": 62652416,
      "heapUsed": 12999144,
      "heapTotal": 20250624,
      "external": 1971635
    },
    "startupTime": 215.517375,
    "cpuUsage": 138.022,
    "timestamp": 1774561184173
  },
  "violations": [],
  "recommendations": [
    "Largest file (index.js) is 100.0% of bundle - consider splitting or optimizing"
  ],
  "overallStatus": "pass"
}