{
  "timestamp": 1774542878103,
  "bundleSize": {
    "totalSize": 916,
    "gzippedSize": 423,
    "fileCount": 1,
    "largestFile": {
      "name": "index.js",
      "size": 916,
      "gzippedSize": 423
    },
    "breakdown": [
      {
        "name": "index.js",
        "size": 916,
        "gzippedSize": 423,
        "percentage": 100
      }
    ]
  },
  "webVitals": {
    "firstContentfulPaint": 514.2121394265517,
    "timeToInteractive": 2510.3170442172704,
    "largestContentfulPaint": 1723.3144621613553,
    "cumulativeLayoutShift": 0.03659516749140519,
    "firstInputDelay": 50.3921502857271,
    "timestamp": 1774542878087
  },
  "runtime": {
    "memoryUsage": {
      "rss": 50233344,
      "heapUsed": 11856920,
      "heapTotal": 14876672,
      "external": 1965378
    },
    "startupTime": 16534.242917,
    "cpuUsage": 279.003,
    "timestamp": 1774542878103
  },
  "violations": [],
  "recommendations": [
    "Largest file (index.js) is 100.0% of bundle - consider splitting or optimizing"
  ],
  "overallStatus": "pass"
}