{
  "timestamp": 1774544980282,
  "bundleSize": {
    "totalSize": 916,
    "gzippedSize": 423,
    "fileCount": 1,
    "largestFile": {
      "name": "index.js",
      "size": 916,
      "gzippedSize": 423
    },
    "breakdown": [
      {
        "name": "index.js",
        "size": 916,
        "gzippedSize": 423,
        "percentage": 100
      }
    ]
  },
  "webVitals": {
    "firstContentfulPaint": 1486.8531609188417,
    "timeToInteractive": 2968.461813447246,
    "largestContentfulPaint": 2287.4814638867565,
    "cumulativeLayoutShift": 0.09323144390993834,
    "firstInputDelay": 52.15580268395529,
    "timestamp": 1774544980282
  },
  "runtime": {
    "memoryUsage": {
      "rss": 61636608,
      "heapUsed": 12544264,
      "heapTotal": 19595264,
      "external": 1970672
    },
    "startupTime": 1158.488417,
    "cpuUsage": 175.254,
    "timestamp": 1774544980282
  },
  "violations": [],
  "recommendations": [
    "Largest file (index.js) is 100.0% of bundle - consider splitting or optimizing"
  ],
  "overallStatus": "pass"
}