{
  "timestamp": 1773971755942,
  "bundleSize": {
    "totalSize": 916,
    "gzippedSize": 423,
    "fileCount": 1,
    "largestFile": {
      "name": "index.js",
      "size": 916,
      "gzippedSize": 423
    },
    "breakdown": [
      {
        "name": "index.js",
        "size": 916,
        "gzippedSize": 423,
        "percentage": 100
      }
    ]
  },
  "webVitals": {
    "firstContentfulPaint": 1196.4222248019369,
    "timeToInteractive": 2936.508865049444,
    "largestContentfulPaint": 1891.7737760859002,
    "cumulativeLayoutShift": 0.03028244218169498,
    "firstInputDelay": 44.596632141750646,
    "timestamp": 1773971755942
  },
  "runtime": {
    "memoryUsage": {
      "rss": 59064320,
      "heapUsed": 12701464,
      "heapTotal": 19857408,
      "external": 1966360
    },
    "startupTime": 858.264583,
    "cpuUsage": 195.403,
    "timestamp": 1773971755942
  },
  "violations": [],
  "recommendations": [
    "Largest file (index.js) is 100.0% of bundle - consider splitting or optimizing"
  ],
  "overallStatus": "pass"
}