{
  "timestamp": 1774274160691,
  "bundleSize": {
    "totalSize": 916,
    "gzippedSize": 423,
    "fileCount": 1,
    "largestFile": {
      "name": "index.js",
      "size": 916,
      "gzippedSize": 423
    },
    "breakdown": [
      {
        "name": "index.js",
        "size": 916,
        "gzippedSize": 423,
        "percentage": 100
      }
    ]
  },
  "webVitals": {
    "firstContentfulPaint": 705.9146150560456,
    "timeToInteractive": 2577.896043093409,
    "largestContentfulPaint": 2421.6187701706904,
    "cumulativeLayoutShift": 0.06290390506031773,
    "firstInputDelay": 28.706659938120804,
    "timestamp": 1774274160691
  },
  "runtime": {
    "memoryUsage": {
      "rss": 63094784,
      "heapUsed": 13251464,
      "heapTotal": 20971520,
      "external": 1966926
    },
    "startupTime": 490.616667,
    "cpuUsage": 164.935,
    "timestamp": 1774274160691
  },
  "violations": [],
  "recommendations": [
    "Largest file (index.js) is 100.0% of bundle - consider splitting or optimizing"
  ],
  "overallStatus": "pass"
}