{
  "timestamp": 1774548241757,
  "bundleSize": {
    "totalSize": 916,
    "gzippedSize": 423,
    "fileCount": 1,
    "largestFile": {
      "name": "index.js",
      "size": 916,
      "gzippedSize": 423
    },
    "breakdown": [
      {
        "name": "index.js",
        "size": 916,
        "gzippedSize": 423,
        "percentage": 100
      }
    ]
  },
  "webVitals": {
    "firstContentfulPaint": 1269.0709946175518,
    "timeToInteractive": 2194.449375640123,
    "largestContentfulPaint": 1688.3463767398473,
    "cumulativeLayoutShift": 0.026719372565658928,
    "firstInputDelay": 42.66983974173022,
    "timestamp": 1774548241757
  },
  "runtime": {
    "memoryUsage": {
      "rss": 61702144,
      "heapUsed": 12623232,
      "heapTotal": 19857408,
      "external": 1971431
    },
    "startupTime": 243.233125,
    "cpuUsage": 145.256,
    "timestamp": 1774548241757
  },
  "violations": [],
  "recommendations": [
    "Largest file (index.js) is 100.0% of bundle - consider splitting or optimizing"
  ],
  "overallStatus": "pass"
}