{
  "timestamp": 1774370700926,
  "bundleSize": {
    "totalSize": 916,
    "gzippedSize": 423,
    "fileCount": 1,
    "largestFile": {
      "name": "index.js",
      "size": 916,
      "gzippedSize": 423
    },
    "breakdown": [
      {
        "name": "index.js",
        "size": 916,
        "gzippedSize": 423,
        "percentage": 100
      }
    ]
  },
  "webVitals": {
    "firstContentfulPaint": 727.4751767259904,
    "timeToInteractive": 2705.0077611253328,
    "largestContentfulPaint": 1964.5651685640335,
    "cumulativeLayoutShift": 0.016400242092647878,
    "firstInputDelay": 26.62586176907561,
    "timestamp": 1774370700926
  },
  "runtime": {
    "memoryUsage": {
      "rss": 62078976,
      "heapUsed": 12399312,
      "heapTotal": 20119552,
      "external": 1971431
    },
    "startupTime": 221.567375,
    "cpuUsage": 134.37,
    "timestamp": 1774370700926
  },
  "violations": [],
  "recommendations": [
    "Largest file (index.js) is 100.0% of bundle - consider splitting or optimizing"
  ],
  "overallStatus": "pass"
}