{
  "timestamp": 1773878915447,
  "bundleSize": {
    "totalSize": 916,
    "gzippedSize": 423,
    "fileCount": 1,
    "largestFile": {
      "name": "index.js",
      "size": 916,
      "gzippedSize": 423
    },
    "breakdown": [
      {
        "name": "index.js",
        "size": 916,
        "gzippedSize": 423,
        "percentage": 100
      }
    ]
  },
  "webVitals": {
    "firstContentfulPaint": 1493.1546409655948,
    "timeToInteractive": 2339.2940335659464,
    "largestContentfulPaint": 2122.4391805205546,
    "cumulativeLayoutShift": 0.05753005926734165,
    "firstInputDelay": 57.71873992888161,
    "timestamp": 1773878915447
  },
  "runtime": {
    "memoryUsage": {
      "rss": 62701568,
      "heapUsed": 13266576,
      "heapTotal": 20021248,
      "external": 1967439
    },
    "startupTime": 369.925459,
    "cpuUsage": 158.387,
    "timestamp": 1773878915447
  },
  "violations": [],
  "recommendations": [
    "Largest file (index.js) is 100.0% of bundle - consider splitting or optimizing"
  ],
  "overallStatus": "pass"
}