{
  "timestamp": 1773923586775,
  "bundleSize": {
    "totalSize": 916,
    "gzippedSize": 423,
    "fileCount": 1,
    "largestFile": {
      "name": "index.js",
      "size": 916,
      "gzippedSize": 423
    },
    "breakdown": [
      {
        "name": "index.js",
        "size": 916,
        "gzippedSize": 423,
        "percentage": 100
      }
    ]
  },
  "webVitals": {
    "firstContentfulPaint": 1410.6987140465149,
    "timeToInteractive": 2099.6346852451284,
    "largestContentfulPaint": 2161.0914826712897,
    "cumulativeLayoutShift": 0.032625913176249764,
    "firstInputDelay": 38.864622923223365,
    "timestamp": 1773923586775
  },
  "runtime": {
    "memoryUsage": {
      "rss": 63324160,
      "heapUsed": 13592584,
      "heapTotal": 20742144,
      "external": 1970211
    },
    "startupTime": 342.428375,
    "cpuUsage": 163.883,
    "timestamp": 1773923586775
  },
  "violations": [],
  "recommendations": [
    "Largest file (index.js) is 100.0% of bundle - consider splitting or optimizing"
  ],
  "overallStatus": "pass"
}