{
  "timestamp": 1773188853771,
  "bundleSize": {
    "totalSize": 916,
    "gzippedSize": 423,
    "fileCount": 1,
    "largestFile": {
      "name": "index.js",
      "size": 916,
      "gzippedSize": 423
    },
    "breakdown": [
      {
        "name": "index.js",
        "size": 916,
        "gzippedSize": 423,
        "percentage": 100
      }
    ]
  },
  "webVitals": {
    "firstContentfulPaint": 1409.6199561099597,
    "timeToInteractive": 2241.544039329534,
    "largestContentfulPaint": 1604.226341749104,
    "cumulativeLayoutShift": 0.07133587239565518,
    "firstInputDelay": 28.005269992306758,
    "timestamp": 1773188853771
  },
  "runtime": {
    "memoryUsage": {
      "rss": 62324736,
      "heapUsed": 12090760,
      "heapTotal": 19595264,
      "external": 1970916
    },
    "startupTime": 258.782125,
    "cpuUsage": 145.472,
    "timestamp": 1773188853771
  },
  "violations": [],
  "recommendations": [
    "Largest file (index.js) is 100.0% of bundle - consider splitting or optimizing"
  ],
  "overallStatus": "pass"
}