{
  "timestamp": 1772506065799,
  "bundleSize": {
    "totalSize": 916,
    "gzippedSize": 423,
    "fileCount": 1,
    "largestFile": {
      "name": "index.js",
      "size": 916,
      "gzippedSize": 423
    },
    "breakdown": [
      {
        "name": "index.js",
        "size": 916,
        "gzippedSize": 423,
        "percentage": 100
      }
    ]
  },
  "webVitals": {
    "firstContentfulPaint": 1220.5572539008895,
    "timeToInteractive": 2178.0353942624342,
    "largestContentfulPaint": 2250.634364126029,
    "cumulativeLayoutShift": 0.032709688197925635,
    "firstInputDelay": 52.44600249163874,
    "timestamp": 1772506065799
  },
  "runtime": {
    "memoryUsage": {
      "rss": 62046208,
      "heapUsed": 11988496,
      "heapTotal": 20119552,
      "external": 1971956
    },
    "startupTime": 222.886208,
    "cpuUsage": 142.082,
    "timestamp": 1772506065799
  },
  "violations": [],
  "recommendations": [
    "Largest file (index.js) is 100.0% of bundle - consider splitting or optimizing"
  ],
  "overallStatus": "pass"
}