{
  "timestamp": 1772984893456,
  "bundleSize": {
    "totalSize": 916,
    "gzippedSize": 423,
    "fileCount": 1,
    "largestFile": {
      "name": "index.js",
      "size": 916,
      "gzippedSize": 423
    },
    "breakdown": [
      {
        "name": "index.js",
        "size": 916,
        "gzippedSize": 423,
        "percentage": 100
      }
    ]
  },
  "webVitals": {
    "firstContentfulPaint": 1320.3411451120505,
    "timeToInteractive": 2490.7326758467216,
    "largestContentfulPaint": 2464.291703905593,
    "cumulativeLayoutShift": 0.06502694405861352,
    "firstInputDelay": 71.24208650508092,
    "timestamp": 1772984893456
  },
  "runtime": {
    "memoryUsage": {
      "rss": 61603840,
      "heapUsed": 12260376,
      "heapTotal": 19595264,
      "external": 1965339
    },
    "startupTime": 197.678875,
    "cpuUsage": 130.388,
    "timestamp": 1772984893456
  },
  "violations": [],
  "recommendations": [
    "Largest file (index.js) is 100.0% of bundle - consider splitting or optimizing"
  ],
  "overallStatus": "pass"
}