{
  "timestamp": 1772982645705,
  "bundleSize": {
    "totalSize": 916,
    "gzippedSize": 423,
    "fileCount": 1,
    "largestFile": {
      "name": "index.js",
      "size": 916,
      "gzippedSize": 423
    },
    "breakdown": [
      {
        "name": "index.js",
        "size": 916,
        "gzippedSize": 423,
        "percentage": 100
      }
    ]
  },
  "webVitals": {
    "firstContentfulPaint": 1140.8058769056306,
    "timeToInteractive": 2034.1867551506793,
    "largestContentfulPaint": 1948.841073805953,
    "cumulativeLayoutShift": 0.028179529246065572,
    "firstInputDelay": 46.589895065591236,
    "timestamp": 1772982645705
  },
  "runtime": {
    "memoryUsage": {
      "rss": 62423040,
      "heapUsed": 12257264,
      "heapTotal": 19595264,
      "external": 1965339
    },
    "startupTime": 193.77425,
    "cpuUsage": 135.642,
    "timestamp": 1772982645705
  },
  "violations": [],
  "recommendations": [
    "Largest file (index.js) is 100.0% of bundle - consider splitting or optimizing"
  ],
  "overallStatus": "pass"
}