{
  "timestamp": 1773486280325,
  "bundleSize": {
    "totalSize": 916,
    "gzippedSize": 423,
    "fileCount": 1,
    "largestFile": {
      "name": "index.js",
      "size": 916,
      "gzippedSize": 423
    },
    "breakdown": [
      {
        "name": "index.js",
        "size": 916,
        "gzippedSize": 423,
        "percentage": 100
      }
    ]
  },
  "webVitals": {
    "firstContentfulPaint": 818.246480285198,
    "timeToInteractive": 2481.8493515136547,
    "largestContentfulPaint": 2347.4130277274817,
    "cumulativeLayoutShift": 0.024966917685936396,
    "firstInputDelay": 73.21032327127506,
    "timestamp": 1773486280324
  },
  "runtime": {
    "memoryUsage": {
      "rss": 62324736,
      "heapUsed": 11980720,
      "heapTotal": 20643840,
      "external": 1966146
    },
    "startupTime": 3565.822958,
    "cpuUsage": 370.426,
    "timestamp": 1773486280325
  },
  "violations": [],
  "recommendations": [
    "Largest file (index.js) is 100.0% of bundle - consider splitting or optimizing"
  ],
  "overallStatus": "pass"
}