{
  "timestamp": 1773436575390,
  "bundleSize": {
    "totalSize": 916,
    "gzippedSize": 423,
    "fileCount": 1,
    "largestFile": {
      "name": "index.js",
      "size": 916,
      "gzippedSize": 423
    },
    "breakdown": [
      {
        "name": "index.js",
        "size": 916,
        "gzippedSize": 423,
        "percentage": 100
      }
    ]
  },
  "webVitals": {
    "firstContentfulPaint": 721.8281417597652,
    "timeToInteractive": 2833.0912758047843,
    "largestContentfulPaint": 1670.9548801456815,
    "cumulativeLayoutShift": 0.011029963072672056,
    "firstInputDelay": 53.06922626421793,
    "timestamp": 1773436575390
  },
  "runtime": {
    "memoryUsage": {
      "rss": 59080704,
      "heapUsed": 12237664,
      "heapTotal": 19857408,
      "external": 1965845
    },
    "startupTime": 2151.604417,
    "cpuUsage": 171.236,
    "timestamp": 1773436575390
  },
  "violations": [],
  "recommendations": [
    "Largest file (index.js) is 100.0% of bundle - consider splitting or optimizing"
  ],
  "overallStatus": "pass"
}