{
  "timestamp": 1773605511329,
  "bundleSize": {
    "totalSize": 916,
    "gzippedSize": 423,
    "fileCount": 1,
    "largestFile": {
      "name": "index.js",
      "size": 916,
      "gzippedSize": 423
    },
    "breakdown": [
      {
        "name": "index.js",
        "size": 916,
        "gzippedSize": 423,
        "percentage": 100
      }
    ]
  },
  "webVitals": {
    "firstContentfulPaint": 566.6727193441459,
    "timeToInteractive": 2677.0258991384303,
    "largestContentfulPaint": 2019.7678519000137,
    "cumulativeLayoutShift": 0.006033585818121212,
    "firstInputDelay": 25.626364566512216,
    "timestamp": 1773605511329
  },
  "runtime": {
    "memoryUsage": {
      "rss": 62062592,
      "heapUsed": 12175816,
      "heapTotal": 20381696,
      "external": 1965339
    },
    "startupTime": 231.409417,
    "cpuUsage": 136.192,
    "timestamp": 1773605511329
  },
  "violations": [],
  "recommendations": [
    "Largest file (index.js) is 100.0% of bundle - consider splitting or optimizing"
  ],
  "overallStatus": "pass"
}