{
  "timestamp": 1773242274036,
  "bundleSize": {
    "totalSize": 916,
    "gzippedSize": 423,
    "fileCount": 1,
    "largestFile": {
      "name": "index.js",
      "size": 916,
      "gzippedSize": 423
    },
    "breakdown": [
      {
        "name": "index.js",
        "size": 916,
        "gzippedSize": 423,
        "percentage": 100
      }
    ]
  },
  "webVitals": {
    "firstContentfulPaint": 750.2600671067426,
    "timeToInteractive": 2182.8032845503067,
    "largestContentfulPaint": 1995.5804541994394,
    "cumulativeLayoutShift": 0.02266397866139951,
    "firstInputDelay": 53.58938478709775,
    "timestamp": 1773242274036
  },
  "runtime": {
    "memoryUsage": {
      "rss": 59572224,
      "heapUsed": 12003232,
      "heapTotal": 20119552,
      "external": 1964593
    },
    "startupTime": 1392.783709,
    "cpuUsage": 200.975,
    "timestamp": 1773242274036
  },
  "violations": [],
  "recommendations": [
    "Largest file (index.js) is 100.0% of bundle - consider splitting or optimizing"
  ],
  "overallStatus": "pass"
}