{
  "timestamp": 1773167381682,
  "bundleSize": {
    "totalSize": 916,
    "gzippedSize": 423,
    "fileCount": 1,
    "largestFile": {
      "name": "index.js",
      "size": 916,
      "gzippedSize": 423
    },
    "breakdown": [
      {
        "name": "index.js",
        "size": 916,
        "gzippedSize": 423,
        "percentage": 100
      }
    ]
  },
  "webVitals": {
    "firstContentfulPaint": 605.6194541676032,
    "timeToInteractive": 2232.7778438512983,
    "largestContentfulPaint": 1917.0246627189285,
    "cumulativeLayoutShift": 0.030686190423001226,
    "firstInputDelay": 63.60616017822712,
    "timestamp": 1773167381682
  },
  "runtime": {
    "memoryUsage": {
      "rss": 61997056,
      "heapUsed": 12098144,
      "heapTotal": 19857408,
      "external": 1965339
    },
    "startupTime": 260.041375,
    "cpuUsage": 153.52,
    "timestamp": 1773167381682
  },
  "violations": [],
  "recommendations": [
    "Largest file (index.js) is 100.0% of bundle - consider splitting or optimizing"
  ],
  "overallStatus": "pass"
}