{
  "timestamp": 1773435103321,
  "bundleSize": {
    "totalSize": 916,
    "gzippedSize": 423,
    "fileCount": 1,
    "largestFile": {
      "name": "index.js",
      "size": 916,
      "gzippedSize": 423
    },
    "breakdown": [
      {
        "name": "index.js",
        "size": 916,
        "gzippedSize": 423,
        "percentage": 100
      }
    ]
  },
  "webVitals": {
    "firstContentfulPaint": 1425.0840514780127,
    "timeToInteractive": 2585.339709135056,
    "largestContentfulPaint": 2196.5833997478408,
    "cumulativeLayoutShift": 0.08533177537835233,
    "firstInputDelay": 40.85668458281838,
    "timestamp": 1773435103321
  },
  "runtime": {
    "memoryUsage": {
      "rss": 62013440,
      "heapUsed": 12096768,
      "heapTotal": 19595264,
      "external": 1969696
    },
    "startupTime": 329.843167,
    "cpuUsage": 161.823,
    "timestamp": 1773435103321
  },
  "violations": [],
  "recommendations": [
    "Largest file (index.js) is 100.0% of bundle - consider splitting or optimizing"
  ],
  "overallStatus": "pass"
}