{
  "timestamp": 1773590977953,
  "bundleSize": {
    "totalSize": 916,
    "gzippedSize": 423,
    "fileCount": 1,
    "largestFile": {
      "name": "index.js",
      "size": 916,
      "gzippedSize": 423
    },
    "breakdown": [
      {
        "name": "index.js",
        "size": 916,
        "gzippedSize": 423,
        "percentage": 100
      }
    ]
  },
  "webVitals": {
    "firstContentfulPaint": 1238.752259238408,
    "timeToInteractive": 2307.5992540032835,
    "largestContentfulPaint": 1721.9996017321205,
    "cumulativeLayoutShift": 0.0444621137505477,
    "firstInputDelay": 31.174161066426954,
    "timestamp": 1773590977953
  },
  "runtime": {
    "memoryUsage": {
      "rss": 61128704,
      "heapUsed": 12020048,
      "heapTotal": 19857408,
      "external": 1966146
    },
    "startupTime": 3056.000292,
    "cpuUsage": 548.19,
    "timestamp": 1773590977953
  },
  "violations": [],
  "recommendations": [
    "Largest file (index.js) is 100.0% of bundle - consider splitting or optimizing"
  ],
  "overallStatus": "pass"
}