{
  "timestamp": 1773039483537,
  "bundleSize": {
    "totalSize": 916,
    "gzippedSize": 423,
    "fileCount": 1,
    "largestFile": {
      "name": "index.js",
      "size": 916,
      "gzippedSize": 423
    },
    "breakdown": [
      {
        "name": "index.js",
        "size": 916,
        "gzippedSize": 423,
        "percentage": 100
      }
    ]
  },
  "webVitals": {
    "firstContentfulPaint": 1378.4369315738968,
    "timeToInteractive": 2394.0470229195093,
    "largestContentfulPaint": 1749.7506055493852,
    "cumulativeLayoutShift": 0.023292174481185726,
    "firstInputDelay": 71.89048501560806,
    "timestamp": 1773039483537
  },
  "runtime": {
    "memoryUsage": {
      "rss": 62193664,
      "heapUsed": 12219168,
      "heapTotal": 20381696,
      "external": 1972478
    },
    "startupTime": 285.84225,
    "cpuUsage": 159.111,
    "timestamp": 1773039483537
  },
  "violations": [],
  "recommendations": [
    "Largest file (index.js) is 100.0% of bundle - consider splitting or optimizing"
  ],
  "overallStatus": "pass"
}