{
  "timestamp": 1773317089250,
  "bundleSize": {
    "totalSize": 916,
    "gzippedSize": 423,
    "fileCount": 1,
    "largestFile": {
      "name": "index.js",
      "size": 916,
      "gzippedSize": 423
    },
    "breakdown": [
      {
        "name": "index.js",
        "size": 916,
        "gzippedSize": 423,
        "percentage": 100
      }
    ]
  },
  "webVitals": {
    "firstContentfulPaint": 1409.4752389731648,
    "timeToInteractive": 2360.6826304944457,
    "largestContentfulPaint": 1982.070772706903,
    "cumulativeLayoutShift": 0.05744960039449259,
    "firstInputDelay": 50.925924926469506,
    "timestamp": 1773317089250
  },
  "runtime": {
    "memoryUsage": {
      "rss": 62275584,
      "heapUsed": 12087968,
      "heapTotal": 19857408,
      "external": 1965339
    },
    "startupTime": 199.708834,
    "cpuUsage": 132.475,
    "timestamp": 1773317089250
  },
  "violations": [],
  "recommendations": [
    "Largest file (index.js) is 100.0% of bundle - consider splitting or optimizing"
  ],
  "overallStatus": "pass"
}