{
  "timestamp": 1773660985487,
  "bundleSize": {
    "totalSize": 916,
    "gzippedSize": 423,
    "fileCount": 1,
    "largestFile": {
      "name": "index.js",
      "size": 916,
      "gzippedSize": 423
    },
    "breakdown": [
      {
        "name": "index.js",
        "size": 916,
        "gzippedSize": 423,
        "percentage": 100
      }
    ]
  },
  "webVitals": {
    "firstContentfulPaint": 1313.0787413821022,
    "timeToInteractive": 2556.678059165779,
    "largestContentfulPaint": 1672.2883859175358,
    "cumulativeLayoutShift": 0.08901619355815438,
    "firstInputDelay": 47.51911006668793,
    "timestamp": 1773660985487
  },
  "runtime": {
    "memoryUsage": {
      "rss": 62603264,
      "heapUsed": 12138416,
      "heapTotal": 20119552,
      "external": 1965384
    },
    "startupTime": 330.565958,
    "cpuUsage": 161.002,
    "timestamp": 1773660985487
  },
  "violations": [],
  "recommendations": [
    "Largest file (index.js) is 100.0% of bundle - consider splitting or optimizing"
  ],
  "overallStatus": "pass"
}