{
  "timestamp": 1772542344035,
  "bundleSize": {
    "totalSize": 916,
    "gzippedSize": 423,
    "fileCount": 1,
    "largestFile": {
      "name": "index.js",
      "size": 916,
      "gzippedSize": 423
    },
    "breakdown": [
      {
        "name": "index.js",
        "size": 916,
        "gzippedSize": 423,
        "percentage": 100
      }
    ]
  },
  "webVitals": {
    "firstContentfulPaint": 793.5749815471493,
    "timeToInteractive": 2599.570742625507,
    "largestContentfulPaint": 1904.72368896549,
    "cumulativeLayoutShift": 0.0036796108961758556,
    "firstInputDelay": 62.217866268339726,
    "timestamp": 1772542344035
  },
  "runtime": {
    "memoryUsage": {
      "rss": 60047360,
      "heapUsed": 11940192,
      "heapTotal": 19857408,
      "external": 1964862
    },
    "startupTime": 586.020708,
    "cpuUsage": 198.935,
    "timestamp": 1772542344035
  },
  "violations": [],
  "recommendations": [
    "Largest file (index.js) is 100.0% of bundle - consider splitting or optimizing"
  ],
  "overallStatus": "pass"
}