{
  "timestamp": 1773276215027,
  "bundleSize": {
    "totalSize": 916,
    "gzippedSize": 423,
    "fileCount": 1,
    "largestFile": {
      "name": "index.js",
      "size": 916,
      "gzippedSize": 423
    },
    "breakdown": [
      {
        "name": "index.js",
        "size": 916,
        "gzippedSize": 423,
        "percentage": 100
      }
    ]
  },
  "webVitals": {
    "firstContentfulPaint": 1355.841524405901,
    "timeToInteractive": 2060.1130190272715,
    "largestContentfulPaint": 2259.3596125019317,
    "cumulativeLayoutShift": 0.01146179253761932,
    "firstInputDelay": 52.44817332662019,
    "timestamp": 1773276215027
  },
  "runtime": {
    "memoryUsage": {
      "rss": 62177280,
      "heapUsed": 12119368,
      "heapTotal": 19857408,
      "external": 1970916
    },
    "startupTime": 225.328084,
    "cpuUsage": 145.162,
    "timestamp": 1773276215027
  },
  "violations": [],
  "recommendations": [
    "Largest file (index.js) is 100.0% of bundle - consider splitting or optimizing"
  ],
  "overallStatus": "pass"
}