{
  "timestamp": 1773668659729,
  "bundleSize": {
    "totalSize": 916,
    "gzippedSize": 423,
    "fileCount": 1,
    "largestFile": {
      "name": "index.js",
      "size": 916,
      "gzippedSize": 423
    },
    "breakdown": [
      {
        "name": "index.js",
        "size": 916,
        "gzippedSize": 423,
        "percentage": 100
      }
    ]
  },
  "webVitals": {
    "firstContentfulPaint": 1019.9292908489546,
    "timeToInteractive": 2602.119306976482,
    "largestContentfulPaint": 2453.870682148723,
    "cumulativeLayoutShift": 0.006189259466655561,
    "firstInputDelay": 34.782563382635146,
    "timestamp": 1773668659728
  },
  "runtime": {
    "memoryUsage": {
      "rss": 61849600,
      "heapUsed": 12095904,
      "heapTotal": 20119552,
      "external": 1970916
    },
    "startupTime": 278.590125,
    "cpuUsage": 160.933,
    "timestamp": 1773668659729
  },
  "violations": [],
  "recommendations": [
    "Largest file (index.js) is 100.0% of bundle - consider splitting or optimizing"
  ],
  "overallStatus": "pass"
}