{
  "timestamp": 1773396642937,
  "bundleSize": {
    "totalSize": 916,
    "gzippedSize": 423,
    "fileCount": 1,
    "largestFile": {
      "name": "index.js",
      "size": 916,
      "gzippedSize": 423
    },
    "breakdown": [
      {
        "name": "index.js",
        "size": 916,
        "gzippedSize": 423,
        "percentage": 100
      }
    ]
  },
  "webVitals": {
    "firstContentfulPaint": 1310.9467148194633,
    "timeToInteractive": 2172.3627625527365,
    "largestContentfulPaint": 1608.2688281933517,
    "cumulativeLayoutShift": 0.04151461608698255,
    "firstInputDelay": 60.015432599885855,
    "timestamp": 1773396642937
  },
  "runtime": {
    "memoryUsage": {
      "rss": 62111744,
      "heapUsed": 12244792,
      "heapTotal": 19857408,
      "external": 1969708
    },
    "startupTime": 396.7925,
    "cpuUsage": 178.878,
    "timestamp": 1773396642937
  },
  "violations": [],
  "recommendations": [
    "Largest file (index.js) is 100.0% of bundle - consider splitting or optimizing"
  ],
  "overallStatus": "pass"
}