{
  "timestamp": 1773337111550,
  "bundleSize": {
    "totalSize": 916,
    "gzippedSize": 423,
    "fileCount": 1,
    "largestFile": {
      "name": "index.js",
      "size": 916,
      "gzippedSize": 423
    },
    "breakdown": [
      {
        "name": "index.js",
        "size": 916,
        "gzippedSize": 423,
        "percentage": 100
      }
    ]
  },
  "webVitals": {
    "firstContentfulPaint": 1092.3397702020984,
    "timeToInteractive": 2763.6426049430715,
    "largestContentfulPaint": 1986.5933109786354,
    "cumulativeLayoutShift": 0.0353740010237412,
    "firstInputDelay": 69.94220465470669,
    "timestamp": 1773337111550
  },
  "runtime": {
    "memoryUsage": {
      "rss": 62128128,
      "heapUsed": 12026984,
      "heapTotal": 20381696,
      "external": 1969214
    },
    "startupTime": 410.536833,
    "cpuUsage": 202.708,
    "timestamp": 1773337111550
  },
  "violations": [],
  "recommendations": [
    "Largest file (index.js) is 100.0% of bundle - consider splitting or optimizing"
  ],
  "overallStatus": "pass"
}