{
  "timestamp": 1773617622754,
  "bundleSize": {
    "totalSize": 916,
    "gzippedSize": 423,
    "fileCount": 1,
    "largestFile": {
      "name": "index.js",
      "size": 916,
      "gzippedSize": 423
    },
    "breakdown": [
      {
        "name": "index.js",
        "size": 916,
        "gzippedSize": 423,
        "percentage": 100
      }
    ]
  },
  "webVitals": {
    "firstContentfulPaint": 906.7268551844543,
    "timeToInteractive": 2777.1715407660913,
    "largestContentfulPaint": 1834.8507130828596,
    "cumulativeLayoutShift": 0.07564368207955657,
    "firstInputDelay": 41.598854979489246,
    "timestamp": 1773617622754
  },
  "runtime": {
    "memoryUsage": {
      "rss": 61751296,
      "heapUsed": 12226576,
      "heapTotal": 20119552,
      "external": 1969708
    },
    "startupTime": 305.279625,
    "cpuUsage": 165.241,
    "timestamp": 1773617622754
  },
  "violations": [],
  "recommendations": [
    "Largest file (index.js) is 100.0% of bundle - consider splitting or optimizing"
  ],
  "overallStatus": "pass"
}