{
  "timestamp": 1772799389956,
  "bundleSize": {
    "totalSize": 916,
    "gzippedSize": 423,
    "fileCount": 1,
    "largestFile": {
      "name": "index.js",
      "size": 916,
      "gzippedSize": 423
    },
    "breakdown": [
      {
        "name": "index.js",
        "size": 916,
        "gzippedSize": 423,
        "percentage": 100
      }
    ]
  },
  "webVitals": {
    "firstContentfulPaint": 1400.311013570954,
    "timeToInteractive": 2170.5703151977323,
    "largestContentfulPaint": 1810.3329822742287,
    "cumulativeLayoutShift": 0.07219635110640217,
    "firstInputDelay": 29.615306109396933,
    "timestamp": 1772799389956
  },
  "runtime": {
    "memoryUsage": {
      "rss": 62504960,
      "heapUsed": 12219176,
      "heapTotal": 20119552,
      "external": 1971002
    },
    "startupTime": 248.805292,
    "cpuUsage": 143.127,
    "timestamp": 1772799389956
  },
  "violations": [],
  "recommendations": [
    "Largest file (index.js) is 100.0% of bundle - consider splitting or optimizing"
  ],
  "overallStatus": "pass"
}