{
  "timestamp": 1773436401752,
  "bundleSize": {
    "totalSize": 916,
    "gzippedSize": 423,
    "fileCount": 1,
    "largestFile": {
      "name": "index.js",
      "size": 916,
      "gzippedSize": 423
    },
    "breakdown": [
      {
        "name": "index.js",
        "size": 916,
        "gzippedSize": 423,
        "percentage": 100
      }
    ]
  },
  "webVitals": {
    "firstContentfulPaint": 1100.529292396683,
    "timeToInteractive": 2122.419798598407,
    "largestContentfulPaint": 1796.6878255334295,
    "cumulativeLayoutShift": 0.032309187526479446,
    "firstInputDelay": 61.63357279345205,
    "timestamp": 1773436401752
  },
  "runtime": {
    "memoryUsage": {
      "rss": 61980672,
      "heapUsed": 12141384,
      "heapTotal": 20119552,
      "external": 1970916
    },
    "startupTime": 224.297666,
    "cpuUsage": 143.562,
    "timestamp": 1773436401752
  },
  "violations": [],
  "recommendations": [
    "Largest file (index.js) is 100.0% of bundle - consider splitting or optimizing"
  ],
  "overallStatus": "pass"
}