{
  "timestamp": 1773337016633,
  "bundleSize": {
    "totalSize": 916,
    "gzippedSize": 423,
    "fileCount": 1,
    "largestFile": {
      "name": "index.js",
      "size": 916,
      "gzippedSize": 423
    },
    "breakdown": [
      {
        "name": "index.js",
        "size": 916,
        "gzippedSize": 423,
        "percentage": 100
      }
    ]
  },
  "webVitals": {
    "firstContentfulPaint": 505.4339486044592,
    "timeToInteractive": 2176.9190039802434,
    "largestContentfulPaint": 1832.2978330836988,
    "cumulativeLayoutShift": 0.019530814247928775,
    "firstInputDelay": 44.88205316349155,
    "timestamp": 1773337016633
  },
  "runtime": {
    "memoryUsage": {
      "rss": 61685760,
      "heapUsed": 12106488,
      "heapTotal": 19857408,
      "external": 1969696
    },
    "startupTime": 549.895417,
    "cpuUsage": 200.678,
    "timestamp": 1773337016633
  },
  "violations": [],
  "recommendations": [
    "Largest file (index.js) is 100.0% of bundle - consider splitting or optimizing"
  ],
  "overallStatus": "pass"
}