{
  "timestamp": 1773659832459,
  "bundleSize": {
    "totalSize": 916,
    "gzippedSize": 423,
    "fileCount": 1,
    "largestFile": {
      "name": "index.js",
      "size": 916,
      "gzippedSize": 423
    },
    "breakdown": [
      {
        "name": "index.js",
        "size": 916,
        "gzippedSize": 423,
        "percentage": 100
      }
    ]
  },
  "webVitals": {
    "firstContentfulPaint": 615.7967630322121,
    "timeToInteractive": 2408.1471859063086,
    "largestContentfulPaint": 1717.0362612620595,
    "cumulativeLayoutShift": 0.07199697177829033,
    "firstInputDelay": 29.133526117401832,
    "timestamp": 1773659832459
  },
  "runtime": {
    "memoryUsage": {
      "rss": 59031552,
      "heapUsed": 12081312,
      "heapTotal": 19857408,
      "external": 1965908
    },
    "startupTime": 614.380625,
    "cpuUsage": 184.372,
    "timestamp": 1773659832459
  },
  "violations": [],
  "recommendations": [
    "Largest file (index.js) is 100.0% of bundle - consider splitting or optimizing"
  ],
  "overallStatus": "pass"
}