{
  "timestamp": 1773312656892,
  "bundleSize": {
    "totalSize": 916,
    "gzippedSize": 423,
    "fileCount": 1,
    "largestFile": {
      "name": "index.js",
      "size": 916,
      "gzippedSize": 423
    },
    "breakdown": [
      {
        "name": "index.js",
        "size": 916,
        "gzippedSize": 423,
        "percentage": 100
      }
    ]
  },
  "webVitals": {
    "firstContentfulPaint": 689.40127080149,
    "timeToInteractive": 2851.0648352179714,
    "largestContentfulPaint": 1824.1735763987137,
    "cumulativeLayoutShift": 0.06511499400428951,
    "firstInputDelay": 32.706390768757565,
    "timestamp": 1773312656890
  },
  "runtime": {
    "memoryUsage": {
      "rss": 60227584,
      "heapUsed": 12309712,
      "heapTotal": 19857408,
      "external": 1967141
    },
    "startupTime": 3036.927625,
    "cpuUsage": 196.785,
    "timestamp": 1773312656892
  },
  "violations": [],
  "recommendations": [
    "Largest file (index.js) is 100.0% of bundle - consider splitting or optimizing"
  ],
  "overallStatus": "pass"
}