{
  "timestamp": 1773246292999,
  "bundleSize": {
    "totalSize": 916,
    "gzippedSize": 423,
    "fileCount": 1,
    "largestFile": {
      "name": "index.js",
      "size": 916,
      "gzippedSize": 423
    },
    "breakdown": [
      {
        "name": "index.js",
        "size": 916,
        "gzippedSize": 423,
        "percentage": 100
      }
    ]
  },
  "webVitals": {
    "firstContentfulPaint": 1360.8895485956205,
    "timeToInteractive": 2623.154943112594,
    "largestContentfulPaint": 2446.8436696422086,
    "cumulativeLayoutShift": 0.09258945363706061,
    "firstInputDelay": 28.410405248467164,
    "timestamp": 1773246292999
  },
  "runtime": {
    "memoryUsage": {
      "rss": 62177280,
      "heapUsed": 12057072,
      "heapTotal": 20381696,
      "external": 1965318
    },
    "startupTime": 882.624542,
    "cpuUsage": 184.359,
    "timestamp": 1773246292999
  },
  "violations": [],
  "recommendations": [
    "Largest file (index.js) is 100.0% of bundle - consider splitting or optimizing"
  ],
  "overallStatus": "pass"
}