{
  "timestamp": 1773241816180,
  "bundleSize": {
    "totalSize": 916,
    "gzippedSize": 423,
    "fileCount": 1,
    "largestFile": {
      "name": "index.js",
      "size": 916,
      "gzippedSize": 423
    },
    "breakdown": [
      {
        "name": "index.js",
        "size": 916,
        "gzippedSize": 423,
        "percentage": 100
      }
    ]
  },
  "webVitals": {
    "firstContentfulPaint": 935.9860888030205,
    "timeToInteractive": 2475.1349659757198,
    "largestContentfulPaint": 1732.0600040940326,
    "cumulativeLayoutShift": 0.05844348157497084,
    "firstInputDelay": 29.68036963168211,
    "timestamp": 1773241816180
  },
  "runtime": {
    "memoryUsage": {
      "rss": 61521920,
      "heapUsed": 12217240,
      "heapTotal": 19595264,
      "external": 1965384
    },
    "startupTime": 474.776708,
    "cpuUsage": 208.257,
    "timestamp": 1773241816180
  },
  "violations": [],
  "recommendations": [
    "Largest file (index.js) is 100.0% of bundle - consider splitting or optimizing"
  ],
  "overallStatus": "pass"
}