{
  "timestamp": 1771097027291,
  "bundleSize": {
    "totalSize": 916,
    "gzippedSize": 423,
    "fileCount": 1,
    "largestFile": {
      "name": "index.js",
      "size": 916,
      "gzippedSize": 423
    },
    "breakdown": [
      {
        "name": "index.js",
        "size": 916,
        "gzippedSize": 423,
        "percentage": 100
      }
    ]
  },
  "webVitals": {
    "firstContentfulPaint": 1409.3071874644372,
    "timeToInteractive": 2964.2641682768754,
    "largestContentfulPaint": 1979.7087802637711,
    "cumulativeLayoutShift": 0.06677836977486061,
    "firstInputDelay": 67.71229530153087,
    "timestamp": 1771097027291
  },
  "runtime": {
    "memoryUsage": {
      "rss": 69550080,
      "heapUsed": 12905248,
      "heapTotal": 20430848,
      "external": 2092950
    },
    "startupTime": 437.435625,
    "cpuUsage": 186.841,
    "timestamp": 1771097027291
  },
  "violations": [],
  "recommendations": [
    "Largest file (index.js) is 100.0% of bundle - consider splitting or optimizing"
  ],
  "overallStatus": "pass"
}