{
  "timestamp": 1772560732536,
  "bundleSize": {
    "totalSize": 916,
    "gzippedSize": 423,
    "fileCount": 1,
    "largestFile": {
      "name": "index.js",
      "size": 916,
      "gzippedSize": 423
    },
    "breakdown": [
      {
        "name": "index.js",
        "size": 916,
        "gzippedSize": 423,
        "percentage": 100
      }
    ]
  },
  "webVitals": {
    "firstContentfulPaint": 982.5872171502474,
    "timeToInteractive": 2766.8186368917377,
    "largestContentfulPaint": 2226.7039584194245,
    "cumulativeLayoutShift": 0.04787567419152253,
    "firstInputDelay": 69.59361519760353,
    "timestamp": 1772560732536
  },
  "runtime": {
    "memoryUsage": {
      "rss": 62013440,
      "heapUsed": 11962280,
      "heapTotal": 19857408,
      "external": 1970468
    },
    "startupTime": 287.060542,
    "cpuUsage": 158.733,
    "timestamp": 1772560732536
  },
  "violations": [],
  "recommendations": [
    "Largest file (index.js) is 100.0% of bundle - consider splitting or optimizing"
  ],
  "overallStatus": "pass"
}