{
  "timestamp": 1773349525208,
  "bundleSize": {
    "totalSize": 916,
    "gzippedSize": 423,
    "fileCount": 1,
    "largestFile": {
      "name": "index.js",
      "size": 916,
      "gzippedSize": 423
    },
    "breakdown": [
      {
        "name": "index.js",
        "size": 916,
        "gzippedSize": 423,
        "percentage": 100
      }
    ]
  },
  "webVitals": {
    "firstContentfulPaint": 1473.3600284545923,
    "timeToInteractive": 2508.5383985247604,
    "largestContentfulPaint": 1957.6802016582465,
    "cumulativeLayoutShift": 0.0774000042164582,
    "firstInputDelay": 67.12050076222802,
    "timestamp": 1773349525208
  },
  "runtime": {
    "memoryUsage": {
      "rss": 59342848,
      "heapUsed": 12053152,
      "heapTotal": 20119552,
      "external": 1965318
    },
    "startupTime": 2019.34625,
    "cpuUsage": 192.117,
    "timestamp": 1773349525208
  },
  "violations": [],
  "recommendations": [
    "Largest file (index.js) is 100.0% of bundle - consider splitting or optimizing"
  ],
  "overallStatus": "pass"
}