{
  "timestamp": 1773669937043,
  "bundleSize": {
    "totalSize": 916,
    "gzippedSize": 423,
    "fileCount": 1,
    "largestFile": {
      "name": "index.js",
      "size": 916,
      "gzippedSize": 423
    },
    "breakdown": [
      {
        "name": "index.js",
        "size": 916,
        "gzippedSize": 423,
        "percentage": 100
      }
    ]
  },
  "webVitals": {
    "firstContentfulPaint": 901.5566187915808,
    "timeToInteractive": 2195.3474668461326,
    "largestContentfulPaint": 2063.395254299133,
    "cumulativeLayoutShift": 0.0009436791445701864,
    "firstInputDelay": 42.066399874041025,
    "timestamp": 1773669937043
  },
  "runtime": {
    "memoryUsage": {
      "rss": 61849600,
      "heapUsed": 12061360,
      "heapTotal": 20381696,
      "external": 1965339
    },
    "startupTime": 229.893416,
    "cpuUsage": 149.713,
    "timestamp": 1773669937043
  },
  "violations": [],
  "recommendations": [
    "Largest file (index.js) is 100.0% of bundle - consider splitting or optimizing"
  ],
  "overallStatus": "pass"
}