{
  "timestamp": 1773361981638,
  "bundleSize": {
    "totalSize": 916,
    "gzippedSize": 423,
    "fileCount": 1,
    "largestFile": {
      "name": "index.js",
      "size": 916,
      "gzippedSize": 423
    },
    "breakdown": [
      {
        "name": "index.js",
        "size": 916,
        "gzippedSize": 423,
        "percentage": 100
      }
    ]
  },
  "webVitals": {
    "firstContentfulPaint": 1351.729655212312,
    "timeToInteractive": 2614.1957360806186,
    "largestContentfulPaint": 1751.7609395512097,
    "cumulativeLayoutShift": 0.09792702143893478,
    "firstInputDelay": 52.391560165859886,
    "timestamp": 1773361981638
  },
  "runtime": {
    "memoryUsage": {
      "rss": 62062592,
      "heapUsed": 12062432,
      "heapTotal": 19595264,
      "external": 1965384
    },
    "startupTime": 413.093792,
    "cpuUsage": 177.556,
    "timestamp": 1773361981638
  },
  "violations": [],
  "recommendations": [
    "Largest file (index.js) is 100.0% of bundle - consider splitting or optimizing"
  ],
  "overallStatus": "pass"
}