{
  "timestamp": 1773314469551,
  "bundleSize": {
    "totalSize": 916,
    "gzippedSize": 423,
    "fileCount": 1,
    "largestFile": {
      "name": "index.js",
      "size": 916,
      "gzippedSize": 423
    },
    "breakdown": [
      {
        "name": "index.js",
        "size": 916,
        "gzippedSize": 423,
        "percentage": 100
      }
    ]
  },
  "webVitals": {
    "firstContentfulPaint": 1219.0685665744172,
    "timeToInteractive": 2378.5362140275847,
    "largestContentfulPaint": 2341.2982668817913,
    "cumulativeLayoutShift": 0.061130767842830384,
    "firstInputDelay": 37.22556507505781,
    "timestamp": 1773314469551
  },
  "runtime": {
    "memoryUsage": {
      "rss": 61849600,
      "heapUsed": 12080864,
      "heapTotal": 19857408,
      "external": 1965339
    },
    "startupTime": 235.19575,
    "cpuUsage": 152.525,
    "timestamp": 1773314469551
  },
  "violations": [],
  "recommendations": [
    "Largest file (index.js) is 100.0% of bundle - consider splitting or optimizing"
  ],
  "overallStatus": "pass"
}