{
  "timestamp": 1773039444531,
  "bundleSize": {
    "totalSize": 916,
    "gzippedSize": 423,
    "fileCount": 1,
    "largestFile": {
      "name": "index.js",
      "size": 916,
      "gzippedSize": 423
    },
    "breakdown": [
      {
        "name": "index.js",
        "size": 916,
        "gzippedSize": 423,
        "percentage": 100
      }
    ]
  },
  "webVitals": {
    "firstContentfulPaint": 1306.0922027220304,
    "timeToInteractive": 2273.6144302716507,
    "largestContentfulPaint": 2001.2654573863192,
    "cumulativeLayoutShift": 0.07421695136756722,
    "firstInputDelay": 68.23083686137176,
    "timestamp": 1773039444531
  },
  "runtime": {
    "memoryUsage": {
      "rss": 62406656,
      "heapUsed": 12244912,
      "heapTotal": 19857408,
      "external": 1972478
    },
    "startupTime": 257.869125,
    "cpuUsage": 163.626,
    "timestamp": 1773039444531
  },
  "violations": [],
  "recommendations": [
    "Largest file (index.js) is 100.0% of bundle - consider splitting or optimizing"
  ],
  "overallStatus": "pass"
}