{
  "timestamp": 1771956412388,
  "bundleSize": {
    "totalSize": 916,
    "gzippedSize": 423,
    "fileCount": 1,
    "largestFile": {
      "name": "index.js",
      "size": 916,
      "gzippedSize": 423
    },
    "breakdown": [
      {
        "name": "index.js",
        "size": 916,
        "gzippedSize": 423,
        "percentage": 100
      }
    ]
  },
  "webVitals": {
    "firstContentfulPaint": 862.8479199023718,
    "timeToInteractive": 2002.8666122578077,
    "largestContentfulPaint": 2083.679054786705,
    "cumulativeLayoutShift": 0.019762440381210312,
    "firstInputDelay": 71.65596655365992,
    "timestamp": 1771956412388
  },
  "runtime": {
    "memoryUsage": {
      "rss": 62210048,
      "heapUsed": 11931360,
      "heapTotal": 19857408,
      "external": 1964817
    },
    "startupTime": 213.648708,
    "cpuUsage": 138.429,
    "timestamp": 1771956412388
  },
  "violations": [],
  "recommendations": [
    "Largest file (index.js) is 100.0% of bundle - consider splitting or optimizing"
  ],
  "overallStatus": "pass"
}