{
  "timestamp": 1772734006272,
  "bundleSize": {
    "totalSize": 916,
    "gzippedSize": 423,
    "fileCount": 1,
    "largestFile": {
      "name": "index.js",
      "size": 916,
      "gzippedSize": 423
    },
    "breakdown": [
      {
        "name": "index.js",
        "size": 916,
        "gzippedSize": 423,
        "percentage": 100
      }
    ]
  },
  "webVitals": {
    "firstContentfulPaint": 1348.1462384240406,
    "timeToInteractive": 2219.6666306152033,
    "largestContentfulPaint": 1794.9944207115775,
    "cumulativeLayoutShift": 0.05918903053334077,
    "firstInputDelay": 48.38263792286452,
    "timestamp": 1772734006272
  },
  "runtime": {
    "memoryUsage": {
      "rss": 62488576,
      "heapUsed": 12205296,
      "heapTotal": 20119552,
      "external": 1965339
    },
    "startupTime": 198.84425,
    "cpuUsage": 129.264,
    "timestamp": 1772734006272
  },
  "violations": [],
  "recommendations": [
    "Largest file (index.js) is 100.0% of bundle - consider splitting or optimizing"
  ],
  "overallStatus": "pass"
}