{
  "timestamp": 1772656908911,
  "bundleSize": {
    "totalSize": 916,
    "gzippedSize": 423,
    "fileCount": 1,
    "largestFile": {
      "name": "index.js",
      "size": 916,
      "gzippedSize": 423
    },
    "breakdown": [
      {
        "name": "index.js",
        "size": 916,
        "gzippedSize": 423,
        "percentage": 100
      }
    ]
  },
  "webVitals": {
    "firstContentfulPaint": 881.8298314575088,
    "timeToInteractive": 2247.4209653354533,
    "largestContentfulPaint": 1549.4207677876168,
    "cumulativeLayoutShift": 0.08276030723071244,
    "firstInputDelay": 69.39512631423901,
    "timestamp": 1772656908911
  },
  "runtime": {
    "memoryUsage": {
      "rss": 62029824,
      "heapUsed": 11916376,
      "heapTotal": 20119552,
      "external": 1964817
    },
    "startupTime": 218.109125,
    "cpuUsage": 136.709,
    "timestamp": 1772656908911
  },
  "violations": [],
  "recommendations": [
    "Largest file (index.js) is 100.0% of bundle - consider splitting or optimizing"
  ],
  "overallStatus": "pass"
}