{
  "timestamp": 1773347236685,
  "bundleSize": {
    "totalSize": 916,
    "gzippedSize": 423,
    "fileCount": 1,
    "largestFile": {
      "name": "index.js",
      "size": 916,
      "gzippedSize": 423
    },
    "breakdown": [
      {
        "name": "index.js",
        "size": 916,
        "gzippedSize": 423,
        "percentage": 100
      }
    ]
  },
  "webVitals": {
    "firstContentfulPaint": 1117.8576119471454,
    "timeToInteractive": 2403.3163129970217,
    "largestContentfulPaint": 1919.972392830784,
    "cumulativeLayoutShift": 0.09862058928324631,
    "firstInputDelay": 47.567879512719024,
    "timestamp": 1773347236685
  },
  "runtime": {
    "memoryUsage": {
      "rss": 61947904,
      "heapUsed": 12041360,
      "heapTotal": 20119552,
      "external": 1970434
    },
    "startupTime": 237.615459,
    "cpuUsage": 139.173,
    "timestamp": 1773347236685
  },
  "violations": [],
  "recommendations": [
    "Largest file (index.js) is 100.0% of bundle - consider splitting or optimizing"
  ],
  "overallStatus": "pass"
}