{
  "timestamp": 1773612267068,
  "bundleSize": {
    "totalSize": 916,
    "gzippedSize": 423,
    "fileCount": 1,
    "largestFile": {
      "name": "index.js",
      "size": 916,
      "gzippedSize": 423
    },
    "breakdown": [
      {
        "name": "index.js",
        "size": 916,
        "gzippedSize": 423,
        "percentage": 100
      }
    ]
  },
  "webVitals": {
    "firstContentfulPaint": 1375.4703261629581,
    "timeToInteractive": 2985.018894835498,
    "largestContentfulPaint": 1738.4399934706207,
    "cumulativeLayoutShift": 0.08023980327246444,
    "firstInputDelay": 32.648121362888794,
    "timestamp": 1773612267068
  },
  "runtime": {
    "memoryUsage": {
      "rss": 62062592,
      "heapUsed": 12054496,
      "heapTotal": 20119552,
      "external": 1970916
    },
    "startupTime": 321.939666,
    "cpuUsage": 163.515,
    "timestamp": 1773612267068
  },
  "violations": [],
  "recommendations": [
    "Largest file (index.js) is 100.0% of bundle - consider splitting or optimizing"
  ],
  "overallStatus": "pass"
}