{
  "timestamp": 1773402498684,
  "bundleSize": {
    "totalSize": 916,
    "gzippedSize": 423,
    "fileCount": 1,
    "largestFile": {
      "name": "index.js",
      "size": 916,
      "gzippedSize": 423
    },
    "breakdown": [
      {
        "name": "index.js",
        "size": 916,
        "gzippedSize": 423,
        "percentage": 100
      }
    ]
  },
  "webVitals": {
    "firstContentfulPaint": 1256.4417043744236,
    "timeToInteractive": 2273.515078128145,
    "largestContentfulPaint": 1844.1658889634255,
    "cumulativeLayoutShift": 0.02089230187158129,
    "firstInputDelay": 36.34584153694148,
    "timestamp": 1773402498684
  },
  "runtime": {
    "memoryUsage": {
      "rss": 61669376,
      "heapUsed": 12098792,
      "heapTotal": 19595264,
      "external": 1970916
    },
    "startupTime": 256.054333,
    "cpuUsage": 158.689,
    "timestamp": 1773402498684
  },
  "violations": [],
  "recommendations": [
    "Largest file (index.js) is 100.0% of bundle - consider splitting or optimizing"
  ],
  "overallStatus": "pass"
}