{
  "timestamp": 1772724957200,
  "bundleSize": {
    "totalSize": 916,
    "gzippedSize": 423,
    "fileCount": 1,
    "largestFile": {
      "name": "index.js",
      "size": 916,
      "gzippedSize": 423
    },
    "breakdown": [
      {
        "name": "index.js",
        "size": 916,
        "gzippedSize": 423,
        "percentage": 100
      }
    ]
  },
  "webVitals": {
    "firstContentfulPaint": 1111.8953336128252,
    "timeToInteractive": 2525.146938160831,
    "largestContentfulPaint": 2449.7553318477285,
    "cumulativeLayoutShift": 0.07426436012730571,
    "firstInputDelay": 32.97259448875075,
    "timestamp": 1772724957200
  },
  "runtime": {
    "memoryUsage": {
      "rss": 62488576,
      "heapUsed": 12178304,
      "heapTotal": 20119552,
      "external": 1971002
    },
    "startupTime": 514.889125,
    "cpuUsage": 192.316,
    "timestamp": 1772724957200
  },
  "violations": [],
  "recommendations": [
    "Largest file (index.js) is 100.0% of bundle - consider splitting or optimizing"
  ],
  "overallStatus": "pass"
}