{
  "timestamp": 1773191659729,
  "bundleSize": {
    "totalSize": 916,
    "gzippedSize": 423,
    "fileCount": 1,
    "largestFile": {
      "name": "index.js",
      "size": 916,
      "gzippedSize": 423
    },
    "breakdown": [
      {
        "name": "index.js",
        "size": 916,
        "gzippedSize": 423,
        "percentage": 100
      }
    ]
  },
  "webVitals": {
    "firstContentfulPaint": 1008.4713504061107,
    "timeToInteractive": 2613.0354766605324,
    "largestContentfulPaint": 2274.388318129992,
    "cumulativeLayoutShift": 0.04299895643965606,
    "firstInputDelay": 48.48635085925552,
    "timestamp": 1773191659729
  },
  "runtime": {
    "memoryUsage": {
      "rss": 62373888,
      "heapUsed": 12105696,
      "heapTotal": 19857408,
      "external": 1970916
    },
    "startupTime": 260.383875,
    "cpuUsage": 147.681,
    "timestamp": 1773191659729
  },
  "violations": [],
  "recommendations": [
    "Largest file (index.js) is 100.0% of bundle - consider splitting or optimizing"
  ],
  "overallStatus": "pass"
}