{
  "timestamp": 1772554888170,
  "bundleSize": {
    "totalSize": 916,
    "gzippedSize": 423,
    "fileCount": 1,
    "largestFile": {
      "name": "index.js",
      "size": 916,
      "gzippedSize": 423
    },
    "breakdown": [
      {
        "name": "index.js",
        "size": 916,
        "gzippedSize": 423,
        "percentage": 100
      }
    ]
  },
  "webVitals": {
    "firstContentfulPaint": 1136.0542343485088,
    "timeToInteractive": 2400.8764225618183,
    "largestContentfulPaint": 1559.884502929489,
    "cumulativeLayoutShift": 0.03900802581468854,
    "firstInputDelay": 25.38202659892157,
    "timestamp": 1772554888170
  },
  "runtime": {
    "memoryUsage": {
      "rss": 62291968,
      "heapUsed": 11917616,
      "heapTotal": 20119552,
      "external": 1970480
    },
    "startupTime": 268.225667,
    "cpuUsage": 151.685,
    "timestamp": 1772554888170
  },
  "violations": [],
  "recommendations": [
    "Largest file (index.js) is 100.0% of bundle - consider splitting or optimizing"
  ],
  "overallStatus": "pass"
}