{
  "timestamp": 1773262993238,
  "bundleSize": {
    "totalSize": 916,
    "gzippedSize": 423,
    "fileCount": 1,
    "largestFile": {
      "name": "index.js",
      "size": 916,
      "gzippedSize": 423
    },
    "breakdown": [
      {
        "name": "index.js",
        "size": 916,
        "gzippedSize": 423,
        "percentage": 100
      }
    ]
  },
  "webVitals": {
    "firstContentfulPaint": 607.6536830718231,
    "timeToInteractive": 2902.5646759315396,
    "largestContentfulPaint": 2458.1504600380517,
    "cumulativeLayoutShift": 0.014653797601502828,
    "firstInputDelay": 45.04986830119772,
    "timestamp": 1773262993238
  },
  "runtime": {
    "memoryUsage": {
      "rss": 61915136,
      "heapUsed": 12099192,
      "heapTotal": 19595264,
      "external": 1965339
    },
    "startupTime": 221.638125,
    "cpuUsage": 149.053,
    "timestamp": 1773262993238
  },
  "violations": [],
  "recommendations": [
    "Largest file (index.js) is 100.0% of bundle - consider splitting or optimizing"
  ],
  "overallStatus": "pass"
}