{
  "timestamp": 1772488916182,
  "bundleSize": {
    "totalSize": 916,
    "gzippedSize": 423,
    "fileCount": 1,
    "largestFile": {
      "name": "index.js",
      "size": 916,
      "gzippedSize": 423
    },
    "breakdown": [
      {
        "name": "index.js",
        "size": 916,
        "gzippedSize": 423,
        "percentage": 100
      }
    ]
  },
  "webVitals": {
    "firstContentfulPaint": 1171.8014833747297,
    "timeToInteractive": 2652.494795963559,
    "largestContentfulPaint": 2039.9256284712326,
    "cumulativeLayoutShift": 0.053000633328782736,
    "firstInputDelay": 50.017771439310245,
    "timestamp": 1772488916182
  },
  "runtime": {
    "memoryUsage": {
      "rss": 62357504,
      "heapUsed": 11952240,
      "heapTotal": 19857408,
      "external": 1970480
    },
    "startupTime": 408.125833,
    "cpuUsage": 168.614,
    "timestamp": 1772488916182
  },
  "violations": [],
  "recommendations": [
    "Largest file (index.js) is 100.0% of bundle - consider splitting or optimizing"
  ],
  "overallStatus": "pass"
}