{
  "timestamp": 1773044088456,
  "bundleSize": {
    "totalSize": 916,
    "gzippedSize": 423,
    "fileCount": 1,
    "largestFile": {
      "name": "index.js",
      "size": 916,
      "gzippedSize": 423
    },
    "breakdown": [
      {
        "name": "index.js",
        "size": 916,
        "gzippedSize": 423,
        "percentage": 100
      }
    ]
  },
  "webVitals": {
    "firstContentfulPaint": 808.0900541834162,
    "timeToInteractive": 2060.7260468192676,
    "largestContentfulPaint": 2038.9142934824308,
    "cumulativeLayoutShift": 0.08333292433067147,
    "firstInputDelay": 59.546136396531516,
    "timestamp": 1773044088456
  },
  "runtime": {
    "memoryUsage": {
      "rss": 62488576,
      "heapUsed": 12218840,
      "heapTotal": 20119552,
      "external": 1971002
    },
    "startupTime": 293.177958,
    "cpuUsage": 166.879,
    "timestamp": 1773044088456
  },
  "violations": [],
  "recommendations": [
    "Largest file (index.js) is 100.0% of bundle - consider splitting or optimizing"
  ],
  "overallStatus": "pass"
}