{
  "timestamp": 1772641912077,
  "bundleSize": {
    "totalSize": 916,
    "gzippedSize": 423,
    "fileCount": 1,
    "largestFile": {
      "name": "index.js",
      "size": 916,
      "gzippedSize": 423
    },
    "breakdown": [
      {
        "name": "index.js",
        "size": 916,
        "gzippedSize": 423,
        "percentage": 100
      }
    ]
  },
  "webVitals": {
    "firstContentfulPaint": 1056.9684104409762,
    "timeToInteractive": 2093.9820879624876,
    "largestContentfulPaint": 1962.9834834862909,
    "cumulativeLayoutShift": 0.005823581871158523,
    "firstInputDelay": 29.856833086825652,
    "timestamp": 1772641912077
  },
  "runtime": {
    "memoryUsage": {
      "rss": 63766528,
      "heapUsed": 13683256,
      "heapTotal": 19333120,
      "external": 2662038
    },
    "startupTime": 216.335833,
    "cpuUsage": 123.636,
    "timestamp": 1772641912077
  },
  "violations": [],
  "recommendations": [
    "Largest file (index.js) is 100.0% of bundle - consider splitting or optimizing"
  ],
  "overallStatus": "pass"
}