{
  "timestamp": 1772618497223,
  "bundleSize": {
    "totalSize": 916,
    "gzippedSize": 423,
    "fileCount": 1,
    "largestFile": {
      "name": "index.js",
      "size": 916,
      "gzippedSize": 423
    },
    "breakdown": [
      {
        "name": "index.js",
        "size": 916,
        "gzippedSize": 423,
        "percentage": 100
      }
    ]
  },
  "webVitals": {
    "firstContentfulPaint": 1433.8918001196726,
    "timeToInteractive": 2389.8745241894476,
    "largestContentfulPaint": 1546.121935000273,
    "cumulativeLayoutShift": 0.05863586273959059,
    "firstInputDelay": 29.444828887482956,
    "timestamp": 1772618497223
  },
  "runtime": {
    "memoryUsage": {
      "rss": 62111744,
      "heapUsed": 11981568,
      "heapTotal": 20119552,
      "external": 1971956
    },
    "startupTime": 225.71475,
    "cpuUsage": 133.704,
    "timestamp": 1772618497223
  },
  "violations": [],
  "recommendations": [
    "Largest file (index.js) is 100.0% of bundle - consider splitting or optimizing"
  ],
  "overallStatus": "pass"
}