{
  "timestamp": 1773011093910,
  "bundleSize": {
    "totalSize": 916,
    "gzippedSize": 423,
    "fileCount": 1,
    "largestFile": {
      "name": "index.js",
      "size": 916,
      "gzippedSize": 423
    },
    "breakdown": [
      {
        "name": "index.js",
        "size": 916,
        "gzippedSize": 423,
        "percentage": 100
      }
    ]
  },
  "webVitals": {
    "firstContentfulPaint": 1441.8196984979393,
    "timeToInteractive": 2695.2771272331825,
    "largestContentfulPaint": 1774.380795585408,
    "cumulativeLayoutShift": 0.06999344443573725,
    "firstInputDelay": 54.39757340506648,
    "timestamp": 1773011093910
  },
  "runtime": {
    "memoryUsage": {
      "rss": 62128128,
      "heapUsed": 12203792,
      "heapTotal": 20119552,
      "external": 1970508
    },
    "startupTime": 354.737625,
    "cpuUsage": 171.481,
    "timestamp": 1773011093910
  },
  "violations": [],
  "recommendations": [
    "Largest file (index.js) is 100.0% of bundle - consider splitting or optimizing"
  ],
  "overallStatus": "pass"
}