{
  "timestamp": 1773336886097,
  "bundleSize": {
    "totalSize": 916,
    "gzippedSize": 423,
    "fileCount": 1,
    "largestFile": {
      "name": "index.js",
      "size": 916,
      "gzippedSize": 423
    },
    "breakdown": [
      {
        "name": "index.js",
        "size": 916,
        "gzippedSize": 423,
        "percentage": 100
      }
    ]
  },
  "webVitals": {
    "firstContentfulPaint": 1125.2481613009622,
    "timeToInteractive": 2277.1197221627313,
    "largestContentfulPaint": 2239.2636827003685,
    "cumulativeLayoutShift": 0.010040670984884726,
    "firstInputDelay": 58.23914443274385,
    "timestamp": 1773336886097
  },
  "runtime": {
    "memoryUsage": {
      "rss": 62570496,
      "heapUsed": 11969616,
      "heapTotal": 20119552,
      "external": 1964344
    },
    "startupTime": 250.006375,
    "cpuUsage": 149.962,
    "timestamp": 1773336886097
  },
  "violations": [],
  "recommendations": [
    "Largest file (index.js) is 100.0% of bundle - consider splitting or optimizing"
  ],
  "overallStatus": "pass"
}