{
  "timestamp": 1773591305180,
  "bundleSize": {
    "totalSize": 916,
    "gzippedSize": 423,
    "fileCount": 1,
    "largestFile": {
      "name": "index.js",
      "size": 916,
      "gzippedSize": 423
    },
    "breakdown": [
      {
        "name": "index.js",
        "size": 916,
        "gzippedSize": 423,
        "percentage": 100
      }
    ]
  },
  "webVitals": {
    "firstContentfulPaint": 1098.2820133953603,
    "timeToInteractive": 2221.838071098539,
    "largestContentfulPaint": 1538.8568103061693,
    "cumulativeLayoutShift": 0.013253440916464233,
    "firstInputDelay": 48.0632744273101,
    "timestamp": 1773591305180
  },
  "runtime": {
    "memoryUsage": {
      "rss": 61767680,
      "heapUsed": 12103616,
      "heapTotal": 19857408,
      "external": 1971011
    },
    "startupTime": 210.247875,
    "cpuUsage": 136.849,
    "timestamp": 1773591305180
  },
  "violations": [],
  "recommendations": [
    "Largest file (index.js) is 100.0% of bundle - consider splitting or optimizing"
  ],
  "overallStatus": "pass"
}