{
  "timestamp": 1773008996228,
  "bundleSize": {
    "totalSize": 916,
    "gzippedSize": 423,
    "fileCount": 1,
    "largestFile": {
      "name": "index.js",
      "size": 916,
      "gzippedSize": 423
    },
    "breakdown": [
      {
        "name": "index.js",
        "size": 916,
        "gzippedSize": 423,
        "percentage": 100
      }
    ]
  },
  "webVitals": {
    "firstContentfulPaint": 1307.5882760502845,
    "timeToInteractive": 2723.1176385791823,
    "largestContentfulPaint": 1855.175707892201,
    "cumulativeLayoutShift": 0.048471170405859826,
    "firstInputDelay": 67.81085724467316,
    "timestamp": 1773008996228
  },
  "runtime": {
    "memoryUsage": {
      "rss": 62406656,
      "heapUsed": 12252280,
      "heapTotal": 19857408,
      "external": 1972478
    },
    "startupTime": 278.076334,
    "cpuUsage": 165.249,
    "timestamp": 1773008996228
  },
  "violations": [],
  "recommendations": [
    "Largest file (index.js) is 100.0% of bundle - consider splitting or optimizing"
  ],
  "overallStatus": "pass"
}