{
  "timestamp": 1773668689487,
  "bundleSize": {
    "totalSize": 916,
    "gzippedSize": 423,
    "fileCount": 1,
    "largestFile": {
      "name": "index.js",
      "size": 916,
      "gzippedSize": 423
    },
    "breakdown": [
      {
        "name": "index.js",
        "size": 916,
        "gzippedSize": 423,
        "percentage": 100
      }
    ]
  },
  "webVitals": {
    "firstContentfulPaint": 1470.9232646062997,
    "timeToInteractive": 2388.858759939206,
    "largestContentfulPaint": 2348.6216144944083,
    "cumulativeLayoutShift": 0.042344755149338775,
    "firstInputDelay": 27.572743418950875,
    "timestamp": 1773668689487
  },
  "runtime": {
    "memoryUsage": {
      "rss": 62029824,
      "heapUsed": 12070216,
      "heapTotal": 20119552,
      "external": 1969708
    },
    "startupTime": 269.668833,
    "cpuUsage": 162.854,
    "timestamp": 1773668689487
  },
  "violations": [],
  "recommendations": [
    "Largest file (index.js) is 100.0% of bundle - consider splitting or optimizing"
  ],
  "overallStatus": "pass"
}