{
  "timestamp": 1772454930610,
  "bundleSize": {
    "totalSize": 916,
    "gzippedSize": 423,
    "fileCount": 1,
    "largestFile": {
      "name": "index.js",
      "size": 916,
      "gzippedSize": 423
    },
    "breakdown": [
      {
        "name": "index.js",
        "size": 916,
        "gzippedSize": 423,
        "percentage": 100
      }
    ]
  },
  "webVitals": {
    "firstContentfulPaint": 1183.33155432361,
    "timeToInteractive": 2623.148249289637,
    "largestContentfulPaint": 1856.1582239360382,
    "cumulativeLayoutShift": 0.002475918211150452,
    "firstInputDelay": 26.397903876555993,
    "timestamp": 1772454930610
  },
  "runtime": {
    "memoryUsage": {
      "rss": 62210048,
      "heapUsed": 11966936,
      "heapTotal": 20119552,
      "external": 1964817
    },
    "startupTime": 219.504167,
    "cpuUsage": 136.592,
    "timestamp": 1772454930610
  },
  "violations": [],
  "recommendations": [
    "Largest file (index.js) is 100.0% of bundle - consider splitting or optimizing"
  ],
  "overallStatus": "pass"
}