{
  "timestamp": 1773427762823,
  "bundleSize": {
    "totalSize": 916,
    "gzippedSize": 423,
    "fileCount": 1,
    "largestFile": {
      "name": "index.js",
      "size": 916,
      "gzippedSize": 423
    },
    "breakdown": [
      {
        "name": "index.js",
        "size": 916,
        "gzippedSize": 423,
        "percentage": 100
      }
    ]
  },
  "webVitals": {
    "firstContentfulPaint": 1228.9895642589318,
    "timeToInteractive": 2395.2394295950853,
    "largestContentfulPaint": 1715.079992556672,
    "cumulativeLayoutShift": 0.018163242000306414,
    "firstInputDelay": 26.04462569954351,
    "timestamp": 1773427762823
  },
  "runtime": {
    "memoryUsage": {
      "rss": 62472192,
      "heapUsed": 12076832,
      "heapTotal": 20381696,
      "external": 1968713
    },
    "startupTime": 281.080625,
    "cpuUsage": 154.627,
    "timestamp": 1773427762823
  },
  "violations": [],
  "recommendations": [
    "Largest file (index.js) is 100.0% of bundle - consider splitting or optimizing"
  ],
  "overallStatus": "pass"
}