{
  "timestamp": 1772737001495,
  "bundleSize": {
    "totalSize": 916,
    "gzippedSize": 423,
    "fileCount": 1,
    "largestFile": {
      "name": "index.js",
      "size": 916,
      "gzippedSize": 423
    },
    "breakdown": [
      {
        "name": "index.js",
        "size": 916,
        "gzippedSize": 423,
        "percentage": 100
      }
    ]
  },
  "webVitals": {
    "firstContentfulPaint": 1308.3496792746141,
    "timeToInteractive": 2461.5884481977255,
    "largestContentfulPaint": 2294.909744803783,
    "cumulativeLayoutShift": 0.07704204569169988,
    "firstInputDelay": 60.992030566744546,
    "timestamp": 1772737001495
  },
  "runtime": {
    "memoryUsage": {
      "rss": 62406656,
      "heapUsed": 12135128,
      "heapTotal": 20643840,
      "external": 1965339
    },
    "startupTime": 190.772833,
    "cpuUsage": 130.301,
    "timestamp": 1772737001495
  },
  "violations": [],
  "recommendations": [
    "Largest file (index.js) is 100.0% of bundle - consider splitting or optimizing"
  ],
  "overallStatus": "pass"
}