{
  "timestamp": 1772214520661,
  "bundleSize": {
    "totalSize": 916,
    "gzippedSize": 423,
    "fileCount": 1,
    "largestFile": {
      "name": "index.js",
      "size": 916,
      "gzippedSize": 423
    },
    "breakdown": [
      {
        "name": "index.js",
        "size": 916,
        "gzippedSize": 423,
        "percentage": 100
      }
    ]
  },
  "webVitals": {
    "firstContentfulPaint": 1311.2857176707726,
    "timeToInteractive": 2436.4921833116127,
    "largestContentfulPaint": 1660.5677387926357,
    "cumulativeLayoutShift": 0.0463041115693825,
    "firstInputDelay": 29.374368720763112,
    "timestamp": 1772214520661
  },
  "runtime": {
    "memoryUsage": {
      "rss": 63766528,
      "heapUsed": 12064984,
      "heapTotal": 19595264,
      "external": 2023621
    },
    "startupTime": 227.452416,
    "cpuUsage": 158.128,
    "timestamp": 1772214520661
  },
  "violations": [],
  "recommendations": [
    "Largest file (index.js) is 100.0% of bundle - consider splitting or optimizing"
  ],
  "overallStatus": "pass"
}