{
  "timestamp": 1773623109429,
  "bundleSize": {
    "totalSize": 916,
    "gzippedSize": 423,
    "fileCount": 1,
    "largestFile": {
      "name": "index.js",
      "size": 916,
      "gzippedSize": 423
    },
    "breakdown": [
      {
        "name": "index.js",
        "size": 916,
        "gzippedSize": 423,
        "percentage": 100
      }
    ]
  },
  "webVitals": {
    "firstContentfulPaint": 1072.1500044520847,
    "timeToInteractive": 2520.7286672424343,
    "largestContentfulPaint": 1958.238917199407,
    "cumulativeLayoutShift": 0.06412000152298358,
    "firstInputDelay": 25.220571837778504,
    "timestamp": 1773623109429
  },
  "runtime": {
    "memoryUsage": {
      "rss": 61849600,
      "heapUsed": 12180960,
      "heapTotal": 19857408,
      "external": 1969708
    },
    "startupTime": 288.961792,
    "cpuUsage": 155.983,
    "timestamp": 1773623109429
  },
  "violations": [],
  "recommendations": [
    "Largest file (index.js) is 100.0% of bundle - consider splitting or optimizing"
  ],
  "overallStatus": "pass"
}