{
  "timestamp": 1772794355617,
  "bundleSize": {
    "totalSize": 916,
    "gzippedSize": 423,
    "fileCount": 1,
    "largestFile": {
      "name": "index.js",
      "size": 916,
      "gzippedSize": 423
    },
    "breakdown": [
      {
        "name": "index.js",
        "size": 916,
        "gzippedSize": 423,
        "percentage": 100
      }
    ]
  },
  "webVitals": {
    "firstContentfulPaint": 1469.3484476009498,
    "timeToInteractive": 2214.7411191606825,
    "largestContentfulPaint": 2221.5135525602127,
    "cumulativeLayoutShift": 0.02946407686185759,
    "firstInputDelay": 48.488357933308464,
    "timestamp": 1772794355617
  },
  "runtime": {
    "memoryUsage": {
      "rss": 62226432,
      "heapUsed": 12229728,
      "heapTotal": 19857408,
      "external": 1965339
    },
    "startupTime": 219.236708,
    "cpuUsage": 136.004,
    "timestamp": 1772794355617
  },
  "violations": [],
  "recommendations": [
    "Largest file (index.js) is 100.0% of bundle - consider splitting or optimizing"
  ],
  "overallStatus": "pass"
}