{
  "timestamp": 1773668157803,
  "bundleSize": {
    "totalSize": 916,
    "gzippedSize": 423,
    "fileCount": 1,
    "largestFile": {
      "name": "index.js",
      "size": 916,
      "gzippedSize": 423
    },
    "breakdown": [
      {
        "name": "index.js",
        "size": 916,
        "gzippedSize": 423,
        "percentage": 100
      }
    ]
  },
  "webVitals": {
    "firstContentfulPaint": 523.4557775456776,
    "timeToInteractive": 2451.702784284732,
    "largestContentfulPaint": 1603.9099866931153,
    "cumulativeLayoutShift": 0.034160893607442636,
    "firstInputDelay": 63.386461357341986,
    "timestamp": 1773668157803
  },
  "runtime": {
    "memoryUsage": {
      "rss": 61571072,
      "heapUsed": 12079336,
      "heapTotal": 20643840,
      "external": 1969696
    },
    "startupTime": 294.345291,
    "cpuUsage": 156.794,
    "timestamp": 1773668157803
  },
  "violations": [],
  "recommendations": [
    "Largest file (index.js) is 100.0% of bundle - consider splitting or optimizing"
  ],
  "overallStatus": "pass"
}