{
  "timestamp": 1772575436171,
  "bundleSize": {
    "totalSize": 916,
    "gzippedSize": 423,
    "fileCount": 1,
    "largestFile": {
      "name": "index.js",
      "size": 916,
      "gzippedSize": 423
    },
    "breakdown": [
      {
        "name": "index.js",
        "size": 916,
        "gzippedSize": 423,
        "percentage": 100
      }
    ]
  },
  "webVitals": {
    "firstContentfulPaint": 766.630997418883,
    "timeToInteractive": 2775.6218516370536,
    "largestContentfulPaint": 1537.9587629318487,
    "cumulativeLayoutShift": 0.017186501671554333,
    "firstInputDelay": 60.59066998873449,
    "timestamp": 1772575436171
  },
  "runtime": {
    "memoryUsage": {
      "rss": 61947904,
      "heapUsed": 11946544,
      "heapTotal": 19595264,
      "external": 1964817
    },
    "startupTime": 199.840042,
    "cpuUsage": 140.195,
    "timestamp": 1772575436171
  },
  "violations": [],
  "recommendations": [
    "Largest file (index.js) is 100.0% of bundle - consider splitting or optimizing"
  ],
  "overallStatus": "pass"
}