{
  "timestamp": 1772575327713,
  "bundleSize": {
    "totalSize": 916,
    "gzippedSize": 423,
    "fileCount": 1,
    "largestFile": {
      "name": "index.js",
      "size": 916,
      "gzippedSize": 423
    },
    "breakdown": [
      {
        "name": "index.js",
        "size": 916,
        "gzippedSize": 423,
        "percentage": 100
      }
    ]
  },
  "webVitals": {
    "firstContentfulPaint": 645.927331457033,
    "timeToInteractive": 2422.8344544368447,
    "largestContentfulPaint": 1685.6656357482502,
    "cumulativeLayoutShift": 0.043442314429363305,
    "firstInputDelay": 53.317587457229166,
    "timestamp": 1772575327713
  },
  "runtime": {
    "memoryUsage": {
      "rss": 62210048,
      "heapUsed": 11975888,
      "heapTotal": 20119552,
      "external": 1966644
    },
    "startupTime": 355.781209,
    "cpuUsage": 155.173,
    "timestamp": 1772575327713
  },
  "violations": [],
  "recommendations": [
    "Largest file (index.js) is 100.0% of bundle - consider splitting or optimizing"
  ],
  "overallStatus": "pass"
}