{
  "timestamp": 1773604883648,
  "bundleSize": {
    "totalSize": 916,
    "gzippedSize": 423,
    "fileCount": 1,
    "largestFile": {
      "name": "index.js",
      "size": 916,
      "gzippedSize": 423
    },
    "breakdown": [
      {
        "name": "index.js",
        "size": 916,
        "gzippedSize": 423,
        "percentage": 100
      }
    ]
  },
  "webVitals": {
    "firstContentfulPaint": 1125.6257975637463,
    "timeToInteractive": 2913.7684584035655,
    "largestContentfulPaint": 1693.9681644886518,
    "cumulativeLayoutShift": 0.05720157433498061,
    "firstInputDelay": 32.30811670971955,
    "timestamp": 1773604883648
  },
  "runtime": {
    "memoryUsage": {
      "rss": 61046784,
      "heapUsed": 12048896,
      "heapTotal": 20119552,
      "external": 1969226
    },
    "startupTime": 1100.373417,
    "cpuUsage": 215.701,
    "timestamp": 1773604883648
  },
  "violations": [],
  "recommendations": [
    "Largest file (index.js) is 100.0% of bundle - consider splitting or optimizing"
  ],
  "overallStatus": "pass"
}