{
  "timestamp": 1773151092139,
  "bundleSize": {
    "totalSize": 916,
    "gzippedSize": 423,
    "fileCount": 1,
    "largestFile": {
      "name": "index.js",
      "size": 916,
      "gzippedSize": 423
    },
    "breakdown": [
      {
        "name": "index.js",
        "size": 916,
        "gzippedSize": 423,
        "percentage": 100
      }
    ]
  },
  "webVitals": {
    "firstContentfulPaint": 561.3207956053159,
    "timeToInteractive": 2210.9791501347663,
    "largestContentfulPaint": 2434.0530613807723,
    "cumulativeLayoutShift": 0.032501204645953345,
    "firstInputDelay": 67.28200550045516,
    "timestamp": 1773151092139
  },
  "runtime": {
    "memoryUsage": {
      "rss": 62570496,
      "heapUsed": 12361400,
      "heapTotal": 20119552,
      "external": 1979455
    },
    "startupTime": 236.036542,
    "cpuUsage": 143.515,
    "timestamp": 1773151092139
  },
  "violations": [],
  "recommendations": [
    "Largest file (index.js) is 100.0% of bundle - consider splitting or optimizing"
  ],
  "overallStatus": "pass"
}