{
  "timestamp": 1773344739942,
  "bundleSize": {
    "totalSize": 916,
    "gzippedSize": 423,
    "fileCount": 1,
    "largestFile": {
      "name": "index.js",
      "size": 916,
      "gzippedSize": 423
    },
    "breakdown": [
      {
        "name": "index.js",
        "size": 916,
        "gzippedSize": 423,
        "percentage": 100
      }
    ]
  },
  "webVitals": {
    "firstContentfulPaint": 1358.103618913742,
    "timeToInteractive": 2345.5582203077265,
    "largestContentfulPaint": 2190.9399365375107,
    "cumulativeLayoutShift": 0.06053792266763813,
    "firstInputDelay": 65.46274361172252,
    "timestamp": 1773344739942
  },
  "runtime": {
    "memoryUsage": {
      "rss": 60162048,
      "heapUsed": 12072792,
      "heapTotal": 19595264,
      "external": 1966898
    },
    "startupTime": 670.467209,
    "cpuUsage": 209.819,
    "timestamp": 1773344739942
  },
  "violations": [],
  "recommendations": [
    "Largest file (index.js) is 100.0% of bundle - consider splitting or optimizing"
  ],
  "overallStatus": "pass"
}