{
  "timestamp": 1772555279235,
  "bundleSize": {
    "totalSize": 916,
    "gzippedSize": 423,
    "fileCount": 1,
    "largestFile": {
      "name": "index.js",
      "size": 916,
      "gzippedSize": 423
    },
    "breakdown": [
      {
        "name": "index.js",
        "size": 916,
        "gzippedSize": 423,
        "percentage": 100
      }
    ]
  },
  "webVitals": {
    "firstContentfulPaint": 1338.9198234103715,
    "timeToInteractive": 2703.0734872514176,
    "largestContentfulPaint": 2183.8520915145327,
    "cumulativeLayoutShift": 0.08462763048215338,
    "firstInputDelay": 39.8712768118747,
    "timestamp": 1772555279235
  },
  "runtime": {
    "memoryUsage": {
      "rss": 61472768,
      "heapUsed": 11961808,
      "heapTotal": 20119552,
      "external": 1964817
    },
    "startupTime": 205.274083,
    "cpuUsage": 141.405,
    "timestamp": 1772555279235
  },
  "violations": [],
  "recommendations": [
    "Largest file (index.js) is 100.0% of bundle - consider splitting or optimizing"
  ],
  "overallStatus": "pass"
}