{
  "timestamp": 1773167232932,
  "bundleSize": {
    "totalSize": 916,
    "gzippedSize": 423,
    "fileCount": 1,
    "largestFile": {
      "name": "index.js",
      "size": 916,
      "gzippedSize": 423
    },
    "breakdown": [
      {
        "name": "index.js",
        "size": 916,
        "gzippedSize": 423,
        "percentage": 100
      }
    ]
  },
  "webVitals": {
    "firstContentfulPaint": 1284.872391648516,
    "timeToInteractive": 2101.5755605629474,
    "largestContentfulPaint": 1843.9611931694194,
    "cumulativeLayoutShift": 0.0239905048350884,
    "firstInputDelay": 30.073025743956684,
    "timestamp": 1773167232931
  },
  "runtime": {
    "memoryUsage": {
      "rss": 62259200,
      "heapUsed": 12069280,
      "heapTotal": 19857408,
      "external": 1970916
    },
    "startupTime": 251.143542,
    "cpuUsage": 147.405,
    "timestamp": 1773167232932
  },
  "violations": [],
  "recommendations": [
    "Largest file (index.js) is 100.0% of bundle - consider splitting or optimizing"
  ],
  "overallStatus": "pass"
}