{
  "timestamp": 1773265847222,
  "bundleSize": {
    "totalSize": 916,
    "gzippedSize": 423,
    "fileCount": 1,
    "largestFile": {
      "name": "index.js",
      "size": 916,
      "gzippedSize": 423
    },
    "breakdown": [
      {
        "name": "index.js",
        "size": 916,
        "gzippedSize": 423,
        "percentage": 100
      }
    ]
  },
  "webVitals": {
    "firstContentfulPaint": 1443.0718603062942,
    "timeToInteractive": 2988.5015044864176,
    "largestContentfulPaint": 1570.40078841886,
    "cumulativeLayoutShift": 0.05453748587158818,
    "firstInputDelay": 30.625864987611727,
    "timestamp": 1773265847222
  },
  "runtime": {
    "memoryUsage": {
      "rss": 61636608,
      "heapUsed": 12104456,
      "heapTotal": 19595264,
      "external": 1970916
    },
    "startupTime": 223.483625,
    "cpuUsage": 132.807,
    "timestamp": 1773265847222
  },
  "violations": [],
  "recommendations": [
    "Largest file (index.js) is 100.0% of bundle - consider splitting or optimizing"
  ],
  "overallStatus": "pass"
}