{
  "timestamp": 1773317203034,
  "bundleSize": {
    "totalSize": 916,
    "gzippedSize": 423,
    "fileCount": 1,
    "largestFile": {
      "name": "index.js",
      "size": 916,
      "gzippedSize": 423
    },
    "breakdown": [
      {
        "name": "index.js",
        "size": 916,
        "gzippedSize": 423,
        "percentage": 100
      }
    ]
  },
  "webVitals": {
    "firstContentfulPaint": 1005.6102115424721,
    "timeToInteractive": 2836.9512460517276,
    "largestContentfulPaint": 2286.8207856736203,
    "cumulativeLayoutShift": 0.07232911714344008,
    "firstInputDelay": 64.95269976535347,
    "timestamp": 1773317203034
  },
  "runtime": {
    "memoryUsage": {
      "rss": 61931520,
      "heapUsed": 12259656,
      "heapTotal": 19857408,
      "external": 1969708
    },
    "startupTime": 253.209042,
    "cpuUsage": 139.456,
    "timestamp": 1773317203034
  },
  "violations": [],
  "recommendations": [
    "Largest file (index.js) is 100.0% of bundle - consider splitting or optimizing"
  ],
  "overallStatus": "pass"
}