{
  "timestamp": 1773589780338,
  "bundleSize": {
    "totalSize": 916,
    "gzippedSize": 423,
    "fileCount": 1,
    "largestFile": {
      "name": "index.js",
      "size": 916,
      "gzippedSize": 423
    },
    "breakdown": [
      {
        "name": "index.js",
        "size": 916,
        "gzippedSize": 423,
        "percentage": 100
      }
    ]
  },
  "webVitals": {
    "firstContentfulPaint": 1063.6141838440167,
    "timeToInteractive": 2811.323859647655,
    "largestContentfulPaint": 2367.6727011621115,
    "cumulativeLayoutShift": 0.017827815767173027,
    "firstInputDelay": 32.3849012714728,
    "timestamp": 1773589780337
  },
  "runtime": {
    "memoryUsage": {
      "rss": 61538304,
      "heapUsed": 12022480,
      "heapTotal": 20119552,
      "external": 1966146
    },
    "startupTime": 3068.57575,
    "cpuUsage": 508.527,
    "timestamp": 1773589780338
  },
  "violations": [],
  "recommendations": [
    "Largest file (index.js) is 100.0% of bundle - consider splitting or optimizing"
  ],
  "overallStatus": "pass"
}