{
  "timestamp": 1772538312877,
  "bundleSize": {
    "totalSize": 916,
    "gzippedSize": 423,
    "fileCount": 1,
    "largestFile": {
      "name": "index.js",
      "size": 916,
      "gzippedSize": 423
    },
    "breakdown": [
      {
        "name": "index.js",
        "size": 916,
        "gzippedSize": 423,
        "percentage": 100
      }
    ]
  },
  "webVitals": {
    "firstContentfulPaint": 1092.310124321262,
    "timeToInteractive": 2038.768937484395,
    "largestContentfulPaint": 2382.2745618148583,
    "cumulativeLayoutShift": 0.020955858405622863,
    "firstInputDelay": 71.50031464239568,
    "timestamp": 1772538312877
  },
  "runtime": {
    "memoryUsage": {
      "rss": 62242816,
      "heapUsed": 11939248,
      "heapTotal": 19595264,
      "external": 1964817
    },
    "startupTime": 261.636833,
    "cpuUsage": 160.421,
    "timestamp": 1772538312877
  },
  "violations": [],
  "recommendations": [
    "Largest file (index.js) is 100.0% of bundle - consider splitting or optimizing"
  ],
  "overallStatus": "pass"
}