{
  "timestamp": 1769818644912,
  "bundleSize": {
    "totalSize": 882,
    "gzippedSize": 419,
    "fileCount": 1,
    "largestFile": {
      "name": "index.js",
      "size": 882,
      "gzippedSize": 419
    },
    "breakdown": [
      {
        "name": "index.js",
        "size": 882,
        "gzippedSize": 419,
        "percentage": 100
      }
    ]
  },
  "webVitals": {
    "firstContentfulPaint": 939.3361658404873,
    "timeToInteractive": 2114.8278708228327,
    "largestContentfulPaint": 2411.194514277301,
    "cumulativeLayoutShift": 0.012167369984823663,
    "firstInputDelay": 43.703327552123994,
    "timestamp": 1769818644912
  },
  "runtime": {
    "memoryUsage": {
      "rss": 66420736,
      "heapUsed": 13847160,
      "heapTotal": 19382272,
      "external": 2162711
    },
    "startupTime": 524.644125,
    "cpuUsage": 186.496,
    "timestamp": 1769818644912
  },
  "violations": [],
  "recommendations": [
    "Largest file (index.js) is 100.0% of bundle - consider splitting or optimizing"
  ],
  "overallStatus": "pass"
}