{
  "timestamp": 1773623740653,
  "bundleSize": {
    "totalSize": 916,
    "gzippedSize": 423,
    "fileCount": 1,
    "largestFile": {
      "name": "index.js",
      "size": 916,
      "gzippedSize": 423
    },
    "breakdown": [
      {
        "name": "index.js",
        "size": 916,
        "gzippedSize": 423,
        "percentage": 100
      }
    ]
  },
  "webVitals": {
    "firstContentfulPaint": 940.2145844727208,
    "timeToInteractive": 2678.2545699104435,
    "largestContentfulPaint": 1508.5671117149952,
    "cumulativeLayoutShift": 0.016548901737617028,
    "firstInputDelay": 64.62398699258617,
    "timestamp": 1773623740653
  },
  "runtime": {
    "memoryUsage": {
      "rss": 61816832,
      "heapUsed": 12111208,
      "heapTotal": 19595264,
      "external": 1970916
    },
    "startupTime": 275.413458,
    "cpuUsage": 163.015,
    "timestamp": 1773623740653
  },
  "violations": [],
  "recommendations": [
    "Largest file (index.js) is 100.0% of bundle - consider splitting or optimizing"
  ],
  "overallStatus": "pass"
}