{
  "timestamp": 1773348845100,
  "bundleSize": {
    "totalSize": 916,
    "gzippedSize": 423,
    "fileCount": 1,
    "largestFile": {
      "name": "index.js",
      "size": 916,
      "gzippedSize": 423
    },
    "breakdown": [
      {
        "name": "index.js",
        "size": 916,
        "gzippedSize": 423,
        "percentage": 100
      }
    ]
  },
  "webVitals": {
    "firstContentfulPaint": 1274.9363553657827,
    "timeToInteractive": 2057.1728262342585,
    "largestContentfulPaint": 2324.0777346180175,
    "cumulativeLayoutShift": 0.048252650263205465,
    "firstInputDelay": 52.56961072666668,
    "timestamp": 1773348845100
  },
  "runtime": {
    "memoryUsage": {
      "rss": 54984704,
      "heapUsed": 11682344,
      "heapTotal": 14876672,
      "external": 1966687
    },
    "startupTime": 11168.331125,
    "cpuUsage": 201.448,
    "timestamp": 1773348845100
  },
  "violations": [],
  "recommendations": [
    "Largest file (index.js) is 100.0% of bundle - consider splitting or optimizing"
  ],
  "overallStatus": "pass"
}