{
  "timestamp": 1773066317900,
  "bundleSize": {
    "totalSize": 916,
    "gzippedSize": 423,
    "fileCount": 1,
    "largestFile": {
      "name": "index.js",
      "size": 916,
      "gzippedSize": 423
    },
    "breakdown": [
      {
        "name": "index.js",
        "size": 916,
        "gzippedSize": 423,
        "percentage": 100
      }
    ]
  },
  "webVitals": {
    "firstContentfulPaint": 1217.9701214791703,
    "timeToInteractive": 2980.9796193140637,
    "largestContentfulPaint": 2158.0660800304886,
    "cumulativeLayoutShift": 0.05963640572963696,
    "firstInputDelay": 60.31160066120943,
    "timestamp": 1773066317899
  },
  "runtime": {
    "memoryUsage": {
      "rss": 62636032,
      "heapUsed": 12161544,
      "heapTotal": 20119552,
      "external": 1965339
    },
    "startupTime": 254.739667,
    "cpuUsage": 153.439,
    "timestamp": 1773066317900
  },
  "violations": [],
  "recommendations": [
    "Largest file (index.js) is 100.0% of bundle - consider splitting or optimizing"
  ],
  "overallStatus": "pass"
}