{
  "timestamp": 1772551522026,
  "bundleSize": {
    "totalSize": 916,
    "gzippedSize": 423,
    "fileCount": 1,
    "largestFile": {
      "name": "index.js",
      "size": 916,
      "gzippedSize": 423
    },
    "breakdown": [
      {
        "name": "index.js",
        "size": 916,
        "gzippedSize": 423,
        "percentage": 100
      }
    ]
  },
  "webVitals": {
    "firstContentfulPaint": 1087.8762554981122,
    "timeToInteractive": 2473.349732834338,
    "largestContentfulPaint": 1560.8642871906077,
    "cumulativeLayoutShift": 0.009743489881489431,
    "firstInputDelay": 61.64684697909946,
    "timestamp": 1772551522026
  },
  "runtime": {
    "memoryUsage": {
      "rss": 61882368,
      "heapUsed": 11944280,
      "heapTotal": 19857408,
      "external": 1964817
    },
    "startupTime": 210.773916,
    "cpuUsage": 141.168,
    "timestamp": 1772551522026
  },
  "violations": [],
  "recommendations": [
    "Largest file (index.js) is 100.0% of bundle - consider splitting or optimizing"
  ],
  "overallStatus": "pass"
}