{
  "timestamp": 1772989068281,
  "bundleSize": {
    "totalSize": 916,
    "gzippedSize": 423,
    "fileCount": 1,
    "largestFile": {
      "name": "index.js",
      "size": 916,
      "gzippedSize": 423
    },
    "breakdown": [
      {
        "name": "index.js",
        "size": 916,
        "gzippedSize": 423,
        "percentage": 100
      }
    ]
  },
  "webVitals": {
    "firstContentfulPaint": 1142.5579647852555,
    "timeToInteractive": 2310.2333281886854,
    "largestContentfulPaint": 1993.6697472193578,
    "cumulativeLayoutShift": 0.025404454435493287,
    "firstInputDelay": 58.214775226170886,
    "timestamp": 1772989068281
  },
  "runtime": {
    "memoryUsage": {
      "rss": 62406656,
      "heapUsed": 12390272,
      "heapTotal": 20119552,
      "external": 1971002
    },
    "startupTime": 235.692208,
    "cpuUsage": 134.364,
    "timestamp": 1772989068281
  },
  "violations": [],
  "recommendations": [
    "Largest file (index.js) is 100.0% of bundle - consider splitting or optimizing"
  ],
  "overallStatus": "pass"
}