{
  "timestamp": 1773659362054,
  "bundleSize": {
    "totalSize": 916,
    "gzippedSize": 423,
    "fileCount": 1,
    "largestFile": {
      "name": "index.js",
      "size": 916,
      "gzippedSize": 423
    },
    "breakdown": [
      {
        "name": "index.js",
        "size": 916,
        "gzippedSize": 423,
        "percentage": 100
      }
    ]
  },
  "webVitals": {
    "firstContentfulPaint": 1021.9748613678623,
    "timeToInteractive": 2676.756880846708,
    "largestContentfulPaint": 2340.8750316523547,
    "cumulativeLayoutShift": 0.033398578519013226,
    "firstInputDelay": 26.921215911527607,
    "timestamp": 1773659362054
  },
  "runtime": {
    "memoryUsage": {
      "rss": 62013440,
      "heapUsed": 12130216,
      "heapTotal": 19857408,
      "external": 1970916
    },
    "startupTime": 227.351125,
    "cpuUsage": 132.218,
    "timestamp": 1773659362054
  },
  "violations": [],
  "recommendations": [
    "Largest file (index.js) is 100.0% of bundle - consider splitting or optimizing"
  ],
  "overallStatus": "pass"
}