{
  "timestamp": 1772468343070,
  "bundleSize": {
    "totalSize": 916,
    "gzippedSize": 423,
    "fileCount": 1,
    "largestFile": {
      "name": "index.js",
      "size": 916,
      "gzippedSize": 423
    },
    "breakdown": [
      {
        "name": "index.js",
        "size": 916,
        "gzippedSize": 423,
        "percentage": 100
      }
    ]
  },
  "webVitals": {
    "firstContentfulPaint": 1284.1889497079826,
    "timeToInteractive": 2141.50588143575,
    "largestContentfulPaint": 1726.1814937140555,
    "cumulativeLayoutShift": 0.029303424106823895,
    "firstInputDelay": 71.24218116823377,
    "timestamp": 1772468343070
  },
  "runtime": {
    "memoryUsage": {
      "rss": 61767680,
      "heapUsed": 11909824,
      "heapTotal": 20119552,
      "external": 1964817
    },
    "startupTime": 190.153458,
    "cpuUsage": 132.194,
    "timestamp": 1772468343070
  },
  "violations": [],
  "recommendations": [
    "Largest file (index.js) is 100.0% of bundle - consider splitting or optimizing"
  ],
  "overallStatus": "pass"
}