{
  "timestamp": 1769820185448,
  "bundleSize": {
    "totalSize": 882,
    "gzippedSize": 419,
    "fileCount": 1,
    "largestFile": {
      "name": "index.js",
      "size": 882,
      "gzippedSize": 419
    },
    "breakdown": [
      {
        "name": "index.js",
        "size": 882,
        "gzippedSize": 419,
        "percentage": 100
      }
    ]
  },
  "webVitals": {
    "firstContentfulPaint": 1005.1826378425687,
    "timeToInteractive": 2566.9741991159644,
    "largestContentfulPaint": 2094.3627738915193,
    "cumulativeLayoutShift": 0.01432527248233091,
    "firstInputDelay": 66.05080027751237,
    "timestamp": 1769820185448
  },
  "runtime": {
    "memoryUsage": {
      "rss": 68337664,
      "heapUsed": 12327496,
      "heapTotal": 20692992,
      "external": 2093465
    },
    "startupTime": 426.944875,
    "cpuUsage": 171.287,
    "timestamp": 1769820185448
  },
  "violations": [],
  "recommendations": [
    "Largest file (index.js) is 100.0% of bundle - consider splitting or optimizing"
  ],
  "overallStatus": "pass"
}