{
  "timestamp": 1773188656653,
  "bundleSize": {
    "totalSize": 916,
    "gzippedSize": 423,
    "fileCount": 1,
    "largestFile": {
      "name": "index.js",
      "size": 916,
      "gzippedSize": 423
    },
    "breakdown": [
      {
        "name": "index.js",
        "size": 916,
        "gzippedSize": 423,
        "percentage": 100
      }
    ]
  },
  "webVitals": {
    "firstContentfulPaint": 1451.9374294088575,
    "timeToInteractive": 2013.345090200362,
    "largestContentfulPaint": 2274.455333255304,
    "cumulativeLayoutShift": 0.061591534053739606,
    "firstInputDelay": 52.885626749050594,
    "timestamp": 1773188656653
  },
  "runtime": {
    "memoryUsage": {
      "rss": 62046208,
      "heapUsed": 12066696,
      "heapTotal": 19857408,
      "external": 1970916
    },
    "startupTime": 253.32125,
    "cpuUsage": 148.282,
    "timestamp": 1773188656653
  },
  "violations": [],
  "recommendations": [
    "Largest file (index.js) is 100.0% of bundle - consider splitting or optimizing"
  ],
  "overallStatus": "pass"
}