{
  "timestamp": 1773155708485,
  "bundleSize": {
    "totalSize": 916,
    "gzippedSize": 423,
    "fileCount": 1,
    "largestFile": {
      "name": "index.js",
      "size": 916,
      "gzippedSize": 423
    },
    "breakdown": [
      {
        "name": "index.js",
        "size": 916,
        "gzippedSize": 423,
        "percentage": 100
      }
    ]
  },
  "webVitals": {
    "firstContentfulPaint": 921.3844308948571,
    "timeToInteractive": 2690.4149938960945,
    "largestContentfulPaint": 2156.2493538944086,
    "cumulativeLayoutShift": 0.02377044872741714,
    "firstInputDelay": 43.742029480929546,
    "timestamp": 1773155708485
  },
  "runtime": {
    "memoryUsage": {
      "rss": 59932672,
      "heapUsed": 12334056,
      "heapTotal": 20119552,
      "external": 1975619
    },
    "startupTime": 469.92375,
    "cpuUsage": 218.246,
    "timestamp": 1773155708485
  },
  "violations": [],
  "recommendations": [
    "Largest file (index.js) is 100.0% of bundle - consider splitting or optimizing"
  ],
  "overallStatus": "pass"
}