{
  "timestamp": 1773348835343,
  "bundleSize": {
    "totalSize": 916,
    "gzippedSize": 423,
    "fileCount": 1,
    "largestFile": {
      "name": "index.js",
      "size": 916,
      "gzippedSize": 423
    },
    "breakdown": [
      {
        "name": "index.js",
        "size": 916,
        "gzippedSize": 423,
        "percentage": 100
      }
    ]
  },
  "webVitals": {
    "firstContentfulPaint": 551.7960697310486,
    "timeToInteractive": 2214.618082614421,
    "largestContentfulPaint": 2325.540396116691,
    "cumulativeLayoutShift": 0.08793149186324956,
    "firstInputDelay": 42.18407510123187,
    "timestamp": 1773348835343
  },
  "runtime": {
    "memoryUsage": {
      "rss": 54362112,
      "heapUsed": 11795136,
      "heapTotal": 15663104,
      "external": 1965210
    },
    "startupTime": 10908.503958,
    "cpuUsage": 212.785,
    "timestamp": 1773348835343
  },
  "violations": [],
  "recommendations": [
    "Largest file (index.js) is 100.0% of bundle - consider splitting or optimizing"
  ],
  "overallStatus": "pass"
}