{
  "timestamp": 1772591520033,
  "bundleSize": {
    "totalSize": 916,
    "gzippedSize": 423,
    "fileCount": 1,
    "largestFile": {
      "name": "index.js",
      "size": 916,
      "gzippedSize": 423
    },
    "breakdown": [
      {
        "name": "index.js",
        "size": 916,
        "gzippedSize": 423,
        "percentage": 100
      }
    ]
  },
  "webVitals": {
    "firstContentfulPaint": 1215.4989443998215,
    "timeToInteractive": 2795.881894374821,
    "largestContentfulPaint": 2102.8923134486677,
    "cumulativeLayoutShift": 0.05358915881808786,
    "firstInputDelay": 39.253582703297006,
    "timestamp": 1772591520033
  },
  "runtime": {
    "memoryUsage": {
      "rss": 62308352,
      "heapUsed": 11955768,
      "heapTotal": 19857408,
      "external": 1970480
    },
    "startupTime": 239.042208,
    "cpuUsage": 141.001,
    "timestamp": 1772591520033
  },
  "violations": [],
  "recommendations": [
    "Largest file (index.js) is 100.0% of bundle - consider splitting or optimizing"
  ],
  "overallStatus": "pass"
}