{
  "timestamp": 1773348605860,
  "bundleSize": {
    "totalSize": 916,
    "gzippedSize": 423,
    "fileCount": 1,
    "largestFile": {
      "name": "index.js",
      "size": 916,
      "gzippedSize": 423
    },
    "breakdown": [
      {
        "name": "index.js",
        "size": 916,
        "gzippedSize": 423,
        "percentage": 100
      }
    ]
  },
  "webVitals": {
    "firstContentfulPaint": 1339.6607027853881,
    "timeToInteractive": 2520.1566112783776,
    "largestContentfulPaint": 1786.0900002361186,
    "cumulativeLayoutShift": 0.032436017348673206,
    "firstInputDelay": 32.36835746917083,
    "timestamp": 1773348605860
  },
  "runtime": {
    "memoryUsage": {
      "rss": 59457536,
      "heapUsed": 12009856,
      "heapTotal": 20381696,
      "external": 1966146
    },
    "startupTime": 3171.051084,
    "cpuUsage": 177.002,
    "timestamp": 1773348605860
  },
  "violations": [],
  "recommendations": [
    "Largest file (index.js) is 100.0% of bundle - consider splitting or optimizing"
  ],
  "overallStatus": "pass"
}