{
  "timestamp": 1772624316284,
  "bundleSize": {
    "totalSize": 916,
    "gzippedSize": 423,
    "fileCount": 1,
    "largestFile": {
      "name": "index.js",
      "size": 916,
      "gzippedSize": 423
    },
    "breakdown": [
      {
        "name": "index.js",
        "size": 916,
        "gzippedSize": 423,
        "percentage": 100
      }
    ]
  },
  "webVitals": {
    "firstContentfulPaint": 1185.670984837736,
    "timeToInteractive": 2662.8154034161557,
    "largestContentfulPaint": 1707.2258956390879,
    "cumulativeLayoutShift": 0.007672553625817358,
    "firstInputDelay": 45.24535688245971,
    "timestamp": 1772624316284
  },
  "runtime": {
    "memoryUsage": {
      "rss": 62144512,
      "heapUsed": 11913880,
      "heapTotal": 19857408,
      "external": 1964817
    },
    "startupTime": 225.707459,
    "cpuUsage": 145.998,
    "timestamp": 1772624316284
  },
  "violations": [],
  "recommendations": [
    "Largest file (index.js) is 100.0% of bundle - consider splitting or optimizing"
  ],
  "overallStatus": "pass"
}