{
  "timestamp": 1773592933032,
  "bundleSize": {
    "totalSize": 916,
    "gzippedSize": 423,
    "fileCount": 1,
    "largestFile": {
      "name": "index.js",
      "size": 916,
      "gzippedSize": 423
    },
    "breakdown": [
      {
        "name": "index.js",
        "size": 916,
        "gzippedSize": 423,
        "percentage": 100
      }
    ]
  },
  "webVitals": {
    "firstContentfulPaint": 968.8838919658314,
    "timeToInteractive": 2184.5964882975486,
    "largestContentfulPaint": 1955.434931091589,
    "cumulativeLayoutShift": 0.049179197792838705,
    "firstInputDelay": 50.11887275420496,
    "timestamp": 1773592933032
  },
  "runtime": {
    "memoryUsage": {
      "rss": 62259200,
      "heapUsed": 12039512,
      "heapTotal": 20119552,
      "external": 1965339
    },
    "startupTime": 215.857417,
    "cpuUsage": 131.399,
    "timestamp": 1773592933032
  },
  "violations": [],
  "recommendations": [
    "Largest file (index.js) is 100.0% of bundle - consider splitting or optimizing"
  ],
  "overallStatus": "pass"
}