{
  "timestamp": 1772734615845,
  "bundleSize": {
    "totalSize": 916,
    "gzippedSize": 423,
    "fileCount": 1,
    "largestFile": {
      "name": "index.js",
      "size": 916,
      "gzippedSize": 423
    },
    "breakdown": [
      {
        "name": "index.js",
        "size": 916,
        "gzippedSize": 423,
        "percentage": 100
      }
    ]
  },
  "webVitals": {
    "firstContentfulPaint": 1176.6090647187439,
    "timeToInteractive": 2933.8924387702164,
    "largestContentfulPaint": 2112.174781986313,
    "cumulativeLayoutShift": 0.029004116426020146,
    "firstInputDelay": 57.663258579426554,
    "timestamp": 1772734615844
  },
  "runtime": {
    "memoryUsage": {
      "rss": 61505536,
      "heapUsed": 12945984,
      "heapTotal": 19595264,
      "external": 1971217
    },
    "startupTime": 299.745875,
    "cpuUsage": 178.77,
    "timestamp": 1772734615845
  },
  "violations": [],
  "recommendations": [
    "Largest file (index.js) is 100.0% of bundle - consider splitting or optimizing"
  ],
  "overallStatus": "pass"
}