{
  "timestamp": 1773348858621,
  "bundleSize": {
    "totalSize": 916,
    "gzippedSize": 423,
    "fileCount": 1,
    "largestFile": {
      "name": "index.js",
      "size": 916,
      "gzippedSize": 423
    },
    "breakdown": [
      {
        "name": "index.js",
        "size": 916,
        "gzippedSize": 423,
        "percentage": 100
      }
    ]
  },
  "webVitals": {
    "firstContentfulPaint": 1067.097132147787,
    "timeToInteractive": 2442.2760674469023,
    "largestContentfulPaint": 1663.2327439584478,
    "cumulativeLayoutShift": 0.06586852938827288,
    "firstInputDelay": 33.533320829751865,
    "timestamp": 1773348858621
  },
  "runtime": {
    "memoryUsage": {
      "rss": 58785792,
      "heapUsed": 12240800,
      "heapTotal": 20119552,
      "external": 1966692
    },
    "startupTime": 8757.182042,
    "cpuUsage": 180.01,
    "timestamp": 1773348858621
  },
  "violations": [],
  "recommendations": [
    "Largest file (index.js) is 100.0% of bundle - consider splitting or optimizing"
  ],
  "overallStatus": "pass"
}