{
  "timestamp": 1772982322643,
  "bundleSize": {
    "totalSize": 916,
    "gzippedSize": 423,
    "fileCount": 1,
    "largestFile": {
      "name": "index.js",
      "size": 916,
      "gzippedSize": 423
    },
    "breakdown": [
      {
        "name": "index.js",
        "size": 916,
        "gzippedSize": 423,
        "percentage": 100
      }
    ]
  },
  "webVitals": {
    "firstContentfulPaint": 772.4805220568362,
    "timeToInteractive": 2562.7732330825056,
    "largestContentfulPaint": 2217.183557486216,
    "cumulativeLayoutShift": 0.08243359534943889,
    "firstInputDelay": 25.739636443154122,
    "timestamp": 1772982322643
  },
  "runtime": {
    "memoryUsage": {
      "rss": 61915136,
      "heapUsed": 12222856,
      "heapTotal": 19595264,
      "external": 1972478
    },
    "startupTime": 257.216333,
    "cpuUsage": 151.819,
    "timestamp": 1772982322643
  },
  "violations": [],
  "recommendations": [
    "Largest file (index.js) is 100.0% of bundle - consider splitting or optimizing"
  ],
  "overallStatus": "pass"
}