{
  "timestamp": 1773265798831,
  "bundleSize": {
    "totalSize": 916,
    "gzippedSize": 423,
    "fileCount": 1,
    "largestFile": {
      "name": "index.js",
      "size": 916,
      "gzippedSize": 423
    },
    "breakdown": [
      {
        "name": "index.js",
        "size": 916,
        "gzippedSize": 423,
        "percentage": 100
      }
    ]
  },
  "webVitals": {
    "firstContentfulPaint": 1470.922635937111,
    "timeToInteractive": 2023.9569661788385,
    "largestContentfulPaint": 1747.0441780193587,
    "cumulativeLayoutShift": 0.09912832686312607,
    "firstInputDelay": 69.74424216730064,
    "timestamp": 1773265798831
  },
  "runtime": {
    "memoryUsage": {
      "rss": 62291968,
      "heapUsed": 12156992,
      "heapTotal": 19857408,
      "external": 1970916
    },
    "startupTime": 240.970375,
    "cpuUsage": 148.816,
    "timestamp": 1773265798831
  },
  "violations": [],
  "recommendations": [
    "Largest file (index.js) is 100.0% of bundle - consider splitting or optimizing"
  ],
  "overallStatus": "pass"
}