{
  "timestamp": 1773434905897,
  "bundleSize": {
    "totalSize": 916,
    "gzippedSize": 423,
    "fileCount": 1,
    "largestFile": {
      "name": "index.js",
      "size": 916,
      "gzippedSize": 423
    },
    "breakdown": [
      {
        "name": "index.js",
        "size": 916,
        "gzippedSize": 423,
        "percentage": 100
      }
    ]
  },
  "webVitals": {
    "firstContentfulPaint": 706.2176137844463,
    "timeToInteractive": 2573.2360069925135,
    "largestContentfulPaint": 1539.2160972684178,
    "cumulativeLayoutShift": 0.06812726171667459,
    "firstInputDelay": 63.16206099130777,
    "timestamp": 1773434905897
  },
  "runtime": {
    "memoryUsage": {
      "rss": 61587456,
      "heapUsed": 12109336,
      "heapTotal": 19857408,
      "external": 1969708
    },
    "startupTime": 309.894417,
    "cpuUsage": 172.419,
    "timestamp": 1773434905897
  },
  "violations": [],
  "recommendations": [
    "Largest file (index.js) is 100.0% of bundle - consider splitting or optimizing"
  ],
  "overallStatus": "pass"
}