{
  "timestamp": 1773658591003,
  "bundleSize": {
    "totalSize": 916,
    "gzippedSize": 423,
    "fileCount": 1,
    "largestFile": {
      "name": "index.js",
      "size": 916,
      "gzippedSize": 423
    },
    "breakdown": [
      {
        "name": "index.js",
        "size": 916,
        "gzippedSize": 423,
        "percentage": 100
      }
    ]
  },
  "webVitals": {
    "firstContentfulPaint": 1410.0763013765734,
    "timeToInteractive": 2812.423417661581,
    "largestContentfulPaint": 1628.9721345595608,
    "cumulativeLayoutShift": 0.034866096066405915,
    "firstInputDelay": 53.26072520004477,
    "timestamp": 1773658591002
  },
  "runtime": {
    "memoryUsage": {
      "rss": 59768832,
      "heapUsed": 12326144,
      "heapTotal": 20119552,
      "external": 1964805
    },
    "startupTime": 1652.660041,
    "cpuUsage": 250.915,
    "timestamp": 1773658591003
  },
  "violations": [],
  "recommendations": [
    "Largest file (index.js) is 100.0% of bundle - consider splitting or optimizing"
  ],
  "overallStatus": "pass"
}