{
  "timestamp": 1773605487830,
  "bundleSize": {
    "totalSize": 916,
    "gzippedSize": 423,
    "fileCount": 1,
    "largestFile": {
      "name": "index.js",
      "size": 916,
      "gzippedSize": 423
    },
    "breakdown": [
      {
        "name": "index.js",
        "size": 916,
        "gzippedSize": 423,
        "percentage": 100
      }
    ]
  },
  "webVitals": {
    "firstContentfulPaint": 889.1196005667714,
    "timeToInteractive": 2003.1765565011824,
    "largestContentfulPaint": 2076.5247272255424,
    "cumulativeLayoutShift": 0.042805004046373885,
    "firstInputDelay": 47.94777360492193,
    "timestamp": 1773605487830
  },
  "runtime": {
    "memoryUsage": {
      "rss": 61997056,
      "heapUsed": 12243432,
      "heapTotal": 19857408,
      "external": 1969708
    },
    "startupTime": 285.449041,
    "cpuUsage": 155.274,
    "timestamp": 1773605487830
  },
  "violations": [],
  "recommendations": [
    "Largest file (index.js) is 100.0% of bundle - consider splitting or optimizing"
  ],
  "overallStatus": "pass"
}