{
  "timestamp": 1773591794927,
  "bundleSize": {
    "totalSize": 916,
    "gzippedSize": 423,
    "fileCount": 1,
    "largestFile": {
      "name": "index.js",
      "size": 916,
      "gzippedSize": 423
    },
    "breakdown": [
      {
        "name": "index.js",
        "size": 916,
        "gzippedSize": 423,
        "percentage": 100
      }
    ]
  },
  "webVitals": {
    "firstContentfulPaint": 1228.3741520531007,
    "timeToInteractive": 2444.3742593843654,
    "largestContentfulPaint": 2038.7946420701746,
    "cumulativeLayoutShift": 0.03888817813761589,
    "firstInputDelay": 74.24944095073324,
    "timestamp": 1773591794927
  },
  "runtime": {
    "memoryUsage": {
      "rss": 62160896,
      "heapUsed": 12216648,
      "heapTotal": 19857408,
      "external": 1966898
    },
    "startupTime": 537.058041,
    "cpuUsage": 190.169,
    "timestamp": 1773591794927
  },
  "violations": [],
  "recommendations": [
    "Largest file (index.js) is 100.0% of bundle - consider splitting or optimizing"
  ],
  "overallStatus": "pass"
}