{
  "timestamp": 1773194817479,
  "bundleSize": {
    "totalSize": 916,
    "gzippedSize": 423,
    "fileCount": 1,
    "largestFile": {
      "name": "index.js",
      "size": 916,
      "gzippedSize": 423
    },
    "breakdown": [
      {
        "name": "index.js",
        "size": 916,
        "gzippedSize": 423,
        "percentage": 100
      }
    ]
  },
  "webVitals": {
    "firstContentfulPaint": 1047.4198572560445,
    "timeToInteractive": 2106.7432032029024,
    "largestContentfulPaint": 2297.555721202425,
    "cumulativeLayoutShift": 0.002936253231282393,
    "firstInputDelay": 45.59713981267404,
    "timestamp": 1773194817479
  },
  "runtime": {
    "memoryUsage": {
      "rss": 62242816,
      "heapUsed": 12052744,
      "heapTotal": 20119552,
      "external": 1970916
    },
    "startupTime": 236.69525,
    "cpuUsage": 148.304,
    "timestamp": 1773194817479
  },
  "violations": [],
  "recommendations": [
    "Largest file (index.js) is 100.0% of bundle - consider splitting or optimizing"
  ],
  "overallStatus": "pass"
}