{
  "timestamp": 1773434042034,
  "bundleSize": {
    "totalSize": 916,
    "gzippedSize": 423,
    "fileCount": 1,
    "largestFile": {
      "name": "index.js",
      "size": 916,
      "gzippedSize": 423
    },
    "breakdown": [
      {
        "name": "index.js",
        "size": 916,
        "gzippedSize": 423,
        "percentage": 100
      }
    ]
  },
  "webVitals": {
    "firstContentfulPaint": 1434.0318932862485,
    "timeToInteractive": 2940.479521312993,
    "largestContentfulPaint": 2081.5380828625043,
    "cumulativeLayoutShift": 0.09751066067818524,
    "firstInputDelay": 42.71615277501893,
    "timestamp": 1773434042034
  },
  "runtime": {
    "memoryUsage": {
      "rss": 61833216,
      "heapUsed": 12301968,
      "heapTotal": 19857408,
      "external": 1969708
    },
    "startupTime": 310.919709,
    "cpuUsage": 172.423,
    "timestamp": 1773434042034
  },
  "violations": [],
  "recommendations": [
    "Largest file (index.js) is 100.0% of bundle - consider splitting or optimizing"
  ],
  "overallStatus": "pass"
}