{
  "timestamp": 1773398002876,
  "bundleSize": {
    "totalSize": 916,
    "gzippedSize": 423,
    "fileCount": 1,
    "largestFile": {
      "name": "index.js",
      "size": 916,
      "gzippedSize": 423
    },
    "breakdown": [
      {
        "name": "index.js",
        "size": 916,
        "gzippedSize": 423,
        "percentage": 100
      }
    ]
  },
  "webVitals": {
    "firstContentfulPaint": 1045.9452372712667,
    "timeToInteractive": 2644.9179798889477,
    "largestContentfulPaint": 2032.700576384294,
    "cumulativeLayoutShift": 0.012483105303405928,
    "firstInputDelay": 67.16244370805899,
    "timestamp": 1773398002876
  },
  "runtime": {
    "memoryUsage": {
      "rss": 62029824,
      "heapUsed": 12211664,
      "heapTotal": 19595264,
      "external": 1969696
    },
    "startupTime": 432.650416,
    "cpuUsage": 179.225,
    "timestamp": 1773398002876
  },
  "violations": [],
  "recommendations": [
    "Largest file (index.js) is 100.0% of bundle - consider splitting or optimizing"
  ],
  "overallStatus": "pass"
}