{
  "timestamp": 1773163449305,
  "bundleSize": {
    "totalSize": 916,
    "gzippedSize": 423,
    "fileCount": 1,
    "largestFile": {
      "name": "index.js",
      "size": 916,
      "gzippedSize": 423
    },
    "breakdown": [
      {
        "name": "index.js",
        "size": 916,
        "gzippedSize": 423,
        "percentage": 100
      }
    ]
  },
  "webVitals": {
    "firstContentfulPaint": 1201.1071632341127,
    "timeToInteractive": 2067.8191798296452,
    "largestContentfulPaint": 1523.6180712782232,
    "cumulativeLayoutShift": 0.08787796415020739,
    "firstInputDelay": 54.16808397668724,
    "timestamp": 1773163449305
  },
  "runtime": {
    "memoryUsage": {
      "rss": 61980672,
      "heapUsed": 12090368,
      "heapTotal": 20119552,
      "external": 1965339
    },
    "startupTime": 227.251709,
    "cpuUsage": 137.705,
    "timestamp": 1773163449305
  },
  "violations": [],
  "recommendations": [
    "Largest file (index.js) is 100.0% of bundle - consider splitting or optimizing"
  ],
  "overallStatus": "pass"
}