{
  "timestamp": 1772312749865,
  "bundleSize": {
    "totalSize": 916,
    "gzippedSize": 423,
    "fileCount": 1,
    "largestFile": {
      "name": "index.js",
      "size": 916,
      "gzippedSize": 423
    },
    "breakdown": [
      {
        "name": "index.js",
        "size": 916,
        "gzippedSize": 423,
        "percentage": 100
      }
    ]
  },
  "webVitals": {
    "firstContentfulPaint": 785.6128994609526,
    "timeToInteractive": 2511.0122004407426,
    "largestContentfulPaint": 1936.8037468074037,
    "cumulativeLayoutShift": 0.0003016135886773297,
    "firstInputDelay": 48.023713262810176,
    "timestamp": 1772312749865
  },
  "runtime": {
    "memoryUsage": {
      "rss": 62586880,
      "heapUsed": 11995544,
      "heapTotal": 20119552,
      "external": 1970468
    },
    "startupTime": 315.213667,
    "cpuUsage": 183.492,
    "timestamp": 1772312749865
  },
  "violations": [],
  "recommendations": [
    "Largest file (index.js) is 100.0% of bundle - consider splitting or optimizing"
  ],
  "overallStatus": "pass"
}