{
  "timestamp": 1773240359418,
  "bundleSize": {
    "totalSize": 916,
    "gzippedSize": 423,
    "fileCount": 1,
    "largestFile": {
      "name": "index.js",
      "size": 916,
      "gzippedSize": 423
    },
    "breakdown": [
      {
        "name": "index.js",
        "size": 916,
        "gzippedSize": 423,
        "percentage": 100
      }
    ]
  },
  "webVitals": {
    "firstContentfulPaint": 593.3934879039182,
    "timeToInteractive": 2039.2645745594011,
    "largestContentfulPaint": 2012.745448238078,
    "cumulativeLayoutShift": 0.003611952787233097,
    "firstInputDelay": 65.02933666483185,
    "timestamp": 1773240359418
  },
  "runtime": {
    "memoryUsage": {
      "rss": 61865984,
      "heapUsed": 12028184,
      "heapTotal": 20381696,
      "external": 1968701
    },
    "startupTime": 352.030333,
    "cpuUsage": 181.969,
    "timestamp": 1773240359418
  },
  "violations": [],
  "recommendations": [
    "Largest file (index.js) is 100.0% of bundle - consider splitting or optimizing"
  ],
  "overallStatus": "pass"
}