{
  "timestamp": 1773277958168,
  "bundleSize": {
    "totalSize": 916,
    "gzippedSize": 423,
    "fileCount": 1,
    "largestFile": {
      "name": "index.js",
      "size": 916,
      "gzippedSize": 423
    },
    "breakdown": [
      {
        "name": "index.js",
        "size": 916,
        "gzippedSize": 423,
        "percentage": 100
      }
    ]
  },
  "webVitals": {
    "firstContentfulPaint": 1289.9292413937314,
    "timeToInteractive": 2674.8074769087484,
    "largestContentfulPaint": 2147.6459771305704,
    "cumulativeLayoutShift": 0.08053065824876496,
    "firstInputDelay": 52.29268000344122,
    "timestamp": 1773277958168
  },
  "runtime": {
    "memoryUsage": {
      "rss": 62046208,
      "heapUsed": 12040936,
      "heapTotal": 20119552,
      "external": 1965339
    },
    "startupTime": 221.498666,
    "cpuUsage": 151.114,
    "timestamp": 1773277958168
  },
  "violations": [],
  "recommendations": [
    "Largest file (index.js) is 100.0% of bundle - consider splitting or optimizing"
  ],
  "overallStatus": "pass"
}