{
  "timestamp": 1771932886606,
  "bundleSize": {
    "totalSize": 916,
    "gzippedSize": 423,
    "fileCount": 1,
    "largestFile": {
      "name": "index.js",
      "size": 916,
      "gzippedSize": 423
    },
    "breakdown": [
      {
        "name": "index.js",
        "size": 916,
        "gzippedSize": 423,
        "percentage": 100
      }
    ]
  },
  "webVitals": {
    "firstContentfulPaint": 549.7834187875252,
    "timeToInteractive": 2030.7807790190066,
    "largestContentfulPaint": 2007.930463779704,
    "cumulativeLayoutShift": 0.052643931247415426,
    "firstInputDelay": 61.39156666032625,
    "timestamp": 1771932886606
  },
  "runtime": {
    "memoryUsage": {
      "rss": 64765952,
      "heapUsed": 12063216,
      "heapTotal": 19857408,
      "external": 2023621
    },
    "startupTime": 263.613584,
    "cpuUsage": 191.265,
    "timestamp": 1771932886606
  },
  "violations": [],
  "recommendations": [
    "Largest file (index.js) is 100.0% of bundle - consider splitting or optimizing"
  ],
  "overallStatus": "pass"
}