{
  "timestamp": 1773065397100,
  "bundleSize": {
    "totalSize": 916,
    "gzippedSize": 423,
    "fileCount": 1,
    "largestFile": {
      "name": "index.js",
      "size": 916,
      "gzippedSize": 423
    },
    "breakdown": [
      {
        "name": "index.js",
        "size": 916,
        "gzippedSize": 423,
        "percentage": 100
      }
    ]
  },
  "webVitals": {
    "firstContentfulPaint": 1175.506575257469,
    "timeToInteractive": 2873.4316286122803,
    "largestContentfulPaint": 1922.8061060930547,
    "cumulativeLayoutShift": 0.049246710440603025,
    "firstInputDelay": 38.31954798928763,
    "timestamp": 1773065397099
  },
  "runtime": {
    "memoryUsage": {
      "rss": 62619648,
      "heapUsed": 12217624,
      "heapTotal": 20119552,
      "external": 1971002
    },
    "startupTime": 237.771625,
    "cpuUsage": 134.479,
    "timestamp": 1773065397100
  },
  "violations": [],
  "recommendations": [
    "Largest file (index.js) is 100.0% of bundle - consider splitting or optimizing"
  ],
  "overallStatus": "pass"
}