{
  "timestamp": 1773603344703,
  "bundleSize": {
    "totalSize": 916,
    "gzippedSize": 423,
    "fileCount": 1,
    "largestFile": {
      "name": "index.js",
      "size": 916,
      "gzippedSize": 423
    },
    "breakdown": [
      {
        "name": "index.js",
        "size": 916,
        "gzippedSize": 423,
        "percentage": 100
      }
    ]
  },
  "webVitals": {
    "firstContentfulPaint": 1029.3872034329008,
    "timeToInteractive": 2444.720009515144,
    "largestContentfulPaint": 1998.6297790002438,
    "cumulativeLayoutShift": 0.05900312439895024,
    "firstInputDelay": 26.985400228319477,
    "timestamp": 1773603344703
  },
  "runtime": {
    "memoryUsage": {
      "rss": 61784064,
      "heapUsed": 12097648,
      "heapTotal": 19595264,
      "external": 1970916
    },
    "startupTime": 264.567875,
    "cpuUsage": 176.903,
    "timestamp": 1773603344703
  },
  "violations": [],
  "recommendations": [
    "Largest file (index.js) is 100.0% of bundle - consider splitting or optimizing"
  ],
  "overallStatus": "pass"
}