{
  "timestamp": 1773348947292,
  "bundleSize": {
    "totalSize": 916,
    "gzippedSize": 423,
    "fileCount": 1,
    "largestFile": {
      "name": "index.js",
      "size": 916,
      "gzippedSize": 423
    },
    "breakdown": [
      {
        "name": "index.js",
        "size": 916,
        "gzippedSize": 423,
        "percentage": 100
      }
    ]
  },
  "webVitals": {
    "firstContentfulPaint": 1358.2495174704723,
    "timeToInteractive": 2351.388364043147,
    "largestContentfulPaint": 2307.3900015971376,
    "cumulativeLayoutShift": 0.06894137050081565,
    "firstInputDelay": 44.70815123455326,
    "timestamp": 1773348947292
  },
  "runtime": {
    "memoryUsage": {
      "rss": 62455808,
      "heapUsed": 12041592,
      "heapTotal": 20381696,
      "external": 1964805
    },
    "startupTime": 644.811083,
    "cpuUsage": 190.361,
    "timestamp": 1773348947292
  },
  "violations": [],
  "recommendations": [
    "Largest file (index.js) is 100.0% of bundle - consider splitting or optimizing"
  ],
  "overallStatus": "pass"
}