{
  "timestamp": 1772489251683,
  "bundleSize": {
    "totalSize": 916,
    "gzippedSize": 423,
    "fileCount": 1,
    "largestFile": {
      "name": "index.js",
      "size": 916,
      "gzippedSize": 423
    },
    "breakdown": [
      {
        "name": "index.js",
        "size": 916,
        "gzippedSize": 423,
        "percentage": 100
      }
    ]
  },
  "webVitals": {
    "firstContentfulPaint": 624.6435363942797,
    "timeToInteractive": 2607.6825423712203,
    "largestContentfulPaint": 2297.9299567616854,
    "cumulativeLayoutShift": 0.05158402945452663,
    "firstInputDelay": 38.25112012160372,
    "timestamp": 1772489251683
  },
  "runtime": {
    "memoryUsage": {
      "rss": 62160896,
      "heapUsed": 11958528,
      "heapTotal": 19857408,
      "external": 1970480
    },
    "startupTime": 449.463625,
    "cpuUsage": 177.211,
    "timestamp": 1772489251683
  },
  "violations": [],
  "recommendations": [
    "Largest file (index.js) is 100.0% of bundle - consider splitting or optimizing"
  ],
  "overallStatus": "pass"
}