{
  "timestamp": 1773622724412,
  "bundleSize": {
    "totalSize": 916,
    "gzippedSize": 423,
    "fileCount": 1,
    "largestFile": {
      "name": "index.js",
      "size": 916,
      "gzippedSize": 423
    },
    "breakdown": [
      {
        "name": "index.js",
        "size": 916,
        "gzippedSize": 423,
        "percentage": 100
      }
    ]
  },
  "webVitals": {
    "firstContentfulPaint": 742.0563979144601,
    "timeToInteractive": 2179.4217686071124,
    "largestContentfulPaint": 1911.9636129876596,
    "cumulativeLayoutShift": 0.019295946457132465,
    "firstInputDelay": 35.23798837493031,
    "timestamp": 1773622724412
  },
  "runtime": {
    "memoryUsage": {
      "rss": 62242816,
      "heapUsed": 12062752,
      "heapTotal": 20381696,
      "external": 1970916
    },
    "startupTime": 253.968292,
    "cpuUsage": 156.607,
    "timestamp": 1773622724412
  },
  "violations": [],
  "recommendations": [
    "Largest file (index.js) is 100.0% of bundle - consider splitting or optimizing"
  ],
  "overallStatus": "pass"
}