{
  "timestamp": 1773263372736,
  "bundleSize": {
    "totalSize": 916,
    "gzippedSize": 423,
    "fileCount": 1,
    "largestFile": {
      "name": "index.js",
      "size": 916,
      "gzippedSize": 423
    },
    "breakdown": [
      {
        "name": "index.js",
        "size": 916,
        "gzippedSize": 423,
        "percentage": 100
      }
    ]
  },
  "webVitals": {
    "firstContentfulPaint": 1398.4010768183928,
    "timeToInteractive": 2249.4753861407758,
    "largestContentfulPaint": 2088.8716489196495,
    "cumulativeLayoutShift": 0.09400303929780139,
    "firstInputDelay": 68.86515335529643,
    "timestamp": 1773263372736
  },
  "runtime": {
    "memoryUsage": {
      "rss": 62177280,
      "heapUsed": 12069704,
      "heapTotal": 19595264,
      "external": 1970916
    },
    "startupTime": 233.281083,
    "cpuUsage": 144.837,
    "timestamp": 1773263372736
  },
  "violations": [],
  "recommendations": [
    "Largest file (index.js) is 100.0% of bundle - consider splitting or optimizing"
  ],
  "overallStatus": "pass"
}