{
  "timestamp": 1773314491446,
  "bundleSize": {
    "totalSize": 916,
    "gzippedSize": 423,
    "fileCount": 1,
    "largestFile": {
      "name": "index.js",
      "size": 916,
      "gzippedSize": 423
    },
    "breakdown": [
      {
        "name": "index.js",
        "size": 916,
        "gzippedSize": 423,
        "percentage": 100
      }
    ]
  },
  "webVitals": {
    "firstContentfulPaint": 1302.7569706901759,
    "timeToInteractive": 2325.656867878768,
    "largestContentfulPaint": 1815.6048901827096,
    "cumulativeLayoutShift": 0.009454242947633952,
    "firstInputDelay": 68.25457563518958,
    "timestamp": 1773314491446
  },
  "runtime": {
    "memoryUsage": {
      "rss": 61456384,
      "heapUsed": 12086760,
      "heapTotal": 19595264,
      "external": 1969696
    },
    "startupTime": 291.768209,
    "cpuUsage": 164.636,
    "timestamp": 1773314491446
  },
  "violations": [],
  "recommendations": [
    "Largest file (index.js) is 100.0% of bundle - consider splitting or optimizing"
  ],
  "overallStatus": "pass"
}