{
  "timestamp": 1773227359380,
  "bundleSize": {
    "totalSize": 916,
    "gzippedSize": 423,
    "fileCount": 1,
    "largestFile": {
      "name": "index.js",
      "size": 916,
      "gzippedSize": 423
    },
    "breakdown": [
      {
        "name": "index.js",
        "size": 916,
        "gzippedSize": 423,
        "percentage": 100
      }
    ]
  },
  "webVitals": {
    "firstContentfulPaint": 1367.0790572609128,
    "timeToInteractive": 2654.618214677838,
    "largestContentfulPaint": 1669.3040902712783,
    "cumulativeLayoutShift": 0.041190756202558076,
    "firstInputDelay": 64.53036387104925,
    "timestamp": 1773227359380
  },
  "runtime": {
    "memoryUsage": {
      "rss": 61816832,
      "heapUsed": 12070624,
      "heapTotal": 19857408,
      "external": 1965339
    },
    "startupTime": 227.916625,
    "cpuUsage": 153.36,
    "timestamp": 1773227359380
  },
  "violations": [],
  "recommendations": [
    "Largest file (index.js) is 100.0% of bundle - consider splitting or optimizing"
  ],
  "overallStatus": "pass"
}