{
  "timestamp": 1773622827363,
  "bundleSize": {
    "totalSize": 916,
    "gzippedSize": 423,
    "fileCount": 1,
    "largestFile": {
      "name": "index.js",
      "size": 916,
      "gzippedSize": 423
    },
    "breakdown": [
      {
        "name": "index.js",
        "size": 916,
        "gzippedSize": 423,
        "percentage": 100
      }
    ]
  },
  "webVitals": {
    "firstContentfulPaint": 875.6230751315228,
    "timeToInteractive": 2231.7904767020896,
    "largestContentfulPaint": 1578.0503072178226,
    "cumulativeLayoutShift": 0.07131311562253724,
    "firstInputDelay": 58.68917128624146,
    "timestamp": 1773622827363
  },
  "runtime": {
    "memoryUsage": {
      "rss": 62685184,
      "heapUsed": 12093376,
      "heapTotal": 20119552,
      "external": 1969696
    },
    "startupTime": 262.228291,
    "cpuUsage": 155.249,
    "timestamp": 1773622827363
  },
  "violations": [],
  "recommendations": [
    "Largest file (index.js) is 100.0% of bundle - consider splitting or optimizing"
  ],
  "overallStatus": "pass"
}