{
  "timestamp": 1773429018044,
  "bundleSize": {
    "totalSize": 916,
    "gzippedSize": 423,
    "fileCount": 1,
    "largestFile": {
      "name": "index.js",
      "size": 916,
      "gzippedSize": 423
    },
    "breakdown": [
      {
        "name": "index.js",
        "size": 916,
        "gzippedSize": 423,
        "percentage": 100
      }
    ]
  },
  "webVitals": {
    "firstContentfulPaint": 836.4693159368312,
    "timeToInteractive": 2046.2531086062245,
    "largestContentfulPaint": 1878.0454634961275,
    "cumulativeLayoutShift": 0.03676958359090723,
    "firstInputDelay": 56.92538985930692,
    "timestamp": 1773429018043
  },
  "runtime": {
    "memoryUsage": {
      "rss": 61980672,
      "heapUsed": 12051872,
      "heapTotal": 20119552,
      "external": 1969708
    },
    "startupTime": 287.056834,
    "cpuUsage": 158.767,
    "timestamp": 1773429018044
  },
  "violations": [],
  "recommendations": [
    "Largest file (index.js) is 100.0% of bundle - consider splitting or optimizing"
  ],
  "overallStatus": "pass"
}