{
  "timestamp": 1772450897334,
  "bundleSize": {
    "totalSize": 916,
    "gzippedSize": 423,
    "fileCount": 1,
    "largestFile": {
      "name": "index.js",
      "size": 916,
      "gzippedSize": 423
    },
    "breakdown": [
      {
        "name": "index.js",
        "size": 916,
        "gzippedSize": 423,
        "percentage": 100
      }
    ]
  },
  "webVitals": {
    "firstContentfulPaint": 562.7511228963417,
    "timeToInteractive": 2889.0312088082883,
    "largestContentfulPaint": 2223.190527861335,
    "cumulativeLayoutShift": 0.030195933843348156,
    "firstInputDelay": 46.966818070185056,
    "timestamp": 1772450897334
  },
  "runtime": {
    "memoryUsage": {
      "rss": 62144512,
      "heapUsed": 11950592,
      "heapTotal": 19857408,
      "external": 1964817
    },
    "startupTime": 196.094209,
    "cpuUsage": 137.398,
    "timestamp": 1772450897334
  },
  "violations": [],
  "recommendations": [
    "Largest file (index.js) is 100.0% of bundle - consider splitting or optimizing"
  ],
  "overallStatus": "pass"
}