{
  "timestamp": 1772591414671,
  "bundleSize": {
    "totalSize": 916,
    "gzippedSize": 423,
    "fileCount": 1,
    "largestFile": {
      "name": "index.js",
      "size": 916,
      "gzippedSize": 423
    },
    "breakdown": [
      {
        "name": "index.js",
        "size": 916,
        "gzippedSize": 423,
        "percentage": 100
      }
    ]
  },
  "webVitals": {
    "firstContentfulPaint": 965.9111697335186,
    "timeToInteractive": 2729.0463853988153,
    "largestContentfulPaint": 2411.4447549235692,
    "cumulativeLayoutShift": 0.07562263559616654,
    "firstInputDelay": 64.78734546057899,
    "timestamp": 1772591414671
  },
  "runtime": {
    "memoryUsage": {
      "rss": 62242816,
      "heapUsed": 11959400,
      "heapTotal": 19595264,
      "external": 1971956
    },
    "startupTime": 245.449916,
    "cpuUsage": 153.352,
    "timestamp": 1772591414671
  },
  "violations": [],
  "recommendations": [
    "Largest file (index.js) is 100.0% of bundle - consider splitting or optimizing"
  ],
  "overallStatus": "pass"
}