{
  "timestamp": 1772982467502,
  "bundleSize": {
    "totalSize": 916,
    "gzippedSize": 423,
    "fileCount": 1,
    "largestFile": {
      "name": "index.js",
      "size": 916,
      "gzippedSize": 423
    },
    "breakdown": [
      {
        "name": "index.js",
        "size": 916,
        "gzippedSize": 423,
        "percentage": 100
      }
    ]
  },
  "webVitals": {
    "firstContentfulPaint": 900.9526690072707,
    "timeToInteractive": 2667.5531430497886,
    "largestContentfulPaint": 1972.8216281445957,
    "cumulativeLayoutShift": 0.08079213959487022,
    "firstInputDelay": 36.31956908335907,
    "timestamp": 1772982467502
  },
  "runtime": {
    "memoryUsage": {
      "rss": 62291968,
      "heapUsed": 12354088,
      "heapTotal": 19857408,
      "external": 1965339
    },
    "startupTime": 208.873541,
    "cpuUsage": 129.596,
    "timestamp": 1772982467502
  },
  "violations": [],
  "recommendations": [
    "Largest file (index.js) is 100.0% of bundle - consider splitting or optimizing"
  ],
  "overallStatus": "pass"
}