{
  "timestamp": 1773427852499,
  "bundleSize": {
    "totalSize": 916,
    "gzippedSize": 423,
    "fileCount": 1,
    "largestFile": {
      "name": "index.js",
      "size": 916,
      "gzippedSize": 423
    },
    "breakdown": [
      {
        "name": "index.js",
        "size": 916,
        "gzippedSize": 423,
        "percentage": 100
      }
    ]
  },
  "webVitals": {
    "firstContentfulPaint": 839.0295564392849,
    "timeToInteractive": 2607.7369988896885,
    "largestContentfulPaint": 1900.187193158331,
    "cumulativeLayoutShift": 0.07987215406063762,
    "firstInputDelay": 32.764157974031285,
    "timestamp": 1773427852499
  },
  "runtime": {
    "memoryUsage": {
      "rss": 62504960,
      "heapUsed": 12073480,
      "heapTotal": 19857408,
      "external": 1969708
    },
    "startupTime": 288.666959,
    "cpuUsage": 152.832,
    "timestamp": 1773427852499
  },
  "violations": [],
  "recommendations": [
    "Largest file (index.js) is 100.0% of bundle - consider splitting or optimizing"
  ],
  "overallStatus": "pass"
}