{
  "timestamp": 1772713816947,
  "bundleSize": {
    "totalSize": 916,
    "gzippedSize": 423,
    "fileCount": 1,
    "largestFile": {
      "name": "index.js",
      "size": 916,
      "gzippedSize": 423
    },
    "breakdown": [
      {
        "name": "index.js",
        "size": 916,
        "gzippedSize": 423,
        "percentage": 100
      }
    ]
  },
  "webVitals": {
    "firstContentfulPaint": 673.2052115457452,
    "timeToInteractive": 2941.5896494681774,
    "largestContentfulPaint": 2282.356335129435,
    "cumulativeLayoutShift": 0.006206104121133916,
    "firstInputDelay": 57.44685757776129,
    "timestamp": 1772713816947
  },
  "runtime": {
    "memoryUsage": {
      "rss": 62406656,
      "heapUsed": 11968728,
      "heapTotal": 19857408,
      "external": 1970468
    },
    "startupTime": 394.163208,
    "cpuUsage": 196.324,
    "timestamp": 1772713816947
  },
  "violations": [],
  "recommendations": [
    "Largest file (index.js) is 100.0% of bundle - consider splitting or optimizing"
  ],
  "overallStatus": "pass"
}