{
  "timestamp": 1773318000730,
  "bundleSize": {
    "totalSize": 916,
    "gzippedSize": 423,
    "fileCount": 1,
    "largestFile": {
      "name": "index.js",
      "size": 916,
      "gzippedSize": 423
    },
    "breakdown": [
      {
        "name": "index.js",
        "size": 916,
        "gzippedSize": 423,
        "percentage": 100
      }
    ]
  },
  "webVitals": {
    "firstContentfulPaint": 672.155765187315,
    "timeToInteractive": 2899.6366700900676,
    "largestContentfulPaint": 2054.9124261519796,
    "cumulativeLayoutShift": 0.03570727884081677,
    "firstInputDelay": 48.666815000919804,
    "timestamp": 1773318000730
  },
  "runtime": {
    "memoryUsage": {
      "rss": 63619072,
      "heapUsed": 14103624,
      "heapTotal": 19595264,
      "external": 2657676
    },
    "startupTime": 291.824375,
    "cpuUsage": 159.573,
    "timestamp": 1773318000730
  },
  "violations": [],
  "recommendations": [
    "Largest file (index.js) is 100.0% of bundle - consider splitting or optimizing"
  ],
  "overallStatus": "pass"
}