{
  "timestamp": 1772812208829,
  "bundleSize": {
    "totalSize": 916,
    "gzippedSize": 423,
    "fileCount": 1,
    "largestFile": {
      "name": "index.js",
      "size": 916,
      "gzippedSize": 423
    },
    "breakdown": [
      {
        "name": "index.js",
        "size": 916,
        "gzippedSize": 423,
        "percentage": 100
      }
    ]
  },
  "webVitals": {
    "firstContentfulPaint": 979.8026637410051,
    "timeToInteractive": 2960.6151539199404,
    "largestContentfulPaint": 2127.4450572692153,
    "cumulativeLayoutShift": 0.07307765936731374,
    "firstInputDelay": 54.09459209211086,
    "timestamp": 1772812208829
  },
  "runtime": {
    "memoryUsage": {
      "rss": 62095360,
      "heapUsed": 12187984,
      "heapTotal": 19857408,
      "external": 1965339
    },
    "startupTime": 194.768417,
    "cpuUsage": 129.561,
    "timestamp": 1772812208829
  },
  "violations": [],
  "recommendations": [
    "Largest file (index.js) is 100.0% of bundle - consider splitting or optimizing"
  ],
  "overallStatus": "pass"
}