{
  "timestamp": 1773248180806,
  "bundleSize": {
    "totalSize": 916,
    "gzippedSize": 423,
    "fileCount": 1,
    "largestFile": {
      "name": "index.js",
      "size": 916,
      "gzippedSize": 423
    },
    "breakdown": [
      {
        "name": "index.js",
        "size": 916,
        "gzippedSize": 423,
        "percentage": 100
      }
    ]
  },
  "webVitals": {
    "firstContentfulPaint": 1117.1168823101132,
    "timeToInteractive": 2169.2727099919757,
    "largestContentfulPaint": 1525.3233379520905,
    "cumulativeLayoutShift": 0.005196107859312793,
    "firstInputDelay": 37.27322942286435,
    "timestamp": 1773248180806
  },
  "runtime": {
    "memoryUsage": {
      "rss": 60833792,
      "heapUsed": 12231480,
      "heapTotal": 19595264,
      "external": 1966898
    },
    "startupTime": 607.300333,
    "cpuUsage": 206.013,
    "timestamp": 1773248180806
  },
  "violations": [],
  "recommendations": [
    "Largest file (index.js) is 100.0% of bundle - consider splitting or optimizing"
  ],
  "overallStatus": "pass"
}