{
  "timestamp": 1772641495407,
  "bundleSize": {
    "totalSize": 916,
    "gzippedSize": 423,
    "fileCount": 1,
    "largestFile": {
      "name": "index.js",
      "size": 916,
      "gzippedSize": 423
    },
    "breakdown": [
      {
        "name": "index.js",
        "size": 916,
        "gzippedSize": 423,
        "percentage": 100
      }
    ]
  },
  "webVitals": {
    "firstContentfulPaint": 1367.6843534382733,
    "timeToInteractive": 2886.7877548415217,
    "largestContentfulPaint": 2089.826372154268,
    "cumulativeLayoutShift": 0.06123211960038599,
    "firstInputDelay": 50.210568568963744,
    "timestamp": 1772641495407
  },
  "runtime": {
    "memoryUsage": {
      "rss": 62111744,
      "heapUsed": 11937416,
      "heapTotal": 19857408,
      "external": 1964817
    },
    "startupTime": 219.391625,
    "cpuUsage": 142.638,
    "timestamp": 1772641495407
  },
  "violations": [],
  "recommendations": [
    "Largest file (index.js) is 100.0% of bundle - consider splitting or optimizing"
  ],
  "overallStatus": "pass"
}