{
  "timestamp": 1773671648329,
  "bundleSize": {
    "totalSize": 916,
    "gzippedSize": 423,
    "fileCount": 1,
    "largestFile": {
      "name": "index.js",
      "size": 916,
      "gzippedSize": 423
    },
    "breakdown": [
      {
        "name": "index.js",
        "size": 916,
        "gzippedSize": 423,
        "percentage": 100
      }
    ]
  },
  "webVitals": {
    "firstContentfulPaint": 1395.2850037687604,
    "timeToInteractive": 2141.5309764256685,
    "largestContentfulPaint": 1983.5222423510895,
    "cumulativeLayoutShift": 0.0021591833011461946,
    "firstInputDelay": 49.60236558053768,
    "timestamp": 1773671648328
  },
  "runtime": {
    "memoryUsage": {
      "rss": 59949056,
      "heapUsed": 11193080,
      "heapTotal": 19857408,
      "external": 1968096
    },
    "startupTime": 322.227042,
    "cpuUsage": 164.446,
    "timestamp": 1773671648329
  },
  "violations": [],
  "recommendations": [
    "Largest file (index.js) is 100.0% of bundle - consider splitting or optimizing"
  ],
  "overallStatus": "pass"
}