{
  "timestamp": 1772111662233,
  "bundleSize": {
    "totalSize": 916,
    "gzippedSize": 423,
    "fileCount": 1,
    "largestFile": {
      "name": "index.js",
      "size": 916,
      "gzippedSize": 423
    },
    "breakdown": [
      {
        "name": "index.js",
        "size": 916,
        "gzippedSize": 423,
        "percentage": 100
      }
    ]
  },
  "webVitals": {
    "firstContentfulPaint": 507.1420702630167,
    "timeToInteractive": 2441.1763383240514,
    "largestContentfulPaint": 1723.3299019287467,
    "cumulativeLayoutShift": 0.06550491633335916,
    "firstInputDelay": 60.714740498327465,
    "timestamp": 1772111662233
  },
  "runtime": {
    "memoryUsage": {
      "rss": 61915136,
      "heapUsed": 12665360,
      "heapTotal": 20119552,
      "external": 1965032
    },
    "startupTime": 216.944667,
    "cpuUsage": 146.906,
    "timestamp": 1772111662233
  },
  "violations": [],
  "recommendations": [
    "Largest file (index.js) is 100.0% of bundle - consider splitting or optimizing"
  ],
  "overallStatus": "pass"
}