{
  "timestamp": 1773361745865,
  "bundleSize": {
    "totalSize": 916,
    "gzippedSize": 423,
    "fileCount": 1,
    "largestFile": {
      "name": "index.js",
      "size": 916,
      "gzippedSize": 423
    },
    "breakdown": [
      {
        "name": "index.js",
        "size": 916,
        "gzippedSize": 423,
        "percentage": 100
      }
    ]
  },
  "webVitals": {
    "firstContentfulPaint": 946.4615475546185,
    "timeToInteractive": 2319.4382745751095,
    "largestContentfulPaint": 1867.0306240046766,
    "cumulativeLayoutShift": 0.040880717229685254,
    "firstInputDelay": 68.09724518046754,
    "timestamp": 1773361745865
  },
  "runtime": {
    "memoryUsage": {
      "rss": 62095360,
      "heapUsed": 12255672,
      "heapTotal": 19857408,
      "external": 1969696
    },
    "startupTime": 371.336375,
    "cpuUsage": 186.533,
    "timestamp": 1773361745865
  },
  "violations": [],
  "recommendations": [
    "Largest file (index.js) is 100.0% of bundle - consider splitting or optimizing"
  ],
  "overallStatus": "pass"
}