{
  "timestamp": 1773671029513,
  "bundleSize": {
    "totalSize": 916,
    "gzippedSize": 423,
    "fileCount": 1,
    "largestFile": {
      "name": "index.js",
      "size": 916,
      "gzippedSize": 423
    },
    "breakdown": [
      {
        "name": "index.js",
        "size": 916,
        "gzippedSize": 423,
        "percentage": 100
      }
    ]
  },
  "webVitals": {
    "firstContentfulPaint": 961.2408783471656,
    "timeToInteractive": 2944.4177838683536,
    "largestContentfulPaint": 2137.0365237337087,
    "cumulativeLayoutShift": 0.04011304067797381,
    "firstInputDelay": 43.260619622949235,
    "timestamp": 1773671029513
  },
  "runtime": {
    "memoryUsage": {
      "rss": 62242816,
      "heapUsed": 12112560,
      "heapTotal": 20381696,
      "external": 1968713
    },
    "startupTime": 303.362417,
    "cpuUsage": 160.869,
    "timestamp": 1773671029513
  },
  "violations": [],
  "recommendations": [
    "Largest file (index.js) is 100.0% of bundle - consider splitting or optimizing"
  ],
  "overallStatus": "pass"
}