{
  "timestamp": 1773623264124,
  "bundleSize": {
    "totalSize": 916,
    "gzippedSize": 423,
    "fileCount": 1,
    "largestFile": {
      "name": "index.js",
      "size": 916,
      "gzippedSize": 423
    },
    "breakdown": [
      {
        "name": "index.js",
        "size": 916,
        "gzippedSize": 423,
        "percentage": 100
      }
    ]
  },
  "webVitals": {
    "firstContentfulPaint": 811.7187333179666,
    "timeToInteractive": 2804.090335187995,
    "largestContentfulPaint": 2237.3221618501284,
    "cumulativeLayoutShift": 0.051924245001319626,
    "firstInputDelay": 33.30938263456371,
    "timestamp": 1773623264124
  },
  "runtime": {
    "memoryUsage": {
      "rss": 59228160,
      "heapUsed": 12250048,
      "heapTotal": 19857408,
      "external": 1965845
    },
    "startupTime": 940.220292,
    "cpuUsage": 183.805,
    "timestamp": 1773623264124
  },
  "violations": [],
  "recommendations": [
    "Largest file (index.js) is 100.0% of bundle - consider splitting or optimizing"
  ],
  "overallStatus": "pass"
}