{
  "timestamp": 1773245872179,
  "bundleSize": {
    "totalSize": 916,
    "gzippedSize": 423,
    "fileCount": 1,
    "largestFile": {
      "name": "index.js",
      "size": 916,
      "gzippedSize": 423
    },
    "breakdown": [
      {
        "name": "index.js",
        "size": 916,
        "gzippedSize": 423,
        "percentage": 100
      }
    ]
  },
  "webVitals": {
    "firstContentfulPaint": 529.736245694431,
    "timeToInteractive": 2076.3179878344436,
    "largestContentfulPaint": 2220.917548442291,
    "cumulativeLayoutShift": 0.0012345993141076096,
    "firstInputDelay": 48.036818540058675,
    "timestamp": 1773245872179
  },
  "runtime": {
    "memoryUsage": {
      "rss": 62554112,
      "heapUsed": 12023168,
      "heapTotal": 20381696,
      "external": 1968713
    },
    "startupTime": 289.881459,
    "cpuUsage": 162.383,
    "timestamp": 1773245872179
  },
  "violations": [],
  "recommendations": [
    "Largest file (index.js) is 100.0% of bundle - consider splitting or optimizing"
  ],
  "overallStatus": "pass"
}