{
  "timestamp": 1773438163257,
  "bundleSize": {
    "totalSize": 916,
    "gzippedSize": 423,
    "fileCount": 1,
    "largestFile": {
      "name": "index.js",
      "size": 916,
      "gzippedSize": 423
    },
    "breakdown": [
      {
        "name": "index.js",
        "size": 916,
        "gzippedSize": 423,
        "percentage": 100
      }
    ]
  },
  "webVitals": {
    "firstContentfulPaint": 539.4740118318118,
    "timeToInteractive": 2100.096522886383,
    "largestContentfulPaint": 2206.0443993730023,
    "cumulativeLayoutShift": 0.003155037033745889,
    "firstInputDelay": 45.024906708173475,
    "timestamp": 1773438163257
  },
  "runtime": {
    "memoryUsage": {
      "rss": 61816832,
      "heapUsed": 12074336,
      "heapTotal": 20119552,
      "external": 1969708
    },
    "startupTime": 542.595959,
    "cpuUsage": 196.866,
    "timestamp": 1773438163257
  },
  "violations": [],
  "recommendations": [
    "Largest file (index.js) is 100.0% of bundle - consider splitting or optimizing"
  ],
  "overallStatus": "pass"
}