{
  "timestamp": 1772471768292,
  "bundleSize": {
    "totalSize": 916,
    "gzippedSize": 423,
    "fileCount": 1,
    "largestFile": {
      "name": "index.js",
      "size": 916,
      "gzippedSize": 423
    },
    "breakdown": [
      {
        "name": "index.js",
        "size": 916,
        "gzippedSize": 423,
        "percentage": 100
      }
    ]
  },
  "webVitals": {
    "firstContentfulPaint": 1393.9619876629922,
    "timeToInteractive": 2933.833425637959,
    "largestContentfulPaint": 1749.285659076216,
    "cumulativeLayoutShift": 0.056111058962801844,
    "firstInputDelay": 54.65414020306998,
    "timestamp": 1772471768291
  },
  "runtime": {
    "memoryUsage": {
      "rss": 62210048,
      "heapUsed": 11938960,
      "heapTotal": 19857408,
      "external": 1964817
    },
    "startupTime": 182.292791,
    "cpuUsage": 123.553,
    "timestamp": 1772471768292
  },
  "violations": [],
  "recommendations": [
    "Largest file (index.js) is 100.0% of bundle - consider splitting or optimizing"
  ],
  "overallStatus": "pass"
}