{
  "timestamp": 1772537677553,
  "bundleSize": {
    "totalSize": 916,
    "gzippedSize": 423,
    "fileCount": 1,
    "largestFile": {
      "name": "index.js",
      "size": 916,
      "gzippedSize": 423
    },
    "breakdown": [
      {
        "name": "index.js",
        "size": 916,
        "gzippedSize": 423,
        "percentage": 100
      }
    ]
  },
  "webVitals": {
    "firstContentfulPaint": 839.3948641862708,
    "timeToInteractive": 2404.8422148238155,
    "largestContentfulPaint": 2278.1375209005823,
    "cumulativeLayoutShift": 0.015278075075367782,
    "firstInputDelay": 59.124191445842335,
    "timestamp": 1772537677553
  },
  "runtime": {
    "memoryUsage": {
      "rss": 62373888,
      "heapUsed": 11983952,
      "heapTotal": 20119552,
      "external": 1971956
    },
    "startupTime": 244.096791,
    "cpuUsage": 138.905,
    "timestamp": 1772537677553
  },
  "violations": [],
  "recommendations": [
    "Largest file (index.js) is 100.0% of bundle - consider splitting or optimizing"
  ],
  "overallStatus": "pass"
}