{
  "timestamp": 1773194615197,
  "bundleSize": {
    "totalSize": 916,
    "gzippedSize": 423,
    "fileCount": 1,
    "largestFile": {
      "name": "index.js",
      "size": 916,
      "gzippedSize": 423
    },
    "breakdown": [
      {
        "name": "index.js",
        "size": 916,
        "gzippedSize": 423,
        "percentage": 100
      }
    ]
  },
  "webVitals": {
    "firstContentfulPaint": 1267.569675900736,
    "timeToInteractive": 2846.8885404848324,
    "largestContentfulPaint": 2309.0708735520957,
    "cumulativeLayoutShift": 0.06485769774024468,
    "firstInputDelay": 25.903495720416004,
    "timestamp": 1773194615197
  },
  "runtime": {
    "memoryUsage": {
      "rss": 62717952,
      "heapUsed": 12121008,
      "heapTotal": 20119552,
      "external": 1969515
    },
    "startupTime": 246.123375,
    "cpuUsage": 143.786,
    "timestamp": 1773194615197
  },
  "violations": [],
  "recommendations": [
    "Largest file (index.js) is 100.0% of bundle - consider splitting or optimizing"
  ],
  "overallStatus": "pass"
}