{
  "timestamp": 1772731810152,
  "bundleSize": {
    "totalSize": 916,
    "gzippedSize": 423,
    "fileCount": 1,
    "largestFile": {
      "name": "index.js",
      "size": 916,
      "gzippedSize": 423
    },
    "breakdown": [
      {
        "name": "index.js",
        "size": 916,
        "gzippedSize": 423,
        "percentage": 100
      }
    ]
  },
  "webVitals": {
    "firstContentfulPaint": 1216.5314700476752,
    "timeToInteractive": 2675.3019145673634,
    "largestContentfulPaint": 1821.1385845943637,
    "cumulativeLayoutShift": 0.03522829257005702,
    "firstInputDelay": 25.85551767772708,
    "timestamp": 1772731810152
  },
  "runtime": {
    "memoryUsage": {
      "rss": 62078976,
      "heapUsed": 12223688,
      "heapTotal": 19595264,
      "external": 1971002
    },
    "startupTime": 247.405125,
    "cpuUsage": 138.696,
    "timestamp": 1772731810152
  },
  "violations": [],
  "recommendations": [
    "Largest file (index.js) is 100.0% of bundle - consider splitting or optimizing"
  ],
  "overallStatus": "pass"
}