{
  "timestamp": 1773612850242,
  "bundleSize": {
    "totalSize": 916,
    "gzippedSize": 423,
    "fileCount": 1,
    "largestFile": {
      "name": "index.js",
      "size": 916,
      "gzippedSize": 423
    },
    "breakdown": [
      {
        "name": "index.js",
        "size": 916,
        "gzippedSize": 423,
        "percentage": 100
      }
    ]
  },
  "webVitals": {
    "firstContentfulPaint": 527.072364389457,
    "timeToInteractive": 2761.4089815715206,
    "largestContentfulPaint": 2045.5822852393026,
    "cumulativeLayoutShift": 0.024000726253136585,
    "firstInputDelay": 56.77722143964673,
    "timestamp": 1773612850242
  },
  "runtime": {
    "memoryUsage": {
      "rss": 62521344,
      "heapUsed": 12092464,
      "heapTotal": 19857408,
      "external": 1969708
    },
    "startupTime": 269.444542,
    "cpuUsage": 153.939,
    "timestamp": 1773612850242
  },
  "violations": [],
  "recommendations": [
    "Largest file (index.js) is 100.0% of bundle - consider splitting or optimizing"
  ],
  "overallStatus": "pass"
}