{
  "timestamp": 1773485697590,
  "bundleSize": {
    "totalSize": 916,
    "gzippedSize": 423,
    "fileCount": 1,
    "largestFile": {
      "name": "index.js",
      "size": 916,
      "gzippedSize": 423
    },
    "breakdown": [
      {
        "name": "index.js",
        "size": 916,
        "gzippedSize": 423,
        "percentage": 100
      }
    ]
  },
  "webVitals": {
    "firstContentfulPaint": 760.2516872972087,
    "timeToInteractive": 2606.127366391557,
    "largestContentfulPaint": 2437.1284101760884,
    "cumulativeLayoutShift": 0.007642837701620997,
    "firstInputDelay": 47.582367432936756,
    "timestamp": 1773485697590
  },
  "runtime": {
    "memoryUsage": {
      "rss": 61833216,
      "heapUsed": 12058880,
      "heapTotal": 20119552,
      "external": 1969708
    },
    "startupTime": 286.879708,
    "cpuUsage": 167.608,
    "timestamp": 1773485697590
  },
  "violations": [],
  "recommendations": [
    "Largest file (index.js) is 100.0% of bundle - consider splitting or optimizing"
  ],
  "overallStatus": "pass"
}