{
  "timestamp": 1773003369660,
  "bundleSize": {
    "totalSize": 916,
    "gzippedSize": 423,
    "fileCount": 1,
    "largestFile": {
      "name": "index.js",
      "size": 916,
      "gzippedSize": 423
    },
    "breakdown": [
      {
        "name": "index.js",
        "size": 916,
        "gzippedSize": 423,
        "percentage": 100
      }
    ]
  },
  "webVitals": {
    "firstContentfulPaint": 1048.4663050975655,
    "timeToInteractive": 2957.558369042546,
    "largestContentfulPaint": 1791.5297431623462,
    "cumulativeLayoutShift": 0.04544765075706763,
    "firstInputDelay": 38.67698593526767,
    "timestamp": 1773003369660
  },
  "runtime": {
    "memoryUsage": {
      "rss": 61898752,
      "heapUsed": 12260952,
      "heapTotal": 19595264,
      "external": 1970990
    },
    "startupTime": 308.946708,
    "cpuUsage": 151.701,
    "timestamp": 1773003369660
  },
  "violations": [],
  "recommendations": [
    "Largest file (index.js) is 100.0% of bundle - consider splitting or optimizing"
  ],
  "overallStatus": "pass"
}