{
  "timestamp": 1773411453323,
  "bundleSize": {
    "totalSize": 916,
    "gzippedSize": 423,
    "fileCount": 1,
    "largestFile": {
      "name": "index.js",
      "size": 916,
      "gzippedSize": 423
    },
    "breakdown": [
      {
        "name": "index.js",
        "size": 916,
        "gzippedSize": 423,
        "percentage": 100
      }
    ]
  },
  "webVitals": {
    "firstContentfulPaint": 1082.4319703967708,
    "timeToInteractive": 2955.306527673778,
    "largestContentfulPaint": 1612.4417724017044,
    "cumulativeLayoutShift": 0.0038549832682900132,
    "firstInputDelay": 68.25435032085356,
    "timestamp": 1773411453323
  },
  "runtime": {
    "memoryUsage": {
      "rss": 62521344,
      "heapUsed": 12158520,
      "heapTotal": 20119552,
      "external": 1969708
    },
    "startupTime": 301.77125,
    "cpuUsage": 154.498,
    "timestamp": 1773411453323
  },
  "violations": [],
  "recommendations": [
    "Largest file (index.js) is 100.0% of bundle - consider splitting or optimizing"
  ],
  "overallStatus": "pass"
}