{
  "timestamp": 1772720676814,
  "bundleSize": {
    "totalSize": 916,
    "gzippedSize": 423,
    "fileCount": 1,
    "largestFile": {
      "name": "index.js",
      "size": 916,
      "gzippedSize": 423
    },
    "breakdown": [
      {
        "name": "index.js",
        "size": 916,
        "gzippedSize": 423,
        "percentage": 100
      }
    ]
  },
  "webVitals": {
    "firstContentfulPaint": 1174.440808878301,
    "timeToInteractive": 2987.0075372846895,
    "largestContentfulPaint": 2309.2869659074263,
    "cumulativeLayoutShift": 0.09190715971402832,
    "firstInputDelay": 62.649928886250905,
    "timestamp": 1772720676814
  },
  "runtime": {
    "memoryUsage": {
      "rss": 62013440,
      "heapUsed": 12198936,
      "heapTotal": 19857408,
      "external": 1965339
    },
    "startupTime": 203.880834,
    "cpuUsage": 143.002,
    "timestamp": 1772720676814
  },
  "violations": [],
  "recommendations": [
    "Largest file (index.js) is 100.0% of bundle - consider splitting or optimizing"
  ],
  "overallStatus": "pass"
}