{
  "timestamp": 1773312849486,
  "bundleSize": {
    "totalSize": 916,
    "gzippedSize": 423,
    "fileCount": 1,
    "largestFile": {
      "name": "index.js",
      "size": 916,
      "gzippedSize": 423
    },
    "breakdown": [
      {
        "name": "index.js",
        "size": 916,
        "gzippedSize": 423,
        "percentage": 100
      }
    ]
  },
  "webVitals": {
    "firstContentfulPaint": 914.2778353623842,
    "timeToInteractive": 2459.2243518587215,
    "largestContentfulPaint": 2313.9253261406393,
    "cumulativeLayoutShift": 0.007626092113620042,
    "firstInputDelay": 40.52769272463195,
    "timestamp": 1773312849486
  },
  "runtime": {
    "memoryUsage": {
      "rss": 61931520,
      "heapUsed": 12022984,
      "heapTotal": 20119552,
      "external": 1966146
    },
    "startupTime": 4057.523875,
    "cpuUsage": 191.721,
    "timestamp": 1773312849486
  },
  "violations": [],
  "recommendations": [
    "Largest file (index.js) is 100.0% of bundle - consider splitting or optimizing"
  ],
  "overallStatus": "pass"
}