{
  "timestamp": 1773436875050,
  "bundleSize": {
    "totalSize": 916,
    "gzippedSize": 423,
    "fileCount": 1,
    "largestFile": {
      "name": "index.js",
      "size": 916,
      "gzippedSize": 423
    },
    "breakdown": [
      {
        "name": "index.js",
        "size": 916,
        "gzippedSize": 423,
        "percentage": 100
      }
    ]
  },
  "webVitals": {
    "firstContentfulPaint": 1482.8747629168108,
    "timeToInteractive": 2836.4015477068097,
    "largestContentfulPaint": 1635.5677480574093,
    "cumulativeLayoutShift": 0.06489152832160616,
    "firstInputDelay": 38.829068895355064,
    "timestamp": 1773436875050
  },
  "runtime": {
    "memoryUsage": {
      "rss": 61964288,
      "heapUsed": 12018920,
      "heapTotal": 20119552,
      "external": 1964805
    },
    "startupTime": 1289.149208,
    "cpuUsage": 181.283,
    "timestamp": 1773436875050
  },
  "violations": [],
  "recommendations": [
    "Largest file (index.js) is 100.0% of bundle - consider splitting or optimizing"
  ],
  "overallStatus": "pass"
}