{
  "timestamp": 1773046791993,
  "bundleSize": {
    "totalSize": 916,
    "gzippedSize": 423,
    "fileCount": 1,
    "largestFile": {
      "name": "index.js",
      "size": 916,
      "gzippedSize": 423
    },
    "breakdown": [
      {
        "name": "index.js",
        "size": 916,
        "gzippedSize": 423,
        "percentage": 100
      }
    ]
  },
  "webVitals": {
    "firstContentfulPaint": 883.5443943870163,
    "timeToInteractive": 2319.492990499826,
    "largestContentfulPaint": 2231.4630679536467,
    "cumulativeLayoutShift": 0.019910784129204842,
    "firstInputDelay": 37.83854711822836,
    "timestamp": 1773046791993
  },
  "runtime": {
    "memoryUsage": {
      "rss": 61997056,
      "heapUsed": 12369416,
      "heapTotal": 19595264,
      "external": 1971002
    },
    "startupTime": 246.387917,
    "cpuUsage": 143.348,
    "timestamp": 1773046791993
  },
  "violations": [],
  "recommendations": [
    "Largest file (index.js) is 100.0% of bundle - consider splitting or optimizing"
  ],
  "overallStatus": "pass"
}