{
  "timestamp": 1773193731841,
  "bundleSize": {
    "totalSize": 916,
    "gzippedSize": 423,
    "fileCount": 1,
    "largestFile": {
      "name": "index.js",
      "size": 916,
      "gzippedSize": 423
    },
    "breakdown": [
      {
        "name": "index.js",
        "size": 916,
        "gzippedSize": 423,
        "percentage": 100
      }
    ]
  },
  "webVitals": {
    "firstContentfulPaint": 636.4462172434695,
    "timeToInteractive": 2336.1474753600123,
    "largestContentfulPaint": 2078.3301135046986,
    "cumulativeLayoutShift": 0.031081878421922296,
    "firstInputDelay": 31.71415314978494,
    "timestamp": 1773193731841
  },
  "runtime": {
    "memoryUsage": {
      "rss": 61800448,
      "heapUsed": 12215728,
      "heapTotal": 19595264,
      "external": 1970916
    },
    "startupTime": 209.333042,
    "cpuUsage": 136.605,
    "timestamp": 1773193731841
  },
  "violations": [],
  "recommendations": [
    "Largest file (index.js) is 100.0% of bundle - consider splitting or optimizing"
  ],
  "overallStatus": "pass"
}