{
  "timestamp": 1772551246435,
  "bundleSize": {
    "totalSize": 916,
    "gzippedSize": 423,
    "fileCount": 1,
    "largestFile": {
      "name": "index.js",
      "size": 916,
      "gzippedSize": 423
    },
    "breakdown": [
      {
        "name": "index.js",
        "size": 916,
        "gzippedSize": 423,
        "percentage": 100
      }
    ]
  },
  "webVitals": {
    "firstContentfulPaint": 1217.7726890476633,
    "timeToInteractive": 2522.525148755712,
    "largestContentfulPaint": 2371.8587357719884,
    "cumulativeLayoutShift": 0.05120750808985979,
    "firstInputDelay": 31.869479991894643,
    "timestamp": 1772551246435
  },
  "runtime": {
    "memoryUsage": {
      "rss": 62062592,
      "heapUsed": 11938120,
      "heapTotal": 20119552,
      "external": 1971956
    },
    "startupTime": 222.230917,
    "cpuUsage": 140.23,
    "timestamp": 1772551246435
  },
  "violations": [],
  "recommendations": [
    "Largest file (index.js) is 100.0% of bundle - consider splitting or optimizing"
  ],
  "overallStatus": "pass"
}