{
  "timestamp": 1773397186695,
  "bundleSize": {
    "totalSize": 916,
    "gzippedSize": 423,
    "fileCount": 1,
    "largestFile": {
      "name": "index.js",
      "size": 916,
      "gzippedSize": 423
    },
    "breakdown": [
      {
        "name": "index.js",
        "size": 916,
        "gzippedSize": 423,
        "percentage": 100
      }
    ]
  },
  "webVitals": {
    "firstContentfulPaint": 921.6998085910691,
    "timeToInteractive": 2646.7330047834153,
    "largestContentfulPaint": 2290.567272979615,
    "cumulativeLayoutShift": 0.047752319396387514,
    "firstInputDelay": 47.402034768218314,
    "timestamp": 1773397186695
  },
  "runtime": {
    "memoryUsage": {
      "rss": 61554688,
      "heapUsed": 12074472,
      "heapTotal": 19595264,
      "external": 1969708
    },
    "startupTime": 338.247334,
    "cpuUsage": 154.533,
    "timestamp": 1773397186695
  },
  "violations": [],
  "recommendations": [
    "Largest file (index.js) is 100.0% of bundle - consider splitting or optimizing"
  ],
  "overallStatus": "pass"
}