{
  "timestamp": 1773421978041,
  "bundleSize": {
    "totalSize": 916,
    "gzippedSize": 423,
    "fileCount": 1,
    "largestFile": {
      "name": "index.js",
      "size": 916,
      "gzippedSize": 423
    },
    "breakdown": [
      {
        "name": "index.js",
        "size": 916,
        "gzippedSize": 423,
        "percentage": 100
      }
    ]
  },
  "webVitals": {
    "firstContentfulPaint": 909.6516313443557,
    "timeToInteractive": 2850.2999310883333,
    "largestContentfulPaint": 2199.9381441408614,
    "cumulativeLayoutShift": 0.08028493013669213,
    "firstInputDelay": 43.59045106743423,
    "timestamp": 1773421978041
  },
  "runtime": {
    "memoryUsage": {
      "rss": 61898752,
      "heapUsed": 12085888,
      "heapTotal": 19857408,
      "external": 1969696
    },
    "startupTime": 319.053917,
    "cpuUsage": 156.877,
    "timestamp": 1773421978041
  },
  "violations": [],
  "recommendations": [
    "Largest file (index.js) is 100.0% of bundle - consider splitting or optimizing"
  ],
  "overallStatus": "pass"
}