{
  "timestamp": 1773344636695,
  "bundleSize": {
    "totalSize": 916,
    "gzippedSize": 423,
    "fileCount": 1,
    "largestFile": {
      "name": "index.js",
      "size": 916,
      "gzippedSize": 423
    },
    "breakdown": [
      {
        "name": "index.js",
        "size": 916,
        "gzippedSize": 423,
        "percentage": 100
      }
    ]
  },
  "webVitals": {
    "firstContentfulPaint": 1275.7594331838584,
    "timeToInteractive": 2780.4997606409006,
    "largestContentfulPaint": 1667.321868085371,
    "cumulativeLayoutShift": 0.03696963896922594,
    "firstInputDelay": 30.40482662308781,
    "timestamp": 1773344636695
  },
  "runtime": {
    "memoryUsage": {
      "rss": 61980672,
      "heapUsed": 12103920,
      "heapTotal": 19595264,
      "external": 1966165
    },
    "startupTime": 698.081667,
    "cpuUsage": 194.734,
    "timestamp": 1773344636695
  },
  "violations": [],
  "recommendations": [
    "Largest file (index.js) is 100.0% of bundle - consider splitting or optimizing"
  ],
  "overallStatus": "pass"
}