{
  "timestamp": 1773437538352,
  "bundleSize": {
    "totalSize": 916,
    "gzippedSize": 423,
    "fileCount": 1,
    "largestFile": {
      "name": "index.js",
      "size": 916,
      "gzippedSize": 423
    },
    "breakdown": [
      {
        "name": "index.js",
        "size": 916,
        "gzippedSize": 423,
        "percentage": 100
      }
    ]
  },
  "webVitals": {
    "firstContentfulPaint": 1205.1357136748434,
    "timeToInteractive": 2669.1692772083516,
    "largestContentfulPaint": 1583.3338445258782,
    "cumulativeLayoutShift": 0.010816828685848545,
    "firstInputDelay": 64.5850048467237,
    "timestamp": 1773437538352
  },
  "runtime": {
    "memoryUsage": {
      "rss": 61751296,
      "heapUsed": 12086160,
      "heapTotal": 20119552,
      "external": 1969226
    },
    "startupTime": 473.057166,
    "cpuUsage": 182.776,
    "timestamp": 1773437538352
  },
  "violations": [],
  "recommendations": [
    "Largest file (index.js) is 100.0% of bundle - consider splitting or optimizing"
  ],
  "overallStatus": "pass"
}