{
  "timestamp": 1772547382884,
  "bundleSize": {
    "totalSize": 916,
    "gzippedSize": 423,
    "fileCount": 1,
    "largestFile": {
      "name": "index.js",
      "size": 916,
      "gzippedSize": 423
    },
    "breakdown": [
      {
        "name": "index.js",
        "size": 916,
        "gzippedSize": 423,
        "percentage": 100
      }
    ]
  },
  "webVitals": {
    "firstContentfulPaint": 1385.6125860095513,
    "timeToInteractive": 2231.390634940483,
    "largestContentfulPaint": 2325.566550923435,
    "cumulativeLayoutShift": 0.029613346095971816,
    "firstInputDelay": 34.29369756505039,
    "timestamp": 1772547382884
  },
  "runtime": {
    "memoryUsage": {
      "rss": 62029824,
      "heapUsed": 11959944,
      "heapTotal": 19857408,
      "external": 1971956
    },
    "startupTime": 225.233416,
    "cpuUsage": 135.258,
    "timestamp": 1772547382884
  },
  "violations": [],
  "recommendations": [
    "Largest file (index.js) is 100.0% of bundle - consider splitting or optimizing"
  ],
  "overallStatus": "pass"
}