{
  "timestamp": 1772191036346,
  "bundleSize": {
    "totalSize": 916,
    "gzippedSize": 423,
    "fileCount": 1,
    "largestFile": {
      "name": "index.js",
      "size": 916,
      "gzippedSize": 423
    },
    "breakdown": [
      {
        "name": "index.js",
        "size": 916,
        "gzippedSize": 423,
        "percentage": 100
      }
    ]
  },
  "webVitals": {
    "firstContentfulPaint": 800.3933809300565,
    "timeToInteractive": 2858.70480174898,
    "largestContentfulPaint": 2439.4224665328493,
    "cumulativeLayoutShift": 0.034152767573301344,
    "firstInputDelay": 25.755135081834936,
    "timestamp": 1772191036346
  },
  "runtime": {
    "memoryUsage": {
      "rss": 64503808,
      "heapUsed": 12086544,
      "heapTotal": 19857408,
      "external": 2023621
    },
    "startupTime": 226.379209,
    "cpuUsage": 154.285,
    "timestamp": 1772191036346
  },
  "violations": [],
  "recommendations": [
    "Largest file (index.js) is 100.0% of bundle - consider splitting or optimizing"
  ],
  "overallStatus": "pass"
}