{
  "timestamp": 1772800094529,
  "bundleSize": {
    "totalSize": 916,
    "gzippedSize": 423,
    "fileCount": 1,
    "largestFile": {
      "name": "index.js",
      "size": 916,
      "gzippedSize": 423
    },
    "breakdown": [
      {
        "name": "index.js",
        "size": 916,
        "gzippedSize": 423,
        "percentage": 100
      }
    ]
  },
  "webVitals": {
    "firstContentfulPaint": 1444.4517999007016,
    "timeToInteractive": 2695.65488570004,
    "largestContentfulPaint": 1910.4387470842428,
    "cumulativeLayoutShift": 0.012371053532636657,
    "firstInputDelay": 67.72970362793978,
    "timestamp": 1772800094529
  },
  "runtime": {
    "memoryUsage": {
      "rss": 61915136,
      "heapUsed": 12224304,
      "heapTotal": 19857408,
      "external": 1972478
    },
    "startupTime": 228.655583,
    "cpuUsage": 142.883,
    "timestamp": 1772800094529
  },
  "violations": [],
  "recommendations": [
    "Largest file (index.js) is 100.0% of bundle - consider splitting or optimizing"
  ],
  "overallStatus": "pass"
}