{
  "timestamp": 1773344665668,
  "bundleSize": {
    "totalSize": 916,
    "gzippedSize": 423,
    "fileCount": 1,
    "largestFile": {
      "name": "index.js",
      "size": 916,
      "gzippedSize": 423
    },
    "breakdown": [
      {
        "name": "index.js",
        "size": 916,
        "gzippedSize": 423,
        "percentage": 100
      }
    ]
  },
  "webVitals": {
    "firstContentfulPaint": 1095.3242585225644,
    "timeToInteractive": 2807.795132028711,
    "largestContentfulPaint": 1924.943396726289,
    "cumulativeLayoutShift": 0.009669102142737862,
    "firstInputDelay": 52.84894692301554,
    "timestamp": 1773344665668
  },
  "runtime": {
    "memoryUsage": {
      "rss": 59424768,
      "heapUsed": 12226424,
      "heapTotal": 19595264,
      "external": 1965845
    },
    "startupTime": 1323.361333,
    "cpuUsage": 209.658,
    "timestamp": 1773344665668
  },
  "violations": [],
  "recommendations": [
    "Largest file (index.js) is 100.0% of bundle - consider splitting or optimizing"
  ],
  "overallStatus": "pass"
}