{
  "timestamp": 1772450543004,
  "bundleSize": {
    "totalSize": 916,
    "gzippedSize": 423,
    "fileCount": 1,
    "largestFile": {
      "name": "index.js",
      "size": 916,
      "gzippedSize": 423
    },
    "breakdown": [
      {
        "name": "index.js",
        "size": 916,
        "gzippedSize": 423,
        "percentage": 100
      }
    ]
  },
  "webVitals": {
    "firstContentfulPaint": 1016.1946895329228,
    "timeToInteractive": 2108.7043594698835,
    "largestContentfulPaint": 1802.6140652201184,
    "cumulativeLayoutShift": 0.05129673200497682,
    "firstInputDelay": 39.92824261723279,
    "timestamp": 1772450543004
  },
  "runtime": {
    "memoryUsage": {
      "rss": 61489152,
      "heapUsed": 12690856,
      "heapTotal": 19857408,
      "external": 1965032
    },
    "startupTime": 198.73325,
    "cpuUsage": 122.891,
    "timestamp": 1772450543004
  },
  "violations": [],
  "recommendations": [
    "Largest file (index.js) is 100.0% of bundle - consider splitting or optimizing"
  ],
  "overallStatus": "pass"
}