{
  "timestamp": 1773407737749,
  "bundleSize": {
    "totalSize": 916,
    "gzippedSize": 423,
    "fileCount": 1,
    "largestFile": {
      "name": "index.js",
      "size": 916,
      "gzippedSize": 423
    },
    "breakdown": [
      {
        "name": "index.js",
        "size": 916,
        "gzippedSize": 423,
        "percentage": 100
      }
    ]
  },
  "webVitals": {
    "firstContentfulPaint": 1278.4875074147558,
    "timeToInteractive": 2421.629860050396,
    "largestContentfulPaint": 2226.2037151177146,
    "cumulativeLayoutShift": 0.03754798080785587,
    "firstInputDelay": 46.09403437855191,
    "timestamp": 1773407737749
  },
  "runtime": {
    "memoryUsage": {
      "rss": 61734912,
      "heapUsed": 12202760,
      "heapTotal": 20119552,
      "external": 1970916
    },
    "startupTime": 286.866834,
    "cpuUsage": 162.424,
    "timestamp": 1773407737749
  },
  "violations": [],
  "recommendations": [
    "Largest file (index.js) is 100.0% of bundle - consider splitting or optimizing"
  ],
  "overallStatus": "pass"
}