{
  "timestamp": 1773349650123,
  "bundleSize": {
    "totalSize": 916,
    "gzippedSize": 423,
    "fileCount": 1,
    "largestFile": {
      "name": "index.js",
      "size": 916,
      "gzippedSize": 423
    },
    "breakdown": [
      {
        "name": "index.js",
        "size": 916,
        "gzippedSize": 423,
        "percentage": 100
      }
    ]
  },
  "webVitals": {
    "firstContentfulPaint": 1331.7224400714842,
    "timeToInteractive": 2291.9846233566045,
    "largestContentfulPaint": 2177.4237588394944,
    "cumulativeLayoutShift": 0.059054292696591106,
    "firstInputDelay": 30.262840555630444,
    "timestamp": 1773349650123
  },
  "runtime": {
    "memoryUsage": {
      "rss": 62193664,
      "heapUsed": 12234576,
      "heapTotal": 20119552,
      "external": 1970157
    },
    "startupTime": 832.498917,
    "cpuUsage": 180.612,
    "timestamp": 1773349650123
  },
  "violations": [],
  "recommendations": [
    "Largest file (index.js) is 100.0% of bundle - consider splitting or optimizing"
  ],
  "overallStatus": "pass"
}