{
  "timestamp": 1773662336331,
  "bundleSize": {
    "totalSize": 916,
    "gzippedSize": 423,
    "fileCount": 1,
    "largestFile": {
      "name": "index.js",
      "size": 916,
      "gzippedSize": 423
    },
    "breakdown": [
      {
        "name": "index.js",
        "size": 916,
        "gzippedSize": 423,
        "percentage": 100
      }
    ]
  },
  "webVitals": {
    "firstContentfulPaint": 1338.881434310849,
    "timeToInteractive": 2832.238374886061,
    "largestContentfulPaint": 2328.7514934481133,
    "cumulativeLayoutShift": 0.06178829821329582,
    "firstInputDelay": 42.625695844880894,
    "timestamp": 1773662336330
  },
  "runtime": {
    "memoryUsage": {
      "rss": 61571072,
      "heapUsed": 12111584,
      "heapTotal": 19595264,
      "external": 1969696
    },
    "startupTime": 370.658459,
    "cpuUsage": 173.696,
    "timestamp": 1773662336331
  },
  "violations": [],
  "recommendations": [
    "Largest file (index.js) is 100.0% of bundle - consider splitting or optimizing"
  ],
  "overallStatus": "pass"
}