{
  "timestamp": 1773672242652,
  "bundleSize": {
    "totalSize": 916,
    "gzippedSize": 423,
    "fileCount": 1,
    "largestFile": {
      "name": "index.js",
      "size": 916,
      "gzippedSize": 423
    },
    "breakdown": [
      {
        "name": "index.js",
        "size": 916,
        "gzippedSize": 423,
        "percentage": 100
      }
    ]
  },
  "webVitals": {
    "firstContentfulPaint": 655.8921979003565,
    "timeToInteractive": 2949.1037322954176,
    "largestContentfulPaint": 1872.7512368790926,
    "cumulativeLayoutShift": 0.0005667824014341738,
    "firstInputDelay": 25.479700332947875,
    "timestamp": 1773672242652
  },
  "runtime": {
    "memoryUsage": {
      "rss": 61538304,
      "heapUsed": 12064616,
      "heapTotal": 20381696,
      "external": 1965339
    },
    "startupTime": 228.675958,
    "cpuUsage": 145.919,
    "timestamp": 1773672242652
  },
  "violations": [],
  "recommendations": [
    "Largest file (index.js) is 100.0% of bundle - consider splitting or optimizing"
  ],
  "overallStatus": "pass"
}