{
  "timestamp": 1772538319830,
  "bundleSize": {
    "totalSize": 916,
    "gzippedSize": 423,
    "fileCount": 1,
    "largestFile": {
      "name": "index.js",
      "size": 916,
      "gzippedSize": 423
    },
    "breakdown": [
      {
        "name": "index.js",
        "size": 916,
        "gzippedSize": 423,
        "percentage": 100
      }
    ]
  },
  "webVitals": {
    "firstContentfulPaint": 1485.9552886324473,
    "timeToInteractive": 2619.973521491983,
    "largestContentfulPaint": 2005.1906343591093,
    "cumulativeLayoutShift": 0.08063032628977394,
    "firstInputDelay": 74.03596463095874,
    "timestamp": 1772538319830
  },
  "runtime": {
    "memoryUsage": {
      "rss": 62111744,
      "heapUsed": 11956608,
      "heapTotal": 20119552,
      "external": 1964817
    },
    "startupTime": 206.390125,
    "cpuUsage": 132.943,
    "timestamp": 1772538319830
  },
  "violations": [],
  "recommendations": [
    "Largest file (index.js) is 100.0% of bundle - consider splitting or optimizing"
  ],
  "overallStatus": "pass"
}