{
  "timestamp": 1773621863019,
  "bundleSize": {
    "totalSize": 916,
    "gzippedSize": 423,
    "fileCount": 1,
    "largestFile": {
      "name": "index.js",
      "size": 916,
      "gzippedSize": 423
    },
    "breakdown": [
      {
        "name": "index.js",
        "size": 916,
        "gzippedSize": 423,
        "percentage": 100
      }
    ]
  },
  "webVitals": {
    "firstContentfulPaint": 1223.838643297094,
    "timeToInteractive": 2485.7782286369043,
    "largestContentfulPaint": 2445.3850339123533,
    "cumulativeLayoutShift": 0.016703544879334342,
    "firstInputDelay": 49.705878801616166,
    "timestamp": 1773621863019
  },
  "runtime": {
    "memoryUsage": {
      "rss": 61833216,
      "heapUsed": 12220280,
      "heapTotal": 19857408,
      "external": 1969696
    },
    "startupTime": 327.266625,
    "cpuUsage": 162.422,
    "timestamp": 1773621863019
  },
  "violations": [],
  "recommendations": [
    "Largest file (index.js) is 100.0% of bundle - consider splitting or optimizing"
  ],
  "overallStatus": "pass"
}