{
  "timestamp": 1773495813044,
  "bundleSize": {
    "totalSize": 916,
    "gzippedSize": 423,
    "fileCount": 1,
    "largestFile": {
      "name": "index.js",
      "size": 916,
      "gzippedSize": 423
    },
    "breakdown": [
      {
        "name": "index.js",
        "size": 916,
        "gzippedSize": 423,
        "percentage": 100
      }
    ]
  },
  "webVitals": {
    "firstContentfulPaint": 839.3169376089593,
    "timeToInteractive": 2966.593212771049,
    "largestContentfulPaint": 2319.9086173003375,
    "cumulativeLayoutShift": 0.03691307251062348,
    "firstInputDelay": 46.56802345918793,
    "timestamp": 1773495813044
  },
  "runtime": {
    "memoryUsage": {
      "rss": 62128128,
      "heapUsed": 12008072,
      "heapTotal": 19857408,
      "external": 1964805
    },
    "startupTime": 1125.109292,
    "cpuUsage": 201.456,
    "timestamp": 1773495813044
  },
  "violations": [],
  "recommendations": [
    "Largest file (index.js) is 100.0% of bundle - consider splitting or optimizing"
  ],
  "overallStatus": "pass"
}