{
  "timestamp": 1773609702139,
  "bundleSize": {
    "totalSize": 916,
    "gzippedSize": 423,
    "fileCount": 1,
    "largestFile": {
      "name": "index.js",
      "size": 916,
      "gzippedSize": 423
    },
    "breakdown": [
      {
        "name": "index.js",
        "size": 916,
        "gzippedSize": 423,
        "percentage": 100
      }
    ]
  },
  "webVitals": {
    "firstContentfulPaint": 1130.6944626624359,
    "timeToInteractive": 2347.3642659068746,
    "largestContentfulPaint": 2233.854796211641,
    "cumulativeLayoutShift": 0.05422258513947114,
    "firstInputDelay": 70.07797266980778,
    "timestamp": 1773609702139
  },
  "runtime": {
    "memoryUsage": {
      "rss": 61702144,
      "heapUsed": 12119816,
      "heapTotal": 19857408,
      "external": 1966853
    },
    "startupTime": 1038.219959,
    "cpuUsage": 192.857,
    "timestamp": 1773609702139
  },
  "violations": [],
  "recommendations": [
    "Largest file (index.js) is 100.0% of bundle - consider splitting or optimizing"
  ],
  "overallStatus": "pass"
}