{
  "timestamp": 1772296462236,
  "bundleSize": {
    "totalSize": 916,
    "gzippedSize": 423,
    "fileCount": 1,
    "largestFile": {
      "name": "index.js",
      "size": 916,
      "gzippedSize": 423
    },
    "breakdown": [
      {
        "name": "index.js",
        "size": 916,
        "gzippedSize": 423,
        "percentage": 100
      }
    ]
  },
  "webVitals": {
    "firstContentfulPaint": 857.1411206391464,
    "timeToInteractive": 2609.4030678340964,
    "largestContentfulPaint": 2202.6803077017344,
    "cumulativeLayoutShift": 0.02547447368647056,
    "firstInputDelay": 69.62814979882074,
    "timestamp": 1772296462236
  },
  "runtime": {
    "memoryUsage": {
      "rss": 62652416,
      "heapUsed": 11926288,
      "heapTotal": 20119552,
      "external": 1970480
    },
    "startupTime": 364.353458,
    "cpuUsage": 193.743,
    "timestamp": 1772296462236
  },
  "violations": [],
  "recommendations": [
    "Largest file (index.js) is 100.0% of bundle - consider splitting or optimizing"
  ],
  "overallStatus": "pass"
}