{
  "timestamp": 1772489293831,
  "bundleSize": {
    "totalSize": 916,
    "gzippedSize": 423,
    "fileCount": 1,
    "largestFile": {
      "name": "index.js",
      "size": 916,
      "gzippedSize": 423
    },
    "breakdown": [
      {
        "name": "index.js",
        "size": 916,
        "gzippedSize": 423,
        "percentage": 100
      }
    ]
  },
  "webVitals": {
    "firstContentfulPaint": 1254.5254690398338,
    "timeToInteractive": 2349.6683307350145,
    "largestContentfulPaint": 1815.409629299465,
    "cumulativeLayoutShift": 0.09353593080537265,
    "firstInputDelay": 53.036291531225245,
    "timestamp": 1772489293831
  },
  "runtime": {
    "memoryUsage": {
      "rss": 62259200,
      "heapUsed": 11958928,
      "heapTotal": 19857408,
      "external": 1971956
    },
    "startupTime": 433.178834,
    "cpuUsage": 176.99,
    "timestamp": 1772489293831
  },
  "violations": [],
  "recommendations": [
    "Largest file (index.js) is 100.0% of bundle - consider splitting or optimizing"
  ],
  "overallStatus": "pass"
}