{
  "timestamp": 1772628054729,
  "bundleSize": {
    "totalSize": 916,
    "gzippedSize": 423,
    "fileCount": 1,
    "largestFile": {
      "name": "index.js",
      "size": 916,
      "gzippedSize": 423
    },
    "breakdown": [
      {
        "name": "index.js",
        "size": 916,
        "gzippedSize": 423,
        "percentage": 100
      }
    ]
  },
  "webVitals": {
    "firstContentfulPaint": 1483.7204560811274,
    "timeToInteractive": 2705.4986871543488,
    "largestContentfulPaint": 1631.7253709426936,
    "cumulativeLayoutShift": 0.019646564579791127,
    "firstInputDelay": 43.26826516733567,
    "timestamp": 1772628054729
  },
  "runtime": {
    "memoryUsage": {
      "rss": 62341120,
      "heapUsed": 11942736,
      "heapTotal": 20119552,
      "external": 1964817
    },
    "startupTime": 211.297083,
    "cpuUsage": 143.128,
    "timestamp": 1772628054729
  },
  "violations": [],
  "recommendations": [
    "Largest file (index.js) is 100.0% of bundle - consider splitting or optimizing"
  ],
  "overallStatus": "pass"
}