{
  "timestamp": 1773658730762,
  "bundleSize": {
    "totalSize": 916,
    "gzippedSize": 423,
    "fileCount": 1,
    "largestFile": {
      "name": "index.js",
      "size": 916,
      "gzippedSize": 423
    },
    "breakdown": [
      {
        "name": "index.js",
        "size": 916,
        "gzippedSize": 423,
        "percentage": 100
      }
    ]
  },
  "webVitals": {
    "firstContentfulPaint": 1106.2534254635207,
    "timeToInteractive": 2584.567349919153,
    "largestContentfulPaint": 1923.4695125057997,
    "cumulativeLayoutShift": 0.01972133017987139,
    "firstInputDelay": 39.43824823875363,
    "timestamp": 1773658730762
  },
  "runtime": {
    "memoryUsage": {
      "rss": 58327040,
      "heapUsed": 12227728,
      "heapTotal": 19857408,
      "external": 1966898
    },
    "startupTime": 1723.388834,
    "cpuUsage": 204.276,
    "timestamp": 1773658730762
  },
  "violations": [],
  "recommendations": [
    "Largest file (index.js) is 100.0% of bundle - consider splitting or optimizing"
  ],
  "overallStatus": "pass"
}