{
  "timestamp": 1773607675215,
  "bundleSize": {
    "totalSize": 916,
    "gzippedSize": 423,
    "fileCount": 1,
    "largestFile": {
      "name": "index.js",
      "size": 916,
      "gzippedSize": 423
    },
    "breakdown": [
      {
        "name": "index.js",
        "size": 916,
        "gzippedSize": 423,
        "percentage": 100
      }
    ]
  },
  "webVitals": {
    "firstContentfulPaint": 1347.1443596360714,
    "timeToInteractive": 2236.2723998208644,
    "largestContentfulPaint": 1771.8697206464433,
    "cumulativeLayoutShift": 0.05755369406854516,
    "firstInputDelay": 70.3757717883177,
    "timestamp": 1773607675214
  },
  "runtime": {
    "memoryUsage": {
      "rss": 62324736,
      "heapUsed": 12113280,
      "heapTotal": 19857408,
      "external": 1965845
    },
    "startupTime": 1178.128958,
    "cpuUsage": 191.824,
    "timestamp": 1773607675215
  },
  "violations": [],
  "recommendations": [
    "Largest file (index.js) is 100.0% of bundle - consider splitting or optimizing"
  ],
  "overallStatus": "pass"
}