{
  "timestamp": 1773623304425,
  "bundleSize": {
    "totalSize": 916,
    "gzippedSize": 423,
    "fileCount": 1,
    "largestFile": {
      "name": "index.js",
      "size": 916,
      "gzippedSize": 423
    },
    "breakdown": [
      {
        "name": "index.js",
        "size": 916,
        "gzippedSize": 423,
        "percentage": 100
      }
    ]
  },
  "webVitals": {
    "firstContentfulPaint": 1158.5406951302416,
    "timeToInteractive": 2130.9748011542824,
    "largestContentfulPaint": 2082.9385730594176,
    "cumulativeLayoutShift": 0.020106777106742624,
    "firstInputDelay": 40.26281778708941,
    "timestamp": 1773623304425
  },
  "runtime": {
    "memoryUsage": {
      "rss": 59867136,
      "heapUsed": 12065608,
      "heapTotal": 20119552,
      "external": 1964805
    },
    "startupTime": 1538.080125,
    "cpuUsage": 191.053,
    "timestamp": 1773623304425
  },
  "violations": [],
  "recommendations": [
    "Largest file (index.js) is 100.0% of bundle - consider splitting or optimizing"
  ],
  "overallStatus": "pass"
}