{
  "timestamp": 1773344699314,
  "bundleSize": {
    "totalSize": 916,
    "gzippedSize": 423,
    "fileCount": 1,
    "largestFile": {
      "name": "index.js",
      "size": 916,
      "gzippedSize": 423
    },
    "breakdown": [
      {
        "name": "index.js",
        "size": 916,
        "gzippedSize": 423,
        "percentage": 100
      }
    ]
  },
  "webVitals": {
    "firstContentfulPaint": 1326.8569318040531,
    "timeToInteractive": 2842.9690282491038,
    "largestContentfulPaint": 1764.4510250427043,
    "cumulativeLayoutShift": 0.01679750696441249,
    "firstInputDelay": 72.28256228021428,
    "timestamp": 1773344699314
  },
  "runtime": {
    "memoryUsage": {
      "rss": 58245120,
      "heapUsed": 12224264,
      "heapTotal": 20119552,
      "external": 1965845
    },
    "startupTime": 1842.96275,
    "cpuUsage": 214.162,
    "timestamp": 1773344699314
  },
  "violations": [],
  "recommendations": [
    "Largest file (index.js) is 100.0% of bundle - consider splitting or optimizing"
  ],
  "overallStatus": "pass"
}