{
  "timestamp": 1773174345894,
  "bundleSize": {
    "totalSize": 916,
    "gzippedSize": 423,
    "fileCount": 1,
    "largestFile": {
      "name": "index.js",
      "size": 916,
      "gzippedSize": 423
    },
    "breakdown": [
      {
        "name": "index.js",
        "size": 916,
        "gzippedSize": 423,
        "percentage": 100
      }
    ]
  },
  "webVitals": {
    "firstContentfulPaint": 1442.3584975587642,
    "timeToInteractive": 2263.2637645120776,
    "largestContentfulPaint": 1697.2039802773586,
    "cumulativeLayoutShift": 0.009263003081973854,
    "firstInputDelay": 26.043099924053838,
    "timestamp": 1773174345894
  },
  "runtime": {
    "memoryUsage": {
      "rss": 62324736,
      "heapUsed": 12181104,
      "heapTotal": 20119552,
      "external": 1965384
    },
    "startupTime": 320.951833,
    "cpuUsage": 147.735,
    "timestamp": 1773174345894
  },
  "violations": [],
  "recommendations": [
    "Largest file (index.js) is 100.0% of bundle - consider splitting or optimizing"
  ],
  "overallStatus": "pass"
}