{
  "timestamp": 1772576612404,
  "bundleSize": {
    "totalSize": 916,
    "gzippedSize": 423,
    "fileCount": 1,
    "largestFile": {
      "name": "index.js",
      "size": 916,
      "gzippedSize": 423
    },
    "breakdown": [
      {
        "name": "index.js",
        "size": 916,
        "gzippedSize": 423,
        "percentage": 100
      }
    ]
  },
  "webVitals": {
    "firstContentfulPaint": 699.183849489631,
    "timeToInteractive": 2408.033905597555,
    "largestContentfulPaint": 2313.5989711441084,
    "cumulativeLayoutShift": 0.003223656685921128,
    "firstInputDelay": 55.425758748552646,
    "timestamp": 1772576612404
  },
  "runtime": {
    "memoryUsage": {
      "rss": 62603264,
      "heapUsed": 11967736,
      "heapTotal": 19857408,
      "external": 1970480
    },
    "startupTime": 233.459833,
    "cpuUsage": 141.463,
    "timestamp": 1772576612404
  },
  "violations": [],
  "recommendations": [
    "Largest file (index.js) is 100.0% of bundle - consider splitting or optimizing"
  ],
  "overallStatus": "pass"
}