{
  "timestamp": 1772989683802,
  "bundleSize": {
    "totalSize": 916,
    "gzippedSize": 423,
    "fileCount": 1,
    "largestFile": {
      "name": "index.js",
      "size": 916,
      "gzippedSize": 423
    },
    "breakdown": [
      {
        "name": "index.js",
        "size": 916,
        "gzippedSize": 423,
        "percentage": 100
      }
    ]
  },
  "webVitals": {
    "firstContentfulPaint": 776.6932789576265,
    "timeToInteractive": 2520.6320631022777,
    "largestContentfulPaint": 2335.8862183775755,
    "cumulativeLayoutShift": 0.07841245382525755,
    "firstInputDelay": 65.97277402243907,
    "timestamp": 1772989683802
  },
  "runtime": {
    "memoryUsage": {
      "rss": 62308352,
      "heapUsed": 12229248,
      "heapTotal": 19857408,
      "external": 1965339
    },
    "startupTime": 269.902334,
    "cpuUsage": 172.198,
    "timestamp": 1772989683802
  },
  "violations": [],
  "recommendations": [
    "Largest file (index.js) is 100.0% of bundle - consider splitting or optimizing"
  ],
  "overallStatus": "pass"
}