{
  "timestamp": 1773407404743,
  "bundleSize": {
    "totalSize": 916,
    "gzippedSize": 423,
    "fileCount": 1,
    "largestFile": {
      "name": "index.js",
      "size": 916,
      "gzippedSize": 423
    },
    "breakdown": [
      {
        "name": "index.js",
        "size": 916,
        "gzippedSize": 423,
        "percentage": 100
      }
    ]
  },
  "webVitals": {
    "firstContentfulPaint": 743.0779796121441,
    "timeToInteractive": 2388.848483549317,
    "largestContentfulPaint": 1966.0673703468044,
    "cumulativeLayoutShift": 0.09641941414460556,
    "firstInputDelay": 36.743907575682066,
    "timestamp": 1773407404743
  },
  "runtime": {
    "memoryUsage": {
      "rss": 61882368,
      "heapUsed": 12106328,
      "heapTotal": 19595264,
      "external": 1969696
    },
    "startupTime": 287.820084,
    "cpuUsage": 148.349,
    "timestamp": 1773407404743
  },
  "violations": [],
  "recommendations": [
    "Largest file (index.js) is 100.0% of bundle - consider splitting or optimizing"
  ],
  "overallStatus": "pass"
}