{
  "timestamp": 1773433959529,
  "bundleSize": {
    "totalSize": 916,
    "gzippedSize": 423,
    "fileCount": 1,
    "largestFile": {
      "name": "index.js",
      "size": 916,
      "gzippedSize": 423
    },
    "breakdown": [
      {
        "name": "index.js",
        "size": 916,
        "gzippedSize": 423,
        "percentage": 100
      }
    ]
  },
  "webVitals": {
    "firstContentfulPaint": 779.2859153772185,
    "timeToInteractive": 2892.9336662621654,
    "largestContentfulPaint": 2337.2483120203005,
    "cumulativeLayoutShift": 0.0028776483268236675,
    "firstInputDelay": 68.43238508662071,
    "timestamp": 1773433959529
  },
  "runtime": {
    "memoryUsage": {
      "rss": 62537728,
      "heapUsed": 12137296,
      "heapTotal": 20119552,
      "external": 1969696
    },
    "startupTime": 328.83875,
    "cpuUsage": 177.279,
    "timestamp": 1773433959529
  },
  "violations": [],
  "recommendations": [
    "Largest file (index.js) is 100.0% of bundle - consider splitting or optimizing"
  ],
  "overallStatus": "pass"
}