{
  "timestamp": 1773347395794,
  "bundleSize": {
    "totalSize": 916,
    "gzippedSize": 423,
    "fileCount": 1,
    "largestFile": {
      "name": "index.js",
      "size": 916,
      "gzippedSize": 423
    },
    "breakdown": [
      {
        "name": "index.js",
        "size": 916,
        "gzippedSize": 423,
        "percentage": 100
      }
    ]
  },
  "webVitals": {
    "firstContentfulPaint": 1470.1948489209399,
    "timeToInteractive": 2948.722381917379,
    "largestContentfulPaint": 2426.3330009223764,
    "cumulativeLayoutShift": 0.09798911132711097,
    "firstInputDelay": 39.09505828820964,
    "timestamp": 1773347395794
  },
  "runtime": {
    "memoryUsage": {
      "rss": 61816832,
      "heapUsed": 12223496,
      "heapTotal": 20119552,
      "external": 1965339
    },
    "startupTime": 218.199709,
    "cpuUsage": 144.841,
    "timestamp": 1773347395794
  },
  "violations": [],
  "recommendations": [
    "Largest file (index.js) is 100.0% of bundle - consider splitting or optimizing"
  ],
  "overallStatus": "pass"
}