{
  "timestamp": 1773153673915,
  "bundleSize": {
    "totalSize": 916,
    "gzippedSize": 423,
    "fileCount": 1,
    "largestFile": {
      "name": "index.js",
      "size": 916,
      "gzippedSize": 423
    },
    "breakdown": [
      {
        "name": "index.js",
        "size": 916,
        "gzippedSize": 423,
        "percentage": 100
      }
    ]
  },
  "webVitals": {
    "firstContentfulPaint": 1469.0706949488267,
    "timeToInteractive": 2641.7952485530254,
    "largestContentfulPaint": 2176.0730776589526,
    "cumulativeLayoutShift": 0.03510633292213341,
    "firstInputDelay": 41.225675676765576,
    "timestamp": 1773153673915
  },
  "runtime": {
    "memoryUsage": {
      "rss": 62521344,
      "heapUsed": 12353104,
      "heapTotal": 19857408,
      "external": 1981048
    },
    "startupTime": 224.784916,
    "cpuUsage": 144.726,
    "timestamp": 1773153673915
  },
  "violations": [],
  "recommendations": [
    "Largest file (index.js) is 100.0% of bundle - consider splitting or optimizing"
  ],
  "overallStatus": "pass"
}