{
  "timestamp": 1773618411077,
  "bundleSize": {
    "totalSize": 916,
    "gzippedSize": 423,
    "fileCount": 1,
    "largestFile": {
      "name": "index.js",
      "size": 916,
      "gzippedSize": 423
    },
    "breakdown": [
      {
        "name": "index.js",
        "size": 916,
        "gzippedSize": 423,
        "percentage": 100
      }
    ]
  },
  "webVitals": {
    "firstContentfulPaint": 1117.4483714553292,
    "timeToInteractive": 2328.155801210439,
    "largestContentfulPaint": 1961.9052122273738,
    "cumulativeLayoutShift": 0.06256405096932986,
    "firstInputDelay": 56.99922120556866,
    "timestamp": 1773618411077
  },
  "runtime": {
    "memoryUsage": {
      "rss": 59392000,
      "heapUsed": 12090456,
      "heapTotal": 19857408,
      "external": 1969696
    },
    "startupTime": 887.905458,
    "cpuUsage": 189.872,
    "timestamp": 1773618411077
  },
  "violations": [],
  "recommendations": [
    "Largest file (index.js) is 100.0% of bundle - consider splitting or optimizing"
  ],
  "overallStatus": "pass"
}