{
  "timestamp": 1773332249662,
  "bundleSize": {
    "totalSize": 916,
    "gzippedSize": 423,
    "fileCount": 1,
    "largestFile": {
      "name": "index.js",
      "size": 916,
      "gzippedSize": 423
    },
    "breakdown": [
      {
        "name": "index.js",
        "size": 916,
        "gzippedSize": 423,
        "percentage": 100
      }
    ]
  },
  "webVitals": {
    "firstContentfulPaint": 1266.8224997058153,
    "timeToInteractive": 2400.544597108882,
    "largestContentfulPaint": 1545.911906658001,
    "cumulativeLayoutShift": 0.005593183209653518,
    "firstInputDelay": 26.204562274116704,
    "timestamp": 1773332249662
  },
  "runtime": {
    "memoryUsage": {
      "rss": 59670528,
      "heapUsed": 12037432,
      "heapTotal": 20119552,
      "external": 1964857
    },
    "startupTime": 692.202209,
    "cpuUsage": 192.031,
    "timestamp": 1773332249662
  },
  "violations": [],
  "recommendations": [
    "Largest file (index.js) is 100.0% of bundle - consider splitting or optimizing"
  ],
  "overallStatus": "pass"
}