{
  "timestamp": 1773043071688,
  "bundleSize": {
    "totalSize": 916,
    "gzippedSize": 423,
    "fileCount": 1,
    "largestFile": {
      "name": "index.js",
      "size": 916,
      "gzippedSize": 423
    },
    "breakdown": [
      {
        "name": "index.js",
        "size": 916,
        "gzippedSize": 423,
        "percentage": 100
      }
    ]
  },
  "webVitals": {
    "firstContentfulPaint": 1394.4730236965797,
    "timeToInteractive": 2343.7088853461773,
    "largestContentfulPaint": 1530.5437784761018,
    "cumulativeLayoutShift": 0.015760874955966075,
    "firstInputDelay": 43.875153716058,
    "timestamp": 1773043071688
  },
  "runtime": {
    "memoryUsage": {
      "rss": 62324736,
      "heapUsed": 12390576,
      "heapTotal": 19857408,
      "external": 1972478
    },
    "startupTime": 254.311708,
    "cpuUsage": 148.978,
    "timestamp": 1773043071688
  },
  "violations": [],
  "recommendations": [
    "Largest file (index.js) is 100.0% of bundle - consider splitting or optimizing"
  ],
  "overallStatus": "pass"
}