{
  "timestamp": 1773619795579,
  "bundleSize": {
    "totalSize": 916,
    "gzippedSize": 423,
    "fileCount": 1,
    "largestFile": {
      "name": "index.js",
      "size": 916,
      "gzippedSize": 423
    },
    "breakdown": [
      {
        "name": "index.js",
        "size": 916,
        "gzippedSize": 423,
        "percentage": 100
      }
    ]
  },
  "webVitals": {
    "firstContentfulPaint": 671.2403711637496,
    "timeToInteractive": 2004.4753306891519,
    "largestContentfulPaint": 2064.9233739132574,
    "cumulativeLayoutShift": 0.0448657975923221,
    "firstInputDelay": 34.046416265919554,
    "timestamp": 1773619795578
  },
  "runtime": {
    "memoryUsage": {
      "rss": 61358080,
      "heapUsed": 12052112,
      "heapTotal": 20119552,
      "external": 1970916
    },
    "startupTime": 306.454708,
    "cpuUsage": 168.027,
    "timestamp": 1773619795579
  },
  "violations": [],
  "recommendations": [
    "Largest file (index.js) is 100.0% of bundle - consider splitting or optimizing"
  ],
  "overallStatus": "pass"
}