{
  "timestamp": 1772076610689,
  "bundleSize": {
    "totalSize": 916,
    "gzippedSize": 423,
    "fileCount": 1,
    "largestFile": {
      "name": "index.js",
      "size": 916,
      "gzippedSize": 423
    },
    "breakdown": [
      {
        "name": "index.js",
        "size": 916,
        "gzippedSize": 423,
        "percentage": 100
      }
    ]
  },
  "webVitals": {
    "firstContentfulPaint": 1176.7792093089324,
    "timeToInteractive": 2569.7808277162326,
    "largestContentfulPaint": 1983.0696126554344,
    "cumulativeLayoutShift": 0.0002671623565965398,
    "firstInputDelay": 57.95199767922535,
    "timestamp": 1772076610689
  },
  "runtime": {
    "memoryUsage": {
      "rss": 62373888,
      "heapUsed": 11954192,
      "heapTotal": 19857408,
      "external": 1964817
    },
    "startupTime": 195.651667,
    "cpuUsage": 134.77,
    "timestamp": 1772076610689
  },
  "violations": [],
  "recommendations": [
    "Largest file (index.js) is 100.0% of bundle - consider splitting or optimizing"
  ],
  "overallStatus": "pass"
}