{
  "timestamp": 1772732538093,
  "bundleSize": {
    "totalSize": 916,
    "gzippedSize": 423,
    "fileCount": 1,
    "largestFile": {
      "name": "index.js",
      "size": 916,
      "gzippedSize": 423
    },
    "breakdown": [
      {
        "name": "index.js",
        "size": 916,
        "gzippedSize": 423,
        "percentage": 100
      }
    ]
  },
  "webVitals": {
    "firstContentfulPaint": 1204.8827251500154,
    "timeToInteractive": 2882.594200899968,
    "largestContentfulPaint": 1932.1271973101975,
    "cumulativeLayoutShift": 0.08178218376050461,
    "firstInputDelay": 35.683819871339765,
    "timestamp": 1772732538092
  },
  "runtime": {
    "memoryUsage": {
      "rss": 61964288,
      "heapUsed": 12236824,
      "heapTotal": 20119552,
      "external": 1970990
    },
    "startupTime": 305.516917,
    "cpuUsage": 149.024,
    "timestamp": 1772732538093
  },
  "violations": [],
  "recommendations": [
    "Largest file (index.js) is 100.0% of bundle - consider splitting or optimizing"
  ],
  "overallStatus": "pass"
}