{
  "timestamp": 1773247516433,
  "bundleSize": {
    "totalSize": 916,
    "gzippedSize": 423,
    "fileCount": 1,
    "largestFile": {
      "name": "index.js",
      "size": 916,
      "gzippedSize": 423
    },
    "breakdown": [
      {
        "name": "index.js",
        "size": 916,
        "gzippedSize": 423,
        "percentage": 100
      }
    ]
  },
  "webVitals": {
    "firstContentfulPaint": 1118.431524618805,
    "timeToInteractive": 2267.0872017987126,
    "largestContentfulPaint": 1859.273899127284,
    "cumulativeLayoutShift": 0.002302568974033714,
    "firstInputDelay": 66.23362035041151,
    "timestamp": 1773247516433
  },
  "runtime": {
    "memoryUsage": {
      "rss": 62210048,
      "heapUsed": 12073440,
      "heapTotal": 19857408,
      "external": 1969708
    },
    "startupTime": 280.400917,
    "cpuUsage": 152.403,
    "timestamp": 1773247516433
  },
  "violations": [],
  "recommendations": [
    "Largest file (index.js) is 100.0% of bundle - consider splitting or optimizing"
  ],
  "overallStatus": "pass"
}