{
  "timestamp": 1773348764902,
  "bundleSize": {
    "totalSize": 916,
    "gzippedSize": 423,
    "fileCount": 1,
    "largestFile": {
      "name": "index.js",
      "size": 916,
      "gzippedSize": 423
    },
    "breakdown": [
      {
        "name": "index.js",
        "size": 916,
        "gzippedSize": 423,
        "percentage": 100
      }
    ]
  },
  "webVitals": {
    "firstContentfulPaint": 553.5858020308555,
    "timeToInteractive": 2924.376845116175,
    "largestContentfulPaint": 1851.6853013680343,
    "cumulativeLayoutShift": 0.06931848065822786,
    "firstInputDelay": 32.792060370571875,
    "timestamp": 1773348764902
  },
  "runtime": {
    "memoryUsage": {
      "rss": 61931520,
      "heapUsed": 12109744,
      "heapTotal": 19857408,
      "external": 1966659
    },
    "startupTime": 2537.445666,
    "cpuUsage": 202.938,
    "timestamp": 1773348764902
  },
  "violations": [],
  "recommendations": [
    "Largest file (index.js) is 100.0% of bundle - consider splitting or optimizing"
  ],
  "overallStatus": "pass"
}