{
  "timestamp": 1773428648645,
  "bundleSize": {
    "totalSize": 916,
    "gzippedSize": 423,
    "fileCount": 1,
    "largestFile": {
      "name": "index.js",
      "size": 916,
      "gzippedSize": 423
    },
    "breakdown": [
      {
        "name": "index.js",
        "size": 916,
        "gzippedSize": 423,
        "percentage": 100
      }
    ]
  },
  "webVitals": {
    "firstContentfulPaint": 651.6712345525881,
    "timeToInteractive": 2368.2470139483867,
    "largestContentfulPaint": 2294.984788847172,
    "cumulativeLayoutShift": 0.020454917148810804,
    "firstInputDelay": 63.299275837069644,
    "timestamp": 1773428648645
  },
  "runtime": {
    "memoryUsage": {
      "rss": 62242816,
      "heapUsed": 12083616,
      "heapTotal": 19595264,
      "external": 1970916
    },
    "startupTime": 278.175167,
    "cpuUsage": 156.079,
    "timestamp": 1773428648645
  },
  "violations": [],
  "recommendations": [
    "Largest file (index.js) is 100.0% of bundle - consider splitting or optimizing"
  ],
  "overallStatus": "pass"
}