{
  "timestamp": 1773149077239,
  "bundleSize": {
    "totalSize": 916,
    "gzippedSize": 423,
    "fileCount": 1,
    "largestFile": {
      "name": "index.js",
      "size": 916,
      "gzippedSize": 423
    },
    "breakdown": [
      {
        "name": "index.js",
        "size": 916,
        "gzippedSize": 423,
        "percentage": 100
      }
    ]
  },
  "webVitals": {
    "firstContentfulPaint": 1313.9867994994004,
    "timeToInteractive": 2437.877376935438,
    "largestContentfulPaint": 1531.0577077875398,
    "cumulativeLayoutShift": 0.09315176985852969,
    "firstInputDelay": 29.33108209765204,
    "timestamp": 1773149077238
  },
  "runtime": {
    "memoryUsage": {
      "rss": 61849600,
      "heapUsed": 13102848,
      "heapTotal": 19857408,
      "external": 1979670
    },
    "startupTime": 232.015333,
    "cpuUsage": 142.133,
    "timestamp": 1773149077239
  },
  "violations": [],
  "recommendations": [
    "Largest file (index.js) is 100.0% of bundle - consider splitting or optimizing"
  ],
  "overallStatus": "pass"
}