{
  "timestamp": 1773173779029,
  "bundleSize": {
    "totalSize": 916,
    "gzippedSize": 423,
    "fileCount": 1,
    "largestFile": {
      "name": "index.js",
      "size": 916,
      "gzippedSize": 423
    },
    "breakdown": [
      {
        "name": "index.js",
        "size": 916,
        "gzippedSize": 423,
        "percentage": 100
      }
    ]
  },
  "webVitals": {
    "firstContentfulPaint": 1020.5608410709897,
    "timeToInteractive": 2580.2104866403924,
    "largestContentfulPaint": 2013.019954934968,
    "cumulativeLayoutShift": 0.06253948700770358,
    "firstInputDelay": 47.134878162623075,
    "timestamp": 1773173779029
  },
  "runtime": {
    "memoryUsage": {
      "rss": 61997056,
      "heapUsed": 12067864,
      "heapTotal": 19595264,
      "external": 1965384
    },
    "startupTime": 352.230291,
    "cpuUsage": 189.835,
    "timestamp": 1773173779029
  },
  "violations": [],
  "recommendations": [
    "Largest file (index.js) is 100.0% of bundle - consider splitting or optimizing"
  ],
  "overallStatus": "pass"
}