{
  "timestamp": 1772764647365,
  "bundleSize": {
    "totalSize": 916,
    "gzippedSize": 423,
    "fileCount": 1,
    "largestFile": {
      "name": "index.js",
      "size": 916,
      "gzippedSize": 423
    },
    "breakdown": [
      {
        "name": "index.js",
        "size": 916,
        "gzippedSize": 423,
        "percentage": 100
      }
    ]
  },
  "webVitals": {
    "firstContentfulPaint": 1238.9447669410283,
    "timeToInteractive": 2300.2560112474716,
    "largestContentfulPaint": 1834.212399457202,
    "cumulativeLayoutShift": 0.044733035629223754,
    "firstInputDelay": 64.82194617653641,
    "timestamp": 1772764647365
  },
  "runtime": {
    "memoryUsage": {
      "rss": 62210048,
      "heapUsed": 12212776,
      "heapTotal": 19857408,
      "external": 1965384
    },
    "startupTime": 302.493625,
    "cpuUsage": 161.748,
    "timestamp": 1772764647365
  },
  "violations": [],
  "recommendations": [
    "Largest file (index.js) is 100.0% of bundle - consider splitting or optimizing"
  ],
  "overallStatus": "pass"
}