{
  "timestamp": 1773623261043,
  "bundleSize": {
    "totalSize": 916,
    "gzippedSize": 423,
    "fileCount": 1,
    "largestFile": {
      "name": "index.js",
      "size": 916,
      "gzippedSize": 423
    },
    "breakdown": [
      {
        "name": "index.js",
        "size": 916,
        "gzippedSize": 423,
        "percentage": 100
      }
    ]
  },
  "webVitals": {
    "firstContentfulPaint": 589.2134646905221,
    "timeToInteractive": 2586.1371747945627,
    "largestContentfulPaint": 1800.6293853506584,
    "cumulativeLayoutShift": 0.07641607245032896,
    "firstInputDelay": 59.34475140075806,
    "timestamp": 1773623261043
  },
  "runtime": {
    "memoryUsage": {
      "rss": 61931520,
      "heapUsed": 12114944,
      "heapTotal": 20119552,
      "external": 1969708
    },
    "startupTime": 365.998416,
    "cpuUsage": 178.395,
    "timestamp": 1773623261043
  },
  "violations": [],
  "recommendations": [
    "Largest file (index.js) is 100.0% of bundle - consider splitting or optimizing"
  ],
  "overallStatus": "pass"
}