{
  "timestamp": 1773435011611,
  "bundleSize": {
    "totalSize": 916,
    "gzippedSize": 423,
    "fileCount": 1,
    "largestFile": {
      "name": "index.js",
      "size": 916,
      "gzippedSize": 423
    },
    "breakdown": [
      {
        "name": "index.js",
        "size": 916,
        "gzippedSize": 423,
        "percentage": 100
      }
    ]
  },
  "webVitals": {
    "firstContentfulPaint": 1325.5674224679165,
    "timeToInteractive": 2105.763122040684,
    "largestContentfulPaint": 2292.3286054422424,
    "cumulativeLayoutShift": 0.07149268911938977,
    "firstInputDelay": 61.30557517037172,
    "timestamp": 1773435011611
  },
  "runtime": {
    "memoryUsage": {
      "rss": 61947904,
      "heapUsed": 12060248,
      "heapTotal": 19857408,
      "external": 1965668
    },
    "startupTime": 634.613583,
    "cpuUsage": 182.897,
    "timestamp": 1773435011611
  },
  "violations": [],
  "recommendations": [
    "Largest file (index.js) is 100.0% of bundle - consider splitting or optimizing"
  ],
  "overallStatus": "pass"
}