{
  "timestamp": 1772047336060,
  "bundleSize": {
    "totalSize": 916,
    "gzippedSize": 423,
    "fileCount": 1,
    "largestFile": {
      "name": "index.js",
      "size": 916,
      "gzippedSize": 423
    },
    "breakdown": [
      {
        "name": "index.js",
        "size": 916,
        "gzippedSize": 423,
        "percentage": 100
      }
    ]
  },
  "webVitals": {
    "firstContentfulPaint": 1261.0571301358632,
    "timeToInteractive": 2178.313164330835,
    "largestContentfulPaint": 2013.6614253159328,
    "cumulativeLayoutShift": 0.06573239853233807,
    "firstInputDelay": 44.171960862896476,
    "timestamp": 1772047336060
  },
  "runtime": {
    "memoryUsage": {
      "rss": 63619072,
      "heapUsed": 12092384,
      "heapTotal": 19595264,
      "external": 2022145
    },
    "startupTime": 267.229917,
    "cpuUsage": 164.198,
    "timestamp": 1772047336060
  },
  "violations": [],
  "recommendations": [
    "Largest file (index.js) is 100.0% of bundle - consider splitting or optimizing"
  ],
  "overallStatus": "pass"
}