{
  "timestamp": 1773242202949,
  "bundleSize": {
    "totalSize": 916,
    "gzippedSize": 423,
    "fileCount": 1,
    "largestFile": {
      "name": "index.js",
      "size": 916,
      "gzippedSize": 423
    },
    "breakdown": [
      {
        "name": "index.js",
        "size": 916,
        "gzippedSize": 423,
        "percentage": 100
      }
    ]
  },
  "webVitals": {
    "firstContentfulPaint": 1110.4071050391706,
    "timeToInteractive": 2119.1916044329414,
    "largestContentfulPaint": 2079.9948011859606,
    "cumulativeLayoutShift": 0.08130970350981422,
    "firstInputDelay": 73.08124123233166,
    "timestamp": 1773242202949
  },
  "runtime": {
    "memoryUsage": {
      "rss": 62357504,
      "heapUsed": 12076728,
      "heapTotal": 20381696,
      "external": 1964344
    },
    "startupTime": 359.957042,
    "cpuUsage": 181.124,
    "timestamp": 1773242202949
  },
  "violations": [],
  "recommendations": [
    "Largest file (index.js) is 100.0% of bundle - consider splitting or optimizing"
  ],
  "overallStatus": "pass"
}