{
  "timestamp": 1773436732387,
  "bundleSize": {
    "totalSize": 916,
    "gzippedSize": 423,
    "fileCount": 1,
    "largestFile": {
      "name": "index.js",
      "size": 916,
      "gzippedSize": 423
    },
    "breakdown": [
      {
        "name": "index.js",
        "size": 916,
        "gzippedSize": 423,
        "percentage": 100
      }
    ]
  },
  "webVitals": {
    "firstContentfulPaint": 673.8236560881721,
    "timeToInteractive": 2608.6681693677974,
    "largestContentfulPaint": 2435.9307950625916,
    "cumulativeLayoutShift": 0.09245012173736467,
    "firstInputDelay": 73.44701279009905,
    "timestamp": 1773436732387
  },
  "runtime": {
    "memoryUsage": {
      "rss": 61751296,
      "heapUsed": 12234024,
      "heapTotal": 19857408,
      "external": 1965633
    },
    "startupTime": 586.597041,
    "cpuUsage": 199.171,
    "timestamp": 1773436732387
  },
  "violations": [],
  "recommendations": [
    "Largest file (index.js) is 100.0% of bundle - consider splitting or optimizing"
  ],
  "overallStatus": "pass"
}