{
  "timestamp": 1773090408143,
  "bundleSize": {
    "totalSize": 916,
    "gzippedSize": 423,
    "fileCount": 1,
    "largestFile": {
      "name": "index.js",
      "size": 916,
      "gzippedSize": 423
    },
    "breakdown": [
      {
        "name": "index.js",
        "size": 916,
        "gzippedSize": 423,
        "percentage": 100
      }
    ]
  },
  "webVitals": {
    "firstContentfulPaint": 853.1606018195557,
    "timeToInteractive": 2441.916332907738,
    "largestContentfulPaint": 1760.6974990434194,
    "cumulativeLayoutShift": 0.020324996772553464,
    "firstInputDelay": 49.73276276329116,
    "timestamp": 1773090408143
  },
  "runtime": {
    "memoryUsage": {
      "rss": 62210048,
      "heapUsed": 12293744,
      "heapTotal": 19857408,
      "external": 1972478
    },
    "startupTime": 256.584625,
    "cpuUsage": 154.101,
    "timestamp": 1773090408143
  },
  "violations": [],
  "recommendations": [
    "Largest file (index.js) is 100.0% of bundle - consider splitting or optimizing"
  ],
  "overallStatus": "pass"
}