{
  "timestamp": 1773434506696,
  "bundleSize": {
    "totalSize": 916,
    "gzippedSize": 423,
    "fileCount": 1,
    "largestFile": {
      "name": "index.js",
      "size": 916,
      "gzippedSize": 423
    },
    "breakdown": [
      {
        "name": "index.js",
        "size": 916,
        "gzippedSize": 423,
        "percentage": 100
      }
    ]
  },
  "webVitals": {
    "firstContentfulPaint": 1187.1579521557037,
    "timeToInteractive": 2645.674984181722,
    "largestContentfulPaint": 1645.2808196146277,
    "cumulativeLayoutShift": 0.031776060480590056,
    "firstInputDelay": 33.10078003125816,
    "timestamp": 1773434506696
  },
  "runtime": {
    "memoryUsage": {
      "rss": 61931520,
      "heapUsed": 11988752,
      "heapTotal": 20381696,
      "external": 1968713
    },
    "startupTime": 335.829292,
    "cpuUsage": 188.736,
    "timestamp": 1773434506696
  },
  "violations": [],
  "recommendations": [
    "Largest file (index.js) is 100.0% of bundle - consider splitting or optimizing"
  ],
  "overallStatus": "pass"
}