{
  "timestamp": 1772138382832,
  "bundleSize": {
    "totalSize": 916,
    "gzippedSize": 423,
    "fileCount": 1,
    "largestFile": {
      "name": "index.js",
      "size": 916,
      "gzippedSize": 423
    },
    "breakdown": [
      {
        "name": "index.js",
        "size": 916,
        "gzippedSize": 423,
        "percentage": 100
      }
    ]
  },
  "webVitals": {
    "firstContentfulPaint": 1258.965525111753,
    "timeToInteractive": 2667.0302293368395,
    "largestContentfulPaint": 1733.8603348264405,
    "cumulativeLayoutShift": 0.05786875461263952,
    "firstInputDelay": 51.63018795742261,
    "timestamp": 1772138382832
  },
  "runtime": {
    "memoryUsage": {
      "rss": 62472192,
      "heapUsed": 11941488,
      "heapTotal": 19857408,
      "external": 1964817
    },
    "startupTime": 198.334167,
    "cpuUsage": 128.413,
    "timestamp": 1772138382832
  },
  "violations": [],
  "recommendations": [
    "Largest file (index.js) is 100.0% of bundle - consider splitting or optimizing"
  ],
  "overallStatus": "pass"
}