{
  "timestamp": 1773623383535,
  "bundleSize": {
    "totalSize": 916,
    "gzippedSize": 423,
    "fileCount": 1,
    "largestFile": {
      "name": "index.js",
      "size": 916,
      "gzippedSize": 423
    },
    "breakdown": [
      {
        "name": "index.js",
        "size": 916,
        "gzippedSize": 423,
        "percentage": 100
      }
    ]
  },
  "webVitals": {
    "firstContentfulPaint": 956.0075604400809,
    "timeToInteractive": 2097.4930708960633,
    "largestContentfulPaint": 1877.4833792789573,
    "cumulativeLayoutShift": 0.03741274118047002,
    "firstInputDelay": 34.89235075558877,
    "timestamp": 1773623383535
  },
  "runtime": {
    "memoryUsage": {
      "rss": 62160896,
      "heapUsed": 12229200,
      "heapTotal": 19595264,
      "external": 1965845
    },
    "startupTime": 692.043459,
    "cpuUsage": 199.362,
    "timestamp": 1773623383535
  },
  "violations": [],
  "recommendations": [
    "Largest file (index.js) is 100.0% of bundle - consider splitting or optimizing"
  ],
  "overallStatus": "pass"
}