{
  "timestamp": 1771973152459,
  "bundleSize": {
    "totalSize": 916,
    "gzippedSize": 423,
    "fileCount": 1,
    "largestFile": {
      "name": "index.js",
      "size": 916,
      "gzippedSize": 423
    },
    "breakdown": [
      {
        "name": "index.js",
        "size": 916,
        "gzippedSize": 423,
        "percentage": 100
      }
    ]
  },
  "webVitals": {
    "firstContentfulPaint": 548.9106025367479,
    "timeToInteractive": 2095.3854185169243,
    "largestContentfulPaint": 2226.1541752774037,
    "cumulativeLayoutShift": 0.027081536525809247,
    "firstInputDelay": 63.71978657695389,
    "timestamp": 1771973152459
  },
  "runtime": {
    "memoryUsage": {
      "rss": 62259200,
      "heapUsed": 11969232,
      "heapTotal": 19857408,
      "external": 1971956
    },
    "startupTime": 265.964958,
    "cpuUsage": 166.138,
    "timestamp": 1771973152459
  },
  "violations": [],
  "recommendations": [
    "Largest file (index.js) is 100.0% of bundle - consider splitting or optimizing"
  ],
  "overallStatus": "pass"
}