{
  "timestamp": 1773042998794,
  "bundleSize": {
    "totalSize": 916,
    "gzippedSize": 423,
    "fileCount": 1,
    "largestFile": {
      "name": "index.js",
      "size": 916,
      "gzippedSize": 423
    },
    "breakdown": [
      {
        "name": "index.js",
        "size": 916,
        "gzippedSize": 423,
        "percentage": 100
      }
    ]
  },
  "webVitals": {
    "firstContentfulPaint": 1004.1358545463912,
    "timeToInteractive": 2834.6301495652124,
    "largestContentfulPaint": 2253.86573893599,
    "cumulativeLayoutShift": 0.014036590316232812,
    "firstInputDelay": 57.348121855236045,
    "timestamp": 1773042998794
  },
  "runtime": {
    "memoryUsage": {
      "rss": 62554112,
      "heapUsed": 12335896,
      "heapTotal": 20381696,
      "external": 1965384
    },
    "startupTime": 407.434208,
    "cpuUsage": 197.26,
    "timestamp": 1773042998794
  },
  "violations": [],
  "recommendations": [
    "Largest file (index.js) is 100.0% of bundle - consider splitting or optimizing"
  ],
  "overallStatus": "pass"
}