{
  "timestamp": 1772657889958,
  "bundleSize": {
    "totalSize": 916,
    "gzippedSize": 423,
    "fileCount": 1,
    "largestFile": {
      "name": "index.js",
      "size": 916,
      "gzippedSize": 423
    },
    "breakdown": [
      {
        "name": "index.js",
        "size": 916,
        "gzippedSize": 423,
        "percentage": 100
      }
    ]
  },
  "webVitals": {
    "firstContentfulPaint": 1240.6417740047375,
    "timeToInteractive": 2688.0306466617267,
    "largestContentfulPaint": 1771.1141858819697,
    "cumulativeLayoutShift": 0.054722458933288226,
    "firstInputDelay": 29.797141672908843,
    "timestamp": 1772657889958
  },
  "runtime": {
    "memoryUsage": {
      "rss": 62308352,
      "heapUsed": 11968072,
      "heapTotal": 19857408,
      "external": 1970468
    },
    "startupTime": 319.384292,
    "cpuUsage": 179.03,
    "timestamp": 1772657889958
  },
  "violations": [],
  "recommendations": [
    "Largest file (index.js) is 100.0% of bundle - consider splitting or optimizing"
  ],
  "overallStatus": "pass"
}