{
  "timestamp": 1773607722190,
  "bundleSize": {
    "totalSize": 916,
    "gzippedSize": 423,
    "fileCount": 1,
    "largestFile": {
      "name": "index.js",
      "size": 916,
      "gzippedSize": 423
    },
    "breakdown": [
      {
        "name": "index.js",
        "size": 916,
        "gzippedSize": 423,
        "percentage": 100
      }
    ]
  },
  "webVitals": {
    "firstContentfulPaint": 510.86198434684314,
    "timeToInteractive": 2680.5483557713405,
    "largestContentfulPaint": 1520.8474772762547,
    "cumulativeLayoutShift": 0.029568768756950317,
    "firstInputDelay": 70.98046926692544,
    "timestamp": 1773607722190
  },
  "runtime": {
    "memoryUsage": {
      "rss": 61554688,
      "heapUsed": 12063632,
      "heapTotal": 20119552,
      "external": 1969708
    },
    "startupTime": 262.665417,
    "cpuUsage": 168.364,
    "timestamp": 1773607722190
  },
  "violations": [],
  "recommendations": [
    "Largest file (index.js) is 100.0% of bundle - consider splitting or optimizing"
  ],
  "overallStatus": "pass"
}