{
  "timestamp": 1772555155387,
  "bundleSize": {
    "totalSize": 916,
    "gzippedSize": 423,
    "fileCount": 1,
    "largestFile": {
      "name": "index.js",
      "size": 916,
      "gzippedSize": 423
    },
    "breakdown": [
      {
        "name": "index.js",
        "size": 916,
        "gzippedSize": 423,
        "percentage": 100
      }
    ]
  },
  "webVitals": {
    "firstContentfulPaint": 1204.649641332825,
    "timeToInteractive": 2208.4356155630812,
    "largestContentfulPaint": 2465.8167781062466,
    "cumulativeLayoutShift": 0.06204352915618616,
    "firstInputDelay": 45.78704842180361,
    "timestamp": 1772555155387
  },
  "runtime": {
    "memoryUsage": {
      "rss": 62865408,
      "heapUsed": 11954208,
      "heapTotal": 20381696,
      "external": 1971956
    },
    "startupTime": 204.364708,
    "cpuUsage": 137.422,
    "timestamp": 1772555155387
  },
  "violations": [],
  "recommendations": [
    "Largest file (index.js) is 100.0% of bundle - consider splitting or optimizing"
  ],
  "overallStatus": "pass"
}