{
  "timestamp": 1773612740632,
  "bundleSize": {
    "totalSize": 916,
    "gzippedSize": 423,
    "fileCount": 1,
    "largestFile": {
      "name": "index.js",
      "size": 916,
      "gzippedSize": 423
    },
    "breakdown": [
      {
        "name": "index.js",
        "size": 916,
        "gzippedSize": 423,
        "percentage": 100
      }
    ]
  },
  "webVitals": {
    "firstContentfulPaint": 794.3477088306896,
    "timeToInteractive": 2585.542071687016,
    "largestContentfulPaint": 2257.9389529439363,
    "cumulativeLayoutShift": 0.0073892665127730075,
    "firstInputDelay": 32.72294978161169,
    "timestamp": 1773612740631
  },
  "runtime": {
    "memoryUsage": {
      "rss": 61652992,
      "heapUsed": 12089688,
      "heapTotal": 19857408,
      "external": 1965339
    },
    "startupTime": 252.707458,
    "cpuUsage": 154.139,
    "timestamp": 1773612740632
  },
  "violations": [],
  "recommendations": [
    "Largest file (index.js) is 100.0% of bundle - consider splitting or optimizing"
  ],
  "overallStatus": "pass"
}