{
  "timestamp": 1772312607941,
  "bundleSize": {
    "totalSize": 916,
    "gzippedSize": 423,
    "fileCount": 1,
    "largestFile": {
      "name": "index.js",
      "size": 916,
      "gzippedSize": 423
    },
    "breakdown": [
      {
        "name": "index.js",
        "size": 916,
        "gzippedSize": 423,
        "percentage": 100
      }
    ]
  },
  "webVitals": {
    "firstContentfulPaint": 1088.5833824690644,
    "timeToInteractive": 2028.3734691358668,
    "largestContentfulPaint": 2045.5347442270681,
    "cumulativeLayoutShift": 0.013006015553091733,
    "firstInputDelay": 32.29494429490424,
    "timestamp": 1772312607941
  },
  "runtime": {
    "memoryUsage": {
      "rss": 62701568,
      "heapUsed": 11977336,
      "heapTotal": 19857408,
      "external": 1970480
    },
    "startupTime": 385.445542,
    "cpuUsage": 166.775,
    "timestamp": 1772312607941
  },
  "violations": [],
  "recommendations": [
    "Largest file (index.js) is 100.0% of bundle - consider splitting or optimizing"
  ],
  "overallStatus": "pass"
}