{
  "timestamp": 1772750652910,
  "bundleSize": {
    "totalSize": 916,
    "gzippedSize": 423,
    "fileCount": 1,
    "largestFile": {
      "name": "index.js",
      "size": 916,
      "gzippedSize": 423
    },
    "breakdown": [
      {
        "name": "index.js",
        "size": 916,
        "gzippedSize": 423,
        "percentage": 100
      }
    ]
  },
  "webVitals": {
    "firstContentfulPaint": 652.4472345906909,
    "timeToInteractive": 2597.5178347887168,
    "largestContentfulPaint": 1994.7005612070348,
    "cumulativeLayoutShift": 0.006601633235129589,
    "firstInputDelay": 69.65827073186486,
    "timestamp": 1772750652910
  },
  "runtime": {
    "memoryUsage": {
      "rss": 62259200,
      "heapUsed": 12164600,
      "heapTotal": 20119552,
      "external": 1965339
    },
    "startupTime": 249.217291,
    "cpuUsage": 156.532,
    "timestamp": 1772750652910
  },
  "violations": [],
  "recommendations": [
    "Largest file (index.js) is 100.0% of bundle - consider splitting or optimizing"
  ],
  "overallStatus": "pass"
}