{
  "timestamp": 1772982364149,
  "bundleSize": {
    "totalSize": 916,
    "gzippedSize": 423,
    "fileCount": 1,
    "largestFile": {
      "name": "index.js",
      "size": 916,
      "gzippedSize": 423
    },
    "breakdown": [
      {
        "name": "index.js",
        "size": 916,
        "gzippedSize": 423,
        "percentage": 100
      }
    ]
  },
  "webVitals": {
    "firstContentfulPaint": 1250.914347241173,
    "timeToInteractive": 2516.9110813379366,
    "largestContentfulPaint": 1522.5176251592407,
    "cumulativeLayoutShift": 0.07077375588850816,
    "firstInputDelay": 68.27336804443661,
    "timestamp": 1772982364149
  },
  "runtime": {
    "memoryUsage": {
      "rss": 62373888,
      "heapUsed": 12240992,
      "heapTotal": 19595264,
      "external": 1971002
    },
    "startupTime": 320.160459,
    "cpuUsage": 160.833,
    "timestamp": 1772982364149
  },
  "violations": [],
  "recommendations": [
    "Largest file (index.js) is 100.0% of bundle - consider splitting or optimizing"
  ],
  "overallStatus": "pass"
}