{
  "timestamp": 1773495387197,
  "bundleSize": {
    "totalSize": 916,
    "gzippedSize": 423,
    "fileCount": 1,
    "largestFile": {
      "name": "index.js",
      "size": 916,
      "gzippedSize": 423
    },
    "breakdown": [
      {
        "name": "index.js",
        "size": 916,
        "gzippedSize": 423,
        "percentage": 100
      }
    ]
  },
  "webVitals": {
    "firstContentfulPaint": 617.2091319908048,
    "timeToInteractive": 2660.3307349874685,
    "largestContentfulPaint": 2193.0367927673433,
    "cumulativeLayoutShift": 0.062047010437571576,
    "firstInputDelay": 52.044806763822635,
    "timestamp": 1773495387197
  },
  "runtime": {
    "memoryUsage": {
      "rss": 62537728,
      "heapUsed": 11968536,
      "heapTotal": 20643840,
      "external": 1968196
    },
    "startupTime": 360.817083,
    "cpuUsage": 193.59,
    "timestamp": 1773495387197
  },
  "violations": [],
  "recommendations": [
    "Largest file (index.js) is 100.0% of bundle - consider splitting or optimizing"
  ],
  "overallStatus": "pass"
}