{
  "timestamp": 1773495575151,
  "bundleSize": {
    "totalSize": 916,
    "gzippedSize": 423,
    "fileCount": 1,
    "largestFile": {
      "name": "index.js",
      "size": 916,
      "gzippedSize": 423
    },
    "breakdown": [
      {
        "name": "index.js",
        "size": 916,
        "gzippedSize": 423,
        "percentage": 100
      }
    ]
  },
  "webVitals": {
    "firstContentfulPaint": 567.3849110233824,
    "timeToInteractive": 2101.4357276176916,
    "largestContentfulPaint": 2344.6138824863915,
    "cumulativeLayoutShift": 0.07877714770880531,
    "firstInputDelay": 49.38234345223604,
    "timestamp": 1773495575151
  },
  "runtime": {
    "memoryUsage": {
      "rss": 61849600,
      "heapUsed": 12225136,
      "heapTotal": 20119552,
      "external": 1971210
    },
    "startupTime": 402.907292,
    "cpuUsage": 180.567,
    "timestamp": 1773495575151
  },
  "violations": [],
  "recommendations": [
    "Largest file (index.js) is 100.0% of bundle - consider splitting or optimizing"
  ],
  "overallStatus": "pass"
}