{
  "timestamp": 1769511544121,
  "bundleSize": {
    "totalSize": 0,
    "gzippedSize": 0,
    "fileCount": 0,
    "largestFile": {
      "name": "",
      "size": 0,
      "gzippedSize": 0
    },
    "breakdown": []
  },
  "webVitals": {
    "firstContentfulPaint": 620.6833232342088,
    "timeToInteractive": 2785.773041398649,
    "largestContentfulPaint": 2421.9541058196096,
    "cumulativeLayoutShift": 0.07711753016244796,
    "firstInputDelay": 52.18058606302749,
    "timestamp": 1769511544121
  },
  "runtime": {
    "memoryUsage": {
      "rss": 66387968,
      "heapUsed": 13744704,
      "heapTotal": 19120128,
      "external": 2204007
    },
    "startupTime": 625.455292,
    "cpuUsage": 213.024,
    "timestamp": 1769511544121
  },
  "violations": [],
  "recommendations": [],
  "overallStatus": "pass"
}