{
  "timestamp": 1772574478793,
  "bundleSize": {
    "totalSize": 916,
    "gzippedSize": 423,
    "fileCount": 1,
    "largestFile": {
      "name": "index.js",
      "size": 916,
      "gzippedSize": 423
    },
    "breakdown": [
      {
        "name": "index.js",
        "size": 916,
        "gzippedSize": 423,
        "percentage": 100
      }
    ]
  },
  "webVitals": {
    "firstContentfulPaint": 1073.0845938697585,
    "timeToInteractive": 2499.659215507687,
    "largestContentfulPaint": 2442.3684312462324,
    "cumulativeLayoutShift": 0.09382113511185453,
    "firstInputDelay": 32.68879741192884,
    "timestamp": 1772574478792
  },
  "runtime": {
    "memoryUsage": {
      "rss": 62259200,
      "heapUsed": 11963448,
      "heapTotal": 19857408,
      "external": 1971956
    },
    "startupTime": 240.485667,
    "cpuUsage": 146.807,
    "timestamp": 1772574478792
  },
  "violations": [],
  "recommendations": [
    "Largest file (index.js) is 100.0% of bundle - consider splitting or optimizing"
  ],
  "overallStatus": "pass"
}