{
  "timestamp": 1773071129638,
  "bundleSize": {
    "totalSize": 916,
    "gzippedSize": 423,
    "fileCount": 1,
    "largestFile": {
      "name": "index.js",
      "size": 916,
      "gzippedSize": 423
    },
    "breakdown": [
      {
        "name": "index.js",
        "size": 916,
        "gzippedSize": 423,
        "percentage": 100
      }
    ]
  },
  "webVitals": {
    "firstContentfulPaint": 1350.4144939063713,
    "timeToInteractive": 2873.5543819616237,
    "largestContentfulPaint": 1704.649389735769,
    "cumulativeLayoutShift": 0.023682706387598774,
    "firstInputDelay": 58.09777159508687,
    "timestamp": 1773071129638
  },
  "runtime": {
    "memoryUsage": {
      "rss": 62193664,
      "heapUsed": 12287624,
      "heapTotal": 20119552,
      "external": 1971002
    },
    "startupTime": 266.222167,
    "cpuUsage": 149.556,
    "timestamp": 1773071129638
  },
  "violations": [],
  "recommendations": [
    "Largest file (index.js) is 100.0% of bundle - consider splitting or optimizing"
  ],
  "overallStatus": "pass"
}