{
  "timestamp": 1772799262909,
  "bundleSize": {
    "totalSize": 916,
    "gzippedSize": 423,
    "fileCount": 1,
    "largestFile": {
      "name": "index.js",
      "size": 916,
      "gzippedSize": 423
    },
    "breakdown": [
      {
        "name": "index.js",
        "size": 916,
        "gzippedSize": 423,
        "percentage": 100
      }
    ]
  },
  "webVitals": {
    "firstContentfulPaint": 801.0055047155906,
    "timeToInteractive": 2771.0423967715315,
    "largestContentfulPaint": 2063.167184395926,
    "cumulativeLayoutShift": 0.08954515567276383,
    "firstInputDelay": 59.574072157851674,
    "timestamp": 1772799262909
  },
  "runtime": {
    "memoryUsage": {
      "rss": 62570496,
      "heapUsed": 12132248,
      "heapTotal": 20643840,
      "external": 1965339
    },
    "startupTime": 193.840125,
    "cpuUsage": 135.834,
    "timestamp": 1772799262909
  },
  "violations": [],
  "recommendations": [
    "Largest file (index.js) is 100.0% of bundle - consider splitting or optimizing"
  ],
  "overallStatus": "pass"
}