{
  "timestamp": 1772822216075,
  "bundleSize": {
    "totalSize": 916,
    "gzippedSize": 423,
    "fileCount": 1,
    "largestFile": {
      "name": "index.js",
      "size": 916,
      "gzippedSize": 423
    },
    "breakdown": [
      {
        "name": "index.js",
        "size": 916,
        "gzippedSize": 423,
        "percentage": 100
      }
    ]
  },
  "webVitals": {
    "firstContentfulPaint": 533.6506227683833,
    "timeToInteractive": 2375.2960303175114,
    "largestContentfulPaint": 2194.1866321190832,
    "cumulativeLayoutShift": 0.062262262350843804,
    "firstInputDelay": 62.464479008066306,
    "timestamp": 1772822216075
  },
  "runtime": {
    "memoryUsage": {
      "rss": 62455808,
      "heapUsed": 12208928,
      "heapTotal": 19857408,
      "external": 1971386
    },
    "startupTime": 263.368041,
    "cpuUsage": 167.073,
    "timestamp": 1772822216075
  },
  "violations": [],
  "recommendations": [
    "Largest file (index.js) is 100.0% of bundle - consider splitting or optimizing"
  ],
  "overallStatus": "pass"
}