{
  "timestamp": 1773329766753,
  "bundleSize": {
    "totalSize": 916,
    "gzippedSize": 423,
    "fileCount": 1,
    "largestFile": {
      "name": "index.js",
      "size": 916,
      "gzippedSize": 423
    },
    "breakdown": [
      {
        "name": "index.js",
        "size": 916,
        "gzippedSize": 423,
        "percentage": 100
      }
    ]
  },
  "webVitals": {
    "firstContentfulPaint": 1172.4246048533396,
    "timeToInteractive": 2578.269106999893,
    "largestContentfulPaint": 2170.3174476154145,
    "cumulativeLayoutShift": 0.09036227496380225,
    "firstInputDelay": 65.82624087585526,
    "timestamp": 1773329766753
  },
  "runtime": {
    "memoryUsage": {
      "rss": 62111744,
      "heapUsed": 12095744,
      "heapTotal": 19857408,
      "external": 1969708
    },
    "startupTime": 259.875583,
    "cpuUsage": 142.414,
    "timestamp": 1773329766753
  },
  "violations": [],
  "recommendations": [
    "Largest file (index.js) is 100.0% of bundle - consider splitting or optimizing"
  ],
  "overallStatus": "pass"
}