{
  "timestamp": 1772623858608,
  "bundleSize": {
    "totalSize": 916,
    "gzippedSize": 423,
    "fileCount": 1,
    "largestFile": {
      "name": "index.js",
      "size": 916,
      "gzippedSize": 423
    },
    "breakdown": [
      {
        "name": "index.js",
        "size": 916,
        "gzippedSize": 423,
        "percentage": 100
      }
    ]
  },
  "webVitals": {
    "firstContentfulPaint": 1270.4810101962191,
    "timeToInteractive": 2068.8485343429093,
    "largestContentfulPaint": 2044.6489185565288,
    "cumulativeLayoutShift": 0.09177250160398456,
    "firstInputDelay": 67.24042729142278,
    "timestamp": 1772623858608
  },
  "runtime": {
    "memoryUsage": {
      "rss": 62210048,
      "heapUsed": 11958448,
      "heapTotal": 19857408,
      "external": 1964817
    },
    "startupTime": 212.614459,
    "cpuUsage": 129.06,
    "timestamp": 1772623858608
  },
  "violations": [],
  "recommendations": [
    "Largest file (index.js) is 100.0% of bundle - consider splitting or optimizing"
  ],
  "overallStatus": "pass"
}