{
  "timestamp": 1773622803333,
  "bundleSize": {
    "totalSize": 916,
    "gzippedSize": 423,
    "fileCount": 1,
    "largestFile": {
      "name": "index.js",
      "size": 916,
      "gzippedSize": 423
    },
    "breakdown": [
      {
        "name": "index.js",
        "size": 916,
        "gzippedSize": 423,
        "percentage": 100
      }
    ]
  },
  "webVitals": {
    "firstContentfulPaint": 1185.3012832987865,
    "timeToInteractive": 2479.0252089495284,
    "largestContentfulPaint": 2180.772094274349,
    "cumulativeLayoutShift": 0.06177812876140183,
    "firstInputDelay": 53.24224012368191,
    "timestamp": 1773622803333
  },
  "runtime": {
    "memoryUsage": {
      "rss": 62291968,
      "heapUsed": 12081192,
      "heapTotal": 19595264,
      "external": 1969708
    },
    "startupTime": 279.088417,
    "cpuUsage": 154.249,
    "timestamp": 1773622803333
  },
  "violations": [],
  "recommendations": [
    "Largest file (index.js) is 100.0% of bundle - consider splitting or optimizing"
  ],
  "overallStatus": "pass"
}