{
  "timestamp": 1772662956501,
  "bundleSize": {
    "totalSize": 916,
    "gzippedSize": 423,
    "fileCount": 1,
    "largestFile": {
      "name": "index.js",
      "size": 916,
      "gzippedSize": 423
    },
    "breakdown": [
      {
        "name": "index.js",
        "size": 916,
        "gzippedSize": 423,
        "percentage": 100
      }
    ]
  },
  "webVitals": {
    "firstContentfulPaint": 750.3176813914845,
    "timeToInteractive": 2746.888137552546,
    "largestContentfulPaint": 1816.3946044840407,
    "cumulativeLayoutShift": 0.036381129281562834,
    "firstInputDelay": 41.45795315546452,
    "timestamp": 1772662956500
  },
  "runtime": {
    "memoryUsage": {
      "rss": 62144512,
      "heapUsed": 11946056,
      "heapTotal": 19857408,
      "external": 1964862
    },
    "startupTime": 404.327166,
    "cpuUsage": 190.976,
    "timestamp": 1772662956501
  },
  "violations": [],
  "recommendations": [
    "Largest file (index.js) is 100.0% of bundle - consider splitting or optimizing"
  ],
  "overallStatus": "pass"
}