{
  "timestamp": 1772714545877,
  "bundleSize": {
    "totalSize": 916,
    "gzippedSize": 423,
    "fileCount": 1,
    "largestFile": {
      "name": "index.js",
      "size": 916,
      "gzippedSize": 423
    },
    "breakdown": [
      {
        "name": "index.js",
        "size": 916,
        "gzippedSize": 423,
        "percentage": 100
      }
    ]
  },
  "webVitals": {
    "firstContentfulPaint": 518.0403864725042,
    "timeToInteractive": 2858.8222427210117,
    "largestContentfulPaint": 1548.0125421764812,
    "cumulativeLayoutShift": 0.04209410000577603,
    "firstInputDelay": 62.707451882998654,
    "timestamp": 1772714545877
  },
  "runtime": {
    "memoryUsage": {
      "rss": 62537728,
      "heapUsed": 12209160,
      "heapTotal": 20381696,
      "external": 1969505
    },
    "startupTime": 375.280084,
    "cpuUsage": 156.861,
    "timestamp": 1772714545877
  },
  "violations": [],
  "recommendations": [
    "Largest file (index.js) is 100.0% of bundle - consider splitting or optimizing"
  ],
  "overallStatus": "pass"
}