{
  "timestamp": 1773605674917,
  "bundleSize": {
    "totalSize": 916,
    "gzippedSize": 423,
    "fileCount": 1,
    "largestFile": {
      "name": "index.js",
      "size": 916,
      "gzippedSize": 423
    },
    "breakdown": [
      {
        "name": "index.js",
        "size": 916,
        "gzippedSize": 423,
        "percentage": 100
      }
    ]
  },
  "webVitals": {
    "firstContentfulPaint": 1344.7903300934101,
    "timeToInteractive": 2302.9603189707314,
    "largestContentfulPaint": 1711.8433456496996,
    "cumulativeLayoutShift": 0.08101404754441931,
    "firstInputDelay": 51.32292806188171,
    "timestamp": 1773605674917
  },
  "runtime": {
    "memoryUsage": {
      "rss": 61980672,
      "heapUsed": 12126440,
      "heapTotal": 19857408,
      "external": 1971210
    },
    "startupTime": 601.132209,
    "cpuUsage": 186.707,
    "timestamp": 1773605674917
  },
  "violations": [],
  "recommendations": [
    "Largest file (index.js) is 100.0% of bundle - consider splitting or optimizing"
  ],
  "overallStatus": "pass"
}