{
  "timestamp": 1773436850785,
  "bundleSize": {
    "totalSize": 916,
    "gzippedSize": 423,
    "fileCount": 1,
    "largestFile": {
      "name": "index.js",
      "size": 916,
      "gzippedSize": 423
    },
    "breakdown": [
      {
        "name": "index.js",
        "size": 916,
        "gzippedSize": 423,
        "percentage": 100
      }
    ]
  },
  "webVitals": {
    "firstContentfulPaint": 1425.1228063996246,
    "timeToInteractive": 2109.5922255917567,
    "largestContentfulPaint": 2397.398236863086,
    "cumulativeLayoutShift": 0.08544451226487532,
    "firstInputDelay": 59.31457618061023,
    "timestamp": 1773436850785
  },
  "runtime": {
    "memoryUsage": {
      "rss": 61652992,
      "heapUsed": 12228576,
      "heapTotal": 19595264,
      "external": 1966416
    },
    "startupTime": 1116.149333,
    "cpuUsage": 216.119,
    "timestamp": 1773436850785
  },
  "violations": [],
  "recommendations": [
    "Largest file (index.js) is 100.0% of bundle - consider splitting or optimizing"
  ],
  "overallStatus": "pass"
}