{
  "timestamp": 1773436058084,
  "bundleSize": {
    "totalSize": 916,
    "gzippedSize": 423,
    "fileCount": 1,
    "largestFile": {
      "name": "index.js",
      "size": 916,
      "gzippedSize": 423
    },
    "breakdown": [
      {
        "name": "index.js",
        "size": 916,
        "gzippedSize": 423,
        "percentage": 100
      }
    ]
  },
  "webVitals": {
    "firstContentfulPaint": 1494.3115077663247,
    "timeToInteractive": 2008.3275181146632,
    "largestContentfulPaint": 1689.0035644048917,
    "cumulativeLayoutShift": 0.09101558744687908,
    "firstInputDelay": 48.18656850057046,
    "timestamp": 1773436058084
  },
  "runtime": {
    "memoryUsage": {
      "rss": 62128128,
      "heapUsed": 12128584,
      "heapTotal": 19857408,
      "external": 1969696
    },
    "startupTime": 363.286042,
    "cpuUsage": 190.301,
    "timestamp": 1773436058084
  },
  "violations": [],
  "recommendations": [
    "Largest file (index.js) is 100.0% of bundle - consider splitting or optimizing"
  ],
  "overallStatus": "pass"
}