{
  "timestamp": 1773435304268,
  "bundleSize": {
    "totalSize": 916,
    "gzippedSize": 423,
    "fileCount": 1,
    "largestFile": {
      "name": "index.js",
      "size": 916,
      "gzippedSize": 423
    },
    "breakdown": [
      {
        "name": "index.js",
        "size": 916,
        "gzippedSize": 423,
        "percentage": 100
      }
    ]
  },
  "webVitals": {
    "firstContentfulPaint": 1458.639225921736,
    "timeToInteractive": 2859.1863447871215,
    "largestContentfulPaint": 1524.6235871987271,
    "cumulativeLayoutShift": 0.06477695472429305,
    "firstInputDelay": 56.88086749607608,
    "timestamp": 1773435304268
  },
  "runtime": {
    "memoryUsage": {
      "rss": 62111744,
      "heapUsed": 11995112,
      "heapTotal": 20381696,
      "external": 1965203
    },
    "startupTime": 1144.129208,
    "cpuUsage": 221.616,
    "timestamp": 1773435304268
  },
  "violations": [],
  "recommendations": [
    "Largest file (index.js) is 100.0% of bundle - consider splitting or optimizing"
  ],
  "overallStatus": "pass"
}