{
  "timestamp": 1772592337677,
  "bundleSize": {
    "totalSize": 916,
    "gzippedSize": 423,
    "fileCount": 1,
    "largestFile": {
      "name": "index.js",
      "size": 916,
      "gzippedSize": 423
    },
    "breakdown": [
      {
        "name": "index.js",
        "size": 916,
        "gzippedSize": 423,
        "percentage": 100
      }
    ]
  },
  "webVitals": {
    "firstContentfulPaint": 931.4845173720831,
    "timeToInteractive": 2339.147784839808,
    "largestContentfulPaint": 1500.0510537639625,
    "cumulativeLayoutShift": 0.008369198349585761,
    "firstInputDelay": 30.12364542411715,
    "timestamp": 1772592337677
  },
  "runtime": {
    "memoryUsage": {
      "rss": 62259200,
      "heapUsed": 11958024,
      "heapTotal": 19857408,
      "external": 1971956
    },
    "startupTime": 271.230166,
    "cpuUsage": 160.739,
    "timestamp": 1772592337677
  },
  "violations": [],
  "recommendations": [
    "Largest file (index.js) is 100.0% of bundle - consider splitting or optimizing"
  ],
  "overallStatus": "pass"
}