{
  "timestamp": 1773332220583,
  "bundleSize": {
    "totalSize": 916,
    "gzippedSize": 423,
    "fileCount": 1,
    "largestFile": {
      "name": "index.js",
      "size": 916,
      "gzippedSize": 423
    },
    "breakdown": [
      {
        "name": "index.js",
        "size": 916,
        "gzippedSize": 423,
        "percentage": 100
      }
    ]
  },
  "webVitals": {
    "firstContentfulPaint": 1459.4533426920411,
    "timeToInteractive": 2906.5430921646757,
    "largestContentfulPaint": 2380.3451511943003,
    "cumulativeLayoutShift": 0.08320007629983794,
    "firstInputDelay": 27.251096026779763,
    "timestamp": 1773332220583
  },
  "runtime": {
    "memoryUsage": {
      "rss": 59162624,
      "heapUsed": 12218776,
      "heapTotal": 19857408,
      "external": 1966898
    },
    "startupTime": 1301.741834,
    "cpuUsage": 211.242,
    "timestamp": 1773332220583
  },
  "violations": [],
  "recommendations": [
    "Largest file (index.js) is 100.0% of bundle - consider splitting or optimizing"
  ],
  "overallStatus": "pass"
}