{
  "timestamp": 1773619370753,
  "bundleSize": {
    "totalSize": 916,
    "gzippedSize": 423,
    "fileCount": 1,
    "largestFile": {
      "name": "index.js",
      "size": 916,
      "gzippedSize": 423
    },
    "breakdown": [
      {
        "name": "index.js",
        "size": 916,
        "gzippedSize": 423,
        "percentage": 100
      }
    ]
  },
  "webVitals": {
    "firstContentfulPaint": 1314.8213123530659,
    "timeToInteractive": 2598.6191561627184,
    "largestContentfulPaint": 2155.367163828076,
    "cumulativeLayoutShift": 0.02461458241354333,
    "firstInputDelay": 31.108436163362796,
    "timestamp": 1773619370753
  },
  "runtime": {
    "memoryUsage": {
      "rss": 62308352,
      "heapUsed": 12236952,
      "heapTotal": 19857408,
      "external": 1969708
    },
    "startupTime": 295.308333,
    "cpuUsage": 158.964,
    "timestamp": 1773619370753
  },
  "violations": [],
  "recommendations": [
    "Largest file (index.js) is 100.0% of bundle - consider splitting or optimizing"
  ],
  "overallStatus": "pass"
}