{
  "timestamp": 1772451168697,
  "bundleSize": {
    "totalSize": 916,
    "gzippedSize": 423,
    "fileCount": 1,
    "largestFile": {
      "name": "index.js",
      "size": 916,
      "gzippedSize": 423
    },
    "breakdown": [
      {
        "name": "index.js",
        "size": 916,
        "gzippedSize": 423,
        "percentage": 100
      }
    ]
  },
  "webVitals": {
    "firstContentfulPaint": 790.3283642102126,
    "timeToInteractive": 2740.2911494397413,
    "largestContentfulPaint": 1721.7210737609741,
    "cumulativeLayoutShift": 0.08595117004800584,
    "firstInputDelay": 30.742102714109098,
    "timestamp": 1772451168697
  },
  "runtime": {
    "memoryUsage": {
      "rss": 62291968,
      "heapUsed": 11977848,
      "heapTotal": 20119552,
      "external": 1971956
    },
    "startupTime": 224.879292,
    "cpuUsage": 148.466,
    "timestamp": 1772451168697
  },
  "violations": [],
  "recommendations": [
    "Largest file (index.js) is 100.0% of bundle - consider splitting or optimizing"
  ],
  "overallStatus": "pass"
}