{
  "timestamp": 1773605589747,
  "bundleSize": {
    "totalSize": 916,
    "gzippedSize": 423,
    "fileCount": 1,
    "largestFile": {
      "name": "index.js",
      "size": 916,
      "gzippedSize": 423
    },
    "breakdown": [
      {
        "name": "index.js",
        "size": 916,
        "gzippedSize": 423,
        "percentage": 100
      }
    ]
  },
  "webVitals": {
    "firstContentfulPaint": 1492.4013483412978,
    "timeToInteractive": 2063.3484364151373,
    "largestContentfulPaint": 1687.3159231151524,
    "cumulativeLayoutShift": 0.026425545118047247,
    "firstInputDelay": 72.88447975868253,
    "timestamp": 1773605589747
  },
  "runtime": {
    "memoryUsage": {
      "rss": 61685760,
      "heapUsed": 12218832,
      "heapTotal": 19857408,
      "external": 1969696
    },
    "startupTime": 421.934958,
    "cpuUsage": 182.857,
    "timestamp": 1773605589747
  },
  "violations": [],
  "recommendations": [
    "Largest file (index.js) is 100.0% of bundle - consider splitting or optimizing"
  ],
  "overallStatus": "pass"
}