{
  "timestamp": 1773603698972,
  "bundleSize": {
    "totalSize": 916,
    "gzippedSize": 423,
    "fileCount": 1,
    "largestFile": {
      "name": "index.js",
      "size": 916,
      "gzippedSize": 423
    },
    "breakdown": [
      {
        "name": "index.js",
        "size": 916,
        "gzippedSize": 423,
        "percentage": 100
      }
    ]
  },
  "webVitals": {
    "firstContentfulPaint": 1176.9881245201639,
    "timeToInteractive": 2886.921092768571,
    "largestContentfulPaint": 2037.3816887586177,
    "cumulativeLayoutShift": 0.08332936974579291,
    "firstInputDelay": 57.985919437490196,
    "timestamp": 1773603698972
  },
  "runtime": {
    "memoryUsage": {
      "rss": 62406656,
      "heapUsed": 12073664,
      "heapTotal": 20119552,
      "external": 1970916
    },
    "startupTime": 236.058792,
    "cpuUsage": 152.492,
    "timestamp": 1773603698972
  },
  "violations": [],
  "recommendations": [
    "Largest file (index.js) is 100.0% of bundle - consider splitting or optimizing"
  ],
  "overallStatus": "pass"
}