{
  "timestamp": 1773435194117,
  "bundleSize": {
    "totalSize": 916,
    "gzippedSize": 423,
    "fileCount": 1,
    "largestFile": {
      "name": "index.js",
      "size": 916,
      "gzippedSize": 423
    },
    "breakdown": [
      {
        "name": "index.js",
        "size": 916,
        "gzippedSize": 423,
        "percentage": 100
      }
    ]
  },
  "webVitals": {
    "firstContentfulPaint": 1311.7052378192848,
    "timeToInteractive": 2476.0984946076983,
    "largestContentfulPaint": 2404.0069674780966,
    "cumulativeLayoutShift": 0.060469749631160835,
    "firstInputDelay": 73.0481895532603,
    "timestamp": 1773435194117
  },
  "runtime": {
    "memoryUsage": {
      "rss": 62308352,
      "heapUsed": 12024880,
      "heapTotal": 20119552,
      "external": 1968701
    },
    "startupTime": 301.435042,
    "cpuUsage": 175.137,
    "timestamp": 1773435194117
  },
  "violations": [],
  "recommendations": [
    "Largest file (index.js) is 100.0% of bundle - consider splitting or optimizing"
  ],
  "overallStatus": "pass"
}