{
  "timestamp": 1773227521000,
  "bundleSize": {
    "totalSize": 916,
    "gzippedSize": 423,
    "fileCount": 1,
    "largestFile": {
      "name": "index.js",
      "size": 916,
      "gzippedSize": 423
    },
    "breakdown": [
      {
        "name": "index.js",
        "size": 916,
        "gzippedSize": 423,
        "percentage": 100
      }
    ]
  },
  "webVitals": {
    "firstContentfulPaint": 586.676914930488,
    "timeToInteractive": 2697.1920108563827,
    "largestContentfulPaint": 1713.4126991440032,
    "cumulativeLayoutShift": 0.0027800966291363196,
    "firstInputDelay": 38.29234516463844,
    "timestamp": 1773227521000
  },
  "runtime": {
    "memoryUsage": {
      "rss": 62013440,
      "heapUsed": 12069144,
      "heapTotal": 19857408,
      "external": 1969708
    },
    "startupTime": 324.071125,
    "cpuUsage": 152.858,
    "timestamp": 1773227521000
  },
  "violations": [],
  "recommendations": [
    "Largest file (index.js) is 100.0% of bundle - consider splitting or optimizing"
  ],
  "overallStatus": "pass"
}