{
  "timestamp": 1773050354273,
  "bundleSize": {
    "totalSize": 916,
    "gzippedSize": 423,
    "fileCount": 1,
    "largestFile": {
      "name": "index.js",
      "size": 916,
      "gzippedSize": 423
    },
    "breakdown": [
      {
        "name": "index.js",
        "size": 916,
        "gzippedSize": 423,
        "percentage": 100
      }
    ]
  },
  "webVitals": {
    "firstContentfulPaint": 1172.8588632862513,
    "timeToInteractive": 2858.0781474874757,
    "largestContentfulPaint": 1967.3387660697651,
    "cumulativeLayoutShift": 0.046395151908570846,
    "firstInputDelay": 37.399394766012286,
    "timestamp": 1773050354273
  },
  "runtime": {
    "memoryUsage": {
      "rss": 62242816,
      "heapUsed": 12247088,
      "heapTotal": 19857408,
      "external": 1971002
    },
    "startupTime": 366.155458,
    "cpuUsage": 195.642,
    "timestamp": 1773050354273
  },
  "violations": [],
  "recommendations": [
    "Largest file (index.js) is 100.0% of bundle - consider splitting or optimizing"
  ],
  "overallStatus": "pass"
}