{
  "timestamp": 1773348878490,
  "bundleSize": {
    "totalSize": 916,
    "gzippedSize": 423,
    "fileCount": 1,
    "largestFile": {
      "name": "index.js",
      "size": 916,
      "gzippedSize": 423
    },
    "breakdown": [
      {
        "name": "index.js",
        "size": 916,
        "gzippedSize": 423,
        "percentage": 100
      }
    ]
  },
  "webVitals": {
    "firstContentfulPaint": 547.4978522709226,
    "timeToInteractive": 2713.072590197623,
    "largestContentfulPaint": 2261.9384026100515,
    "cumulativeLayoutShift": 0.09954151392891618,
    "firstInputDelay": 37.09063530500785,
    "timestamp": 1773348878490
  },
  "runtime": {
    "memoryUsage": {
      "rss": 59129856,
      "heapUsed": 12235256,
      "heapTotal": 19595264,
      "external": 1968192
    },
    "startupTime": 3990.982375,
    "cpuUsage": 181.446,
    "timestamp": 1773348878490
  },
  "violations": [],
  "recommendations": [
    "Largest file (index.js) is 100.0% of bundle - consider splitting or optimizing"
  ],
  "overallStatus": "pass"
}