{
  "timestamp": 1773662433497,
  "bundleSize": {
    "totalSize": 916,
    "gzippedSize": 423,
    "fileCount": 1,
    "largestFile": {
      "name": "index.js",
      "size": 916,
      "gzippedSize": 423
    },
    "breakdown": [
      {
        "name": "index.js",
        "size": 916,
        "gzippedSize": 423,
        "percentage": 100
      }
    ]
  },
  "webVitals": {
    "firstContentfulPaint": 769.4318784332158,
    "timeToInteractive": 2575.5248922870937,
    "largestContentfulPaint": 1567.828668307917,
    "cumulativeLayoutShift": 0.08277664832409776,
    "firstInputDelay": 47.909782640053024,
    "timestamp": 1773662433496
  },
  "runtime": {
    "memoryUsage": {
      "rss": 61931520,
      "heapUsed": 12245248,
      "heapTotal": 19857408,
      "external": 1969708
    },
    "startupTime": 375.480833,
    "cpuUsage": 187.496,
    "timestamp": 1773662433497
  },
  "violations": [],
  "recommendations": [
    "Largest file (index.js) is 100.0% of bundle - consider splitting or optimizing"
  ],
  "overallStatus": "pass"
}