{
  "timestamp": 1772542597884,
  "bundleSize": {
    "totalSize": 916,
    "gzippedSize": 423,
    "fileCount": 1,
    "largestFile": {
      "name": "index.js",
      "size": 916,
      "gzippedSize": 423
    },
    "breakdown": [
      {
        "name": "index.js",
        "size": 916,
        "gzippedSize": 423,
        "percentage": 100
      }
    ]
  },
  "webVitals": {
    "firstContentfulPaint": 718.8548676342814,
    "timeToInteractive": 2475.8752718647106,
    "largestContentfulPaint": 1516.4793733717374,
    "cumulativeLayoutShift": 0.009092655014034645,
    "firstInputDelay": 45.31636525535456,
    "timestamp": 1772542597883
  },
  "runtime": {
    "memoryUsage": {
      "rss": 62210048,
      "heapUsed": 11986312,
      "heapTotal": 19857408,
      "external": 1970480
    },
    "startupTime": 293.272041,
    "cpuUsage": 157.194,
    "timestamp": 1772542597884
  },
  "violations": [],
  "recommendations": [
    "Largest file (index.js) is 100.0% of bundle - consider splitting or optimizing"
  ],
  "overallStatus": "pass"
}