{
  "timestamp": 1773349685983,
  "bundleSize": {
    "totalSize": 916,
    "gzippedSize": 423,
    "fileCount": 1,
    "largestFile": {
      "name": "index.js",
      "size": 916,
      "gzippedSize": 423
    },
    "breakdown": [
      {
        "name": "index.js",
        "size": 916,
        "gzippedSize": 423,
        "percentage": 100
      }
    ]
  },
  "webVitals": {
    "firstContentfulPaint": 1260.6392019198643,
    "timeToInteractive": 2033.135914199792,
    "largestContentfulPaint": 2082.0922048425377,
    "cumulativeLayoutShift": 0.008625346755945262,
    "firstInputDelay": 39.18536779729098,
    "timestamp": 1773349685983
  },
  "runtime": {
    "memoryUsage": {
      "rss": 62373888,
      "heapUsed": 12034464,
      "heapTotal": 20381696,
      "external": 1968701
    },
    "startupTime": 333.534291,
    "cpuUsage": 157.75,
    "timestamp": 1773349685983
  },
  "violations": [],
  "recommendations": [
    "Largest file (index.js) is 100.0% of bundle - consider splitting or optimizing"
  ],
  "overallStatus": "pass"
}