{
  "timestamp": 1772739570441,
  "bundleSize": {
    "totalSize": 916,
    "gzippedSize": 423,
    "fileCount": 1,
    "largestFile": {
      "name": "index.js",
      "size": 916,
      "gzippedSize": 423
    },
    "breakdown": [
      {
        "name": "index.js",
        "size": 916,
        "gzippedSize": 423,
        "percentage": 100
      }
    ]
  },
  "webVitals": {
    "firstContentfulPaint": 583.6006258489031,
    "timeToInteractive": 2360.3716841581036,
    "largestContentfulPaint": 1776.2841572928376,
    "cumulativeLayoutShift": 0.09354129470542275,
    "firstInputDelay": 28.38613820746486,
    "timestamp": 1772739570441
  },
  "runtime": {
    "memoryUsage": {
      "rss": 62324736,
      "heapUsed": 12324720,
      "heapTotal": 20119552,
      "external": 1965339
    },
    "startupTime": 206.075959,
    "cpuUsage": 133.004,
    "timestamp": 1772739570441
  },
  "violations": [],
  "recommendations": [
    "Largest file (index.js) is 100.0% of bundle - consider splitting or optimizing"
  ],
  "overallStatus": "pass"
}