{
  "timestamp": 1772571798886,
  "bundleSize": {
    "totalSize": 916,
    "gzippedSize": 423,
    "fileCount": 1,
    "largestFile": {
      "name": "index.js",
      "size": 916,
      "gzippedSize": 423
    },
    "breakdown": [
      {
        "name": "index.js",
        "size": 916,
        "gzippedSize": 423,
        "percentage": 100
      }
    ]
  },
  "webVitals": {
    "firstContentfulPaint": 881.6204895786046,
    "timeToInteractive": 2137.4427226150287,
    "largestContentfulPaint": 1905.5295102128316,
    "cumulativeLayoutShift": 0.07608053332722405,
    "firstInputDelay": 49.674045183972126,
    "timestamp": 1772571798886
  },
  "runtime": {
    "memoryUsage": {
      "rss": 61816832,
      "heapUsed": 11961232,
      "heapTotal": 19595264,
      "external": 1971956
    },
    "startupTime": 257.89375,
    "cpuUsage": 158.559,
    "timestamp": 1772571798886
  },
  "violations": [],
  "recommendations": [
    "Largest file (index.js) is 100.0% of bundle - consider splitting or optimizing"
  ],
  "overallStatus": "pass"
}