{
  "timestamp": 1773238636350,
  "bundleSize": {
    "totalSize": 916,
    "gzippedSize": 423,
    "fileCount": 1,
    "largestFile": {
      "name": "index.js",
      "size": 916,
      "gzippedSize": 423
    },
    "breakdown": [
      {
        "name": "index.js",
        "size": 916,
        "gzippedSize": 423,
        "percentage": 100
      }
    ]
  },
  "webVitals": {
    "firstContentfulPaint": 1016.9542696501945,
    "timeToInteractive": 2169.3934502889297,
    "largestContentfulPaint": 1996.1819569511836,
    "cumulativeLayoutShift": 0.03133409296210745,
    "firstInputDelay": 28.985483835739355,
    "timestamp": 1773238636350
  },
  "runtime": {
    "memoryUsage": {
      "rss": 61571072,
      "heapUsed": 12054432,
      "heapTotal": 19595264,
      "external": 1965339
    },
    "startupTime": 226.207042,
    "cpuUsage": 148.849,
    "timestamp": 1773238636350
  },
  "violations": [],
  "recommendations": [
    "Largest file (index.js) is 100.0% of bundle - consider splitting or optimizing"
  ],
  "overallStatus": "pass"
}