{
  "timestamp": 1772455091795,
  "bundleSize": {
    "totalSize": 916,
    "gzippedSize": 423,
    "fileCount": 1,
    "largestFile": {
      "name": "index.js",
      "size": 916,
      "gzippedSize": 423
    },
    "breakdown": [
      {
        "name": "index.js",
        "size": 916,
        "gzippedSize": 423,
        "percentage": 100
      }
    ]
  },
  "webVitals": {
    "firstContentfulPaint": 611.9259157881443,
    "timeToInteractive": 2381.8740284631367,
    "largestContentfulPaint": 1768.7933931767946,
    "cumulativeLayoutShift": 0.06786972105359786,
    "firstInputDelay": 62.78290245700462,
    "timestamp": 1772455091794
  },
  "runtime": {
    "memoryUsage": {
      "rss": 62193664,
      "heapUsed": 12058056,
      "heapTotal": 20119552,
      "external": 1971956
    },
    "startupTime": 208.505084,
    "cpuUsage": 134.483,
    "timestamp": 1772455091795
  },
  "violations": [],
  "recommendations": [
    "Largest file (index.js) is 100.0% of bundle - consider splitting or optimizing"
  ],
  "overallStatus": "pass"
}