{
  "timestamp": 1772714291601,
  "bundleSize": {
    "totalSize": 916,
    "gzippedSize": 423,
    "fileCount": 1,
    "largestFile": {
      "name": "index.js",
      "size": 916,
      "gzippedSize": 423
    },
    "breakdown": [
      {
        "name": "index.js",
        "size": 916,
        "gzippedSize": 423,
        "percentage": 100
      }
    ]
  },
  "webVitals": {
    "firstContentfulPaint": 932.831490080893,
    "timeToInteractive": 2827.2526629027643,
    "largestContentfulPaint": 2449.8739186811727,
    "cumulativeLayoutShift": 0.053328944104646926,
    "firstInputDelay": 28.00344500718339,
    "timestamp": 1772714291601
  },
  "runtime": {
    "memoryUsage": {
      "rss": 61980672,
      "heapUsed": 11969792,
      "heapTotal": 19857408,
      "external": 1971956
    },
    "startupTime": 226.807542,
    "cpuUsage": 141.249,
    "timestamp": 1772714291601
  },
  "violations": [],
  "recommendations": [
    "Largest file (index.js) is 100.0% of bundle - consider splitting or optimizing"
  ],
  "overallStatus": "pass"
}