{
  "timestamp": 1772455174302,
  "bundleSize": {
    "totalSize": 916,
    "gzippedSize": 423,
    "fileCount": 1,
    "largestFile": {
      "name": "index.js",
      "size": 916,
      "gzippedSize": 423
    },
    "breakdown": [
      {
        "name": "index.js",
        "size": 916,
        "gzippedSize": 423,
        "percentage": 100
      }
    ]
  },
  "webVitals": {
    "firstContentfulPaint": 1332.8570215391169,
    "timeToInteractive": 2955.9508562816136,
    "largestContentfulPaint": 1717.0859095497358,
    "cumulativeLayoutShift": 0.03256304406437129,
    "firstInputDelay": 65.6811815810116,
    "timestamp": 1772455174302
  },
  "runtime": {
    "memoryUsage": {
      "rss": 62128128,
      "heapUsed": 11943192,
      "heapTotal": 20119552,
      "external": 1964817
    },
    "startupTime": 233.408084,
    "cpuUsage": 145.928,
    "timestamp": 1772455174302
  },
  "violations": [],
  "recommendations": [
    "Largest file (index.js) is 100.0% of bundle - consider splitting or optimizing"
  ],
  "overallStatus": "pass"
}