{
  "timestamp": 1773397967889,
  "bundleSize": {
    "totalSize": 916,
    "gzippedSize": 423,
    "fileCount": 1,
    "largestFile": {
      "name": "index.js",
      "size": 916,
      "gzippedSize": 423
    },
    "breakdown": [
      {
        "name": "index.js",
        "size": 916,
        "gzippedSize": 423,
        "percentage": 100
      }
    ]
  },
  "webVitals": {
    "firstContentfulPaint": 1425.8084980468902,
    "timeToInteractive": 2041.7595635757677,
    "largestContentfulPaint": 2222.639002209712,
    "cumulativeLayoutShift": 0.03640301081321908,
    "firstInputDelay": 29.243117209099424,
    "timestamp": 1773397967889
  },
  "runtime": {
    "memoryUsage": {
      "rss": 62324736,
      "heapUsed": 12241312,
      "heapTotal": 19857408,
      "external": 1965633
    },
    "startupTime": 528.113209,
    "cpuUsage": 189.996,
    "timestamp": 1773397967889
  },
  "violations": [],
  "recommendations": [
    "Largest file (index.js) is 100.0% of bundle - consider splitting or optimizing"
  ],
  "overallStatus": "pass"
}