{
  "timestamp": 1773667762024,
  "bundleSize": {
    "totalSize": 916,
    "gzippedSize": 423,
    "fileCount": 1,
    "largestFile": {
      "name": "index.js",
      "size": 916,
      "gzippedSize": 423
    },
    "breakdown": [
      {
        "name": "index.js",
        "size": 916,
        "gzippedSize": 423,
        "percentage": 100
      }
    ]
  },
  "webVitals": {
    "firstContentfulPaint": 1415.7255076771326,
    "timeToInteractive": 2303.1454155875235,
    "largestContentfulPaint": 1617.5712136187549,
    "cumulativeLayoutShift": 0.08806084216263091,
    "firstInputDelay": 67.60237304052902,
    "timestamp": 1773667762024
  },
  "runtime": {
    "memoryUsage": {
      "rss": 62128128,
      "heapUsed": 12214496,
      "heapTotal": 19857408,
      "external": 1965384
    },
    "startupTime": 330.015167,
    "cpuUsage": 158.763,
    "timestamp": 1773667762024
  },
  "violations": [],
  "recommendations": [
    "Largest file (index.js) is 100.0% of bundle - consider splitting or optimizing"
  ],
  "overallStatus": "pass"
}