{
  "timestamp": 1773428748029,
  "bundleSize": {
    "totalSize": 916,
    "gzippedSize": 423,
    "fileCount": 1,
    "largestFile": {
      "name": "index.js",
      "size": 916,
      "gzippedSize": 423
    },
    "breakdown": [
      {
        "name": "index.js",
        "size": 916,
        "gzippedSize": 423,
        "percentage": 100
      }
    ]
  },
  "webVitals": {
    "firstContentfulPaint": 1236.1466619706252,
    "timeToInteractive": 2885.0650804225315,
    "largestContentfulPaint": 2301.2127876898276,
    "cumulativeLayoutShift": 0.0647886764982432,
    "firstInputDelay": 48.52236548109955,
    "timestamp": 1773428748028
  },
  "runtime": {
    "memoryUsage": {
      "rss": 61276160,
      "heapUsed": 12224824,
      "heapTotal": 19857408,
      "external": 1969708
    },
    "startupTime": 282.949458,
    "cpuUsage": 135.896,
    "timestamp": 1773428748029
  },
  "violations": [],
  "recommendations": [
    "Largest file (index.js) is 100.0% of bundle - consider splitting or optimizing"
  ],
  "overallStatus": "pass"
}