{
  "timestamp": 1773150284177,
  "bundleSize": {
    "totalSize": 916,
    "gzippedSize": 423,
    "fileCount": 1,
    "largestFile": {
      "name": "index.js",
      "size": 916,
      "gzippedSize": 423
    },
    "breakdown": [
      {
        "name": "index.js",
        "size": 916,
        "gzippedSize": 423,
        "percentage": 100
      }
    ]
  },
  "webVitals": {
    "firstContentfulPaint": 864.6345951112282,
    "timeToInteractive": 2197.6210472928306,
    "largestContentfulPaint": 1572.4524662928766,
    "cumulativeLayoutShift": 0.061010284344988785,
    "firstInputDelay": 52.246773362565676,
    "timestamp": 1773150284177
  },
  "runtime": {
    "memoryUsage": {
      "rss": 62849024,
      "heapUsed": 12243392,
      "heapTotal": 20119552,
      "external": 1980931
    },
    "startupTime": 210.801792,
    "cpuUsage": 135.365,
    "timestamp": 1773150284177
  },
  "violations": [],
  "recommendations": [
    "Largest file (index.js) is 100.0% of bundle - consider splitting or optimizing"
  ],
  "overallStatus": "pass"
}