{
  "timestamp": 1772738388302,
  "bundleSize": {
    "totalSize": 916,
    "gzippedSize": 423,
    "fileCount": 1,
    "largestFile": {
      "name": "index.js",
      "size": 916,
      "gzippedSize": 423
    },
    "breakdown": [
      {
        "name": "index.js",
        "size": 916,
        "gzippedSize": 423,
        "percentage": 100
      }
    ]
  },
  "webVitals": {
    "firstContentfulPaint": 816.5658682701428,
    "timeToInteractive": 2069.9664508979968,
    "largestContentfulPaint": 2390.362349368341,
    "cumulativeLayoutShift": 0.012591419142333705,
    "firstInputDelay": 41.737726852372305,
    "timestamp": 1772738388301
  },
  "runtime": {
    "memoryUsage": {
      "rss": 61800448,
      "heapUsed": 12162096,
      "heapTotal": 20119552,
      "external": 1965339
    },
    "startupTime": 195.982333,
    "cpuUsage": 129.611,
    "timestamp": 1772738388302
  },
  "violations": [],
  "recommendations": [
    "Largest file (index.js) is 100.0% of bundle - consider splitting or optimizing"
  ],
  "overallStatus": "pass"
}