{
  "timestamp": 1773340290770,
  "bundleSize": {
    "totalSize": 916,
    "gzippedSize": 423,
    "fileCount": 1,
    "largestFile": {
      "name": "index.js",
      "size": 916,
      "gzippedSize": 423
    },
    "breakdown": [
      {
        "name": "index.js",
        "size": 916,
        "gzippedSize": 423,
        "percentage": 100
      }
    ]
  },
  "webVitals": {
    "firstContentfulPaint": 1284.5781873947294,
    "timeToInteractive": 2460.9714332450553,
    "largestContentfulPaint": 2466.445090575767,
    "cumulativeLayoutShift": 0.010980734995585096,
    "firstInputDelay": 68.37771659309925,
    "timestamp": 1773340290770
  },
  "runtime": {
    "memoryUsage": {
      "rss": 61571072,
      "heapUsed": 12056648,
      "heapTotal": 20643840,
      "external": 1970916
    },
    "startupTime": 301.296084,
    "cpuUsage": 171.799,
    "timestamp": 1773340290770
  },
  "violations": [],
  "recommendations": [
    "Largest file (index.js) is 100.0% of bundle - consider splitting or optimizing"
  ],
  "overallStatus": "pass"
}