{
  "timestamp": 1773617885672,
  "bundleSize": {
    "totalSize": 916,
    "gzippedSize": 423,
    "fileCount": 1,
    "largestFile": {
      "name": "index.js",
      "size": 916,
      "gzippedSize": 423
    },
    "breakdown": [
      {
        "name": "index.js",
        "size": 916,
        "gzippedSize": 423,
        "percentage": 100
      }
    ]
  },
  "webVitals": {
    "firstContentfulPaint": 1367.2549977079893,
    "timeToInteractive": 2338.9998780695496,
    "largestContentfulPaint": 1636.1212542844357,
    "cumulativeLayoutShift": 0.012941100104511506,
    "firstInputDelay": 35.803521905622794,
    "timestamp": 1773617885672
  },
  "runtime": {
    "memoryUsage": {
      "rss": 62357504,
      "heapUsed": 11989672,
      "heapTotal": 20119552,
      "external": 1969921
    },
    "startupTime": 275.705958,
    "cpuUsage": 170.991,
    "timestamp": 1773617885672
  },
  "violations": [],
  "recommendations": [
    "Largest file (index.js) is 100.0% of bundle - consider splitting or optimizing"
  ],
  "overallStatus": "pass"
}