{
  "timestamp": 1772551405259,
  "bundleSize": {
    "totalSize": 916,
    "gzippedSize": 423,
    "fileCount": 1,
    "largestFile": {
      "name": "index.js",
      "size": 916,
      "gzippedSize": 423
    },
    "breakdown": [
      {
        "name": "index.js",
        "size": 916,
        "gzippedSize": 423,
        "percentage": 100
      }
    ]
  },
  "webVitals": {
    "firstContentfulPaint": 1484.240648832566,
    "timeToInteractive": 2691.3651940535033,
    "largestContentfulPaint": 1885.310739821749,
    "cumulativeLayoutShift": 0.06558616893517973,
    "firstInputDelay": 41.638550545501495,
    "timestamp": 1772551405259
  },
  "runtime": {
    "memoryUsage": {
      "rss": 62144512,
      "heapUsed": 11964152,
      "heapTotal": 19595264,
      "external": 1971956
    },
    "startupTime": 216.491959,
    "cpuUsage": 135.697,
    "timestamp": 1772551405259
  },
  "violations": [],
  "recommendations": [
    "Largest file (index.js) is 100.0% of bundle - consider splitting or optimizing"
  ],
  "overallStatus": "pass"
}