{
  "timestamp": 1773433401716,
  "bundleSize": {
    "totalSize": 916,
    "gzippedSize": 423,
    "fileCount": 1,
    "largestFile": {
      "name": "index.js",
      "size": 916,
      "gzippedSize": 423
    },
    "breakdown": [
      {
        "name": "index.js",
        "size": 916,
        "gzippedSize": 423,
        "percentage": 100
      }
    ]
  },
  "webVitals": {
    "firstContentfulPaint": 1016.0727502524219,
    "timeToInteractive": 2145.8386076236475,
    "largestContentfulPaint": 1756.9917251784098,
    "cumulativeLayoutShift": 0.01153594622900902,
    "firstInputDelay": 44.87066999998155,
    "timestamp": 1773433401716
  },
  "runtime": {
    "memoryUsage": {
      "rss": 62046208,
      "heapUsed": 12085576,
      "heapTotal": 19857408,
      "external": 1965384
    },
    "startupTime": 340.699833,
    "cpuUsage": 167.88,
    "timestamp": 1773433401716
  },
  "violations": [],
  "recommendations": [
    "Largest file (index.js) is 100.0% of bundle - consider splitting or optimizing"
  ],
  "overallStatus": "pass"
}