{
  "timestamp": 1773434746442,
  "bundleSize": {
    "totalSize": 916,
    "gzippedSize": 423,
    "fileCount": 1,
    "largestFile": {
      "name": "index.js",
      "size": 916,
      "gzippedSize": 423
    },
    "breakdown": [
      {
        "name": "index.js",
        "size": 916,
        "gzippedSize": 423,
        "percentage": 100
      }
    ]
  },
  "webVitals": {
    "firstContentfulPaint": 732.3363856005536,
    "timeToInteractive": 2334.5826279047515,
    "largestContentfulPaint": 2026.8910635707214,
    "cumulativeLayoutShift": 0.08943231444641597,
    "firstInputDelay": 65.16454032865221,
    "timestamp": 1773434746442
  },
  "runtime": {
    "memoryUsage": {
      "rss": 59588608,
      "heapUsed": 11991776,
      "heapTotal": 20119552,
      "external": 1964805
    },
    "startupTime": 921.422041,
    "cpuUsage": 188.929,
    "timestamp": 1773434746442
  },
  "violations": [],
  "recommendations": [
    "Largest file (index.js) is 100.0% of bundle - consider splitting or optimizing"
  ],
  "overallStatus": "pass"
}