{
  "timestamp": 1773341306751,
  "bundleSize": {
    "totalSize": 916,
    "gzippedSize": 423,
    "fileCount": 1,
    "largestFile": {
      "name": "index.js",
      "size": 916,
      "gzippedSize": 423
    },
    "breakdown": [
      {
        "name": "index.js",
        "size": 916,
        "gzippedSize": 423,
        "percentage": 100
      }
    ]
  },
  "webVitals": {
    "firstContentfulPaint": 1163.9969839934138,
    "timeToInteractive": 2678.4195585886196,
    "largestContentfulPaint": 2271.1373838919444,
    "cumulativeLayoutShift": 0.012251407508015589,
    "firstInputDelay": 46.940861139083665,
    "timestamp": 1773341306751
  },
  "runtime": {
    "memoryUsage": {
      "rss": 62029824,
      "heapUsed": 12216152,
      "heapTotal": 19857408,
      "external": 1965384
    },
    "startupTime": 404.326875,
    "cpuUsage": 146.206,
    "timestamp": 1773341306751
  },
  "violations": [],
  "recommendations": [
    "Largest file (index.js) is 100.0% of bundle - consider splitting or optimizing"
  ],
  "overallStatus": "pass"
}