{
  "timestamp": 1773495631568,
  "bundleSize": {
    "totalSize": 916,
    "gzippedSize": 423,
    "fileCount": 1,
    "largestFile": {
      "name": "index.js",
      "size": 916,
      "gzippedSize": 423
    },
    "breakdown": [
      {
        "name": "index.js",
        "size": 916,
        "gzippedSize": 423,
        "percentage": 100
      }
    ]
  },
  "webVitals": {
    "firstContentfulPaint": 537.1963988643979,
    "timeToInteractive": 2997.5530132330996,
    "largestContentfulPaint": 2108.524075655438,
    "cumulativeLayoutShift": 0.0023825870126381156,
    "firstInputDelay": 47.42993076855454,
    "timestamp": 1773495631568
  },
  "runtime": {
    "memoryUsage": {
      "rss": 61997056,
      "heapUsed": 12256088,
      "heapTotal": 20119552,
      "external": 1967957
    },
    "startupTime": 732.531583,
    "cpuUsage": 194.228,
    "timestamp": 1773495631568
  },
  "violations": [],
  "recommendations": [
    "Largest file (index.js) is 100.0% of bundle - consider splitting or optimizing"
  ],
  "overallStatus": "pass"
}