{
  "timestamp": 1772733041029,
  "bundleSize": {
    "totalSize": 916,
    "gzippedSize": 423,
    "fileCount": 1,
    "largestFile": {
      "name": "index.js",
      "size": 916,
      "gzippedSize": 423
    },
    "breakdown": [
      {
        "name": "index.js",
        "size": 916,
        "gzippedSize": 423,
        "percentage": 100
      }
    ]
  },
  "webVitals": {
    "firstContentfulPaint": 808.7586406983035,
    "timeToInteractive": 2450.6897193770615,
    "largestContentfulPaint": 2238.8049120065134,
    "cumulativeLayoutShift": 0.060207094191618654,
    "firstInputDelay": 29.786004114616716,
    "timestamp": 1772733041029
  },
  "runtime": {
    "memoryUsage": {
      "rss": 62390272,
      "heapUsed": 12195712,
      "heapTotal": 19857408,
      "external": 1971002
    },
    "startupTime": 341.300041,
    "cpuUsage": 183.631,
    "timestamp": 1772733041029
  },
  "violations": [],
  "recommendations": [
    "Largest file (index.js) is 100.0% of bundle - consider splitting or optimizing"
  ],
  "overallStatus": "pass"
}