{
  "timestamp": 1773607307667,
  "bundleSize": {
    "totalSize": 916,
    "gzippedSize": 423,
    "fileCount": 1,
    "largestFile": {
      "name": "index.js",
      "size": 916,
      "gzippedSize": 423
    },
    "breakdown": [
      {
        "name": "index.js",
        "size": 916,
        "gzippedSize": 423,
        "percentage": 100
      }
    ]
  },
  "webVitals": {
    "firstContentfulPaint": 783.7699879168684,
    "timeToInteractive": 2662.0238595697842,
    "largestContentfulPaint": 2446.0443175483915,
    "cumulativeLayoutShift": 0.01148491780992733,
    "firstInputDelay": 40.37924785994856,
    "timestamp": 1773607307667
  },
  "runtime": {
    "memoryUsage": {
      "rss": 62013440,
      "heapUsed": 11934920,
      "heapTotal": 20643840,
      "external": 1963827
    },
    "startupTime": 234.135125,
    "cpuUsage": 147.961,
    "timestamp": 1773607307667
  },
  "violations": [],
  "recommendations": [
    "Largest file (index.js) is 100.0% of bundle - consider splitting or optimizing"
  ],
  "overallStatus": "pass"
}