{
  "timestamp": 1772625543036,
  "bundleSize": {
    "totalSize": 916,
    "gzippedSize": 423,
    "fileCount": 1,
    "largestFile": {
      "name": "index.js",
      "size": 916,
      "gzippedSize": 423
    },
    "breakdown": [
      {
        "name": "index.js",
        "size": 916,
        "gzippedSize": 423,
        "percentage": 100
      }
    ]
  },
  "webVitals": {
    "firstContentfulPaint": 1223.8642030816252,
    "timeToInteractive": 2633.7120475609336,
    "largestContentfulPaint": 1896.965450515614,
    "cumulativeLayoutShift": 0.002576293894255466,
    "firstInputDelay": 64.93473461455949,
    "timestamp": 1772625543036
  },
  "runtime": {
    "memoryUsage": {
      "rss": 62324736,
      "heapUsed": 11967704,
      "heapTotal": 19857408,
      "external": 1971956
    },
    "startupTime": 224.766583,
    "cpuUsage": 132.003,
    "timestamp": 1772625543036
  },
  "violations": [],
  "recommendations": [
    "Largest file (index.js) is 100.0% of bundle - consider splitting or optimizing"
  ],
  "overallStatus": "pass"
}