{
  "timestamp": 1773344590029,
  "bundleSize": {
    "totalSize": 916,
    "gzippedSize": 423,
    "fileCount": 1,
    "largestFile": {
      "name": "index.js",
      "size": 916,
      "gzippedSize": 423
    },
    "breakdown": [
      {
        "name": "index.js",
        "size": 916,
        "gzippedSize": 423,
        "percentage": 100
      }
    ]
  },
  "webVitals": {
    "firstContentfulPaint": 610.0571467054261,
    "timeToInteractive": 2952.1358046665428,
    "largestContentfulPaint": 1804.4041582006555,
    "cumulativeLayoutShift": 0.03445821311405162,
    "firstInputDelay": 50.06214728442492,
    "timestamp": 1773344590029
  },
  "runtime": {
    "memoryUsage": {
      "rss": 61620224,
      "heapUsed": 12086240,
      "heapTotal": 20381696,
      "external": 1966198
    },
    "startupTime": 888.636292,
    "cpuUsage": 194.106,
    "timestamp": 1773344590029
  },
  "violations": [],
  "recommendations": [
    "Largest file (index.js) is 100.0% of bundle - consider splitting or optimizing"
  ],
  "overallStatus": "pass"
}