{
  "timestamp": 1773396550488,
  "bundleSize": {
    "totalSize": 916,
    "gzippedSize": 423,
    "fileCount": 1,
    "largestFile": {
      "name": "index.js",
      "size": 916,
      "gzippedSize": 423
    },
    "breakdown": [
      {
        "name": "index.js",
        "size": 916,
        "gzippedSize": 423,
        "percentage": 100
      }
    ]
  },
  "webVitals": {
    "firstContentfulPaint": 791.0991716761164,
    "timeToInteractive": 2269.900047234668,
    "largestContentfulPaint": 1818.992641581363,
    "cumulativeLayoutShift": 0.048972929198369534,
    "firstInputDelay": 37.447727175826685,
    "timestamp": 1773396550488
  },
  "runtime": {
    "memoryUsage": {
      "rss": 62128128,
      "heapUsed": 12095120,
      "heapTotal": 20381696,
      "external": 1968713
    },
    "startupTime": 611.578667,
    "cpuUsage": 172.577,
    "timestamp": 1773396550488
  },
  "violations": [],
  "recommendations": [
    "Largest file (index.js) is 100.0% of bundle - consider splitting or optimizing"
  ],
  "overallStatus": "pass"
}