{
  "timestamp": 1772058920856,
  "bundleSize": {
    "totalSize": 916,
    "gzippedSize": 423,
    "fileCount": 1,
    "largestFile": {
      "name": "index.js",
      "size": 916,
      "gzippedSize": 423
    },
    "breakdown": [
      {
        "name": "index.js",
        "size": 916,
        "gzippedSize": 423,
        "percentage": 100
      }
    ]
  },
  "webVitals": {
    "firstContentfulPaint": 1099.2701333147868,
    "timeToInteractive": 2680.0346380032183,
    "largestContentfulPaint": 1922.2104113854932,
    "cumulativeLayoutShift": 0.06886450701086755,
    "firstInputDelay": 51.861854406047655,
    "timestamp": 1772058920856
  },
  "runtime": {
    "memoryUsage": {
      "rss": 64389120,
      "heapUsed": 12235272,
      "heapTotal": 20119552,
      "external": 2016482
    },
    "startupTime": 214.902083,
    "cpuUsage": 148.791,
    "timestamp": 1772058920856
  },
  "violations": [],
  "recommendations": [
    "Largest file (index.js) is 100.0% of bundle - consider splitting or optimizing"
  ],
  "overallStatus": "pass"
}