{
  "timestamp": 1773157355445,
  "bundleSize": {
    "totalSize": 916,
    "gzippedSize": 423,
    "fileCount": 1,
    "largestFile": {
      "name": "index.js",
      "size": 916,
      "gzippedSize": 423
    },
    "breakdown": [
      {
        "name": "index.js",
        "size": 916,
        "gzippedSize": 423,
        "percentage": 100
      }
    ]
  },
  "webVitals": {
    "firstContentfulPaint": 847.2901568397566,
    "timeToInteractive": 2233.1951176835137,
    "largestContentfulPaint": 2227.569699031768,
    "cumulativeLayoutShift": 0.024322195064598342,
    "firstInputDelay": 65.06098083020302,
    "timestamp": 1773157355445
  },
  "runtime": {
    "memoryUsage": {
      "rss": 62521344,
      "heapUsed": 12235368,
      "heapTotal": 20381696,
      "external": 1973792
    },
    "startupTime": 403.423833,
    "cpuUsage": 195.511,
    "timestamp": 1773157355445
  },
  "violations": [],
  "recommendations": [
    "Largest file (index.js) is 100.0% of bundle - consider splitting or optimizing"
  ],
  "overallStatus": "pass"
}