{
  "timestamp": 1773671123385,
  "bundleSize": {
    "totalSize": 916,
    "gzippedSize": 423,
    "fileCount": 1,
    "largestFile": {
      "name": "index.js",
      "size": 916,
      "gzippedSize": 423
    },
    "breakdown": [
      {
        "name": "index.js",
        "size": 916,
        "gzippedSize": 423,
        "percentage": 100
      }
    ]
  },
  "webVitals": {
    "firstContentfulPaint": 1098.65288105389,
    "timeToInteractive": 2486.6134569987066,
    "largestContentfulPaint": 2498.842638328796,
    "cumulativeLayoutShift": 0.021749209906659007,
    "firstInputDelay": 26.929496274605512,
    "timestamp": 1773671123384
  },
  "runtime": {
    "memoryUsage": {
      "rss": 61538304,
      "heapUsed": 12083936,
      "heapTotal": 19595264,
      "external": 1965339
    },
    "startupTime": 200.578041,
    "cpuUsage": 133.029,
    "timestamp": 1773671123385
  },
  "violations": [],
  "recommendations": [
    "Largest file (index.js) is 100.0% of bundle - consider splitting or optimizing"
  ],
  "overallStatus": "pass"
}