{
  "timestamp": 1773435050451,
  "bundleSize": {
    "totalSize": 916,
    "gzippedSize": 423,
    "fileCount": 1,
    "largestFile": {
      "name": "index.js",
      "size": 916,
      "gzippedSize": 423
    },
    "breakdown": [
      {
        "name": "index.js",
        "size": 916,
        "gzippedSize": 423,
        "percentage": 100
      }
    ]
  },
  "webVitals": {
    "firstContentfulPaint": 702.4189211776381,
    "timeToInteractive": 2708.6678516174957,
    "largestContentfulPaint": 2341.399638916946,
    "cumulativeLayoutShift": 0.07851782165551091,
    "firstInputDelay": 42.898656561797736,
    "timestamp": 1773435050451
  },
  "runtime": {
    "memoryUsage": {
      "rss": 62341120,
      "heapUsed": 12233760,
      "heapTotal": 19857408,
      "external": 1965633
    },
    "startupTime": 562.686416,
    "cpuUsage": 187.742,
    "timestamp": 1773435050451
  },
  "violations": [],
  "recommendations": [
    "Largest file (index.js) is 100.0% of bundle - consider splitting or optimizing"
  ],
  "overallStatus": "pass"
}