{
  "timestamp": 1772714036559,
  "bundleSize": {
    "totalSize": 916,
    "gzippedSize": 423,
    "fileCount": 1,
    "largestFile": {
      "name": "index.js",
      "size": 916,
      "gzippedSize": 423
    },
    "breakdown": [
      {
        "name": "index.js",
        "size": 916,
        "gzippedSize": 423,
        "percentage": 100
      }
    ]
  },
  "webVitals": {
    "firstContentfulPaint": 1301.5687192044338,
    "timeToInteractive": 2385.6650524811685,
    "largestContentfulPaint": 1504.5928942315834,
    "cumulativeLayoutShift": 0.018018855076167763,
    "firstInputDelay": 63.59013865229727,
    "timestamp": 1772714036559
  },
  "runtime": {
    "memoryUsage": {
      "rss": 62275584,
      "heapUsed": 11977048,
      "heapTotal": 19857408,
      "external": 1970480
    },
    "startupTime": 273.444291,
    "cpuUsage": 155.534,
    "timestamp": 1772714036559
  },
  "violations": [],
  "recommendations": [
    "Largest file (index.js) is 100.0% of bundle - consider splitting or optimizing"
  ],
  "overallStatus": "pass"
}