{
  "timestamp": 1772713346046,
  "bundleSize": {
    "totalSize": 916,
    "gzippedSize": 423,
    "fileCount": 1,
    "largestFile": {
      "name": "index.js",
      "size": 916,
      "gzippedSize": 423
    },
    "breakdown": [
      {
        "name": "index.js",
        "size": 916,
        "gzippedSize": 423,
        "percentage": 100
      }
    ]
  },
  "webVitals": {
    "firstContentfulPaint": 1405.4195604576366,
    "timeToInteractive": 2598.2332656233907,
    "largestContentfulPaint": 2058.444755932343,
    "cumulativeLayoutShift": 0.07768814584797001,
    "firstInputDelay": 57.190012484328044,
    "timestamp": 1772713346046
  },
  "runtime": {
    "memoryUsage": {
      "rss": 62275584,
      "heapUsed": 11983120,
      "heapTotal": 19857408,
      "external": 1970468
    },
    "startupTime": 358.254167,
    "cpuUsage": 185.492,
    "timestamp": 1772713346046
  },
  "violations": [],
  "recommendations": [
    "Largest file (index.js) is 100.0% of bundle - consider splitting or optimizing"
  ],
  "overallStatus": "pass"
}