{
  "timestamp": 1773349531287,
  "bundleSize": {
    "totalSize": 916,
    "gzippedSize": 423,
    "fileCount": 1,
    "largestFile": {
      "name": "index.js",
      "size": 916,
      "gzippedSize": 423
    },
    "breakdown": [
      {
        "name": "index.js",
        "size": 916,
        "gzippedSize": 423,
        "percentage": 100
      }
    ]
  },
  "webVitals": {
    "firstContentfulPaint": 1326.6806957107942,
    "timeToInteractive": 2803.1934872857846,
    "largestContentfulPaint": 2257.791931072799,
    "cumulativeLayoutShift": 0.06811929984602615,
    "firstInputDelay": 38.96642420715227,
    "timestamp": 1773349531287
  },
  "runtime": {
    "memoryUsage": {
      "rss": 56918016,
      "heapUsed": 12058728,
      "heapTotal": 20381696,
      "external": 1966492
    },
    "startupTime": 3505.263292,
    "cpuUsage": 195.201,
    "timestamp": 1773349531287
  },
  "violations": [],
  "recommendations": [
    "Largest file (index.js) is 100.0% of bundle - consider splitting or optimizing"
  ],
  "overallStatus": "pass"
}