{
  "timestamp": 1772109729240,
  "bundleSize": {
    "totalSize": 916,
    "gzippedSize": 423,
    "fileCount": 1,
    "largestFile": {
      "name": "index.js",
      "size": 916,
      "gzippedSize": 423
    },
    "breakdown": [
      {
        "name": "index.js",
        "size": 916,
        "gzippedSize": 423,
        "percentage": 100
      }
    ]
  },
  "webVitals": {
    "firstContentfulPaint": 1272.2223377086443,
    "timeToInteractive": 2197.1226206349497,
    "largestContentfulPaint": 1954.4113468713213,
    "cumulativeLayoutShift": 0.06139618085066052,
    "firstInputDelay": 67.19161387279807,
    "timestamp": 1772109729240
  },
  "runtime": {
    "memoryUsage": {
      "rss": 64045056,
      "heapUsed": 12052824,
      "heapTotal": 19857408,
      "external": 2016482
    },
    "startupTime": 210.488625,
    "cpuUsage": 151.135,
    "timestamp": 1772109729240
  },
  "violations": [],
  "recommendations": [
    "Largest file (index.js) is 100.0% of bundle - consider splitting or optimizing"
  ],
  "overallStatus": "pass"
}