{
  "timestamp": 1772800118333,
  "bundleSize": {
    "totalSize": 916,
    "gzippedSize": 423,
    "fileCount": 1,
    "largestFile": {
      "name": "index.js",
      "size": 916,
      "gzippedSize": 423
    },
    "breakdown": [
      {
        "name": "index.js",
        "size": 916,
        "gzippedSize": 423,
        "percentage": 100
      }
    ]
  },
  "webVitals": {
    "firstContentfulPaint": 578.4436700885833,
    "timeToInteractive": 2255.0332922000434,
    "largestContentfulPaint": 2499.378656690751,
    "cumulativeLayoutShift": 0.034293479133581654,
    "firstInputDelay": 29.687075314263424,
    "timestamp": 1772800118333
  },
  "runtime": {
    "memoryUsage": {
      "rss": 62210048,
      "heapUsed": 12207880,
      "heapTotal": 19857408,
      "external": 1965339
    },
    "startupTime": 202.185834,
    "cpuUsage": 136.886,
    "timestamp": 1772800118333
  },
  "violations": [],
  "recommendations": [
    "Largest file (index.js) is 100.0% of bundle - consider splitting or optimizing"
  ],
  "overallStatus": "pass"
}