{
  "timestamp": 1773436928125,
  "bundleSize": {
    "totalSize": 916,
    "gzippedSize": 423,
    "fileCount": 1,
    "largestFile": {
      "name": "index.js",
      "size": 916,
      "gzippedSize": 423
    },
    "breakdown": [
      {
        "name": "index.js",
        "size": 916,
        "gzippedSize": 423,
        "percentage": 100
      }
    ]
  },
  "webVitals": {
    "firstContentfulPaint": 1459.3084497339062,
    "timeToInteractive": 2928.922859376533,
    "largestContentfulPaint": 2029.2674321929028,
    "cumulativeLayoutShift": 0.06443640391472764,
    "firstInputDelay": 54.992262879794474,
    "timestamp": 1773436928125
  },
  "runtime": {
    "memoryUsage": {
      "rss": 59801600,
      "heapUsed": 12235176,
      "heapTotal": 19595264,
      "external": 1966898
    },
    "startupTime": 1177.410334,
    "cpuUsage": 185.031,
    "timestamp": 1773436928125
  },
  "violations": [],
  "recommendations": [
    "Largest file (index.js) is 100.0% of bundle - consider splitting or optimizing"
  ],
  "overallStatus": "pass"
}