{
  "timestamp": 1773039079401,
  "bundleSize": {
    "totalSize": 916,
    "gzippedSize": 423,
    "fileCount": 1,
    "largestFile": {
      "name": "index.js",
      "size": 916,
      "gzippedSize": 423
    },
    "breakdown": [
      {
        "name": "index.js",
        "size": 916,
        "gzippedSize": 423,
        "percentage": 100
      }
    ]
  },
  "webVitals": {
    "firstContentfulPaint": 700.7249221124943,
    "timeToInteractive": 2783.7760350324997,
    "largestContentfulPaint": 1839.0555391015596,
    "cumulativeLayoutShift": 0.09152027186141609,
    "firstInputDelay": 58.44718273086609,
    "timestamp": 1773039079401
  },
  "runtime": {
    "memoryUsage": {
      "rss": 62504960,
      "heapUsed": 12231512,
      "heapTotal": 20119552,
      "external": 1965384
    },
    "startupTime": 332.192458,
    "cpuUsage": 167.614,
    "timestamp": 1773039079401
  },
  "violations": [],
  "recommendations": [
    "Largest file (index.js) is 100.0% of bundle - consider splitting or optimizing"
  ],
  "overallStatus": "pass"
}