{
  "timestamp": 1773432456314,
  "bundleSize": {
    "totalSize": 916,
    "gzippedSize": 423,
    "fileCount": 1,
    "largestFile": {
      "name": "index.js",
      "size": 916,
      "gzippedSize": 423
    },
    "breakdown": [
      {
        "name": "index.js",
        "size": 916,
        "gzippedSize": 423,
        "percentage": 100
      }
    ]
  },
  "webVitals": {
    "firstContentfulPaint": 737.8117982224479,
    "timeToInteractive": 2975.6874223925756,
    "largestContentfulPaint": 1759.9239361155173,
    "cumulativeLayoutShift": 0.05948991357043043,
    "firstInputDelay": 30.825339422347575,
    "timestamp": 1773432456314
  },
  "runtime": {
    "memoryUsage": {
      "rss": 61931520,
      "heapUsed": 12225240,
      "heapTotal": 19595264,
      "external": 1969708
    },
    "startupTime": 257.201875,
    "cpuUsage": 131.727,
    "timestamp": 1773432456314
  },
  "violations": [],
  "recommendations": [
    "Largest file (index.js) is 100.0% of bundle - consider splitting or optimizing"
  ],
  "overallStatus": "pass"
}