{
  "timestamp": 1773140773358,
  "bundleSize": {
    "totalSize": 916,
    "gzippedSize": 423,
    "fileCount": 1,
    "largestFile": {
      "name": "index.js",
      "size": 916,
      "gzippedSize": 423
    },
    "breakdown": [
      {
        "name": "index.js",
        "size": 916,
        "gzippedSize": 423,
        "percentage": 100
      }
    ]
  },
  "webVitals": {
    "firstContentfulPaint": 600.7362385660131,
    "timeToInteractive": 2414.516058028557,
    "largestContentfulPaint": 2020.1890067765485,
    "cumulativeLayoutShift": 0.037043880621885704,
    "firstInputDelay": 53.884203920961205,
    "timestamp": 1773140773357
  },
  "runtime": {
    "memoryUsage": {
      "rss": 62341120,
      "heapUsed": 12275064,
      "heapTotal": 19857408,
      "external": 1979455
    },
    "startupTime": 268.123916,
    "cpuUsage": 169.531,
    "timestamp": 1773140773358
  },
  "violations": [],
  "recommendations": [
    "Largest file (index.js) is 100.0% of bundle - consider splitting or optimizing"
  ],
  "overallStatus": "pass"
}