{
  "timestamp": 1772723564485,
  "bundleSize": {
    "totalSize": 916,
    "gzippedSize": 423,
    "fileCount": 1,
    "largestFile": {
      "name": "index.js",
      "size": 916,
      "gzippedSize": 423
    },
    "breakdown": [
      {
        "name": "index.js",
        "size": 916,
        "gzippedSize": 423,
        "percentage": 100
      }
    ]
  },
  "webVitals": {
    "firstContentfulPaint": 1387.5003596138063,
    "timeToInteractive": 2161.3941695808635,
    "largestContentfulPaint": 2279.7715887514796,
    "cumulativeLayoutShift": 0.032154434984726254,
    "firstInputDelay": 72.72343266739772,
    "timestamp": 1772723564485
  },
  "runtime": {
    "memoryUsage": {
      "rss": 62455808,
      "heapUsed": 12130040,
      "heapTotal": 20643840,
      "external": 1972478
    },
    "startupTime": 255.805209,
    "cpuUsage": 162.823,
    "timestamp": 1772723564485
  },
  "violations": [],
  "recommendations": [
    "Largest file (index.js) is 100.0% of bundle - consider splitting or optimizing"
  ],
  "overallStatus": "pass"
}