{
  "timestamp": 1773399995974,
  "bundleSize": {
    "totalSize": 916,
    "gzippedSize": 423,
    "fileCount": 1,
    "largestFile": {
      "name": "index.js",
      "size": 916,
      "gzippedSize": 423
    },
    "breakdown": [
      {
        "name": "index.js",
        "size": 916,
        "gzippedSize": 423,
        "percentage": 100
      }
    ]
  },
  "webVitals": {
    "firstContentfulPaint": 1495.4384101697483,
    "timeToInteractive": 2198.4296455706412,
    "largestContentfulPaint": 1526.1708353654883,
    "cumulativeLayoutShift": 0.02784332449417384,
    "firstInputDelay": 31.40924799125647,
    "timestamp": 1773399995970
  },
  "runtime": {
    "memoryUsage": {
      "rss": 59326464,
      "heapUsed": 11958656,
      "heapTotal": 20119552,
      "external": 1964344
    },
    "startupTime": 553.814791,
    "cpuUsage": 224.336,
    "timestamp": 1773399995974
  },
  "violations": [],
  "recommendations": [
    "Largest file (index.js) is 100.0% of bundle - consider splitting or optimizing"
  ],
  "overallStatus": "pass"
}