{
  "timestamp": 1773348582199,
  "bundleSize": {
    "totalSize": 916,
    "gzippedSize": 423,
    "fileCount": 1,
    "largestFile": {
      "name": "index.js",
      "size": 916,
      "gzippedSize": 423
    },
    "breakdown": [
      {
        "name": "index.js",
        "size": 916,
        "gzippedSize": 423,
        "percentage": 100
      }
    ]
  },
  "webVitals": {
    "firstContentfulPaint": 730.9328090764267,
    "timeToInteractive": 2658.0250944311565,
    "largestContentfulPaint": 1722.7372332149152,
    "cumulativeLayoutShift": 0.06130137377497624,
    "firstInputDelay": 27.603046054056357,
    "timestamp": 1773348582199
  },
  "runtime": {
    "memoryUsage": {
      "rss": 58949632,
      "heapUsed": 12099112,
      "heapTotal": 19857408,
      "external": 1971210
    },
    "startupTime": 2062.052083,
    "cpuUsage": 186.442,
    "timestamp": 1773348582199
  },
  "violations": [],
  "recommendations": [
    "Largest file (index.js) is 100.0% of bundle - consider splitting or optimizing"
  ],
  "overallStatus": "pass"
}