{
  "timestamp": 1773173574588,
  "bundleSize": {
    "totalSize": 916,
    "gzippedSize": 423,
    "fileCount": 1,
    "largestFile": {
      "name": "index.js",
      "size": 916,
      "gzippedSize": 423
    },
    "breakdown": [
      {
        "name": "index.js",
        "size": 916,
        "gzippedSize": 423,
        "percentage": 100
      }
    ]
  },
  "webVitals": {
    "firstContentfulPaint": 1255.7637321099187,
    "timeToInteractive": 2899.3510918522634,
    "largestContentfulPaint": 1588.595109428118,
    "cumulativeLayoutShift": 0.005262987725075519,
    "firstInputDelay": 47.78237006269658,
    "timestamp": 1773173574588
  },
  "runtime": {
    "memoryUsage": {
      "rss": 61833216,
      "heapUsed": 12082808,
      "heapTotal": 19857408,
      "external": 1968794
    },
    "startupTime": 484.605959,
    "cpuUsage": 182.456,
    "timestamp": 1773173574588
  },
  "violations": [],
  "recommendations": [
    "Largest file (index.js) is 100.0% of bundle - consider splitting or optimizing"
  ],
  "overallStatus": "pass"
}