{
  "timestamp": 1773348729353,
  "bundleSize": {
    "totalSize": 916,
    "gzippedSize": 423,
    "fileCount": 1,
    "largestFile": {
      "name": "index.js",
      "size": 916,
      "gzippedSize": 423
    },
    "breakdown": [
      {
        "name": "index.js",
        "size": 916,
        "gzippedSize": 423,
        "percentage": 100
      }
    ]
  },
  "webVitals": {
    "firstContentfulPaint": 1021.15711792613,
    "timeToInteractive": 2939.7784495866426,
    "largestContentfulPaint": 2181.1482103073604,
    "cumulativeLayoutShift": 0.015229391349159994,
    "firstInputDelay": 61.85357095855133,
    "timestamp": 1773348729353
  },
  "runtime": {
    "memoryUsage": {
      "rss": 62439424,
      "heapUsed": 12168552,
      "heapTotal": 20119552,
      "external": 1964805
    },
    "startupTime": 2838.917333,
    "cpuUsage": 191.313,
    "timestamp": 1773348729353
  },
  "violations": [],
  "recommendations": [
    "Largest file (index.js) is 100.0% of bundle - consider splitting or optimizing"
  ],
  "overallStatus": "pass"
}