{
  "timestamp": 1773662613068,
  "bundleSize": {
    "totalSize": 916,
    "gzippedSize": 423,
    "fileCount": 1,
    "largestFile": {
      "name": "index.js",
      "size": 916,
      "gzippedSize": 423
    },
    "breakdown": [
      {
        "name": "index.js",
        "size": 916,
        "gzippedSize": 423,
        "percentage": 100
      }
    ]
  },
  "webVitals": {
    "firstContentfulPaint": 1008.7343381760303,
    "timeToInteractive": 2641.604847727302,
    "largestContentfulPaint": 1750.917382596564,
    "cumulativeLayoutShift": 0.028425602374964144,
    "firstInputDelay": 62.334482182458316,
    "timestamp": 1773662613068
  },
  "runtime": {
    "memoryUsage": {
      "rss": 61751296,
      "heapUsed": 12002296,
      "heapTotal": 20381696,
      "external": 1968701
    },
    "startupTime": 324.227167,
    "cpuUsage": 178.33,
    "timestamp": 1773662613068
  },
  "violations": [],
  "recommendations": [
    "Largest file (index.js) is 100.0% of bundle - consider splitting or optimizing"
  ],
  "overallStatus": "pass"
}