{
  "timestamp": 1773312694971,
  "bundleSize": {
    "totalSize": 916,
    "gzippedSize": 423,
    "fileCount": 1,
    "largestFile": {
      "name": "index.js",
      "size": 916,
      "gzippedSize": 423
    },
    "breakdown": [
      {
        "name": "index.js",
        "size": 916,
        "gzippedSize": 423,
        "percentage": 100
      }
    ]
  },
  "webVitals": {
    "firstContentfulPaint": 1203.155225224376,
    "timeToInteractive": 2042.5481856516456,
    "largestContentfulPaint": 2023.5493441374483,
    "cumulativeLayoutShift": 0.0810596859530814,
    "firstInputDelay": 58.92294580510714,
    "timestamp": 1773312694970
  },
  "runtime": {
    "memoryUsage": {
      "rss": 50495488,
      "heapUsed": 11774936,
      "heapTotal": 14876672,
      "external": 1965574
    },
    "startupTime": 11205.453375,
    "cpuUsage": 261.336,
    "timestamp": 1773312694970
  },
  "violations": [],
  "recommendations": [
    "Largest file (index.js) is 100.0% of bundle - consider splitting or optimizing"
  ],
  "overallStatus": "pass"
}