{
  "timestamp": 1773435148657,
  "bundleSize": {
    "totalSize": 916,
    "gzippedSize": 423,
    "fileCount": 1,
    "largestFile": {
      "name": "index.js",
      "size": 916,
      "gzippedSize": 423
    },
    "breakdown": [
      {
        "name": "index.js",
        "size": 916,
        "gzippedSize": 423,
        "percentage": 100
      }
    ]
  },
  "webVitals": {
    "firstContentfulPaint": 1475.457514313257,
    "timeToInteractive": 2415.2661420355867,
    "largestContentfulPaint": 2137.350015214658,
    "cumulativeLayoutShift": 0.050691057359382244,
    "firstInputDelay": 46.193702854967434,
    "timestamp": 1773435148657
  },
  "runtime": {
    "memoryUsage": {
      "rss": 61603840,
      "heapUsed": 12097800,
      "heapTotal": 19857408,
      "external": 1969708
    },
    "startupTime": 356.020625,
    "cpuUsage": 156.68,
    "timestamp": 1773435148657
  },
  "violations": [],
  "recommendations": [
    "Largest file (index.js) is 100.0% of bundle - consider splitting or optimizing"
  ],
  "overallStatus": "pass"
}