{
  "timestamp": 1773660903097,
  "bundleSize": {
    "totalSize": 916,
    "gzippedSize": 423,
    "fileCount": 1,
    "largestFile": {
      "name": "index.js",
      "size": 916,
      "gzippedSize": 423
    },
    "breakdown": [
      {
        "name": "index.js",
        "size": 916,
        "gzippedSize": 423,
        "percentage": 100
      }
    ]
  },
  "webVitals": {
    "firstContentfulPaint": 1219.4675721489316,
    "timeToInteractive": 2080.368296892473,
    "largestContentfulPaint": 1546.705809222123,
    "cumulativeLayoutShift": 0.005479169624549885,
    "firstInputDelay": 62.86281207955685,
    "timestamp": 1773660903097
  },
  "runtime": {
    "memoryUsage": {
      "rss": 61947904,
      "heapUsed": 12248616,
      "heapTotal": 20119552,
      "external": 1969696
    },
    "startupTime": 407.376708,
    "cpuUsage": 201.759,
    "timestamp": 1773660903097
  },
  "violations": [],
  "recommendations": [
    "Largest file (index.js) is 100.0% of bundle - consider splitting or optimizing"
  ],
  "overallStatus": "pass"
}