{
  "timestamp": 1772542748750,
  "bundleSize": {
    "totalSize": 916,
    "gzippedSize": 423,
    "fileCount": 1,
    "largestFile": {
      "name": "index.js",
      "size": 916,
      "gzippedSize": 423
    },
    "breakdown": [
      {
        "name": "index.js",
        "size": 916,
        "gzippedSize": 423,
        "percentage": 100
      }
    ]
  },
  "webVitals": {
    "firstContentfulPaint": 1159.6511889027472,
    "timeToInteractive": 2529.0120597516816,
    "largestContentfulPaint": 2004.9657123988122,
    "cumulativeLayoutShift": 0.019884704802102693,
    "firstInputDelay": 48.90693299874992,
    "timestamp": 1772542748750
  },
  "runtime": {
    "memoryUsage": {
      "rss": 58703872,
      "heapUsed": 11970560,
      "heapTotal": 19857408,
      "external": 1965987
    },
    "startupTime": 525.591417,
    "cpuUsage": 189.923,
    "timestamp": 1772542748750
  },
  "violations": [],
  "recommendations": [
    "Largest file (index.js) is 100.0% of bundle - consider splitting or optimizing"
  ],
  "overallStatus": "pass"
}