{
  "timestamp": 1773349015248,
  "bundleSize": {
    "totalSize": 916,
    "gzippedSize": 423,
    "fileCount": 1,
    "largestFile": {
      "name": "index.js",
      "size": 916,
      "gzippedSize": 423
    },
    "breakdown": [
      {
        "name": "index.js",
        "size": 916,
        "gzippedSize": 423,
        "percentage": 100
      }
    ]
  },
  "webVitals": {
    "firstContentfulPaint": 789.2068227859877,
    "timeToInteractive": 2380.3813655875388,
    "largestContentfulPaint": 2315.830667683894,
    "cumulativeLayoutShift": 0.04948784852644668,
    "firstInputDelay": 43.74443259029896,
    "timestamp": 1773349015248
  },
  "runtime": {
    "memoryUsage": {
      "rss": 58916864,
      "heapUsed": 12024424,
      "heapTotal": 20119552,
      "external": 1966146
    },
    "startupTime": 5453.129208,
    "cpuUsage": 197.566,
    "timestamp": 1773349015248
  },
  "violations": [],
  "recommendations": [
    "Largest file (index.js) is 100.0% of bundle - consider splitting or optimizing"
  ],
  "overallStatus": "pass"
}