{
  "timestamp": 1772711626964,
  "bundleSize": {
    "totalSize": 916,
    "gzippedSize": 423,
    "fileCount": 1,
    "largestFile": {
      "name": "index.js",
      "size": 916,
      "gzippedSize": 423
    },
    "breakdown": [
      {
        "name": "index.js",
        "size": 916,
        "gzippedSize": 423,
        "percentage": 100
      }
    ]
  },
  "webVitals": {
    "firstContentfulPaint": 1330.7117103735932,
    "timeToInteractive": 2220.296210027693,
    "largestContentfulPaint": 1916.1566058509597,
    "cumulativeLayoutShift": 0.09180110235345872,
    "firstInputDelay": 44.95649281078872,
    "timestamp": 1772711626964
  },
  "runtime": {
    "memoryUsage": {
      "rss": 62390272,
      "heapUsed": 11974632,
      "heapTotal": 19857408,
      "external": 1966644
    },
    "startupTime": 585.614542,
    "cpuUsage": 198.189,
    "timestamp": 1772711626964
  },
  "violations": [],
  "recommendations": [
    "Largest file (index.js) is 100.0% of bundle - consider splitting or optimizing"
  ],
  "overallStatus": "pass"
}