{
  "timestamp": 1773669071962,
  "bundleSize": {
    "totalSize": 916,
    "gzippedSize": 423,
    "fileCount": 1,
    "largestFile": {
      "name": "index.js",
      "size": 916,
      "gzippedSize": 423
    },
    "breakdown": [
      {
        "name": "index.js",
        "size": 916,
        "gzippedSize": 423,
        "percentage": 100
      }
    ]
  },
  "webVitals": {
    "firstContentfulPaint": 1482.3191982587928,
    "timeToInteractive": 2229.8918020569163,
    "largestContentfulPaint": 2274.7531087408543,
    "cumulativeLayoutShift": 0.01600127163362275,
    "firstInputDelay": 39.7743025099891,
    "timestamp": 1773669071962
  },
  "runtime": {
    "memoryUsage": {
      "rss": 61882368,
      "heapUsed": 12101736,
      "heapTotal": 19857408,
      "external": 1965384
    },
    "startupTime": 352.677791,
    "cpuUsage": 167.935,
    "timestamp": 1773669071962
  },
  "violations": [],
  "recommendations": [
    "Largest file (index.js) is 100.0% of bundle - consider splitting or optimizing"
  ],
  "overallStatus": "pass"
}