{
  "timestamp": 1772562452462,
  "bundleSize": {
    "totalSize": 916,
    "gzippedSize": 423,
    "fileCount": 1,
    "largestFile": {
      "name": "index.js",
      "size": 916,
      "gzippedSize": 423
    },
    "breakdown": [
      {
        "name": "index.js",
        "size": 916,
        "gzippedSize": 423,
        "percentage": 100
      }
    ]
  },
  "webVitals": {
    "firstContentfulPaint": 1197.215338028837,
    "timeToInteractive": 2403.0937142416574,
    "largestContentfulPaint": 1726.8017213424043,
    "cumulativeLayoutShift": 0.05072693267345407,
    "firstInputDelay": 49.65507848905308,
    "timestamp": 1772562452462
  },
  "runtime": {
    "memoryUsage": {
      "rss": 62193664,
      "heapUsed": 12066424,
      "heapTotal": 20119552,
      "external": 1971956
    },
    "startupTime": 224.686666,
    "cpuUsage": 134.502,
    "timestamp": 1772562452462
  },
  "violations": [],
  "recommendations": [
    "Largest file (index.js) is 100.0% of bundle - consider splitting or optimizing"
  ],
  "overallStatus": "pass"
}