{
  "timestamp": 1772642298894,
  "bundleSize": {
    "totalSize": 916,
    "gzippedSize": 423,
    "fileCount": 1,
    "largestFile": {
      "name": "index.js",
      "size": 916,
      "gzippedSize": 423
    },
    "breakdown": [
      {
        "name": "index.js",
        "size": 916,
        "gzippedSize": 423,
        "percentage": 100
      }
    ]
  },
  "webVitals": {
    "firstContentfulPaint": 1094.4852359256456,
    "timeToInteractive": 2069.556473318951,
    "largestContentfulPaint": 1601.3214034745552,
    "cumulativeLayoutShift": 0.04980984249057394,
    "firstInputDelay": 62.193279529910704,
    "timestamp": 1772642298893
  },
  "runtime": {
    "memoryUsage": {
      "rss": 62373888,
      "heapUsed": 11952312,
      "heapTotal": 20119552,
      "external": 1970480
    },
    "startupTime": 271.281333,
    "cpuUsage": 156.823,
    "timestamp": 1772642298894
  },
  "violations": [],
  "recommendations": [
    "Largest file (index.js) is 100.0% of bundle - consider splitting or optimizing"
  ],
  "overallStatus": "pass"
}