{
  "timestamp": 1773613164715,
  "bundleSize": {
    "totalSize": 916,
    "gzippedSize": 423,
    "fileCount": 1,
    "largestFile": {
      "name": "index.js",
      "size": 916,
      "gzippedSize": 423
    },
    "breakdown": [
      {
        "name": "index.js",
        "size": 916,
        "gzippedSize": 423,
        "percentage": 100
      }
    ]
  },
  "webVitals": {
    "firstContentfulPaint": 1100.622527894173,
    "timeToInteractive": 2254.372997059304,
    "largestContentfulPaint": 2467.2589669121016,
    "cumulativeLayoutShift": 0.06426771225361887,
    "firstInputDelay": 51.839100440209904,
    "timestamp": 1773613164715
  },
  "runtime": {
    "memoryUsage": {
      "rss": 62308352,
      "heapUsed": 11998376,
      "heapTotal": 20381696,
      "external": 1969921
    },
    "startupTime": 285.287584,
    "cpuUsage": 164.373,
    "timestamp": 1773613164715
  },
  "violations": [],
  "recommendations": [
    "Largest file (index.js) is 100.0% of bundle - consider splitting or optimizing"
  ],
  "overallStatus": "pass"
}