{
  "timestamp": 1772794534584,
  "bundleSize": {
    "totalSize": 916,
    "gzippedSize": 423,
    "fileCount": 1,
    "largestFile": {
      "name": "index.js",
      "size": 916,
      "gzippedSize": 423
    },
    "breakdown": [
      {
        "name": "index.js",
        "size": 916,
        "gzippedSize": 423,
        "percentage": 100
      }
    ]
  },
  "webVitals": {
    "firstContentfulPaint": 816.8373390114889,
    "timeToInteractive": 2791.587015104724,
    "largestContentfulPaint": 2086.410121206613,
    "cumulativeLayoutShift": 0.026122757120895224,
    "firstInputDelay": 58.040323805085116,
    "timestamp": 1772794534584
  },
  "runtime": {
    "memoryUsage": {
      "rss": 62439424,
      "heapUsed": 12210848,
      "heapTotal": 19857408,
      "external": 1972478
    },
    "startupTime": 263.998416,
    "cpuUsage": 158.069,
    "timestamp": 1772794534584
  },
  "violations": [],
  "recommendations": [
    "Largest file (index.js) is 100.0% of bundle - consider splitting or optimizing"
  ],
  "overallStatus": "pass"
}