{
  "timestamp": 1772623958259,
  "bundleSize": {
    "totalSize": 916,
    "gzippedSize": 423,
    "fileCount": 1,
    "largestFile": {
      "name": "index.js",
      "size": 916,
      "gzippedSize": 423
    },
    "breakdown": [
      {
        "name": "index.js",
        "size": 916,
        "gzippedSize": 423,
        "percentage": 100
      }
    ]
  },
  "webVitals": {
    "firstContentfulPaint": 1437.1390496868617,
    "timeToInteractive": 2727.7963642950144,
    "largestContentfulPaint": 2226.115708768413,
    "cumulativeLayoutShift": 0.04572290860930017,
    "firstInputDelay": 64.89096881885436,
    "timestamp": 1772623958259
  },
  "runtime": {
    "memoryUsage": {
      "rss": 62210048,
      "heapUsed": 11942368,
      "heapTotal": 19857408,
      "external": 1964817
    },
    "startupTime": 204.153166,
    "cpuUsage": 133.825,
    "timestamp": 1772623958259
  },
  "violations": [],
  "recommendations": [
    "Largest file (index.js) is 100.0% of bundle - consider splitting or optimizing"
  ],
  "overallStatus": "pass"
}