{
  "timestamp": 1773420338706,
  "bundleSize": {
    "totalSize": 916,
    "gzippedSize": 423,
    "fileCount": 1,
    "largestFile": {
      "name": "index.js",
      "size": 916,
      "gzippedSize": 423
    },
    "breakdown": [
      {
        "name": "index.js",
        "size": 916,
        "gzippedSize": 423,
        "percentage": 100
      }
    ]
  },
  "webVitals": {
    "firstContentfulPaint": 1056.2489632407687,
    "timeToInteractive": 2973.3908454318293,
    "largestContentfulPaint": 2474.649553879518,
    "cumulativeLayoutShift": 0.021974357839633196,
    "firstInputDelay": 47.96252074472169,
    "timestamp": 1773420338706
  },
  "runtime": {
    "memoryUsage": {
      "rss": 62029824,
      "heapUsed": 12098888,
      "heapTotal": 19595264,
      "external": 1969708
    },
    "startupTime": 297.899833,
    "cpuUsage": 159.302,
    "timestamp": 1773420338706
  },
  "violations": [],
  "recommendations": [
    "Largest file (index.js) is 100.0% of bundle - consider splitting or optimizing"
  ],
  "overallStatus": "pass"
}