{
  "timestamp": 1773495071015,
  "bundleSize": {
    "totalSize": 916,
    "gzippedSize": 423,
    "fileCount": 1,
    "largestFile": {
      "name": "index.js",
      "size": 916,
      "gzippedSize": 423
    },
    "breakdown": [
      {
        "name": "index.js",
        "size": 916,
        "gzippedSize": 423,
        "percentage": 100
      }
    ]
  },
  "webVitals": {
    "firstContentfulPaint": 1272.8970492388285,
    "timeToInteractive": 2580.7510375495963,
    "largestContentfulPaint": 2437.8840325297615,
    "cumulativeLayoutShift": 0.007933147903607418,
    "firstInputDelay": 25.764917762432393,
    "timestamp": 1773495071015
  },
  "runtime": {
    "memoryUsage": {
      "rss": 52494336,
      "heapUsed": 12002784,
      "heapTotal": 20643840,
      "external": 1964686
    },
    "startupTime": 804.429542,
    "cpuUsage": 195.802,
    "timestamp": 1773495071015
  },
  "violations": [],
  "recommendations": [
    "Largest file (index.js) is 100.0% of bundle - consider splitting or optimizing"
  ],
  "overallStatus": "pass"
}