{
  "timestamp": 1772110519731,
  "bundleSize": {
    "totalSize": 916,
    "gzippedSize": 423,
    "fileCount": 1,
    "largestFile": {
      "name": "index.js",
      "size": 916,
      "gzippedSize": 423
    },
    "breakdown": [
      {
        "name": "index.js",
        "size": 916,
        "gzippedSize": 423,
        "percentage": 100
      }
    ]
  },
  "webVitals": {
    "firstContentfulPaint": 991.8712657409383,
    "timeToInteractive": 2041.6825859716892,
    "largestContentfulPaint": 2321.972568902166,
    "cumulativeLayoutShift": 0.028417833127345984,
    "firstInputDelay": 74.80902312879672,
    "timestamp": 1772110519731
  },
  "runtime": {
    "memoryUsage": {
      "rss": 62554112,
      "heapUsed": 11984424,
      "heapTotal": 20381696,
      "external": 1964817
    },
    "startupTime": 388.422917,
    "cpuUsage": 167.891,
    "timestamp": 1772110519731
  },
  "violations": [],
  "recommendations": [
    "Largest file (index.js) is 100.0% of bundle - consider splitting or optimizing"
  ],
  "overallStatus": "pass"
}