{
  "timestamp": 1773620152116,
  "bundleSize": {
    "totalSize": 916,
    "gzippedSize": 423,
    "fileCount": 1,
    "largestFile": {
      "name": "index.js",
      "size": 916,
      "gzippedSize": 423
    },
    "breakdown": [
      {
        "name": "index.js",
        "size": 916,
        "gzippedSize": 423,
        "percentage": 100
      }
    ]
  },
  "webVitals": {
    "firstContentfulPaint": 1216.6053982408039,
    "timeToInteractive": 2525.713050528556,
    "largestContentfulPaint": 2125.8736047909224,
    "cumulativeLayoutShift": 0.0008203373018178307,
    "firstInputDelay": 70.49943382931221,
    "timestamp": 1773620152116
  },
  "runtime": {
    "memoryUsage": {
      "rss": 59162624,
      "heapUsed": 11970440,
      "heapTotal": 20643840,
      "external": 1964805
    },
    "startupTime": 1396.941125,
    "cpuUsage": 190.606,
    "timestamp": 1773620152116
  },
  "violations": [],
  "recommendations": [
    "Largest file (index.js) is 100.0% of bundle - consider splitting or optimizing"
  ],
  "overallStatus": "pass"
}