{
  "timestamp": 1773003276960,
  "bundleSize": {
    "totalSize": 916,
    "gzippedSize": 423,
    "fileCount": 1,
    "largestFile": {
      "name": "index.js",
      "size": 916,
      "gzippedSize": 423
    },
    "breakdown": [
      {
        "name": "index.js",
        "size": 916,
        "gzippedSize": 423,
        "percentage": 100
      }
    ]
  },
  "webVitals": {
    "firstContentfulPaint": 1140.1720742581902,
    "timeToInteractive": 2690.1682372558253,
    "largestContentfulPaint": 2078.1835837816866,
    "cumulativeLayoutShift": 0.05849177063973106,
    "firstInputDelay": 29.938018903215145,
    "timestamp": 1773003276960
  },
  "runtime": {
    "memoryUsage": {
      "rss": 62930944,
      "heapUsed": 12444128,
      "heapTotal": 20119552,
      "external": 1972478
    },
    "startupTime": 204.244208,
    "cpuUsage": 137.666,
    "timestamp": 1773003276960
  },
  "violations": [],
  "recommendations": [
    "Largest file (index.js) is 100.0% of bundle - consider splitting or optimizing"
  ],
  "overallStatus": "pass"
}