{
  "timestamp": 1773605220445,
  "bundleSize": {
    "totalSize": 916,
    "gzippedSize": 423,
    "fileCount": 1,
    "largestFile": {
      "name": "index.js",
      "size": 916,
      "gzippedSize": 423
    },
    "breakdown": [
      {
        "name": "index.js",
        "size": 916,
        "gzippedSize": 423,
        "percentage": 100
      }
    ]
  },
  "webVitals": {
    "firstContentfulPaint": 774.8720504443909,
    "timeToInteractive": 2172.3350794575695,
    "largestContentfulPaint": 2000.7395522576355,
    "cumulativeLayoutShift": 0.026452646661924706,
    "firstInputDelay": 46.64593146552196,
    "timestamp": 1773605220445
  },
  "runtime": {
    "memoryUsage": {
      "rss": 61980672,
      "heapUsed": 12074624,
      "heapTotal": 20381696,
      "external": 1969708
    },
    "startupTime": 268.534333,
    "cpuUsage": 158.229,
    "timestamp": 1773605220445
  },
  "violations": [],
  "recommendations": [
    "Largest file (index.js) is 100.0% of bundle - consider splitting or optimizing"
  ],
  "overallStatus": "pass"
}