{
  "timestamp": 1773429845573,
  "bundleSize": {
    "totalSize": 916,
    "gzippedSize": 423,
    "fileCount": 1,
    "largestFile": {
      "name": "index.js",
      "size": 916,
      "gzippedSize": 423
    },
    "breakdown": [
      {
        "name": "index.js",
        "size": 916,
        "gzippedSize": 423,
        "percentage": 100
      }
    ]
  },
  "webVitals": {
    "firstContentfulPaint": 589.565290052003,
    "timeToInteractive": 2581.9874087119206,
    "largestContentfulPaint": 1906.1870851594317,
    "cumulativeLayoutShift": 0.09221782393701194,
    "firstInputDelay": 58.688665357846915,
    "timestamp": 1773429845573
  },
  "runtime": {
    "memoryUsage": {
      "rss": 61390848,
      "heapUsed": 12261152,
      "heapTotal": 19857408,
      "external": 1967988
    },
    "startupTime": 1835.889416,
    "cpuUsage": 357.457,
    "timestamp": 1773429845573
  },
  "violations": [],
  "recommendations": [
    "Largest file (index.js) is 100.0% of bundle - consider splitting or optimizing"
  ],
  "overallStatus": "pass"
}