{
  "timestamp": 1773605659719,
  "bundleSize": {
    "totalSize": 916,
    "gzippedSize": 423,
    "fileCount": 1,
    "largestFile": {
      "name": "index.js",
      "size": 916,
      "gzippedSize": 423
    },
    "breakdown": [
      {
        "name": "index.js",
        "size": 916,
        "gzippedSize": 423,
        "percentage": 100
      }
    ]
  },
  "webVitals": {
    "firstContentfulPaint": 969.8948343498832,
    "timeToInteractive": 2281.6992677591643,
    "largestContentfulPaint": 1608.6411809273586,
    "cumulativeLayoutShift": 0.04825203736677064,
    "firstInputDelay": 59.41500553142433,
    "timestamp": 1773605659719
  },
  "runtime": {
    "memoryUsage": {
      "rss": 62046208,
      "heapUsed": 12097584,
      "heapTotal": 20381696,
      "external": 1969708
    },
    "startupTime": 362.735875,
    "cpuUsage": 184.381,
    "timestamp": 1773605659719
  },
  "violations": [],
  "recommendations": [
    "Largest file (index.js) is 100.0% of bundle - consider splitting or optimizing"
  ],
  "overallStatus": "pass"
}