{
  "timestamp": 1773348870043,
  "bundleSize": {
    "totalSize": 916,
    "gzippedSize": 423,
    "fileCount": 1,
    "largestFile": {
      "name": "index.js",
      "size": 916,
      "gzippedSize": 423
    },
    "breakdown": [
      {
        "name": "index.js",
        "size": 916,
        "gzippedSize": 423,
        "percentage": 100
      }
    ]
  },
  "webVitals": {
    "firstContentfulPaint": 1476.6057443086916,
    "timeToInteractive": 2562.96074230533,
    "largestContentfulPaint": 1642.0739397060604,
    "cumulativeLayoutShift": 0.056276893441148015,
    "firstInputDelay": 47.65115845278961,
    "timestamp": 1773348870043
  },
  "runtime": {
    "memoryUsage": {
      "rss": 59998208,
      "heapUsed": 12332632,
      "heapTotal": 19857408,
      "external": 1966974
    },
    "startupTime": 5166.066375,
    "cpuUsage": 192.178,
    "timestamp": 1773348870043
  },
  "violations": [],
  "recommendations": [
    "Largest file (index.js) is 100.0% of bundle - consider splitting or optimizing"
  ],
  "overallStatus": "pass"
}