{
  "timestamp": 1773658801436,
  "bundleSize": {
    "totalSize": 916,
    "gzippedSize": 423,
    "fileCount": 1,
    "largestFile": {
      "name": "index.js",
      "size": 916,
      "gzippedSize": 423
    },
    "breakdown": [
      {
        "name": "index.js",
        "size": 916,
        "gzippedSize": 423,
        "percentage": 100
      }
    ]
  },
  "webVitals": {
    "firstContentfulPaint": 1429.5450915459683,
    "timeToInteractive": 2581.364221790529,
    "largestContentfulPaint": 2457.7353385738634,
    "cumulativeLayoutShift": 0.01923508115464234,
    "firstInputDelay": 31.519662715693087,
    "timestamp": 1773658801436
  },
  "runtime": {
    "memoryUsage": {
      "rss": 60964864,
      "heapUsed": 12229776,
      "heapTotal": 19857408,
      "external": 1969945
    },
    "startupTime": 762.660083,
    "cpuUsage": 190.015,
    "timestamp": 1773658801436
  },
  "violations": [],
  "recommendations": [
    "Largest file (index.js) is 100.0% of bundle - consider splitting or optimizing"
  ],
  "overallStatus": "pass"
}