{
  "timestamp": 1773349476874,
  "bundleSize": {
    "totalSize": 916,
    "gzippedSize": 423,
    "fileCount": 1,
    "largestFile": {
      "name": "index.js",
      "size": 916,
      "gzippedSize": 423
    },
    "breakdown": [
      {
        "name": "index.js",
        "size": 916,
        "gzippedSize": 423,
        "percentage": 100
      }
    ]
  },
  "webVitals": {
    "firstContentfulPaint": 525.1496744122281,
    "timeToInteractive": 2868.4267380539973,
    "largestContentfulPaint": 1607.5118122926046,
    "cumulativeLayoutShift": 0.015016225858617394,
    "firstInputDelay": 47.070922259103355,
    "timestamp": 1773349476867
  },
  "runtime": {
    "memoryUsage": {
      "rss": 56770560,
      "heapUsed": 12259288,
      "heapTotal": 19857408,
      "external": 1966974
    },
    "startupTime": 4705.207542,
    "cpuUsage": 209.433,
    "timestamp": 1773349476874
  },
  "violations": [],
  "recommendations": [
    "Largest file (index.js) is 100.0% of bundle - consider splitting or optimizing"
  ],
  "overallStatus": "pass"
}