{
  "timestamp": 1773263385669,
  "bundleSize": {
    "totalSize": 916,
    "gzippedSize": 423,
    "fileCount": 1,
    "largestFile": {
      "name": "index.js",
      "size": 916,
      "gzippedSize": 423
    },
    "breakdown": [
      {
        "name": "index.js",
        "size": 916,
        "gzippedSize": 423,
        "percentage": 100
      }
    ]
  },
  "webVitals": {
    "firstContentfulPaint": 1302.092043719853,
    "timeToInteractive": 2118.523890048825,
    "largestContentfulPaint": 1743.9928036328906,
    "cumulativeLayoutShift": 0.027976077365016574,
    "firstInputDelay": 69.59790358662616,
    "timestamp": 1773263385669
  },
  "runtime": {
    "memoryUsage": {
      "rss": 62439424,
      "heapUsed": 12177152,
      "heapTotal": 20119552,
      "external": 1970916
    },
    "startupTime": 233.042084,
    "cpuUsage": 145.063,
    "timestamp": 1773263385669
  },
  "violations": [],
  "recommendations": [
    "Largest file (index.js) is 100.0% of bundle - consider splitting or optimizing"
  ],
  "overallStatus": "pass"
}