{
  "timestamp": 1772489197326,
  "bundleSize": {
    "totalSize": 916,
    "gzippedSize": 423,
    "fileCount": 1,
    "largestFile": {
      "name": "index.js",
      "size": 916,
      "gzippedSize": 423
    },
    "breakdown": [
      {
        "name": "index.js",
        "size": 916,
        "gzippedSize": 423,
        "percentage": 100
      }
    ]
  },
  "webVitals": {
    "firstContentfulPaint": 1229.5046462277114,
    "timeToInteractive": 2653.3409480195637,
    "largestContentfulPaint": 2021.4481857213427,
    "cumulativeLayoutShift": 0.05503266277943497,
    "firstInputDelay": 36.22077817388916,
    "timestamp": 1772489197326
  },
  "runtime": {
    "memoryUsage": {
      "rss": 62849024,
      "heapUsed": 11971768,
      "heapTotal": 19857408,
      "external": 1970480
    },
    "startupTime": 477.947292,
    "cpuUsage": 180.919,
    "timestamp": 1772489197326
  },
  "violations": [],
  "recommendations": [
    "Largest file (index.js) is 100.0% of bundle - consider splitting or optimizing"
  ],
  "overallStatus": "pass"
}