{
  "timestamp": 1773278452955,
  "bundleSize": {
    "totalSize": 916,
    "gzippedSize": 423,
    "fileCount": 1,
    "largestFile": {
      "name": "index.js",
      "size": 916,
      "gzippedSize": 423
    },
    "breakdown": [
      {
        "name": "index.js",
        "size": 916,
        "gzippedSize": 423,
        "percentage": 100
      }
    ]
  },
  "webVitals": {
    "firstContentfulPaint": 762.8086981142266,
    "timeToInteractive": 2739.9992405624803,
    "largestContentfulPaint": 1789.4210032688243,
    "cumulativeLayoutShift": 0.01606203604921255,
    "firstInputDelay": 46.004861791366835,
    "timestamp": 1773278452955
  },
  "runtime": {
    "memoryUsage": {
      "rss": 62111744,
      "heapUsed": 12081088,
      "heapTotal": 19857408,
      "external": 1970590
    },
    "startupTime": 222.684833,
    "cpuUsage": 140.522,
    "timestamp": 1773278452955
  },
  "violations": [],
  "recommendations": [
    "Largest file (index.js) is 100.0% of bundle - consider splitting or optimizing"
  ],
  "overallStatus": "pass"
}