{
  "timestamp": 1772641703401,
  "bundleSize": {
    "totalSize": 916,
    "gzippedSize": 423,
    "fileCount": 1,
    "largestFile": {
      "name": "index.js",
      "size": 916,
      "gzippedSize": 423
    },
    "breakdown": [
      {
        "name": "index.js",
        "size": 916,
        "gzippedSize": 423,
        "percentage": 100
      }
    ]
  },
  "webVitals": {
    "firstContentfulPaint": 1009.0171459683239,
    "timeToInteractive": 2266.405580402219,
    "largestContentfulPaint": 1503.9592540493345,
    "cumulativeLayoutShift": 0.026705889742700585,
    "firstInputDelay": 69.01424909055737,
    "timestamp": 1772641703401
  },
  "runtime": {
    "memoryUsage": {
      "rss": 62193664,
      "heapUsed": 11965816,
      "heapTotal": 19857408,
      "external": 1971956
    },
    "startupTime": 258.072708,
    "cpuUsage": 162.027,
    "timestamp": 1772641703401
  },
  "violations": [],
  "recommendations": [
    "Largest file (index.js) is 100.0% of bundle - consider splitting or optimizing"
  ],
  "overallStatus": "pass"
}