{
  "timestamp": 1773429377751,
  "bundleSize": {
    "totalSize": 916,
    "gzippedSize": 423,
    "fileCount": 1,
    "largestFile": {
      "name": "index.js",
      "size": 916,
      "gzippedSize": 423
    },
    "breakdown": [
      {
        "name": "index.js",
        "size": 916,
        "gzippedSize": 423,
        "percentage": 100
      }
    ]
  },
  "webVitals": {
    "firstContentfulPaint": 649.2742763320314,
    "timeToInteractive": 2182.4775022201375,
    "largestContentfulPaint": 2209.9501513055857,
    "cumulativeLayoutShift": 0.013131421966267999,
    "firstInputDelay": 60.07147523798023,
    "timestamp": 1773429377750
  },
  "runtime": {
    "memoryUsage": {
      "rss": 61882368,
      "heapUsed": 12101520,
      "heapTotal": 19857408,
      "external": 1969696
    },
    "startupTime": 260.78575,
    "cpuUsage": 136.215,
    "timestamp": 1773429377750
  },
  "violations": [],
  "recommendations": [
    "Largest file (index.js) is 100.0% of bundle - consider splitting or optimizing"
  ],
  "overallStatus": "pass"
}