{
  "timestamp": 1772730124270,
  "bundleSize": {
    "totalSize": 916,
    "gzippedSize": 423,
    "fileCount": 1,
    "largestFile": {
      "name": "index.js",
      "size": 916,
      "gzippedSize": 423
    },
    "breakdown": [
      {
        "name": "index.js",
        "size": 916,
        "gzippedSize": 423,
        "percentage": 100
      }
    ]
  },
  "webVitals": {
    "firstContentfulPaint": 1397.9886574729699,
    "timeToInteractive": 2616.6392529486775,
    "largestContentfulPaint": 2019.4595083440036,
    "cumulativeLayoutShift": 0.06662123653109496,
    "firstInputDelay": 60.95657698885994,
    "timestamp": 1772730124270
  },
  "runtime": {
    "memoryUsage": {
      "rss": 62062592,
      "heapUsed": 12192344,
      "heapTotal": 20119552,
      "external": 1971002
    },
    "startupTime": 281.555209,
    "cpuUsage": 155.956,
    "timestamp": 1772730124270
  },
  "violations": [],
  "recommendations": [
    "Largest file (index.js) is 100.0% of bundle - consider splitting or optimizing"
  ],
  "overallStatus": "pass"
}