{
  "timestamp": 1773425528286,
  "bundleSize": {
    "totalSize": 916,
    "gzippedSize": 423,
    "fileCount": 1,
    "largestFile": {
      "name": "index.js",
      "size": 916,
      "gzippedSize": 423
    },
    "breakdown": [
      {
        "name": "index.js",
        "size": 916,
        "gzippedSize": 423,
        "percentage": 100
      }
    ]
  },
  "webVitals": {
    "firstContentfulPaint": 567.7467847887867,
    "timeToInteractive": 2444.643189645782,
    "largestContentfulPaint": 2076.290694171055,
    "cumulativeLayoutShift": 0.047426209692764704,
    "firstInputDelay": 52.162500517164105,
    "timestamp": 1773425528286
  },
  "runtime": {
    "memoryUsage": {
      "rss": 62341120,
      "heapUsed": 12098664,
      "heapTotal": 19595264,
      "external": 1970916
    },
    "startupTime": 251.790209,
    "cpuUsage": 145.741,
    "timestamp": 1773425528286
  },
  "violations": [],
  "recommendations": [
    "Largest file (index.js) is 100.0% of bundle - consider splitting or optimizing"
  ],
  "overallStatus": "pass"
}