{
  "timestamp": 1772985737601,
  "bundleSize": {
    "totalSize": 916,
    "gzippedSize": 423,
    "fileCount": 1,
    "largestFile": {
      "name": "index.js",
      "size": 916,
      "gzippedSize": 423
    },
    "breakdown": [
      {
        "name": "index.js",
        "size": 916,
        "gzippedSize": 423,
        "percentage": 100
      }
    ]
  },
  "webVitals": {
    "firstContentfulPaint": 555.4903306306576,
    "timeToInteractive": 2424.0371619741063,
    "largestContentfulPaint": 1741.8527629202526,
    "cumulativeLayoutShift": 0.07413822069792475,
    "firstInputDelay": 43.11801709434806,
    "timestamp": 1772985737601
  },
  "runtime": {
    "memoryUsage": {
      "rss": 62423040,
      "heapUsed": 12209624,
      "heapTotal": 20119552,
      "external": 1970990
    },
    "startupTime": 326.139917,
    "cpuUsage": 165.439,
    "timestamp": 1772985737601
  },
  "violations": [],
  "recommendations": [
    "Largest file (index.js) is 100.0% of bundle - consider splitting or optimizing"
  ],
  "overallStatus": "pass"
}