{
  "timestamp": 1773585980610,
  "bundleSize": {
    "totalSize": 916,
    "gzippedSize": 423,
    "fileCount": 1,
    "largestFile": {
      "name": "index.js",
      "size": 916,
      "gzippedSize": 423
    },
    "breakdown": [
      {
        "name": "index.js",
        "size": 916,
        "gzippedSize": 423,
        "percentage": 100
      }
    ]
  },
  "webVitals": {
    "firstContentfulPaint": 1408.1909612157226,
    "timeToInteractive": 2558.316538729056,
    "largestContentfulPaint": 2460.0215380968843,
    "cumulativeLayoutShift": 0.07009751804986823,
    "firstInputDelay": 62.095993649445155,
    "timestamp": 1773585980610
  },
  "runtime": {
    "memoryUsage": {
      "rss": 62210048,
      "heapUsed": 12099688,
      "heapTotal": 19595264,
      "external": 1969708
    },
    "startupTime": 286.492708,
    "cpuUsage": 160.608,
    "timestamp": 1773585980610
  },
  "violations": [],
  "recommendations": [
    "Largest file (index.js) is 100.0% of bundle - consider splitting or optimizing"
  ],
  "overallStatus": "pass"
}