{
  "timestamp": 1773435839807,
  "bundleSize": {
    "totalSize": 916,
    "gzippedSize": 423,
    "fileCount": 1,
    "largestFile": {
      "name": "index.js",
      "size": 916,
      "gzippedSize": 423
    },
    "breakdown": [
      {
        "name": "index.js",
        "size": 916,
        "gzippedSize": 423,
        "percentage": 100
      }
    ]
  },
  "webVitals": {
    "firstContentfulPaint": 1100.0013832173977,
    "timeToInteractive": 2604.8661724414324,
    "largestContentfulPaint": 1770.328589602021,
    "cumulativeLayoutShift": 0.06526976448061919,
    "firstInputDelay": 30.554085930347952,
    "timestamp": 1773435839807
  },
  "runtime": {
    "memoryUsage": {
      "rss": 62046208,
      "heapUsed": 12057656,
      "heapTotal": 20119552,
      "external": 1969708
    },
    "startupTime": 291.245666,
    "cpuUsage": 169.39,
    "timestamp": 1773435839807
  },
  "violations": [],
  "recommendations": [
    "Largest file (index.js) is 100.0% of bundle - consider splitting or optimizing"
  ],
  "overallStatus": "pass"
}