{
  "timestamp": 1772129378097,
  "bundleSize": {
    "totalSize": 916,
    "gzippedSize": 423,
    "fileCount": 1,
    "largestFile": {
      "name": "index.js",
      "size": 916,
      "gzippedSize": 423
    },
    "breakdown": [
      {
        "name": "index.js",
        "size": 916,
        "gzippedSize": 423,
        "percentage": 100
      }
    ]
  },
  "webVitals": {
    "firstContentfulPaint": 1315.9177293801768,
    "timeToInteractive": 2956.4370361137558,
    "largestContentfulPaint": 1948.1755308962101,
    "cumulativeLayoutShift": 0.04636815182838516,
    "firstInputDelay": 41.23432242984747,
    "timestamp": 1772129378097
  },
  "runtime": {
    "memoryUsage": {
      "rss": 62783488,
      "heapUsed": 11961008,
      "heapTotal": 19857408,
      "external": 1971956
    },
    "startupTime": 247.340416,
    "cpuUsage": 149.668,
    "timestamp": 1772129378097
  },
  "violations": [],
  "recommendations": [
    "Largest file (index.js) is 100.0% of bundle - consider splitting or optimizing"
  ],
  "overallStatus": "pass"
}