{
  "timestamp": 1772110582580,
  "bundleSize": {
    "totalSize": 916,
    "gzippedSize": 423,
    "fileCount": 1,
    "largestFile": {
      "name": "index.js",
      "size": 916,
      "gzippedSize": 423
    },
    "breakdown": [
      {
        "name": "index.js",
        "size": 916,
        "gzippedSize": 423,
        "percentage": 100
      }
    ]
  },
  "webVitals": {
    "firstContentfulPaint": 510.19636944230484,
    "timeToInteractive": 2756.5705917750324,
    "largestContentfulPaint": 1554.0884060682833,
    "cumulativeLayoutShift": 0.0046901390448500285,
    "firstInputDelay": 45.02967240589876,
    "timestamp": 1772110582580
  },
  "runtime": {
    "memoryUsage": {
      "rss": 62570496,
      "heapUsed": 11906624,
      "heapTotal": 20119552,
      "external": 1964817
    },
    "startupTime": 193.794583,
    "cpuUsage": 128.248,
    "timestamp": 1772110582580
  },
  "violations": [],
  "recommendations": [
    "Largest file (index.js) is 100.0% of bundle - consider splitting or optimizing"
  ],
  "overallStatus": "pass"
}