{
  "timestamp": 1773407608544,
  "bundleSize": {
    "totalSize": 916,
    "gzippedSize": 423,
    "fileCount": 1,
    "largestFile": {
      "name": "index.js",
      "size": 916,
      "gzippedSize": 423
    },
    "breakdown": [
      {
        "name": "index.js",
        "size": 916,
        "gzippedSize": 423,
        "percentage": 100
      }
    ]
  },
  "webVitals": {
    "firstContentfulPaint": 905.2160287540851,
    "timeToInteractive": 2279.1549382449725,
    "largestContentfulPaint": 2078.8800493869257,
    "cumulativeLayoutShift": 0.07182378770449496,
    "firstInputDelay": 67.01774571105459,
    "timestamp": 1773407608544
  },
  "runtime": {
    "memoryUsage": {
      "rss": 63700992,
      "heapUsed": 14111424,
      "heapTotal": 19595264,
      "external": 2743237
    },
    "startupTime": 258.869958,
    "cpuUsage": 144.455,
    "timestamp": 1773407608544
  },
  "violations": [],
  "recommendations": [
    "Largest file (index.js) is 100.0% of bundle - consider splitting or optimizing"
  ],
  "overallStatus": "pass"
}