{
  "timestamp": 1772764303322,
  "bundleSize": {
    "totalSize": 916,
    "gzippedSize": 423,
    "fileCount": 1,
    "largestFile": {
      "name": "index.js",
      "size": 916,
      "gzippedSize": 423
    },
    "breakdown": [
      {
        "name": "index.js",
        "size": 916,
        "gzippedSize": 423,
        "percentage": 100
      }
    ]
  },
  "webVitals": {
    "firstContentfulPaint": 996.3880127199448,
    "timeToInteractive": 2702.559638430747,
    "largestContentfulPaint": 1886.6005260613463,
    "cumulativeLayoutShift": 0.022340750793972908,
    "firstInputDelay": 73.28707382435064,
    "timestamp": 1772764303322
  },
  "runtime": {
    "memoryUsage": {
      "rss": 62636032,
      "heapUsed": 12412592,
      "heapTotal": 20381696,
      "external": 1970990
    },
    "startupTime": 352.038209,
    "cpuUsage": 199.236,
    "timestamp": 1772764303322
  },
  "violations": [],
  "recommendations": [
    "Largest file (index.js) is 100.0% of bundle - consider splitting or optimizing"
  ],
  "overallStatus": "pass"
}