{
  "timestamp": 1772620406404,
  "bundleSize": {
    "totalSize": 916,
    "gzippedSize": 423,
    "fileCount": 1,
    "largestFile": {
      "name": "index.js",
      "size": 916,
      "gzippedSize": 423
    },
    "breakdown": [
      {
        "name": "index.js",
        "size": 916,
        "gzippedSize": 423,
        "percentage": 100
      }
    ]
  },
  "webVitals": {
    "firstContentfulPaint": 1358.046949334167,
    "timeToInteractive": 2550.4695038700543,
    "largestContentfulPaint": 2196.1412652947365,
    "cumulativeLayoutShift": 0.0659102006337051,
    "firstInputDelay": 61.525253242764954,
    "timestamp": 1772620406404
  },
  "runtime": {
    "memoryUsage": {
      "rss": 61669376,
      "heapUsed": 12710152,
      "heapTotal": 20119552,
      "external": 1972171
    },
    "startupTime": 223.969375,
    "cpuUsage": 139.157,
    "timestamp": 1772620406404
  },
  "violations": [],
  "recommendations": [
    "Largest file (index.js) is 100.0% of bundle - consider splitting or optimizing"
  ],
  "overallStatus": "pass"
}