{
  "timestamp": 1773662815408,
  "bundleSize": {
    "totalSize": 916,
    "gzippedSize": 423,
    "fileCount": 1,
    "largestFile": {
      "name": "index.js",
      "size": 916,
      "gzippedSize": 423
    },
    "breakdown": [
      {
        "name": "index.js",
        "size": 916,
        "gzippedSize": 423,
        "percentage": 100
      }
    ]
  },
  "webVitals": {
    "firstContentfulPaint": 717.8515732465273,
    "timeToInteractive": 2479.3770905703204,
    "largestContentfulPaint": 1966.3030494821437,
    "cumulativeLayoutShift": 0.08058349510111965,
    "firstInputDelay": 58.09685029966879,
    "timestamp": 1773662815408
  },
  "runtime": {
    "memoryUsage": {
      "rss": 63340544,
      "heapUsed": 13916688,
      "heapTotal": 19595264,
      "external": 2651011
    },
    "startupTime": 254.531041,
    "cpuUsage": 153.827,
    "timestamp": 1773662815408
  },
  "violations": [],
  "recommendations": [
    "Largest file (index.js) is 100.0% of bundle - consider splitting or optimizing"
  ],
  "overallStatus": "pass"
}