{
  "timestamp": 1773262781981,
  "bundleSize": {
    "totalSize": 916,
    "gzippedSize": 423,
    "fileCount": 1,
    "largestFile": {
      "name": "index.js",
      "size": 916,
      "gzippedSize": 423
    },
    "breakdown": [
      {
        "name": "index.js",
        "size": 916,
        "gzippedSize": 423,
        "percentage": 100
      }
    ]
  },
  "webVitals": {
    "firstContentfulPaint": 510.3305744612585,
    "timeToInteractive": 2706.7709727071815,
    "largestContentfulPaint": 1956.6991535110585,
    "cumulativeLayoutShift": 0.03000921468765612,
    "firstInputDelay": 62.160405667426346,
    "timestamp": 1773262781981
  },
  "runtime": {
    "memoryUsage": {
      "rss": 61456384,
      "heapUsed": 12077944,
      "heapTotal": 19595264,
      "external": 1965339
    },
    "startupTime": 198.786417,
    "cpuUsage": 135.11,
    "timestamp": 1773262781981
  },
  "violations": [],
  "recommendations": [
    "Largest file (index.js) is 100.0% of bundle - consider splitting or optimizing"
  ],
  "overallStatus": "pass"
}