{
  "timestamp": 1769824258926,
  "bundleSize": {
    "totalSize": 915,
    "gzippedSize": 423,
    "fileCount": 1,
    "largestFile": {
      "name": "index.js",
      "size": 915,
      "gzippedSize": 423
    },
    "breakdown": [
      {
        "name": "index.js",
        "size": 915,
        "gzippedSize": 423,
        "percentage": 100
      }
    ]
  },
  "webVitals": {
    "firstContentfulPaint": 1031.3416360809097,
    "timeToInteractive": 2651.8645682196575,
    "largestContentfulPaint": 1791.845270317024,
    "cumulativeLayoutShift": 0.0070120219238515085,
    "firstInputDelay": 63.794217209698324,
    "timestamp": 1769824258926
  },
  "runtime": {
    "memoryUsage": {
      "rss": 68124672,
      "heapUsed": 12452432,
      "heapTotal": 20692992,
      "external": 2092931
    },
    "startupTime": 298.266917,
    "cpuUsage": 151.716,
    "timestamp": 1769824258926
  },
  "violations": [],
  "recommendations": [
    "Largest file (index.js) is 100.0% of bundle - consider splitting or optimizing"
  ],
  "overallStatus": "pass"
}