{
  "timestamp": 1773622335873,
  "bundleSize": {
    "totalSize": 916,
    "gzippedSize": 423,
    "fileCount": 1,
    "largestFile": {
      "name": "index.js",
      "size": 916,
      "gzippedSize": 423
    },
    "breakdown": [
      {
        "name": "index.js",
        "size": 916,
        "gzippedSize": 423,
        "percentage": 100
      }
    ]
  },
  "webVitals": {
    "firstContentfulPaint": 523.5561330122449,
    "timeToInteractive": 2330.007227035631,
    "largestContentfulPaint": 2088.8906395920544,
    "cumulativeLayoutShift": 0.08623403758941539,
    "firstInputDelay": 44.384599692075284,
    "timestamp": 1773622335873
  },
  "runtime": {
    "memoryUsage": {
      "rss": 62259200,
      "heapUsed": 12150120,
      "heapTotal": 20119552,
      "external": 1970916
    },
    "startupTime": 232.263583,
    "cpuUsage": 158.465,
    "timestamp": 1773622335873
  },
  "violations": [],
  "recommendations": [
    "Largest file (index.js) is 100.0% of bundle - consider splitting or optimizing"
  ],
  "overallStatus": "pass"
}