{
  "timestamp": 1773666358670,
  "bundleSize": {
    "totalSize": 916,
    "gzippedSize": 423,
    "fileCount": 1,
    "largestFile": {
      "name": "index.js",
      "size": 916,
      "gzippedSize": 423
    },
    "breakdown": [
      {
        "name": "index.js",
        "size": 916,
        "gzippedSize": 423,
        "percentage": 100
      }
    ]
  },
  "webVitals": {
    "firstContentfulPaint": 826.6467902628547,
    "timeToInteractive": 2245.7467201841496,
    "largestContentfulPaint": 2174.0771385298713,
    "cumulativeLayoutShift": 0.047773024889499575,
    "firstInputDelay": 59.333237844657496,
    "timestamp": 1773666358670
  },
  "runtime": {
    "memoryUsage": {
      "rss": 62013440,
      "heapUsed": 12096112,
      "heapTotal": 19857408,
      "external": 1970916
    },
    "startupTime": 259.990834,
    "cpuUsage": 146.728,
    "timestamp": 1773666358670
  },
  "violations": [],
  "recommendations": [
    "Largest file (index.js) is 100.0% of bundle - consider splitting or optimizing"
  ],
  "overallStatus": "pass"
}