{
  "timestamp": 1773265020156,
  "bundleSize": {
    "totalSize": 916,
    "gzippedSize": 423,
    "fileCount": 1,
    "largestFile": {
      "name": "index.js",
      "size": 916,
      "gzippedSize": 423
    },
    "breakdown": [
      {
        "name": "index.js",
        "size": 916,
        "gzippedSize": 423,
        "percentage": 100
      }
    ]
  },
  "webVitals": {
    "firstContentfulPaint": 570.3075283905961,
    "timeToInteractive": 2339.7316389750085,
    "largestContentfulPaint": 1524.0166469704245,
    "cumulativeLayoutShift": 0.02978108382756488,
    "firstInputDelay": 54.013030942900315,
    "timestamp": 1773265020156
  },
  "runtime": {
    "memoryUsage": {
      "rss": 61718528,
      "heapUsed": 12108112,
      "heapTotal": 19595264,
      "external": 1969696
    },
    "startupTime": 289.402583,
    "cpuUsage": 145.211,
    "timestamp": 1773265020156
  },
  "violations": [],
  "recommendations": [
    "Largest file (index.js) is 100.0% of bundle - consider splitting or optimizing"
  ],
  "overallStatus": "pass"
}