{
  "timestamp": 1773667958569,
  "bundleSize": {
    "totalSize": 916,
    "gzippedSize": 423,
    "fileCount": 1,
    "largestFile": {
      "name": "index.js",
      "size": 916,
      "gzippedSize": 423
    },
    "breakdown": [
      {
        "name": "index.js",
        "size": 916,
        "gzippedSize": 423,
        "percentage": 100
      }
    ]
  },
  "webVitals": {
    "firstContentfulPaint": 1022.1324268932119,
    "timeToInteractive": 2378.8299755480184,
    "largestContentfulPaint": 2191.8939374305937,
    "cumulativeLayoutShift": 0.06395565433700552,
    "firstInputDelay": 52.17852353829713,
    "timestamp": 1773667958569
  },
  "runtime": {
    "memoryUsage": {
      "rss": 62554112,
      "heapUsed": 11997264,
      "heapTotal": 20119552,
      "external": 1969921
    },
    "startupTime": 238.076583,
    "cpuUsage": 147.985,
    "timestamp": 1773667958569
  },
  "violations": [],
  "recommendations": [
    "Largest file (index.js) is 100.0% of bundle - consider splitting or optimizing"
  ],
  "overallStatus": "pass"
}