{
  "timestamp": 1773661694882,
  "bundleSize": {
    "totalSize": 916,
    "gzippedSize": 423,
    "fileCount": 1,
    "largestFile": {
      "name": "index.js",
      "size": 916,
      "gzippedSize": 423
    },
    "breakdown": [
      {
        "name": "index.js",
        "size": 916,
        "gzippedSize": 423,
        "percentage": 100
      }
    ]
  },
  "webVitals": {
    "firstContentfulPaint": 837.3008811245932,
    "timeToInteractive": 2871.5907902087415,
    "largestContentfulPaint": 2063.8007715391736,
    "cumulativeLayoutShift": 0.06975036027335012,
    "firstInputDelay": 70.89635599767914,
    "timestamp": 1773661694882
  },
  "runtime": {
    "memoryUsage": {
      "rss": 61358080,
      "heapUsed": 12111840,
      "heapTotal": 20119552,
      "external": 1969696
    },
    "startupTime": 357.838833,
    "cpuUsage": 176.018,
    "timestamp": 1773661694882
  },
  "violations": [],
  "recommendations": [
    "Largest file (index.js) is 100.0% of bundle - consider splitting or optimizing"
  ],
  "overallStatus": "pass"
}