{
  "timestamp": 1773349105057,
  "bundleSize": {
    "totalSize": 916,
    "gzippedSize": 423,
    "fileCount": 1,
    "largestFile": {
      "name": "index.js",
      "size": 916,
      "gzippedSize": 423
    },
    "breakdown": [
      {
        "name": "index.js",
        "size": 916,
        "gzippedSize": 423,
        "percentage": 100
      }
    ]
  },
  "webVitals": {
    "firstContentfulPaint": 1467.0483309883596,
    "timeToInteractive": 2815.7236163208036,
    "largestContentfulPaint": 2218.061108220913,
    "cumulativeLayoutShift": 0.0037873129376930995,
    "firstInputDelay": 40.404647233630854,
    "timestamp": 1773349105057
  },
  "runtime": {
    "memoryUsage": {
      "rss": 58916864,
      "heapUsed": 12243120,
      "heapTotal": 19595264,
      "external": 1967988
    },
    "startupTime": 2487.836375,
    "cpuUsage": 184.334,
    "timestamp": 1773349105057
  },
  "violations": [],
  "recommendations": [
    "Largest file (index.js) is 100.0% of bundle - consider splitting or optimizing"
  ],
  "overallStatus": "pass"
}