{
  "timestamp": 1773605286093,
  "bundleSize": {
    "totalSize": 916,
    "gzippedSize": 423,
    "fileCount": 1,
    "largestFile": {
      "name": "index.js",
      "size": 916,
      "gzippedSize": 423
    },
    "breakdown": [
      {
        "name": "index.js",
        "size": 916,
        "gzippedSize": 423,
        "percentage": 100
      }
    ]
  },
  "webVitals": {
    "firstContentfulPaint": 1221.284640707531,
    "timeToInteractive": 2044.0892242128102,
    "largestContentfulPaint": 1683.0780002579122,
    "cumulativeLayoutShift": 0.07701243080015022,
    "firstInputDelay": 25.73664133061473,
    "timestamp": 1773605286093
  },
  "runtime": {
    "memoryUsage": {
      "rss": 61915136,
      "heapUsed": 12203416,
      "heapTotal": 20119552,
      "external": 1970916
    },
    "startupTime": 254.817416,
    "cpuUsage": 160.481,
    "timestamp": 1773605286093
  },
  "violations": [],
  "recommendations": [
    "Largest file (index.js) is 100.0% of bundle - consider splitting or optimizing"
  ],
  "overallStatus": "pass"
}