{
  "timestamp": 1773313751331,
  "bundleSize": {
    "totalSize": 916,
    "gzippedSize": 423,
    "fileCount": 1,
    "largestFile": {
      "name": "index.js",
      "size": 916,
      "gzippedSize": 423
    },
    "breakdown": [
      {
        "name": "index.js",
        "size": 916,
        "gzippedSize": 423,
        "percentage": 100
      }
    ]
  },
  "webVitals": {
    "firstContentfulPaint": 1191.4204322719377,
    "timeToInteractive": 2060.9205132168313,
    "largestContentfulPaint": 1728.8811860407645,
    "cumulativeLayoutShift": 0.018304182006978788,
    "firstInputDelay": 53.96130383051132,
    "timestamp": 1773313751331
  },
  "runtime": {
    "memoryUsage": {
      "rss": 62062592,
      "heapUsed": 12094112,
      "heapTotal": 20119552,
      "external": 1969708
    },
    "startupTime": 285.933708,
    "cpuUsage": 157.545,
    "timestamp": 1773313751331
  },
  "violations": [],
  "recommendations": [
    "Largest file (index.js) is 100.0% of bundle - consider splitting or optimizing"
  ],
  "overallStatus": "pass"
}