{
  "timestamp": 1773173726069,
  "bundleSize": {
    "totalSize": 916,
    "gzippedSize": 423,
    "fileCount": 1,
    "largestFile": {
      "name": "index.js",
      "size": 916,
      "gzippedSize": 423
    },
    "breakdown": [
      {
        "name": "index.js",
        "size": 916,
        "gzippedSize": 423,
        "percentage": 100
      }
    ]
  },
  "webVitals": {
    "firstContentfulPaint": 1007.8428314303532,
    "timeToInteractive": 2390.6188745951085,
    "largestContentfulPaint": 1941.8160630824705,
    "cumulativeLayoutShift": 0.05124362426762655,
    "firstInputDelay": 38.1872456914999,
    "timestamp": 1773173726069
  },
  "runtime": {
    "memoryUsage": {
      "rss": 62177280,
      "heapUsed": 11964936,
      "heapTotal": 20381696,
      "external": 1968713
    },
    "startupTime": 327.502875,
    "cpuUsage": 190.201,
    "timestamp": 1773173726069
  },
  "violations": [],
  "recommendations": [
    "Largest file (index.js) is 100.0% of bundle - consider splitting or optimizing"
  ],
  "overallStatus": "pass"
}