{
  "timestamp": 1773348860624,
  "bundleSize": {
    "totalSize": 916,
    "gzippedSize": 423,
    "fileCount": 1,
    "largestFile": {
      "name": "index.js",
      "size": 916,
      "gzippedSize": 423
    },
    "breakdown": [
      {
        "name": "index.js",
        "size": 916,
        "gzippedSize": 423,
        "percentage": 100
      }
    ]
  },
  "webVitals": {
    "firstContentfulPaint": 1190.4097347407878,
    "timeToInteractive": 2230.7233953782106,
    "largestContentfulPaint": 2170.213106389679,
    "cumulativeLayoutShift": 0.06369133093827849,
    "firstInputDelay": 47.802659778990886,
    "timestamp": 1773348860624
  },
  "runtime": {
    "memoryUsage": {
      "rss": 58015744,
      "heapUsed": 12322912,
      "heapTotal": 20905984,
      "external": 2718891
    },
    "startupTime": 8502.578583,
    "cpuUsage": 184.09,
    "timestamp": 1773348860624
  },
  "violations": [],
  "recommendations": [
    "Largest file (index.js) is 100.0% of bundle - consider splitting or optimizing"
  ],
  "overallStatus": "pass"
}