{
  "timestamp": 1773044393549,
  "bundleSize": {
    "totalSize": 916,
    "gzippedSize": 423,
    "fileCount": 1,
    "largestFile": {
      "name": "index.js",
      "size": 916,
      "gzippedSize": 423
    },
    "breakdown": [
      {
        "name": "index.js",
        "size": 916,
        "gzippedSize": 423,
        "percentage": 100
      }
    ]
  },
  "webVitals": {
    "firstContentfulPaint": 790.5865442833762,
    "timeToInteractive": 2585.5559906364138,
    "largestContentfulPaint": 2466.289754866673,
    "cumulativeLayoutShift": 0.07310240299148534,
    "firstInputDelay": 29.428227870691348,
    "timestamp": 1773044393549
  },
  "runtime": {
    "memoryUsage": {
      "rss": 62734336,
      "heapUsed": 12373960,
      "heapTotal": 20119552,
      "external": 1970990
    },
    "startupTime": 338.609833,
    "cpuUsage": 177.663,
    "timestamp": 1773044393549
  },
  "violations": [],
  "recommendations": [
    "Largest file (index.js) is 100.0% of bundle - consider splitting or optimizing"
  ],
  "overallStatus": "pass"
}