{
  "timestamp": 1773243703766,
  "bundleSize": {
    "totalSize": 916,
    "gzippedSize": 423,
    "fileCount": 1,
    "largestFile": {
      "name": "index.js",
      "size": 916,
      "gzippedSize": 423
    },
    "breakdown": [
      {
        "name": "index.js",
        "size": 916,
        "gzippedSize": 423,
        "percentage": 100
      }
    ]
  },
  "webVitals": {
    "firstContentfulPaint": 529.3025235844395,
    "timeToInteractive": 2764.8697745180457,
    "largestContentfulPaint": 1588.5018635583756,
    "cumulativeLayoutShift": 0.055394875747310834,
    "firstInputDelay": 67.68896137278375,
    "timestamp": 1773243703766
  },
  "runtime": {
    "memoryUsage": {
      "rss": 62259200,
      "heapUsed": 12043696,
      "heapTotal": 20119552,
      "external": 1969708
    },
    "startupTime": 290.606292,
    "cpuUsage": 175.683,
    "timestamp": 1773243703766
  },
  "violations": [],
  "recommendations": [
    "Largest file (index.js) is 100.0% of bundle - consider splitting or optimizing"
  ],
  "overallStatus": "pass"
}