{
  "timestamp": 1773669310111,
  "bundleSize": {
    "totalSize": 916,
    "gzippedSize": 423,
    "fileCount": 1,
    "largestFile": {
      "name": "index.js",
      "size": 916,
      "gzippedSize": 423
    },
    "breakdown": [
      {
        "name": "index.js",
        "size": 916,
        "gzippedSize": 423,
        "percentage": 100
      }
    ]
  },
  "webVitals": {
    "firstContentfulPaint": 1495.3606461045488,
    "timeToInteractive": 2523.4144400255896,
    "largestContentfulPaint": 2361.3398525345756,
    "cumulativeLayoutShift": 0.022062416655062145,
    "firstInputDelay": 51.27007594517864,
    "timestamp": 1773669310111
  },
  "runtime": {
    "memoryUsage": {
      "rss": 61603840,
      "heapUsed": 12246360,
      "heapTotal": 20119552,
      "external": 1970916
    },
    "startupTime": 258.428959,
    "cpuUsage": 161.159,
    "timestamp": 1773669310111
  },
  "violations": [],
  "recommendations": [
    "Largest file (index.js) is 100.0% of bundle - consider splitting or optimizing"
  ],
  "overallStatus": "pass"
}