{
  "timestamp": 1773670528635,
  "bundleSize": {
    "totalSize": 916,
    "gzippedSize": 423,
    "fileCount": 1,
    "largestFile": {
      "name": "index.js",
      "size": 916,
      "gzippedSize": 423
    },
    "breakdown": [
      {
        "name": "index.js",
        "size": 916,
        "gzippedSize": 423,
        "percentage": 100
      }
    ]
  },
  "webVitals": {
    "firstContentfulPaint": 826.1007355461867,
    "timeToInteractive": 2520.595365079561,
    "largestContentfulPaint": 1801.9044830291214,
    "cumulativeLayoutShift": 0.015198804857929439,
    "firstInputDelay": 33.74436663911656,
    "timestamp": 1773670528635
  },
  "runtime": {
    "memoryUsage": {
      "rss": 61816832,
      "heapUsed": 12109760,
      "heapTotal": 19857408,
      "external": 1970916
    },
    "startupTime": 233.259333,
    "cpuUsage": 132.938,
    "timestamp": 1773670528635
  },
  "violations": [],
  "recommendations": [
    "Largest file (index.js) is 100.0% of bundle - consider splitting or optimizing"
  ],
  "overallStatus": "pass"
}