{
  "timestamp": 1773619726342,
  "bundleSize": {
    "totalSize": 916,
    "gzippedSize": 423,
    "fileCount": 1,
    "largestFile": {
      "name": "index.js",
      "size": 916,
      "gzippedSize": 423
    },
    "breakdown": [
      {
        "name": "index.js",
        "size": 916,
        "gzippedSize": 423,
        "percentage": 100
      }
    ]
  },
  "webVitals": {
    "firstContentfulPaint": 731.3955885830103,
    "timeToInteractive": 2865.5608185297197,
    "largestContentfulPaint": 1592.5143074002917,
    "cumulativeLayoutShift": 0.015806499918739527,
    "firstInputDelay": 44.16436771343494,
    "timestamp": 1773619726342
  },
  "runtime": {
    "memoryUsage": {
      "rss": 62291968,
      "heapUsed": 12065328,
      "heapTotal": 20381696,
      "external": 1969921
    },
    "startupTime": 266.292958,
    "cpuUsage": 179.146,
    "timestamp": 1773619726342
  },
  "violations": [],
  "recommendations": [
    "Largest file (index.js) is 100.0% of bundle - consider splitting or optimizing"
  ],
  "overallStatus": "pass"
}