{
  "timestamp": 1773623021537,
  "bundleSize": {
    "totalSize": 916,
    "gzippedSize": 423,
    "fileCount": 1,
    "largestFile": {
      "name": "index.js",
      "size": 916,
      "gzippedSize": 423
    },
    "breakdown": [
      {
        "name": "index.js",
        "size": 916,
        "gzippedSize": 423,
        "percentage": 100
      }
    ]
  },
  "webVitals": {
    "firstContentfulPaint": 1215.7162761268542,
    "timeToInteractive": 2267.0594512976068,
    "largestContentfulPaint": 2137.1732009787183,
    "cumulativeLayoutShift": 0.01727317185335304,
    "firstInputDelay": 51.125347868099425,
    "timestamp": 1773623021537
  },
  "runtime": {
    "memoryUsage": {
      "rss": 61702144,
      "heapUsed": 12080648,
      "heapTotal": 19857408,
      "external": 1969708
    },
    "startupTime": 314.921542,
    "cpuUsage": 154.274,
    "timestamp": 1773623021537
  },
  "violations": [],
  "recommendations": [
    "Largest file (index.js) is 100.0% of bundle - consider splitting or optimizing"
  ],
  "overallStatus": "pass"
}