{
  "timestamp": 1773590743935,
  "bundleSize": {
    "totalSize": 916,
    "gzippedSize": 423,
    "fileCount": 1,
    "largestFile": {
      "name": "index.js",
      "size": 916,
      "gzippedSize": 423
    },
    "breakdown": [
      {
        "name": "index.js",
        "size": 916,
        "gzippedSize": 423,
        "percentage": 100
      }
    ]
  },
  "webVitals": {
    "firstContentfulPaint": 1339.128998629528,
    "timeToInteractive": 2989.3371259971664,
    "largestContentfulPaint": 1891.3074491417533,
    "cumulativeLayoutShift": 0.06479123529638352,
    "firstInputDelay": 39.94700641979817,
    "timestamp": 1773590743935
  },
  "runtime": {
    "memoryUsage": {
      "rss": 59146240,
      "heapUsed": 13709256,
      "heapTotal": 19595264,
      "external": 2534776
    },
    "startupTime": 8990.983625,
    "cpuUsage": 591.896,
    "timestamp": 1773590743935
  },
  "violations": [],
  "recommendations": [
    "Largest file (index.js) is 100.0% of bundle - consider splitting or optimizing"
  ],
  "overallStatus": "pass"
}