{
  "timestamp": 1773609713892,
  "bundleSize": {
    "totalSize": 916,
    "gzippedSize": 423,
    "fileCount": 1,
    "largestFile": {
      "name": "index.js",
      "size": 916,
      "gzippedSize": 423
    },
    "breakdown": [
      {
        "name": "index.js",
        "size": 916,
        "gzippedSize": 423,
        "percentage": 100
      }
    ]
  },
  "webVitals": {
    "firstContentfulPaint": 555.2851845346354,
    "timeToInteractive": 2411.6640973413073,
    "largestContentfulPaint": 2488.2307976566767,
    "cumulativeLayoutShift": 0.04371169394204939,
    "firstInputDelay": 48.098098611193976,
    "timestamp": 1773609713892
  },
  "runtime": {
    "memoryUsage": {
      "rss": 62455808,
      "heapUsed": 12091000,
      "heapTotal": 20119552,
      "external": 1970916
    },
    "startupTime": 267.351583,
    "cpuUsage": 153.71,
    "timestamp": 1773609713892
  },
  "violations": [],
  "recommendations": [
    "Largest file (index.js) is 100.0% of bundle - consider splitting or optimizing"
  ],
  "overallStatus": "pass"
}