{
  "timestamp": 1772730212603,
  "bundleSize": {
    "totalSize": 916,
    "gzippedSize": 423,
    "fileCount": 1,
    "largestFile": {
      "name": "index.js",
      "size": 916,
      "gzippedSize": 423
    },
    "breakdown": [
      {
        "name": "index.js",
        "size": 916,
        "gzippedSize": 423,
        "percentage": 100
      }
    ]
  },
  "webVitals": {
    "firstContentfulPaint": 569.3338302854605,
    "timeToInteractive": 2852.5182916542108,
    "largestContentfulPaint": 1956.024054491175,
    "cumulativeLayoutShift": 0.008839345677250065,
    "firstInputDelay": 30.945965564412592,
    "timestamp": 1772730212603
  },
  "runtime": {
    "memoryUsage": {
      "rss": 62029824,
      "heapUsed": 12286848,
      "heapTotal": 20119552,
      "external": 1965339
    },
    "startupTime": 211.496083,
    "cpuUsage": 131.827,
    "timestamp": 1772730212603
  },
  "violations": [],
  "recommendations": [
    "Largest file (index.js) is 100.0% of bundle - consider splitting or optimizing"
  ],
  "overallStatus": "pass"
}