{
  "timestamp": 1772714327542,
  "bundleSize": {
    "totalSize": 916,
    "gzippedSize": 423,
    "fileCount": 1,
    "largestFile": {
      "name": "index.js",
      "size": 916,
      "gzippedSize": 423
    },
    "breakdown": [
      {
        "name": "index.js",
        "size": 916,
        "gzippedSize": 423,
        "percentage": 100
      }
    ]
  },
  "webVitals": {
    "firstContentfulPaint": 1198.3813633512532,
    "timeToInteractive": 2284.2741063150343,
    "largestContentfulPaint": 2247.1296982433414,
    "cumulativeLayoutShift": 0.03453806356018019,
    "firstInputDelay": 32.21645811241125,
    "timestamp": 1772714327542
  },
  "runtime": {
    "memoryUsage": {
      "rss": 62341120,
      "heapUsed": 11940248,
      "heapTotal": 20119552,
      "external": 1971956
    },
    "startupTime": 224.308667,
    "cpuUsage": 149.919,
    "timestamp": 1772714327542
  },
  "violations": [],
  "recommendations": [
    "Largest file (index.js) is 100.0% of bundle - consider splitting or optimizing"
  ],
  "overallStatus": "pass"
}