{
  "timestamp": 1772734496567,
  "bundleSize": {
    "totalSize": 916,
    "gzippedSize": 423,
    "fileCount": 1,
    "largestFile": {
      "name": "index.js",
      "size": 916,
      "gzippedSize": 423
    },
    "breakdown": [
      {
        "name": "index.js",
        "size": 916,
        "gzippedSize": 423,
        "percentage": 100
      }
    ]
  },
  "webVitals": {
    "firstContentfulPaint": 650.3972649537266,
    "timeToInteractive": 2143.2500356895744,
    "largestContentfulPaint": 1533.470181879132,
    "cumulativeLayoutShift": 0.08425421479466798,
    "firstInputDelay": 55.919541452012126,
    "timestamp": 1772734496567
  },
  "runtime": {
    "memoryUsage": {
      "rss": 62095360,
      "heapUsed": 12288072,
      "heapTotal": 20119552,
      "external": 1971002
    },
    "startupTime": 344.639041,
    "cpuUsage": 187.112,
    "timestamp": 1772734496567
  },
  "violations": [],
  "recommendations": [
    "Largest file (index.js) is 100.0% of bundle - consider splitting or optimizing"
  ],
  "overallStatus": "pass"
}