{
  "timestamp": 1772299632024,
  "bundleSize": {
    "totalSize": 916,
    "gzippedSize": 423,
    "fileCount": 1,
    "largestFile": {
      "name": "index.js",
      "size": 916,
      "gzippedSize": 423
    },
    "breakdown": [
      {
        "name": "index.js",
        "size": 916,
        "gzippedSize": 423,
        "percentage": 100
      }
    ]
  },
  "webVitals": {
    "firstContentfulPaint": 1042.0828207212153,
    "timeToInteractive": 2504.576677697682,
    "largestContentfulPaint": 1522.8240264253384,
    "cumulativeLayoutShift": 0.09275660106048463,
    "firstInputDelay": 40.87562397864694,
    "timestamp": 1772299632024
  },
  "runtime": {
    "memoryUsage": {
      "rss": 62636032,
      "heapUsed": 12057800,
      "heapTotal": 20119552,
      "external": 1970468
    },
    "startupTime": 733.236375,
    "cpuUsage": 206.847,
    "timestamp": 1772299632024
  },
  "violations": [],
  "recommendations": [
    "Largest file (index.js) is 100.0% of bundle - consider splitting or optimizing"
  ],
  "overallStatus": "pass"
}