{
  "timestamp": 1773584633954,
  "bundleSize": {
    "totalSize": 916,
    "gzippedSize": 423,
    "fileCount": 1,
    "largestFile": {
      "name": "index.js",
      "size": 916,
      "gzippedSize": 423
    },
    "breakdown": [
      {
        "name": "index.js",
        "size": 916,
        "gzippedSize": 423,
        "percentage": 100
      }
    ]
  },
  "webVitals": {
    "firstContentfulPaint": 1113.417838988503,
    "timeToInteractive": 2918.2023213347284,
    "largestContentfulPaint": 2316.4160519654965,
    "cumulativeLayoutShift": 0.018680245211925416,
    "firstInputDelay": 67.6622578114647,
    "timestamp": 1773584633954
  },
  "runtime": {
    "memoryUsage": {
      "rss": 61571072,
      "heapUsed": 12248768,
      "heapTotal": 20119552,
      "external": 1970916
    },
    "startupTime": 245.035584,
    "cpuUsage": 150.343,
    "timestamp": 1773584633954
  },
  "violations": [],
  "recommendations": [
    "Largest file (index.js) is 100.0% of bundle - consider splitting or optimizing"
  ],
  "overallStatus": "pass"
}