{
  "timestamp": 1772722393711,
  "bundleSize": {
    "totalSize": 916,
    "gzippedSize": 423,
    "fileCount": 1,
    "largestFile": {
      "name": "index.js",
      "size": 916,
      "gzippedSize": 423
    },
    "breakdown": [
      {
        "name": "index.js",
        "size": 916,
        "gzippedSize": 423,
        "percentage": 100
      }
    ]
  },
  "webVitals": {
    "firstContentfulPaint": 1211.4327262662082,
    "timeToInteractive": 2338.756118931042,
    "largestContentfulPaint": 2124.2984545795057,
    "cumulativeLayoutShift": 0.03796171944715603,
    "firstInputDelay": 30.000668191368263,
    "timestamp": 1772722393711
  },
  "runtime": {
    "memoryUsage": {
      "rss": 62046208,
      "heapUsed": 12199240,
      "heapTotal": 19857408,
      "external": 1972478
    },
    "startupTime": 224.501458,
    "cpuUsage": 145.769,
    "timestamp": 1772722393711
  },
  "violations": [],
  "recommendations": [
    "Largest file (index.js) is 100.0% of bundle - consider splitting or optimizing"
  ],
  "overallStatus": "pass"
}