{
  "timestamp": 1773011059671,
  "bundleSize": {
    "totalSize": 916,
    "gzippedSize": 423,
    "fileCount": 1,
    "largestFile": {
      "name": "index.js",
      "size": 916,
      "gzippedSize": 423
    },
    "breakdown": [
      {
        "name": "index.js",
        "size": 916,
        "gzippedSize": 423,
        "percentage": 100
      }
    ]
  },
  "webVitals": {
    "firstContentfulPaint": 1334.618689086975,
    "timeToInteractive": 2516.0044509134095,
    "largestContentfulPaint": 2401.0881711874404,
    "cumulativeLayoutShift": 0.07415279268558213,
    "firstInputDelay": 34.796979495174284,
    "timestamp": 1773011059670
  },
  "runtime": {
    "memoryUsage": {
      "rss": 61915136,
      "heapUsed": 12262912,
      "heapTotal": 19857408,
      "external": 1971002
    },
    "startupTime": 257.320375,
    "cpuUsage": 158.969,
    "timestamp": 1773011059671
  },
  "violations": [],
  "recommendations": [
    "Largest file (index.js) is 100.0% of bundle - consider splitting or optimizing"
  ],
  "overallStatus": "pass"
}