{
  "timestamp": 1773434723821,
  "bundleSize": {
    "totalSize": 916,
    "gzippedSize": 423,
    "fileCount": 1,
    "largestFile": {
      "name": "index.js",
      "size": 916,
      "gzippedSize": 423
    },
    "breakdown": [
      {
        "name": "index.js",
        "size": 916,
        "gzippedSize": 423,
        "percentage": 100
      }
    ]
  },
  "webVitals": {
    "firstContentfulPaint": 1000.8469247343535,
    "timeToInteractive": 2472.683442000499,
    "largestContentfulPaint": 2337.6347324083436,
    "cumulativeLayoutShift": 0.06229668211115849,
    "firstInputDelay": 25.194765858267232,
    "timestamp": 1773434723821
  },
  "runtime": {
    "memoryUsage": {
      "rss": 61865984,
      "heapUsed": 12074232,
      "heapTotal": 19595264,
      "external": 1969708
    },
    "startupTime": 299.292167,
    "cpuUsage": 171.272,
    "timestamp": 1773434723821
  },
  "violations": [],
  "recommendations": [
    "Largest file (index.js) is 100.0% of bundle - consider splitting or optimizing"
  ],
  "overallStatus": "pass"
}