{
  "timestamp": 1773348816879,
  "bundleSize": {
    "totalSize": 916,
    "gzippedSize": 423,
    "fileCount": 1,
    "largestFile": {
      "name": "index.js",
      "size": 916,
      "gzippedSize": 423
    },
    "breakdown": [
      {
        "name": "index.js",
        "size": 916,
        "gzippedSize": 423,
        "percentage": 100
      }
    ]
  },
  "webVitals": {
    "firstContentfulPaint": 524.5042503299167,
    "timeToInteractive": 2138.390136106797,
    "largestContentfulPaint": 1818.4211582250423,
    "cumulativeLayoutShift": 0.018217461489273567,
    "firstInputDelay": 39.93424296643925,
    "timestamp": 1773348816879
  },
  "runtime": {
    "memoryUsage": {
      "rss": 58081280,
      "heapUsed": 12160032,
      "heapTotal": 20381696,
      "external": 1966147
    },
    "startupTime": 5468.058709,
    "cpuUsage": 205.516,
    "timestamp": 1773348816879
  },
  "violations": [],
  "recommendations": [
    "Largest file (index.js) is 100.0% of bundle - consider splitting or optimizing"
  ],
  "overallStatus": "pass"
}