{
  "timestamp": 1773658497622,
  "bundleSize": {
    "totalSize": 916,
    "gzippedSize": 423,
    "fileCount": 1,
    "largestFile": {
      "name": "index.js",
      "size": 916,
      "gzippedSize": 423
    },
    "breakdown": [
      {
        "name": "index.js",
        "size": 916,
        "gzippedSize": 423,
        "percentage": 100
      }
    ]
  },
  "webVitals": {
    "firstContentfulPaint": 508.7501341041045,
    "timeToInteractive": 2017.352522459598,
    "largestContentfulPaint": 2335.3730243960113,
    "cumulativeLayoutShift": 0.06767410612030111,
    "firstInputDelay": 51.681118842555975,
    "timestamp": 1773658497622
  },
  "runtime": {
    "memoryUsage": {
      "rss": 62750720,
      "heapUsed": 12056784,
      "heapTotal": 20119552,
      "external": 1968701
    },
    "startupTime": 420.451458,
    "cpuUsage": 171.853,
    "timestamp": 1773658497622
  },
  "violations": [],
  "recommendations": [
    "Largest file (index.js) is 100.0% of bundle - consider splitting or optimizing"
  ],
  "overallStatus": "pass"
}