{
  "timestamp": 1773435499381,
  "bundleSize": {
    "totalSize": 916,
    "gzippedSize": 423,
    "fileCount": 1,
    "largestFile": {
      "name": "index.js",
      "size": 916,
      "gzippedSize": 423
    },
    "breakdown": [
      {
        "name": "index.js",
        "size": 916,
        "gzippedSize": 423,
        "percentage": 100
      }
    ]
  },
  "webVitals": {
    "firstContentfulPaint": 992.2162409245951,
    "timeToInteractive": 2787.3027636021134,
    "largestContentfulPaint": 1573.5278167212605,
    "cumulativeLayoutShift": 0.08129344759666712,
    "firstInputDelay": 36.04317294122053,
    "timestamp": 1773435499381
  },
  "runtime": {
    "memoryUsage": {
      "rss": 61669376,
      "heapUsed": 12239024,
      "heapTotal": 19857408,
      "external": 1969696
    },
    "startupTime": 314.557125,
    "cpuUsage": 163.229,
    "timestamp": 1773435499381
  },
  "violations": [],
  "recommendations": [
    "Largest file (index.js) is 100.0% of bundle - consider splitting or optimizing"
  ],
  "overallStatus": "pass"
}