{
  "timestamp": 1773265994330,
  "bundleSize": {
    "totalSize": 916,
    "gzippedSize": 423,
    "fileCount": 1,
    "largestFile": {
      "name": "index.js",
      "size": 916,
      "gzippedSize": 423
    },
    "breakdown": [
      {
        "name": "index.js",
        "size": 916,
        "gzippedSize": 423,
        "percentage": 100
      }
    ]
  },
  "webVitals": {
    "firstContentfulPaint": 1002.2320900913144,
    "timeToInteractive": 2848.6200558191604,
    "largestContentfulPaint": 1850.3975522436192,
    "cumulativeLayoutShift": 0.03148432251577578,
    "firstInputDelay": 61.63596330964589,
    "timestamp": 1773265994330
  },
  "runtime": {
    "memoryUsage": {
      "rss": 61423616,
      "heapUsed": 12101632,
      "heapTotal": 19595264,
      "external": 1970916
    },
    "startupTime": 225.382834,
    "cpuUsage": 137.221,
    "timestamp": 1773265994330
  },
  "violations": [],
  "recommendations": [
    "Largest file (index.js) is 100.0% of bundle - consider splitting or optimizing"
  ],
  "overallStatus": "pass"
}