{
  "timestamp": 1773608487676,
  "bundleSize": {
    "totalSize": 916,
    "gzippedSize": 423,
    "fileCount": 1,
    "largestFile": {
      "name": "index.js",
      "size": 916,
      "gzippedSize": 423
    },
    "breakdown": [
      {
        "name": "index.js",
        "size": 916,
        "gzippedSize": 423,
        "percentage": 100
      }
    ]
  },
  "webVitals": {
    "firstContentfulPaint": 613.4592882457385,
    "timeToInteractive": 2238.5208097517702,
    "largestContentfulPaint": 2318.6219716977166,
    "cumulativeLayoutShift": 0.018363855782880224,
    "firstInputDelay": 72.05548916237746,
    "timestamp": 1773608487676
  },
  "runtime": {
    "memoryUsage": {
      "rss": 61636608,
      "heapUsed": 12079800,
      "heapTotal": 19595264,
      "external": 1970434
    },
    "startupTime": 295.397625,
    "cpuUsage": 181.143,
    "timestamp": 1773608487676
  },
  "violations": [],
  "recommendations": [
    "Largest file (index.js) is 100.0% of bundle - consider splitting or optimizing"
  ],
  "overallStatus": "pass"
}