{
  "timestamp": 1773617411314,
  "bundleSize": {
    "totalSize": 916,
    "gzippedSize": 423,
    "fileCount": 1,
    "largestFile": {
      "name": "index.js",
      "size": 916,
      "gzippedSize": 423
    },
    "breakdown": [
      {
        "name": "index.js",
        "size": 916,
        "gzippedSize": 423,
        "percentage": 100
      }
    ]
  },
  "webVitals": {
    "firstContentfulPaint": 1163.3323658185077,
    "timeToInteractive": 2645.4538172972793,
    "largestContentfulPaint": 2430.9986928047847,
    "cumulativeLayoutShift": 0.06566480495123224,
    "firstInputDelay": 62.29556185970287,
    "timestamp": 1773617411314
  },
  "runtime": {
    "memoryUsage": {
      "rss": 61833216,
      "heapUsed": 11962616,
      "heapTotal": 20381696,
      "external": 1964593
    },
    "startupTime": 584.098125,
    "cpuUsage": 180.763,
    "timestamp": 1773617411314
  },
  "violations": [],
  "recommendations": [
    "Largest file (index.js) is 100.0% of bundle - consider splitting or optimizing"
  ],
  "overallStatus": "pass"
}