{
  "timestamp": 1773155975877,
  "bundleSize": {
    "totalSize": 916,
    "gzippedSize": 423,
    "fileCount": 1,
    "largestFile": {
      "name": "index.js",
      "size": 916,
      "gzippedSize": 423
    },
    "breakdown": [
      {
        "name": "index.js",
        "size": 916,
        "gzippedSize": 423,
        "percentage": 100
      }
    ]
  },
  "webVitals": {
    "firstContentfulPaint": 1158.5684389559606,
    "timeToInteractive": 2547.7150090293476,
    "largestContentfulPaint": 2214.902561885279,
    "cumulativeLayoutShift": 0.021908459488947332,
    "firstInputDelay": 64.17424249266551,
    "timestamp": 1773155975876
  },
  "runtime": {
    "memoryUsage": {
      "rss": 59785216,
      "heapUsed": 12198768,
      "heapTotal": 20119552,
      "external": 1977464
    },
    "startupTime": 739.254292,
    "cpuUsage": 255.542,
    "timestamp": 1773155975877
  },
  "violations": [],
  "recommendations": [
    "Largest file (index.js) is 100.0% of bundle - consider splitting or optimizing"
  ],
  "overallStatus": "pass"
}