{
  "timestamp": 1772739515835,
  "bundleSize": {
    "totalSize": 916,
    "gzippedSize": 423,
    "fileCount": 1,
    "largestFile": {
      "name": "index.js",
      "size": 916,
      "gzippedSize": 423
    },
    "breakdown": [
      {
        "name": "index.js",
        "size": 916,
        "gzippedSize": 423,
        "percentage": 100
      }
    ]
  },
  "webVitals": {
    "firstContentfulPaint": 1244.9888748854132,
    "timeToInteractive": 2446.2161519568886,
    "largestContentfulPaint": 1757.0403546109037,
    "cumulativeLayoutShift": 0.0032697849234235134,
    "firstInputDelay": 48.03685090460016,
    "timestamp": 1772739515835
  },
  "runtime": {
    "memoryUsage": {
      "rss": 61931520,
      "heapUsed": 12207584,
      "heapTotal": 19595264,
      "external": 1965339
    },
    "startupTime": 207.50925,
    "cpuUsage": 132.44,
    "timestamp": 1772739515835
  },
  "violations": [],
  "recommendations": [
    "Largest file (index.js) is 100.0% of bundle - consider splitting or optimizing"
  ],
  "overallStatus": "pass"
}