{
  "timestamp": 1773602784428,
  "bundleSize": {
    "totalSize": 916,
    "gzippedSize": 423,
    "fileCount": 1,
    "largestFile": {
      "name": "index.js",
      "size": 916,
      "gzippedSize": 423
    },
    "breakdown": [
      {
        "name": "index.js",
        "size": 916,
        "gzippedSize": 423,
        "percentage": 100
      }
    ]
  },
  "webVitals": {
    "firstContentfulPaint": 949.0249411370605,
    "timeToInteractive": 2735.3426416443526,
    "largestContentfulPaint": 2316.038129871578,
    "cumulativeLayoutShift": 0.0038312855742237864,
    "firstInputDelay": 33.43157139625017,
    "timestamp": 1773602784428
  },
  "runtime": {
    "memoryUsage": {
      "rss": 61784064,
      "heapUsed": 12093920,
      "heapTotal": 19857408,
      "external": 1970916
    },
    "startupTime": 264.693875,
    "cpuUsage": 161.169,
    "timestamp": 1773602784428
  },
  "violations": [],
  "recommendations": [
    "Largest file (index.js) is 100.0% of bundle - consider splitting or optimizing"
  ],
  "overallStatus": "pass"
}