{
  "timestamp": 1773603600408,
  "bundleSize": {
    "totalSize": 916,
    "gzippedSize": 423,
    "fileCount": 1,
    "largestFile": {
      "name": "index.js",
      "size": 916,
      "gzippedSize": 423
    },
    "breakdown": [
      {
        "name": "index.js",
        "size": 916,
        "gzippedSize": 423,
        "percentage": 100
      }
    ]
  },
  "webVitals": {
    "firstContentfulPaint": 1211.4830298353036,
    "timeToInteractive": 2445.9854001315175,
    "largestContentfulPaint": 1566.8409607205147,
    "cumulativeLayoutShift": 0.00983813037853587,
    "firstInputDelay": 30.63166786218666,
    "timestamp": 1773603600408
  },
  "runtime": {
    "memoryUsage": {
      "rss": 63766528,
      "heapUsed": 13880080,
      "heapTotal": 19333120,
      "external": 2622802
    },
    "startupTime": 292.869708,
    "cpuUsage": 149.838,
    "timestamp": 1773603600408
  },
  "violations": [],
  "recommendations": [
    "Largest file (index.js) is 100.0% of bundle - consider splitting or optimizing"
  ],
  "overallStatus": "pass"
}