{
  "timestamp": 1773668129447,
  "bundleSize": {
    "totalSize": 916,
    "gzippedSize": 423,
    "fileCount": 1,
    "largestFile": {
      "name": "index.js",
      "size": 916,
      "gzippedSize": 423
    },
    "breakdown": [
      {
        "name": "index.js",
        "size": 916,
        "gzippedSize": 423,
        "percentage": 100
      }
    ]
  },
  "webVitals": {
    "firstContentfulPaint": 1105.5382674612906,
    "timeToInteractive": 2784.5007058676338,
    "largestContentfulPaint": 2473.329189354324,
    "cumulativeLayoutShift": 0.017835792197374946,
    "firstInputDelay": 28.67764696283667,
    "timestamp": 1773668129447
  },
  "runtime": {
    "memoryUsage": {
      "rss": 62701568,
      "heapUsed": 12159456,
      "heapTotal": 19857408,
      "external": 1969696
    },
    "startupTime": 284.861125,
    "cpuUsage": 142.827,
    "timestamp": 1773668129447
  },
  "violations": [],
  "recommendations": [
    "Largest file (index.js) is 100.0% of bundle - consider splitting or optimizing"
  ],
  "overallStatus": "pass"
}