{
  "timestamp": 1773592895114,
  "bundleSize": {
    "totalSize": 916,
    "gzippedSize": 423,
    "fileCount": 1,
    "largestFile": {
      "name": "index.js",
      "size": 916,
      "gzippedSize": 423
    },
    "breakdown": [
      {
        "name": "index.js",
        "size": 916,
        "gzippedSize": 423,
        "percentage": 100
      }
    ]
  },
  "webVitals": {
    "firstContentfulPaint": 880.9389584312066,
    "timeToInteractive": 2487.470425365393,
    "largestContentfulPaint": 2040.6732361479467,
    "cumulativeLayoutShift": 0.011795862496036992,
    "firstInputDelay": 30.570134727139386,
    "timestamp": 1773592895114
  },
  "runtime": {
    "memoryUsage": {
      "rss": 61423616,
      "heapUsed": 12056952,
      "heapTotal": 20119552,
      "external": 1969997
    },
    "startupTime": 243.706334,
    "cpuUsage": 154.522,
    "timestamp": 1773592895114
  },
  "violations": [],
  "recommendations": [
    "Largest file (index.js) is 100.0% of bundle - consider splitting or optimizing"
  ],
  "overallStatus": "pass"
}