{
  "timestamp": 1773416181333,
  "bundleSize": {
    "totalSize": 916,
    "gzippedSize": 423,
    "fileCount": 1,
    "largestFile": {
      "name": "index.js",
      "size": 916,
      "gzippedSize": 423
    },
    "breakdown": [
      {
        "name": "index.js",
        "size": 916,
        "gzippedSize": 423,
        "percentage": 100
      }
    ]
  },
  "webVitals": {
    "firstContentfulPaint": 1271.4309556398598,
    "timeToInteractive": 2664.857090867231,
    "largestContentfulPaint": 1748.0259757005515,
    "cumulativeLayoutShift": 0.02100921122692323,
    "firstInputDelay": 27.133440979595736,
    "timestamp": 1773416181333
  },
  "runtime": {
    "memoryUsage": {
      "rss": 62341120,
      "heapUsed": 12352504,
      "heapTotal": 20119552,
      "external": 1969708
    },
    "startupTime": 314.995416,
    "cpuUsage": 173.747,
    "timestamp": 1773416181333
  },
  "violations": [],
  "recommendations": [
    "Largest file (index.js) is 100.0% of bundle - consider splitting or optimizing"
  ],
  "overallStatus": "pass"
}