{
  "timestamp": 1772299700587,
  "bundleSize": {
    "totalSize": 916,
    "gzippedSize": 423,
    "fileCount": 1,
    "largestFile": {
      "name": "index.js",
      "size": 916,
      "gzippedSize": 423
    },
    "breakdown": [
      {
        "name": "index.js",
        "size": 916,
        "gzippedSize": 423,
        "percentage": 100
      }
    ]
  },
  "webVitals": {
    "firstContentfulPaint": 1394.0962006438754,
    "timeToInteractive": 2416.1646737271744,
    "largestContentfulPaint": 2253.2047114617744,
    "cumulativeLayoutShift": 0.055781763575893976,
    "firstInputDelay": 47.59107971818519,
    "timestamp": 1772299700587
  },
  "runtime": {
    "memoryUsage": {
      "rss": 62308352,
      "heapUsed": 11936304,
      "heapTotal": 19857408,
      "external": 1964862
    },
    "startupTime": 420.720459,
    "cpuUsage": 180.687,
    "timestamp": 1772299700587
  },
  "violations": [],
  "recommendations": [
    "Largest file (index.js) is 100.0% of bundle - consider splitting or optimizing"
  ],
  "overallStatus": "pass"
}