{
  "timestamp": 1772592212356,
  "bundleSize": {
    "totalSize": 916,
    "gzippedSize": 423,
    "fileCount": 1,
    "largestFile": {
      "name": "index.js",
      "size": 916,
      "gzippedSize": 423
    },
    "breakdown": [
      {
        "name": "index.js",
        "size": 916,
        "gzippedSize": 423,
        "percentage": 100
      }
    ]
  },
  "webVitals": {
    "firstContentfulPaint": 987.3516178249054,
    "timeToInteractive": 2780.5504998209763,
    "largestContentfulPaint": 1713.6764720081078,
    "cumulativeLayoutShift": 0.02990008712839434,
    "firstInputDelay": 35.76105416580828,
    "timestamp": 1772592212356
  },
  "runtime": {
    "memoryUsage": {
      "rss": 61882368,
      "heapUsed": 11941224,
      "heapTotal": 19857408,
      "external": 1964817
    },
    "startupTime": 255.254667,
    "cpuUsage": 157.981,
    "timestamp": 1772592212356
  },
  "violations": [],
  "recommendations": [
    "Largest file (index.js) is 100.0% of bundle - consider splitting or optimizing"
  ],
  "overallStatus": "pass"
}