{
  "timestamp": 1772592219149,
  "bundleSize": {
    "totalSize": 916,
    "gzippedSize": 423,
    "fileCount": 1,
    "largestFile": {
      "name": "index.js",
      "size": 916,
      "gzippedSize": 423
    },
    "breakdown": [
      {
        "name": "index.js",
        "size": 916,
        "gzippedSize": 423,
        "percentage": 100
      }
    ]
  },
  "webVitals": {
    "firstContentfulPaint": 1182.5919405570817,
    "timeToInteractive": 2774.2670432924615,
    "largestContentfulPaint": 1839.9979596416297,
    "cumulativeLayoutShift": 0.07851479039206621,
    "firstInputDelay": 26.23929739179125,
    "timestamp": 1772592219149
  },
  "runtime": {
    "memoryUsage": {
      "rss": 62439424,
      "heapUsed": 11942352,
      "heapTotal": 20119552,
      "external": 1971474
    },
    "startupTime": 268.284667,
    "cpuUsage": 162.149,
    "timestamp": 1772592219149
  },
  "violations": [],
  "recommendations": [
    "Largest file (index.js) is 100.0% of bundle - consider splitting or optimizing"
  ],
  "overallStatus": "pass"
}