{
  "timestamp": 1773430730788,
  "bundleSize": {
    "totalSize": 916,
    "gzippedSize": 423,
    "fileCount": 1,
    "largestFile": {
      "name": "index.js",
      "size": 916,
      "gzippedSize": 423
    },
    "breakdown": [
      {
        "name": "index.js",
        "size": 916,
        "gzippedSize": 423,
        "percentage": 100
      }
    ]
  },
  "webVitals": {
    "firstContentfulPaint": 1373.2097206897483,
    "timeToInteractive": 2366.1661603168704,
    "largestContentfulPaint": 2413.6514778680075,
    "cumulativeLayoutShift": 0.007109401609486344,
    "firstInputDelay": 49.06168284110046,
    "timestamp": 1773430730788
  },
  "runtime": {
    "memoryUsage": {
      "rss": 62062592,
      "heapUsed": 12046112,
      "heapTotal": 20119552,
      "external": 1964344
    },
    "startupTime": 248.188292,
    "cpuUsage": 146.726,
    "timestamp": 1773430730788
  },
  "violations": [],
  "recommendations": [
    "Largest file (index.js) is 100.0% of bundle - consider splitting or optimizing"
  ],
  "overallStatus": "pass"
}