{
  "timestamp": 1772542755662,
  "bundleSize": {
    "totalSize": 916,
    "gzippedSize": 423,
    "fileCount": 1,
    "largestFile": {
      "name": "index.js",
      "size": 916,
      "gzippedSize": 423
    },
    "breakdown": [
      {
        "name": "index.js",
        "size": 916,
        "gzippedSize": 423,
        "percentage": 100
      }
    ]
  },
  "webVitals": {
    "firstContentfulPaint": 1185.185111161133,
    "timeToInteractive": 2862.191251211987,
    "largestContentfulPaint": 1773.1851957998222,
    "cumulativeLayoutShift": 0.009968080474849317,
    "firstInputDelay": 26.167025267416445,
    "timestamp": 1772542755662
  },
  "runtime": {
    "memoryUsage": {
      "rss": 62504960,
      "heapUsed": 11968736,
      "heapTotal": 20643840,
      "external": 1971956
    },
    "startupTime": 436.763458,
    "cpuUsage": 168.511,
    "timestamp": 1772542755662
  },
  "violations": [],
  "recommendations": [
    "Largest file (index.js) is 100.0% of bundle - consider splitting or optimizing"
  ],
  "overallStatus": "pass"
}