{
  "timestamp": 1772764475298,
  "bundleSize": {
    "totalSize": 916,
    "gzippedSize": 423,
    "fileCount": 1,
    "largestFile": {
      "name": "index.js",
      "size": 916,
      "gzippedSize": 423
    },
    "breakdown": [
      {
        "name": "index.js",
        "size": 916,
        "gzippedSize": 423,
        "percentage": 100
      }
    ]
  },
  "webVitals": {
    "firstContentfulPaint": 1397.3619985961795,
    "timeToInteractive": 2599.2791554254263,
    "largestContentfulPaint": 1761.4197637314726,
    "cumulativeLayoutShift": 0.07465453973360665,
    "firstInputDelay": 49.357715278860816,
    "timestamp": 1772764475298
  },
  "runtime": {
    "memoryUsage": {
      "rss": 63078400,
      "heapUsed": 12354968,
      "heapTotal": 19857408,
      "external": 1970990
    },
    "startupTime": 333.193667,
    "cpuUsage": 143.834,
    "timestamp": 1772764475298
  },
  "violations": [],
  "recommendations": [
    "Largest file (index.js) is 100.0% of bundle - consider splitting or optimizing"
  ],
  "overallStatus": "pass"
}