{
  "timestamp": 1773591813991,
  "bundleSize": {
    "totalSize": 916,
    "gzippedSize": 423,
    "fileCount": 1,
    "largestFile": {
      "name": "index.js",
      "size": 916,
      "gzippedSize": 423
    },
    "breakdown": [
      {
        "name": "index.js",
        "size": 916,
        "gzippedSize": 423,
        "percentage": 100
      }
    ]
  },
  "webVitals": {
    "firstContentfulPaint": 1040.0217838230055,
    "timeToInteractive": 2531.7094287802847,
    "largestContentfulPaint": 1694.5755481684096,
    "cumulativeLayoutShift": 0.09211205980064666,
    "firstInputDelay": 50.16876074627251,
    "timestamp": 1773591813991
  },
  "runtime": {
    "memoryUsage": {
      "rss": 61472768,
      "heapUsed": 12230328,
      "heapTotal": 19857408,
      "external": 1970157
    },
    "startupTime": 1121.928541,
    "cpuUsage": 184.424,
    "timestamp": 1773591813991
  },
  "violations": [],
  "recommendations": [
    "Largest file (index.js) is 100.0% of bundle - consider splitting or optimizing"
  ],
  "overallStatus": "pass"
}