{
  "timestamp": 1773362159671,
  "bundleSize": {
    "totalSize": 916,
    "gzippedSize": 423,
    "fileCount": 1,
    "largestFile": {
      "name": "index.js",
      "size": 916,
      "gzippedSize": 423
    },
    "breakdown": [
      {
        "name": "index.js",
        "size": 916,
        "gzippedSize": 423,
        "percentage": 100
      }
    ]
  },
  "webVitals": {
    "firstContentfulPaint": 1113.213557564869,
    "timeToInteractive": 2771.239266253946,
    "largestContentfulPaint": 2468.9531355421122,
    "cumulativeLayoutShift": 0.09296151954943666,
    "firstInputDelay": 30.169558886132187,
    "timestamp": 1773362159671
  },
  "runtime": {
    "memoryUsage": {
      "rss": 61685760,
      "heapUsed": 12074448,
      "heapTotal": 20119552,
      "external": 1969708
    },
    "startupTime": 312.683125,
    "cpuUsage": 169.069,
    "timestamp": 1773362159671
  },
  "violations": [],
  "recommendations": [
    "Largest file (index.js) is 100.0% of bundle - consider splitting or optimizing"
  ],
  "overallStatus": "pass"
}