{
  "timestamp": 1773315967812,
  "bundleSize": {
    "totalSize": 916,
    "gzippedSize": 423,
    "fileCount": 1,
    "largestFile": {
      "name": "index.js",
      "size": 916,
      "gzippedSize": 423
    },
    "breakdown": [
      {
        "name": "index.js",
        "size": 916,
        "gzippedSize": 423,
        "percentage": 100
      }
    ]
  },
  "webVitals": {
    "firstContentfulPaint": 1485.5449014200424,
    "timeToInteractive": 2030.1125326619153,
    "largestContentfulPaint": 2113.251851596008,
    "cumulativeLayoutShift": 0.07317185571683851,
    "firstInputDelay": 36.120779052710105,
    "timestamp": 1773315967812
  },
  "runtime": {
    "memoryUsage": {
      "rss": 61947904,
      "heapUsed": 12227480,
      "heapTotal": 19857408,
      "external": 1965339
    },
    "startupTime": 210.006291,
    "cpuUsage": 150.641,
    "timestamp": 1773315967812
  },
  "violations": [],
  "recommendations": [
    "Largest file (index.js) is 100.0% of bundle - consider splitting or optimizing"
  ],
  "overallStatus": "pass"
}