{
  "timestamp": 1772312802880,
  "bundleSize": {
    "totalSize": 916,
    "gzippedSize": 423,
    "fileCount": 1,
    "largestFile": {
      "name": "index.js",
      "size": 916,
      "gzippedSize": 423
    },
    "breakdown": [
      {
        "name": "index.js",
        "size": 916,
        "gzippedSize": 423,
        "percentage": 100
      }
    ]
  },
  "webVitals": {
    "firstContentfulPaint": 632.781597381833,
    "timeToInteractive": 2344.7960118057745,
    "largestContentfulPaint": 2043.1212814697158,
    "cumulativeLayoutShift": 0.03801398009440904,
    "firstInputDelay": 41.978697402287246,
    "timestamp": 1772312802880
  },
  "runtime": {
    "memoryUsage": {
      "rss": 62111744,
      "heapUsed": 11994336,
      "heapTotal": 19857408,
      "external": 1970480
    },
    "startupTime": 364.363917,
    "cpuUsage": 179.902,
    "timestamp": 1772312802880
  },
  "violations": [],
  "recommendations": [
    "Largest file (index.js) is 100.0% of bundle - consider splitting or optimizing"
  ],
  "overallStatus": "pass"
}