{
  "timestamp": 1773266304817,
  "bundleSize": {
    "totalSize": 916,
    "gzippedSize": 423,
    "fileCount": 1,
    "largestFile": {
      "name": "index.js",
      "size": 916,
      "gzippedSize": 423
    },
    "breakdown": [
      {
        "name": "index.js",
        "size": 916,
        "gzippedSize": 423,
        "percentage": 100
      }
    ]
  },
  "webVitals": {
    "firstContentfulPaint": 1077.9599655935574,
    "timeToInteractive": 2726.3261784535534,
    "largestContentfulPaint": 2489.359402235332,
    "cumulativeLayoutShift": 0.029568456581775673,
    "firstInputDelay": 56.0360977441329,
    "timestamp": 1773266304817
  },
  "runtime": {
    "memoryUsage": {
      "rss": 62062592,
      "heapUsed": 12104192,
      "heapTotal": 19857408,
      "external": 1969708
    },
    "startupTime": 256.856875,
    "cpuUsage": 147.925,
    "timestamp": 1773266304817
  },
  "violations": [],
  "recommendations": [
    "Largest file (index.js) is 100.0% of bundle - consider splitting or optimizing"
  ],
  "overallStatus": "pass"
}