{
  "timestamp": 1773241221234,
  "bundleSize": {
    "totalSize": 916,
    "gzippedSize": 423,
    "fileCount": 1,
    "largestFile": {
      "name": "index.js",
      "size": 916,
      "gzippedSize": 423
    },
    "breakdown": [
      {
        "name": "index.js",
        "size": 916,
        "gzippedSize": 423,
        "percentage": 100
      }
    ]
  },
  "webVitals": {
    "firstContentfulPaint": 1316.069028124711,
    "timeToInteractive": 2225.6873651803076,
    "largestContentfulPaint": 2396.5662911351505,
    "cumulativeLayoutShift": 0.060150031774103344,
    "firstInputDelay": 56.127940935999476,
    "timestamp": 1773241221234
  },
  "runtime": {
    "memoryUsage": {
      "rss": 61784064,
      "heapUsed": 11964448,
      "heapTotal": 20119552,
      "external": 1969921
    },
    "startupTime": 298.368166,
    "cpuUsage": 152.433,
    "timestamp": 1773241221234
  },
  "violations": [],
  "recommendations": [
    "Largest file (index.js) is 100.0% of bundle - consider splitting or optimizing"
  ],
  "overallStatus": "pass"
}