{
  "timestamp": 1773607073489,
  "bundleSize": {
    "totalSize": 916,
    "gzippedSize": 423,
    "fileCount": 1,
    "largestFile": {
      "name": "index.js",
      "size": 916,
      "gzippedSize": 423
    },
    "breakdown": [
      {
        "name": "index.js",
        "size": 916,
        "gzippedSize": 423,
        "percentage": 100
      }
    ]
  },
  "webVitals": {
    "firstContentfulPaint": 803.4202792393496,
    "timeToInteractive": 2242.30514912303,
    "largestContentfulPaint": 1910.6537381005235,
    "cumulativeLayoutShift": 0.0030970030374855907,
    "firstInputDelay": 28.660598314587215,
    "timestamp": 1773607073489
  },
  "runtime": {
    "memoryUsage": {
      "rss": 62488576,
      "heapUsed": 12123088,
      "heapTotal": 19857408,
      "external": 1970916
    },
    "startupTime": 273.487959,
    "cpuUsage": 170.754,
    "timestamp": 1773607073489
  },
  "violations": [],
  "recommendations": [
    "Largest file (index.js) is 100.0% of bundle - consider splitting or optimizing"
  ],
  "overallStatus": "pass"
}