{
  "timestamp": 1772451223213,
  "bundleSize": {
    "totalSize": 916,
    "gzippedSize": 423,
    "fileCount": 1,
    "largestFile": {
      "name": "index.js",
      "size": 916,
      "gzippedSize": 423
    },
    "breakdown": [
      {
        "name": "index.js",
        "size": 916,
        "gzippedSize": 423,
        "percentage": 100
      }
    ]
  },
  "webVitals": {
    "firstContentfulPaint": 929.4431717773879,
    "timeToInteractive": 2225.7394246527447,
    "largestContentfulPaint": 1679.046793311055,
    "cumulativeLayoutShift": 0.047191992867126366,
    "firstInputDelay": 67.96468829008816,
    "timestamp": 1772451223213
  },
  "runtime": {
    "memoryUsage": {
      "rss": 59850752,
      "heapUsed": 11962648,
      "heapTotal": 19857408,
      "external": 1970480
    },
    "startupTime": 413.824125,
    "cpuUsage": 172.279,
    "timestamp": 1772451223213
  },
  "violations": [],
  "recommendations": [
    "Largest file (index.js) is 100.0% of bundle - consider splitting or optimizing"
  ],
  "overallStatus": "pass"
}