{
  "timestamp": 1773671635292,
  "bundleSize": {
    "totalSize": 916,
    "gzippedSize": 423,
    "fileCount": 1,
    "largestFile": {
      "name": "index.js",
      "size": 916,
      "gzippedSize": 423
    },
    "breakdown": [
      {
        "name": "index.js",
        "size": 916,
        "gzippedSize": 423,
        "percentage": 100
      }
    ]
  },
  "webVitals": {
    "firstContentfulPaint": 996.8438820321715,
    "timeToInteractive": 2806.481881060209,
    "largestContentfulPaint": 1818.3575018557144,
    "cumulativeLayoutShift": 0.030723827745917046,
    "firstInputDelay": 56.16022051131843,
    "timestamp": 1773671635292
  },
  "runtime": {
    "memoryUsage": {
      "rss": 61718528,
      "heapUsed": 12089184,
      "heapTotal": 19595264,
      "external": 1965339
    },
    "startupTime": 225.612334,
    "cpuUsage": 143.883,
    "timestamp": 1773671635292
  },
  "violations": [],
  "recommendations": [
    "Largest file (index.js) is 100.0% of bundle - consider splitting or optimizing"
  ],
  "overallStatus": "pass"
}