{
  "timestamp": 1772723828442,
  "bundleSize": {
    "totalSize": 916,
    "gzippedSize": 423,
    "fileCount": 1,
    "largestFile": {
      "name": "index.js",
      "size": 916,
      "gzippedSize": 423
    },
    "breakdown": [
      {
        "name": "index.js",
        "size": 916,
        "gzippedSize": 423,
        "percentage": 100
      }
    ]
  },
  "webVitals": {
    "firstContentfulPaint": 1024.0996158338166,
    "timeToInteractive": 2405.8738415394064,
    "largestContentfulPaint": 2166.4327528629037,
    "cumulativeLayoutShift": 0.033284757117105594,
    "firstInputDelay": 48.207798821088744,
    "timestamp": 1772723828442
  },
  "runtime": {
    "memoryUsage": {
      "rss": 61964288,
      "heapUsed": 12228424,
      "heapTotal": 19857408,
      "external": 1972478
    },
    "startupTime": 225.555292,
    "cpuUsage": 143.901,
    "timestamp": 1772723828442
  },
  "violations": [],
  "recommendations": [
    "Largest file (index.js) is 100.0% of bundle - consider splitting or optimizing"
  ],
  "overallStatus": "pass"
}