{
  "timestamp": 1773150245327,
  "bundleSize": {
    "totalSize": 916,
    "gzippedSize": 423,
    "fileCount": 1,
    "largestFile": {
      "name": "index.js",
      "size": 916,
      "gzippedSize": 423
    },
    "breakdown": [
      {
        "name": "index.js",
        "size": 916,
        "gzippedSize": 423,
        "percentage": 100
      }
    ]
  },
  "webVitals": {
    "firstContentfulPaint": 1212.9812177468384,
    "timeToInteractive": 2563.2738963391603,
    "largestContentfulPaint": 1851.9339135466175,
    "cumulativeLayoutShift": 0.032220986508284845,
    "firstInputDelay": 27.69544733827796,
    "timestamp": 1773150245327
  },
  "runtime": {
    "memoryUsage": {
      "rss": 62570496,
      "heapUsed": 12401904,
      "heapTotal": 20119552,
      "external": 1979455
    },
    "startupTime": 240.623792,
    "cpuUsage": 143.418,
    "timestamp": 1773150245327
  },
  "violations": [],
  "recommendations": [
    "Largest file (index.js) is 100.0% of bundle - consider splitting or optimizing"
  ],
  "overallStatus": "pass"
}