{
  "timestamp": 1773416283345,
  "bundleSize": {
    "totalSize": 916,
    "gzippedSize": 423,
    "fileCount": 1,
    "largestFile": {
      "name": "index.js",
      "size": 916,
      "gzippedSize": 423
    },
    "breakdown": [
      {
        "name": "index.js",
        "size": 916,
        "gzippedSize": 423,
        "percentage": 100
      }
    ]
  },
  "webVitals": {
    "firstContentfulPaint": 1415.714578102426,
    "timeToInteractive": 2796.5365290377695,
    "largestContentfulPaint": 2259.676373510592,
    "cumulativeLayoutShift": 0.0020121888563441773,
    "firstInputDelay": 52.760024589718626,
    "timestamp": 1773416283345
  },
  "runtime": {
    "memoryUsage": {
      "rss": 61571072,
      "heapUsed": 12074592,
      "heapTotal": 19595264,
      "external": 1969708
    },
    "startupTime": 287.242542,
    "cpuUsage": 161.644,
    "timestamp": 1773416283345
  },
  "violations": [],
  "recommendations": [
    "Largest file (index.js) is 100.0% of bundle - consider splitting or optimizing"
  ],
  "overallStatus": "pass"
}