{
  "timestamp": 1772205252668,
  "bundleSize": {
    "totalSize": 916,
    "gzippedSize": 423,
    "fileCount": 1,
    "largestFile": {
      "name": "index.js",
      "size": 916,
      "gzippedSize": 423
    },
    "breakdown": [
      {
        "name": "index.js",
        "size": 916,
        "gzippedSize": 423,
        "percentage": 100
      }
    ]
  },
  "webVitals": {
    "firstContentfulPaint": 1126.135969641356,
    "timeToInteractive": 2714.4562989486285,
    "largestContentfulPaint": 1992.8388023180134,
    "cumulativeLayoutShift": 0.04017929153089235,
    "firstInputDelay": 70.96784682178027,
    "timestamp": 1772205252668
  },
  "runtime": {
    "memoryUsage": {
      "rss": 61915136,
      "heapUsed": 11994832,
      "heapTotal": 19857408,
      "external": 1968190
    },
    "startupTime": 2940.514417,
    "cpuUsage": 563.485,
    "timestamp": 1772205252668
  },
  "violations": [],
  "recommendations": [
    "Largest file (index.js) is 100.0% of bundle - consider splitting or optimizing"
  ],
  "overallStatus": "pass"
}