{
  "timestamp": 1772794455678,
  "bundleSize": {
    "totalSize": 916,
    "gzippedSize": 423,
    "fileCount": 1,
    "largestFile": {
      "name": "index.js",
      "size": 916,
      "gzippedSize": 423
    },
    "breakdown": [
      {
        "name": "index.js",
        "size": 916,
        "gzippedSize": 423,
        "percentage": 100
      }
    ]
  },
  "webVitals": {
    "firstContentfulPaint": 623.8731408444114,
    "timeToInteractive": 2023.6996973805637,
    "largestContentfulPaint": 1886.5907780293842,
    "cumulativeLayoutShift": 0.08370418211987103,
    "firstInputDelay": 42.45504098664203,
    "timestamp": 1772794455678
  },
  "runtime": {
    "memoryUsage": {
      "rss": 61964288,
      "heapUsed": 12198664,
      "heapTotal": 19857408,
      "external": 1972478
    },
    "startupTime": 230.223709,
    "cpuUsage": 145.351,
    "timestamp": 1772794455678
  },
  "violations": [],
  "recommendations": [
    "Largest file (index.js) is 100.0% of bundle - consider splitting or optimizing"
  ],
  "overallStatus": "pass"
}