{
  "timestamp": 1772733863208,
  "bundleSize": {
    "totalSize": 916,
    "gzippedSize": 423,
    "fileCount": 1,
    "largestFile": {
      "name": "index.js",
      "size": 916,
      "gzippedSize": 423
    },
    "breakdown": [
      {
        "name": "index.js",
        "size": 916,
        "gzippedSize": 423,
        "percentage": 100
      }
    ]
  },
  "webVitals": {
    "firstContentfulPaint": 1327.6587998415619,
    "timeToInteractive": 2626.638218879343,
    "largestContentfulPaint": 1915.4367342390672,
    "cumulativeLayoutShift": 0.059240170464931734,
    "firstInputDelay": 46.628377289873924,
    "timestamp": 1772733863208
  },
  "runtime": {
    "memoryUsage": {
      "rss": 62062592,
      "heapUsed": 12926920,
      "heapTotal": 19857408,
      "external": 1965554
    },
    "startupTime": 203.47025,
    "cpuUsage": 140.516,
    "timestamp": 1772733863208
  },
  "violations": [],
  "recommendations": [
    "Largest file (index.js) is 100.0% of bundle - consider splitting or optimizing"
  ],
  "overallStatus": "pass"
}