{
  "timestamp": 1773344335955,
  "bundleSize": {
    "totalSize": 916,
    "gzippedSize": 423,
    "fileCount": 1,
    "largestFile": {
      "name": "index.js",
      "size": 916,
      "gzippedSize": 423
    },
    "breakdown": [
      {
        "name": "index.js",
        "size": 916,
        "gzippedSize": 423,
        "percentage": 100
      }
    ]
  },
  "webVitals": {
    "firstContentfulPaint": 1446.2152061005497,
    "timeToInteractive": 2644.1045100359743,
    "largestContentfulPaint": 1823.5191044429444,
    "cumulativeLayoutShift": 0.04570957970065268,
    "firstInputDelay": 65.46704715355928,
    "timestamp": 1773344335955
  },
  "runtime": {
    "memoryUsage": {
      "rss": 61784064,
      "heapUsed": 12241408,
      "heapTotal": 19857408,
      "external": 1969708
    },
    "startupTime": 317.220125,
    "cpuUsage": 173.613,
    "timestamp": 1773344335955
  },
  "violations": [],
  "recommendations": [
    "Largest file (index.js) is 100.0% of bundle - consider splitting or optimizing"
  ],
  "overallStatus": "pass"
}