{
  "timestamp": 1773584183018,
  "bundleSize": {
    "totalSize": 916,
    "gzippedSize": 423,
    "fileCount": 1,
    "largestFile": {
      "name": "index.js",
      "size": 916,
      "gzippedSize": 423
    },
    "breakdown": [
      {
        "name": "index.js",
        "size": 916,
        "gzippedSize": 423,
        "percentage": 100
      }
    ]
  },
  "webVitals": {
    "firstContentfulPaint": 788.9695573260915,
    "timeToInteractive": 2984.0484239748866,
    "largestContentfulPaint": 2238.026563492794,
    "cumulativeLayoutShift": 0.0036827776799159607,
    "firstInputDelay": 57.98274943060465,
    "timestamp": 1773584183018
  },
  "runtime": {
    "memoryUsage": {
      "rss": 61947904,
      "heapUsed": 12198080,
      "heapTotal": 20119552,
      "external": 1970916
    },
    "startupTime": 236.232167,
    "cpuUsage": 144.746,
    "timestamp": 1773584183018
  },
  "violations": [],
  "recommendations": [
    "Largest file (index.js) is 100.0% of bundle - consider splitting or optimizing"
  ],
  "overallStatus": "pass"
}