{
  "timestamp": 1773173823381,
  "bundleSize": {
    "totalSize": 916,
    "gzippedSize": 423,
    "fileCount": 1,
    "largestFile": {
      "name": "index.js",
      "size": 916,
      "gzippedSize": 423
    },
    "breakdown": [
      {
        "name": "index.js",
        "size": 916,
        "gzippedSize": 423,
        "percentage": 100
      }
    ]
  },
  "webVitals": {
    "firstContentfulPaint": 1099.9478386714907,
    "timeToInteractive": 2572.9039095877606,
    "largestContentfulPaint": 2016.2517227795358,
    "cumulativeLayoutShift": 0.005521199264286647,
    "firstInputDelay": 62.9537301219666,
    "timestamp": 1773173823381
  },
  "runtime": {
    "memoryUsage": {
      "rss": 61800448,
      "heapUsed": 12070792,
      "heapTotal": 19595264,
      "external": 1965339
    },
    "startupTime": 217.224084,
    "cpuUsage": 140.12,
    "timestamp": 1773173823381
  },
  "violations": [],
  "recommendations": [
    "Largest file (index.js) is 100.0% of bundle - consider splitting or optimizing"
  ],
  "overallStatus": "pass"
}