{
  "timestamp": 1769978730429,
  "bundleSize": {
    "totalSize": 916,
    "gzippedSize": 423,
    "fileCount": 1,
    "largestFile": {
      "name": "index.js",
      "size": 916,
      "gzippedSize": 423
    },
    "breakdown": [
      {
        "name": "index.js",
        "size": 916,
        "gzippedSize": 423,
        "percentage": 100
      }
    ]
  },
  "webVitals": {
    "firstContentfulPaint": 1406.8291720983202,
    "timeToInteractive": 2714.0206359410536,
    "largestContentfulPaint": 1952.5351229130897,
    "cumulativeLayoutShift": 0.08518506226512634,
    "firstInputDelay": 47.930180203994524,
    "timestamp": 1769978730428
  },
  "runtime": {
    "memoryUsage": {
      "rss": 71794688,
      "heapUsed": 12951408,
      "heapTotal": 20692992,
      "external": 2133659
    },
    "startupTime": 319.914375,
    "cpuUsage": 189.284,
    "timestamp": 1769978730429
  },
  "violations": [],
  "recommendations": [
    "Largest file (index.js) is 100.0% of bundle - consider splitting or optimizing"
  ],
  "overallStatus": "pass"
}