{
  "timestamp": 1773089415920,
  "bundleSize": {
    "totalSize": 916,
    "gzippedSize": 423,
    "fileCount": 1,
    "largestFile": {
      "name": "index.js",
      "size": 916,
      "gzippedSize": 423
    },
    "breakdown": [
      {
        "name": "index.js",
        "size": 916,
        "gzippedSize": 423,
        "percentage": 100
      }
    ]
  },
  "webVitals": {
    "firstContentfulPaint": 1224.760617347841,
    "timeToInteractive": 2506.160786394193,
    "largestContentfulPaint": 1662.2891206274207,
    "cumulativeLayoutShift": 0.04191805133841156,
    "firstInputDelay": 54.450886418391576,
    "timestamp": 1773089415920
  },
  "runtime": {
    "memoryUsage": {
      "rss": 62341120,
      "heapUsed": 12224808,
      "heapTotal": 19857408,
      "external": 1972478
    },
    "startupTime": 304.216083,
    "cpuUsage": 184.381,
    "timestamp": 1773089415920
  },
  "violations": [],
  "recommendations": [
    "Largest file (index.js) is 100.0% of bundle - consider splitting or optimizing"
  ],
  "overallStatus": "pass"
}