{
  "timestamp": 1772736929227,
  "bundleSize": {
    "totalSize": 916,
    "gzippedSize": 423,
    "fileCount": 1,
    "largestFile": {
      "name": "index.js",
      "size": 916,
      "gzippedSize": 423
    },
    "breakdown": [
      {
        "name": "index.js",
        "size": 916,
        "gzippedSize": 423,
        "percentage": 100
      }
    ]
  },
  "webVitals": {
    "firstContentfulPaint": 737.8803585576699,
    "timeToInteractive": 2887.0220057675265,
    "largestContentfulPaint": 2302.0499349792544,
    "cumulativeLayoutShift": 0.04166096255584724,
    "firstInputDelay": 74.89279118661968,
    "timestamp": 1772736929226
  },
  "runtime": {
    "memoryUsage": {
      "rss": 61784064,
      "heapUsed": 12932808,
      "heapTotal": 20119552,
      "external": 1972693
    },
    "startupTime": 208.455166,
    "cpuUsage": 132.792,
    "timestamp": 1772736929227
  },
  "violations": [],
  "recommendations": [
    "Largest file (index.js) is 100.0% of bundle - consider splitting or optimizing"
  ],
  "overallStatus": "pass"
}