{
  "timestamp": 1772730193744,
  "bundleSize": {
    "totalSize": 916,
    "gzippedSize": 423,
    "fileCount": 1,
    "largestFile": {
      "name": "index.js",
      "size": 916,
      "gzippedSize": 423
    },
    "breakdown": [
      {
        "name": "index.js",
        "size": 916,
        "gzippedSize": 423,
        "percentage": 100
      }
    ]
  },
  "webVitals": {
    "firstContentfulPaint": 1068.3957824876968,
    "timeToInteractive": 2804.136663635547,
    "largestContentfulPaint": 1628.0108502446346,
    "cumulativeLayoutShift": 0.09919415394676959,
    "firstInputDelay": 31.347578701864453,
    "timestamp": 1772730193743
  },
  "runtime": {
    "memoryUsage": {
      "rss": 61718528,
      "heapUsed": 12193576,
      "heapTotal": 19857408,
      "external": 1971002
    },
    "startupTime": 377.555042,
    "cpuUsage": 192.203,
    "timestamp": 1772730193744
  },
  "violations": [],
  "recommendations": [
    "Largest file (index.js) is 100.0% of bundle - consider splitting or optimizing"
  ],
  "overallStatus": "pass"
}