{
  "timestamp": 1773348957655,
  "bundleSize": {
    "totalSize": 916,
    "gzippedSize": 423,
    "fileCount": 1,
    "largestFile": {
      "name": "index.js",
      "size": 916,
      "gzippedSize": 423
    },
    "breakdown": [
      {
        "name": "index.js",
        "size": 916,
        "gzippedSize": 423,
        "percentage": 100
      }
    ]
  },
  "webVitals": {
    "firstContentfulPaint": 861.3504871554021,
    "timeToInteractive": 2500.5153613471252,
    "largestContentfulPaint": 1972.9925866842036,
    "cumulativeLayoutShift": 0.057029827357089974,
    "firstInputDelay": 25.42346666472358,
    "timestamp": 1773348957655
  },
  "runtime": {
    "memoryUsage": {
      "rss": 60456960,
      "heapUsed": 12079872,
      "heapTotal": 20643840,
      "external": 1969920
    },
    "startupTime": 1170.821959,
    "cpuUsage": 179.191,
    "timestamp": 1773348957655
  },
  "violations": [],
  "recommendations": [
    "Largest file (index.js) is 100.0% of bundle - consider splitting or optimizing"
  ],
  "overallStatus": "pass"
}