{
  "timestamp": 1772538110016,
  "bundleSize": {
    "totalSize": 916,
    "gzippedSize": 423,
    "fileCount": 1,
    "largestFile": {
      "name": "index.js",
      "size": 916,
      "gzippedSize": 423
    },
    "breakdown": [
      {
        "name": "index.js",
        "size": 916,
        "gzippedSize": 423,
        "percentage": 100
      }
    ]
  },
  "webVitals": {
    "firstContentfulPaint": 1258.0874557215234,
    "timeToInteractive": 2711.8873399381546,
    "largestContentfulPaint": 1955.1355752893498,
    "cumulativeLayoutShift": 0.0677817405248297,
    "firstInputDelay": 39.787111121687715,
    "timestamp": 1772538110016
  },
  "runtime": {
    "memoryUsage": {
      "rss": 62177280,
      "heapUsed": 12757448,
      "heapTotal": 19857408,
      "external": 1972171
    },
    "startupTime": 252.902333,
    "cpuUsage": 154.136,
    "timestamp": 1772538110016
  },
  "violations": [],
  "recommendations": [
    "Largest file (index.js) is 100.0% of bundle - consider splitting or optimizing"
  ],
  "overallStatus": "pass"
}