{
  "timestamp": 1773004489316,
  "bundleSize": {
    "totalSize": 916,
    "gzippedSize": 423,
    "fileCount": 1,
    "largestFile": {
      "name": "index.js",
      "size": 916,
      "gzippedSize": 423
    },
    "breakdown": [
      {
        "name": "index.js",
        "size": 916,
        "gzippedSize": 423,
        "percentage": 100
      }
    ]
  },
  "webVitals": {
    "firstContentfulPaint": 1462.0857183017451,
    "timeToInteractive": 2667.9288682423166,
    "largestContentfulPaint": 1607.5267459727938,
    "cumulativeLayoutShift": 0.006101039117159224,
    "firstInputDelay": 59.182117765485934,
    "timestamp": 1773004489316
  },
  "runtime": {
    "memoryUsage": {
      "rss": 62226432,
      "heapUsed": 12257384,
      "heapTotal": 20119552,
      "external": 1971002
    },
    "startupTime": 299.161125,
    "cpuUsage": 167.257,
    "timestamp": 1773004489316
  },
  "violations": [],
  "recommendations": [
    "Largest file (index.js) is 100.0% of bundle - consider splitting or optimizing"
  ],
  "overallStatus": "pass"
}