{
  "timestamp": 1772563985818,
  "bundleSize": {
    "totalSize": 916,
    "gzippedSize": 423,
    "fileCount": 1,
    "largestFile": {
      "name": "index.js",
      "size": 916,
      "gzippedSize": 423
    },
    "breakdown": [
      {
        "name": "index.js",
        "size": 916,
        "gzippedSize": 423,
        "percentage": 100
      }
    ]
  },
  "webVitals": {
    "firstContentfulPaint": 976.6246508118284,
    "timeToInteractive": 2904.674765706818,
    "largestContentfulPaint": 1516.6624847543749,
    "cumulativeLayoutShift": 0.01988039339984529,
    "firstInputDelay": 50.886635160448414,
    "timestamp": 1772563985818
  },
  "runtime": {
    "memoryUsage": {
      "rss": 61521920,
      "heapUsed": 12682584,
      "heapTotal": 19857408,
      "external": 1970695
    },
    "startupTime": 273.206959,
    "cpuUsage": 151.608,
    "timestamp": 1772563985818
  },
  "violations": [],
  "recommendations": [
    "Largest file (index.js) is 100.0% of bundle - consider splitting or optimizing"
  ],
  "overallStatus": "pass"
}