{
  "timestamp": 1773397095174,
  "bundleSize": {
    "totalSize": 916,
    "gzippedSize": 423,
    "fileCount": 1,
    "largestFile": {
      "name": "index.js",
      "size": 916,
      "gzippedSize": 423
    },
    "breakdown": [
      {
        "name": "index.js",
        "size": 916,
        "gzippedSize": 423,
        "percentage": 100
      }
    ]
  },
  "webVitals": {
    "firstContentfulPaint": 1428.2562144974142,
    "timeToInteractive": 2695.221748591117,
    "largestContentfulPaint": 1581.4016617547554,
    "cumulativeLayoutShift": 0.03900422081102568,
    "firstInputDelay": 43.16983320830758,
    "timestamp": 1773397095174
  },
  "runtime": {
    "memoryUsage": {
      "rss": 61669376,
      "heapUsed": 12040904,
      "heapTotal": 20381696,
      "external": 1969226
    },
    "startupTime": 388.929583,
    "cpuUsage": 183.499,
    "timestamp": 1773397095174
  },
  "violations": [],
  "recommendations": [
    "Largest file (index.js) is 100.0% of bundle - consider splitting or optimizing"
  ],
  "overallStatus": "pass"
}