{
  "timestamp": 1773332466397,
  "bundleSize": {
    "totalSize": 916,
    "gzippedSize": 423,
    "fileCount": 1,
    "largestFile": {
      "name": "index.js",
      "size": 916,
      "gzippedSize": 423
    },
    "breakdown": [
      {
        "name": "index.js",
        "size": 916,
        "gzippedSize": 423,
        "percentage": 100
      }
    ]
  },
  "webVitals": {
    "firstContentfulPaint": 1311.159694955439,
    "timeToInteractive": 2827.4772374252975,
    "largestContentfulPaint": 1574.4419942131817,
    "cumulativeLayoutShift": 0.05371072234620571,
    "firstInputDelay": 44.43108423270217,
    "timestamp": 1773332466397
  },
  "runtime": {
    "memoryUsage": {
      "rss": 59523072,
      "heapUsed": 12071248,
      "heapTotal": 19857408,
      "external": 1966898
    },
    "startupTime": 552.332792,
    "cpuUsage": 198.271,
    "timestamp": 1773332466397
  },
  "violations": [],
  "recommendations": [
    "Largest file (index.js) is 100.0% of bundle - consider splitting or optimizing"
  ],
  "overallStatus": "pass"
}