{
  "timestamp": 1773003627827,
  "bundleSize": {
    "totalSize": 916,
    "gzippedSize": 423,
    "fileCount": 1,
    "largestFile": {
      "name": "index.js",
      "size": 916,
      "gzippedSize": 423
    },
    "breakdown": [
      {
        "name": "index.js",
        "size": 916,
        "gzippedSize": 423,
        "percentage": 100
      }
    ]
  },
  "webVitals": {
    "firstContentfulPaint": 615.6677026992954,
    "timeToInteractive": 2969.8498209784557,
    "largestContentfulPaint": 1718.2885810500293,
    "cumulativeLayoutShift": 0.04360344579219697,
    "firstInputDelay": 67.06014608853715,
    "timestamp": 1773003627827
  },
  "runtime": {
    "memoryUsage": {
      "rss": 62259200,
      "heapUsed": 12393960,
      "heapTotal": 20381696,
      "external": 1971002
    },
    "startupTime": 451.009292,
    "cpuUsage": 159.918,
    "timestamp": 1773003627827
  },
  "violations": [],
  "recommendations": [
    "Largest file (index.js) is 100.0% of bundle - consider splitting or optimizing"
  ],
  "overallStatus": "pass"
}