{
  "timestamp": 1773244238950,
  "bundleSize": {
    "totalSize": 916,
    "gzippedSize": 423,
    "fileCount": 1,
    "largestFile": {
      "name": "index.js",
      "size": 916,
      "gzippedSize": 423
    },
    "breakdown": [
      {
        "name": "index.js",
        "size": 916,
        "gzippedSize": 423,
        "percentage": 100
      }
    ]
  },
  "webVitals": {
    "firstContentfulPaint": 1439.419766998019,
    "timeToInteractive": 2340.9163974028957,
    "largestContentfulPaint": 2043.0654663810876,
    "cumulativeLayoutShift": 0.0063414417496102885,
    "firstInputDelay": 48.718922638833675,
    "timestamp": 1773244238950
  },
  "runtime": {
    "memoryUsage": {
      "rss": 61718528,
      "heapUsed": 12066976,
      "heapTotal": 19595264,
      "external": 1970916
    },
    "startupTime": 371.718958,
    "cpuUsage": 153.777,
    "timestamp": 1773244238950
  },
  "violations": [],
  "recommendations": [
    "Largest file (index.js) is 100.0% of bundle - consider splitting or optimizing"
  ],
  "overallStatus": "pass"
}