{
  "timestamp": 1772623144279,
  "bundleSize": {
    "totalSize": 916,
    "gzippedSize": 423,
    "fileCount": 1,
    "largestFile": {
      "name": "index.js",
      "size": 916,
      "gzippedSize": 423
    },
    "breakdown": [
      {
        "name": "index.js",
        "size": 916,
        "gzippedSize": 423,
        "percentage": 100
      }
    ]
  },
  "webVitals": {
    "firstContentfulPaint": 1135.8660480693293,
    "timeToInteractive": 2990.2657160238473,
    "largestContentfulPaint": 2383.666544335131,
    "cumulativeLayoutShift": 0.048778520532105366,
    "firstInputDelay": 27.75808314253039,
    "timestamp": 1772623144279
  },
  "runtime": {
    "memoryUsage": {
      "rss": 63799296,
      "heapUsed": 13702704,
      "heapTotal": 19333120,
      "external": 2719150
    },
    "startupTime": 245.36875,
    "cpuUsage": 141.977,
    "timestamp": 1772623144279
  },
  "violations": [],
  "recommendations": [
    "Largest file (index.js) is 100.0% of bundle - consider splitting or optimizing"
  ],
  "overallStatus": "pass"
}