{
  "timestamp": 1773661328233,
  "bundleSize": {
    "totalSize": 916,
    "gzippedSize": 423,
    "fileCount": 1,
    "largestFile": {
      "name": "index.js",
      "size": 916,
      "gzippedSize": 423
    },
    "breakdown": [
      {
        "name": "index.js",
        "size": 916,
        "gzippedSize": 423,
        "percentage": 100
      }
    ]
  },
  "webVitals": {
    "firstContentfulPaint": 1321.1869933533926,
    "timeToInteractive": 2897.3883967691836,
    "largestContentfulPaint": 1581.5519932731938,
    "cumulativeLayoutShift": 0.02147981304446607,
    "firstInputDelay": 28.433586366917275,
    "timestamp": 1773661328232
  },
  "runtime": {
    "memoryUsage": {
      "rss": 61849600,
      "heapUsed": 12092256,
      "heapTotal": 19857408,
      "external": 1969708
    },
    "startupTime": 365.044584,
    "cpuUsage": 164.403,
    "timestamp": 1773661328233
  },
  "violations": [],
  "recommendations": [
    "Largest file (index.js) is 100.0% of bundle - consider splitting or optimizing"
  ],
  "overallStatus": "pass"
}