{
  "timestamp": 1773006352439,
  "bundleSize": {
    "totalSize": 916,
    "gzippedSize": 423,
    "fileCount": 1,
    "largestFile": {
      "name": "index.js",
      "size": 916,
      "gzippedSize": 423
    },
    "breakdown": [
      {
        "name": "index.js",
        "size": 916,
        "gzippedSize": 423,
        "percentage": 100
      }
    ]
  },
  "webVitals": {
    "firstContentfulPaint": 1467.3255043337158,
    "timeToInteractive": 2685.0829008530773,
    "largestContentfulPaint": 1772.6273414898005,
    "cumulativeLayoutShift": 0.05520247962183065,
    "firstInputDelay": 46.63235932476219,
    "timestamp": 1773006352439
  },
  "runtime": {
    "memoryUsage": {
      "rss": 61800448,
      "heapUsed": 12981456,
      "heapTotal": 19857408,
      "external": 1972693
    },
    "startupTime": 214.320917,
    "cpuUsage": 136.928,
    "timestamp": 1773006352439
  },
  "violations": [],
  "recommendations": [
    "Largest file (index.js) is 100.0% of bundle - consider splitting or optimizing"
  ],
  "overallStatus": "pass"
}