{
  "timestamp": 1773658889075,
  "bundleSize": {
    "totalSize": 916,
    "gzippedSize": 423,
    "fileCount": 1,
    "largestFile": {
      "name": "index.js",
      "size": 916,
      "gzippedSize": 423
    },
    "breakdown": [
      {
        "name": "index.js",
        "size": 916,
        "gzippedSize": 423,
        "percentage": 100
      }
    ]
  },
  "webVitals": {
    "firstContentfulPaint": 869.6217010111911,
    "timeToInteractive": 2412.1590560822574,
    "largestContentfulPaint": 2171.6297574785094,
    "cumulativeLayoutShift": 0.05729804101881291,
    "firstInputDelay": 47.22809960512447,
    "timestamp": 1773658889075
  },
  "runtime": {
    "memoryUsage": {
      "rss": 62128128,
      "heapUsed": 12093832,
      "heapTotal": 20119552,
      "external": 1970916
    },
    "startupTime": 281.483458,
    "cpuUsage": 158.239,
    "timestamp": 1773658889075
  },
  "violations": [],
  "recommendations": [
    "Largest file (index.js) is 100.0% of bundle - consider splitting or optimizing"
  ],
  "overallStatus": "pass"
}