{
  "timestamp": 1772214286099,
  "bundleSize": {
    "totalSize": 916,
    "gzippedSize": 423,
    "fileCount": 1,
    "largestFile": {
      "name": "index.js",
      "size": 916,
      "gzippedSize": 423
    },
    "breakdown": [
      {
        "name": "index.js",
        "size": 916,
        "gzippedSize": 423,
        "percentage": 100
      }
    ]
  },
  "webVitals": {
    "firstContentfulPaint": 1207.436195475992,
    "timeToInteractive": 2128.2570097654257,
    "largestContentfulPaint": 1701.0164959459894,
    "cumulativeLayoutShift": 0.09856127348291809,
    "firstInputDelay": 68.12310265222376,
    "timestamp": 1772214286099
  },
  "runtime": {
    "memoryUsage": {
      "rss": 64061440,
      "heapUsed": 12047816,
      "heapTotal": 19857408,
      "external": 2016482
    },
    "startupTime": 205.295542,
    "cpuUsage": 148.472,
    "timestamp": 1772214286099
  },
  "violations": [],
  "recommendations": [
    "Largest file (index.js) is 100.0% of bundle - consider splitting or optimizing"
  ],
  "overallStatus": "pass"
}