{
  "timestamp": 1773264313805,
  "bundleSize": {
    "totalSize": 916,
    "gzippedSize": 423,
    "fileCount": 1,
    "largestFile": {
      "name": "index.js",
      "size": 916,
      "gzippedSize": 423
    },
    "breakdown": [
      {
        "name": "index.js",
        "size": 916,
        "gzippedSize": 423,
        "percentage": 100
      }
    ]
  },
  "webVitals": {
    "firstContentfulPaint": 1162.3904991245936,
    "timeToInteractive": 2545.9496727593764,
    "largestContentfulPaint": 2142.472539116419,
    "cumulativeLayoutShift": 0.09712216971551409,
    "firstInputDelay": 56.406271366366326,
    "timestamp": 1773264313805
  },
  "runtime": {
    "memoryUsage": {
      "rss": 62455808,
      "heapUsed": 12110840,
      "heapTotal": 20119552,
      "external": 1970916
    },
    "startupTime": 233.910875,
    "cpuUsage": 144.698,
    "timestamp": 1773264313805
  },
  "violations": [],
  "recommendations": [
    "Largest file (index.js) is 100.0% of bundle - consider splitting or optimizing"
  ],
  "overallStatus": "pass"
}