{
  "timestamp": 1773246153438,
  "bundleSize": {
    "totalSize": 916,
    "gzippedSize": 423,
    "fileCount": 1,
    "largestFile": {
      "name": "index.js",
      "size": 916,
      "gzippedSize": 423
    },
    "breakdown": [
      {
        "name": "index.js",
        "size": 916,
        "gzippedSize": 423,
        "percentage": 100
      }
    ]
  },
  "webVitals": {
    "firstContentfulPaint": 633.7918900958676,
    "timeToInteractive": 2283.5325095076905,
    "largestContentfulPaint": 1846.8311274246773,
    "cumulativeLayoutShift": 0.04886872775851286,
    "firstInputDelay": 68.32575183366875,
    "timestamp": 1773246153438
  },
  "runtime": {
    "memoryUsage": {
      "rss": 61652992,
      "heapUsed": 12096456,
      "heapTotal": 19595264,
      "external": 1970916
    },
    "startupTime": 240.197375,
    "cpuUsage": 150.403,
    "timestamp": 1773246153438
  },
  "violations": [],
  "recommendations": [
    "Largest file (index.js) is 100.0% of bundle - consider splitting or optimizing"
  ],
  "overallStatus": "pass"
}