{
  "timestamp": 1772730977453,
  "bundleSize": {
    "totalSize": 916,
    "gzippedSize": 423,
    "fileCount": 1,
    "largestFile": {
      "name": "index.js",
      "size": 916,
      "gzippedSize": 423
    },
    "breakdown": [
      {
        "name": "index.js",
        "size": 916,
        "gzippedSize": 423,
        "percentage": 100
      }
    ]
  },
  "webVitals": {
    "firstContentfulPaint": 791.0032773147382,
    "timeToInteractive": 2994.9681188216673,
    "largestContentfulPaint": 2092.180923902764,
    "cumulativeLayoutShift": 0.003298853370447752,
    "firstInputDelay": 49.59877659808309,
    "timestamp": 1772730977453
  },
  "runtime": {
    "memoryUsage": {
      "rss": 62701568,
      "heapUsed": 12289424,
      "heapTotal": 20119552,
      "external": 1971002
    },
    "startupTime": 283.869958,
    "cpuUsage": 161.219,
    "timestamp": 1772730977453
  },
  "violations": [],
  "recommendations": [
    "Largest file (index.js) is 100.0% of bundle - consider splitting or optimizing"
  ],
  "overallStatus": "pass"
}