{
  "timestamp": 1773432499715,
  "bundleSize": {
    "totalSize": 916,
    "gzippedSize": 423,
    "fileCount": 1,
    "largestFile": {
      "name": "index.js",
      "size": 916,
      "gzippedSize": 423
    },
    "breakdown": [
      {
        "name": "index.js",
        "size": 916,
        "gzippedSize": 423,
        "percentage": 100
      }
    ]
  },
  "webVitals": {
    "firstContentfulPaint": 1396.4220899803217,
    "timeToInteractive": 2668.68777779713,
    "largestContentfulPaint": 1910.8394206286437,
    "cumulativeLayoutShift": 0.052397212134449325,
    "firstInputDelay": 74.91199412644293,
    "timestamp": 1773432499715
  },
  "runtime": {
    "memoryUsage": {
      "rss": 62111744,
      "heapUsed": 11981944,
      "heapTotal": 20381696,
      "external": 1968945
    },
    "startupTime": 299.192167,
    "cpuUsage": 156.666,
    "timestamp": 1773432499715
  },
  "violations": [],
  "recommendations": [
    "Largest file (index.js) is 100.0% of bundle - consider splitting or optimizing"
  ],
  "overallStatus": "pass"
}