{
  "timestamp": 1773264891486,
  "bundleSize": {
    "totalSize": 916,
    "gzippedSize": 423,
    "fileCount": 1,
    "largestFile": {
      "name": "index.js",
      "size": 916,
      "gzippedSize": 423
    },
    "breakdown": [
      {
        "name": "index.js",
        "size": 916,
        "gzippedSize": 423,
        "percentage": 100
      }
    ]
  },
  "webVitals": {
    "firstContentfulPaint": 1115.8391567246554,
    "timeToInteractive": 2492.849198168634,
    "largestContentfulPaint": 2008.9023266722359,
    "cumulativeLayoutShift": 0.03747408253796016,
    "firstInputDelay": 69.72016825744703,
    "timestamp": 1773264891486
  },
  "runtime": {
    "memoryUsage": {
      "rss": 62013440,
      "heapUsed": 12218592,
      "heapTotal": 19857408,
      "external": 1969696
    },
    "startupTime": 325.081666,
    "cpuUsage": 138.419,
    "timestamp": 1773264891486
  },
  "violations": [],
  "recommendations": [
    "Largest file (index.js) is 100.0% of bundle - consider splitting or optimizing"
  ],
  "overallStatus": "pass"
}