{
  "timestamp": 1773436673809,
  "bundleSize": {
    "totalSize": 916,
    "gzippedSize": 423,
    "fileCount": 1,
    "largestFile": {
      "name": "index.js",
      "size": 916,
      "gzippedSize": 423
    },
    "breakdown": [
      {
        "name": "index.js",
        "size": 916,
        "gzippedSize": 423,
        "percentage": 100
      }
    ]
  },
  "webVitals": {
    "firstContentfulPaint": 1207.8558647071072,
    "timeToInteractive": 2176.684027481801,
    "largestContentfulPaint": 2112.5481423882356,
    "cumulativeLayoutShift": 0.051224685154869866,
    "firstInputDelay": 47.165372561903276,
    "timestamp": 1773436673809
  },
  "runtime": {
    "memoryUsage": {
      "rss": 62406656,
      "heapUsed": 12098888,
      "heapTotal": 19857408,
      "external": 1966898
    },
    "startupTime": 617.241334,
    "cpuUsage": 185.36,
    "timestamp": 1773436673809
  },
  "violations": [],
  "recommendations": [
    "Largest file (index.js) is 100.0% of bundle - consider splitting or optimizing"
  ],
  "overallStatus": "pass"
}