{
  "timestamp": 1773151679199,
  "bundleSize": {
    "totalSize": 916,
    "gzippedSize": 423,
    "fileCount": 1,
    "largestFile": {
      "name": "index.js",
      "size": 916,
      "gzippedSize": 423
    },
    "breakdown": [
      {
        "name": "index.js",
        "size": 916,
        "gzippedSize": 423,
        "percentage": 100
      }
    ]
  },
  "webVitals": {
    "firstContentfulPaint": 1375.489369606019,
    "timeToInteractive": 2179.479579369872,
    "largestContentfulPaint": 1807.6086902987606,
    "cumulativeLayoutShift": 0.08322591247426597,
    "firstInputDelay": 42.127625923634355,
    "timestamp": 1773151679198
  },
  "runtime": {
    "memoryUsage": {
      "rss": 61882368,
      "heapUsed": 12264776,
      "heapTotal": 19857408,
      "external": 1980371
    },
    "startupTime": 227.398209,
    "cpuUsage": 137.718,
    "timestamp": 1773151679199
  },
  "violations": [],
  "recommendations": [
    "Largest file (index.js) is 100.0% of bundle - consider splitting or optimizing"
  ],
  "overallStatus": "pass"
}