{
  "timestamp": 1772714463902,
  "bundleSize": {
    "totalSize": 916,
    "gzippedSize": 423,
    "fileCount": 1,
    "largestFile": {
      "name": "index.js",
      "size": 916,
      "gzippedSize": 423
    },
    "breakdown": [
      {
        "name": "index.js",
        "size": 916,
        "gzippedSize": 423,
        "percentage": 100
      }
    ]
  },
  "webVitals": {
    "firstContentfulPaint": 1469.8426116873193,
    "timeToInteractive": 2198.834437581809,
    "largestContentfulPaint": 1745.2385276327645,
    "cumulativeLayoutShift": 0.041617897769581316,
    "firstInputDelay": 35.26301609295993,
    "timestamp": 1772714463902
  },
  "runtime": {
    "memoryUsage": {
      "rss": 62521344,
      "heapUsed": 12199440,
      "heapTotal": 20119552,
      "external": 1965339
    },
    "startupTime": 215.398125,
    "cpuUsage": 143.032,
    "timestamp": 1772714463902
  },
  "violations": [],
  "recommendations": [
    "Largest file (index.js) is 100.0% of bundle - consider splitting or optimizing"
  ],
  "overallStatus": "pass"
}