{
  "timestamp": 1773263920879,
  "bundleSize": {
    "totalSize": 916,
    "gzippedSize": 423,
    "fileCount": 1,
    "largestFile": {
      "name": "index.js",
      "size": 916,
      "gzippedSize": 423
    },
    "breakdown": [
      {
        "name": "index.js",
        "size": 916,
        "gzippedSize": 423,
        "percentage": 100
      }
    ]
  },
  "webVitals": {
    "firstContentfulPaint": 1138.4479174090413,
    "timeToInteractive": 2187.251356812159,
    "largestContentfulPaint": 2334.669873660901,
    "cumulativeLayoutShift": 0.026208490193795966,
    "firstInputDelay": 72.66298166246453,
    "timestamp": 1773263920879
  },
  "runtime": {
    "memoryUsage": {
      "rss": 62193664,
      "heapUsed": 12118024,
      "heapTotal": 19857408,
      "external": 1970916
    },
    "startupTime": 241.287209,
    "cpuUsage": 146.076,
    "timestamp": 1773263920879
  },
  "violations": [],
  "recommendations": [
    "Largest file (index.js) is 100.0% of bundle - consider splitting or optimizing"
  ],
  "overallStatus": "pass"
}