{
  "timestamp": 1773621979719,
  "bundleSize": {
    "totalSize": 916,
    "gzippedSize": 423,
    "fileCount": 1,
    "largestFile": {
      "name": "index.js",
      "size": 916,
      "gzippedSize": 423
    },
    "breakdown": [
      {
        "name": "index.js",
        "size": 916,
        "gzippedSize": 423,
        "percentage": 100
      }
    ]
  },
  "webVitals": {
    "firstContentfulPaint": 1329.9820057654133,
    "timeToInteractive": 2473.90703625283,
    "largestContentfulPaint": 2040.7133562203767,
    "cumulativeLayoutShift": 0.038545773383848174,
    "firstInputDelay": 56.147357628689306,
    "timestamp": 1773621979719
  },
  "runtime": {
    "memoryUsage": {
      "rss": 61751296,
      "heapUsed": 12244440,
      "heapTotal": 20381696,
      "external": 1969708
    },
    "startupTime": 286.574375,
    "cpuUsage": 166.914,
    "timestamp": 1773621979719
  },
  "violations": [],
  "recommendations": [
    "Largest file (index.js) is 100.0% of bundle - consider splitting or optimizing"
  ],
  "overallStatus": "pass"
}