{
  "timestamp": 1773349879412,
  "bundleSize": {
    "totalSize": 916,
    "gzippedSize": 423,
    "fileCount": 1,
    "largestFile": {
      "name": "index.js",
      "size": 916,
      "gzippedSize": 423
    },
    "breakdown": [
      {
        "name": "index.js",
        "size": 916,
        "gzippedSize": 423,
        "percentage": 100
      }
    ]
  },
  "webVitals": {
    "firstContentfulPaint": 556.4148649412643,
    "timeToInteractive": 2060.8162394444535,
    "largestContentfulPaint": 1958.2541570594565,
    "cumulativeLayoutShift": 0.008655075947353152,
    "firstInputDelay": 25.67422613607181,
    "timestamp": 1773349879412
  },
  "runtime": {
    "memoryUsage": {
      "rss": 61882368,
      "heapUsed": 12094752,
      "heapTotal": 20119552,
      "external": 1969708
    },
    "startupTime": 285.810042,
    "cpuUsage": 162.219,
    "timestamp": 1773349879412
  },
  "violations": [],
  "recommendations": [
    "Largest file (index.js) is 100.0% of bundle - consider splitting or optimizing"
  ],
  "overallStatus": "pass"
}