{
  "timestamp": 1773403673936,
  "bundleSize": {
    "totalSize": 916,
    "gzippedSize": 423,
    "fileCount": 1,
    "largestFile": {
      "name": "index.js",
      "size": 916,
      "gzippedSize": 423
    },
    "breakdown": [
      {
        "name": "index.js",
        "size": 916,
        "gzippedSize": 423,
        "percentage": 100
      }
    ]
  },
  "webVitals": {
    "firstContentfulPaint": 1496.5166962118992,
    "timeToInteractive": 2381.6966293088353,
    "largestContentfulPaint": 1633.061281319801,
    "cumulativeLayoutShift": 0.0012048372006929764,
    "firstInputDelay": 63.69069160695584,
    "timestamp": 1773403673936
  },
  "runtime": {
    "memoryUsage": {
      "rss": 62078976,
      "heapUsed": 12097560,
      "heapTotal": 19857408,
      "external": 1969708
    },
    "startupTime": 238.71675,
    "cpuUsage": 141.224,
    "timestamp": 1773403673936
  },
  "violations": [],
  "recommendations": [
    "Largest file (index.js) is 100.0% of bundle - consider splitting or optimizing"
  ],
  "overallStatus": "pass"
}