{
  "timestamp": 1773044376757,
  "bundleSize": {
    "totalSize": 916,
    "gzippedSize": 423,
    "fileCount": 1,
    "largestFile": {
      "name": "index.js",
      "size": 916,
      "gzippedSize": 423
    },
    "breakdown": [
      {
        "name": "index.js",
        "size": 916,
        "gzippedSize": 423,
        "percentage": 100
      }
    ]
  },
  "webVitals": {
    "firstContentfulPaint": 1246.950559339567,
    "timeToInteractive": 2611.9636018045258,
    "largestContentfulPaint": 2379.105813978815,
    "cumulativeLayoutShift": 0.030044983499799605,
    "firstInputDelay": 61.44600565289947,
    "timestamp": 1773044376757
  },
  "runtime": {
    "memoryUsage": {
      "rss": 62128128,
      "heapUsed": 12370000,
      "heapTotal": 19857408,
      "external": 1972478
    },
    "startupTime": 245.183041,
    "cpuUsage": 150.107,
    "timestamp": 1773044376757
  },
  "violations": [],
  "recommendations": [
    "Largest file (index.js) is 100.0% of bundle - consider splitting or optimizing"
  ],
  "overallStatus": "pass"
}