{
  "timestamp": 1773315628149,
  "bundleSize": {
    "totalSize": 916,
    "gzippedSize": 423,
    "fileCount": 1,
    "largestFile": {
      "name": "index.js",
      "size": 916,
      "gzippedSize": 423
    },
    "breakdown": [
      {
        "name": "index.js",
        "size": 916,
        "gzippedSize": 423,
        "percentage": 100
      }
    ]
  },
  "webVitals": {
    "firstContentfulPaint": 1144.8132659009275,
    "timeToInteractive": 2452.650021243122,
    "largestContentfulPaint": 2384.0276592781634,
    "cumulativeLayoutShift": 0.06465030304363527,
    "firstInputDelay": 63.76308504779501,
    "timestamp": 1773315628149
  },
  "runtime": {
    "memoryUsage": {
      "rss": 62111744,
      "heapUsed": 12055136,
      "heapTotal": 20643840,
      "external": 1970916
    },
    "startupTime": 254.009125,
    "cpuUsage": 153.109,
    "timestamp": 1773315628149
  },
  "violations": [],
  "recommendations": [
    "Largest file (index.js) is 100.0% of bundle - consider splitting or optimizing"
  ],
  "overallStatus": "pass"
}