{
  "timestamp": 1773348794154,
  "bundleSize": {
    "totalSize": 916,
    "gzippedSize": 423,
    "fileCount": 1,
    "largestFile": {
      "name": "index.js",
      "size": 916,
      "gzippedSize": 423
    },
    "breakdown": [
      {
        "name": "index.js",
        "size": 916,
        "gzippedSize": 423,
        "percentage": 100
      }
    ]
  },
  "webVitals": {
    "firstContentfulPaint": 1330.1892438362297,
    "timeToInteractive": 2338.539160414134,
    "largestContentfulPaint": 2144.522470969799,
    "cumulativeLayoutShift": 0.04544589500819778,
    "firstInputDelay": 34.026038614588906,
    "timestamp": 1773348794154
  },
  "runtime": {
    "memoryUsage": {
      "rss": 59015168,
      "heapUsed": 12166496,
      "heapTotal": 19857408,
      "external": 1970070
    },
    "startupTime": 4209.834584,
    "cpuUsage": 183.212,
    "timestamp": 1773348794154
  },
  "violations": [],
  "recommendations": [
    "Largest file (index.js) is 100.0% of bundle - consider splitting or optimizing"
  ],
  "overallStatus": "pass"
}