{
  "timestamp": 1773428866326,
  "bundleSize": {
    "totalSize": 916,
    "gzippedSize": 423,
    "fileCount": 1,
    "largestFile": {
      "name": "index.js",
      "size": 916,
      "gzippedSize": 423
    },
    "breakdown": [
      {
        "name": "index.js",
        "size": 916,
        "gzippedSize": 423,
        "percentage": 100
      }
    ]
  },
  "webVitals": {
    "firstContentfulPaint": 1336.2076138667535,
    "timeToInteractive": 2408.417614706152,
    "largestContentfulPaint": 1979.4746157278705,
    "cumulativeLayoutShift": 0.07084774950767417,
    "firstInputDelay": 49.104706676279065,
    "timestamp": 1773428866326
  },
  "runtime": {
    "memoryUsage": {
      "rss": 62078976,
      "heapUsed": 12112064,
      "heapTotal": 19857408,
      "external": 1969696
    },
    "startupTime": 305.266333,
    "cpuUsage": 159.27,
    "timestamp": 1773428866326
  },
  "violations": [],
  "recommendations": [
    "Largest file (index.js) is 100.0% of bundle - consider splitting or optimizing"
  ],
  "overallStatus": "pass"
}