{
  "timestamp": 1772540452982,
  "bundleSize": {
    "totalSize": 916,
    "gzippedSize": 423,
    "fileCount": 1,
    "largestFile": {
      "name": "index.js",
      "size": 916,
      "gzippedSize": 423
    },
    "breakdown": [
      {
        "name": "index.js",
        "size": 916,
        "gzippedSize": 423,
        "percentage": 100
      }
    ]
  },
  "webVitals": {
    "firstContentfulPaint": 1402.7080020682358,
    "timeToInteractive": 2001.4456636638965,
    "largestContentfulPaint": 1780.4466043374623,
    "cumulativeLayoutShift": 0.0521760554267958,
    "firstInputDelay": 65.11423027219786,
    "timestamp": 1772540452982
  },
  "runtime": {
    "memoryUsage": {
      "rss": 61669376,
      "heapUsed": 11940096,
      "heapTotal": 19857408,
      "external": 1964817
    },
    "startupTime": 206.936042,
    "cpuUsage": 137.541,
    "timestamp": 1772540452982
  },
  "violations": [],
  "recommendations": [
    "Largest file (index.js) is 100.0% of bundle - consider splitting or optimizing"
  ],
  "overallStatus": "pass"
}